brand_collection_id,brand_collection_title,brand_collection_handle,brand_collection_url,verified_vendor_values,published_product_count,available_product_count,new_featured_pill_present,best_seller_featured_pill_present,proposed_slot,proposed_pill_label,qualifying_product_count,qualifying_product_ids,evidence,proposed_destination_type,existing_destination_url,new_collection_required,proposed_collection_title,proposed_collection_handle,proposed_collection_type,proposed_collection_conditions_or_product_ids,duplicate_check,URL_validation,confidence,blocker
444383068419,Afrobotanics,afrobotanics,https://beautyontapp.com/collections/afrobotanics,AFROBOTANICS (8); COSRX (1),9,4,NO - custom.label unset; default template collection.json renders no pill rows,NO - custom.label_one unset; default template collection.json renders no pill rows,1,Hair Care,8,8929363788035;8929362116867;8929362051331;8929362313475;8929362247939;8929362215171;8929362182403;8929362149635,product_type:Hair Care (8 products); tags 'hair-care'/'type:hair-care' (8); titles include 'Shampoo' (2) and 'Leave-In' (1),new_collection,,YES,Afrobotanics Hair Care,afrobotanics-hair-care,manual,Manual membership - exact product IDs: 8929363788035;8929362116867;8929362051331;8929362313475;8929362247939;8929362215171;8929362182403;8929362149635 (expected count 8),no conflict - checked against all 272 live collection handles and all proposed handles in this manifest,N/A - collection does not exist yet; source brand collection: collection published to Online Store (Admin publishedOnPublication),High,
442297975043,Anasa,anasa,https://beautyontapp.com/collections/anasa,ANASA SKIN (9),9,1,NO - custom.label unset; default template collection.json renders no pill rows,NO - custom.label_one unset; default template collection.json renders no pill rows,1,Body Care,9,8929364377859;8929379746051;8929364410627;8929364345091;8929364312323;8929364246787;8929364214019;8929364181251;8929364148483,"title match 'bath' (3: Salts of the Earth Bath Salts, Bath Milk Powder, Desert Mineral Bath Salts); title match 'body ' (6: Body Scrub x2, Body Oil x2, Body Butter, Body Creme); product_type:Body Care (4) and product_type:Bath (1) corroborate",new_collection,,YES,Anasa Body Care,anasa-body-care,manual,Manual membership - exact product IDs: 8929364377859;8929379746051;8929364410627;8929364345091;8929364312323;8929364246787;8929364214019;8929364181251;8929364148483 (expected count 9),no conflict - checked against all 272 live collection handles and all proposed handles in this manifest,N/A - collection does not exist yet; source brand collection: collection published to Online Store (Admin publishedOnPublication),High,
444217262339,ANUA,anua,https://beautyontapp.com/collections/anua,ANUA (20),20,17,NO - custom.label unset; default template collection.json renders no pill rows,NO - custom.label_one unset; default template collection.json renders no pill rows,1,Serums,7,8994436186371;9290311532803;8929404158211;8929404125443;8929404027139;8929404223747;8929399832835,"product_type:Serum (2); title 'serum' (4); title 'ampoule' (3, incl. 2 ampoule masks); unavailable: 8929404223747, 8929399832835 at inventory 0",new_collection,,YES,ANUA Serums,anua-serums,manual,Manual membership - exact product IDs: 8994436186371;9290311532803;8929404158211;8929404125443;8929404027139;8929404223747;8929399832835 (expected count 7),no conflict - checked against all 272 live collection handles and all proposed handles in this manifest,N/A - collection does not exist yet; source brand collection: collection published to Online Store (Admin publishedOnPublication),High,
444217262339,ANUA,anua,https://beautyontapp.com/collections/anua,ANUA (20),20,17,NO - custom.label unset; default template collection.json renders no pill rows,NO - custom.label_one unset; default template collection.json renders no pill rows,2,Toners,6,8929404092675;8965612372227;8929401733379;8929399963907;8929399931139;8929399832835,"product_type:Toner (4); title 'toner'/'toner pad' (5); tags type:toner/toners (6, incl. Green Lemon mask tagged type:toner)",new_collection,,YES,ANUA Toners,anua-toners,manual,Manual membership - exact product IDs: 8929404092675;8965612372227;8929401733379;8929399963907;8929399931139;8929399832835 (expected count 6),no conflict - checked against all 272 live collection handles and all proposed handles in this manifest,N/A - collection does not exist yet; source brand collection: collection published to Online Store (Admin publishedOnPublication),High,
444217262339,ANUA,anua,https://beautyontapp.com/collections/anua,ANUA (20),20,17,NO - custom.label unset; default template collection.json renders no pill rows,NO - custom.label_one unset; default template collection.json renders no pill rows,3,Moisturisers,6,9290311532803;8929404190979;8929404158211;8929404125443;8929399898371;8929399865603,"product_type:Moisturiser (2); title 'moisture' matches literal rule 'moistur' (4: ampoule, 2 ampoule masks, peeling gel); tag creams-and-balms 'balm' (1)",new_collection,,YES,ANUA Moisturisers,anua-moisturisers,manual,Manual membership - exact product IDs: 9290311532803;8929404190979;8929404158211;8929404125443;8929399898371;8929399865603 (expected count 6),no conflict - checked against all 272 live collection handles and all proposed handles in this manifest,N/A - collection does not exist yet; source brand collection: collection published to Online Store (Admin publishedOnPublication),High,
444217262339,ANUA,anua,https://beautyontapp.com/collections/anua,ANUA (20),20,17,NO - custom.label unset; default template collection.json renders no pill rows,NO - custom.label_one unset; default template collection.json renders no pill rows,4,Exfoliators,4,8929404092675;9029172035843;8929404190979;8929401733379,product_type:Exfoliator (1); title 'exfoliating'/'peeling' (2); tags type:exfoliator/exfoliators (3),new_collection,,YES,ANUA Exfoliators,anua-exfoliators,manual,Manual membership - exact product IDs: 8929404092675;9029172035843;8929404190979;8929401733379 (expected count 4),no conflict - checked against all 272 live collection handles and all proposed handles in this manifest,N/A - collection does not exist yet; source brand collection: collection published to Online Store (Admin publishedOnPublication),High,
444217262339,ANUA,anua,https://beautyontapp.com/collections/anua,ANUA (20),20,17,NO - custom.label unset; default template collection.json renders no pill rows,NO - custom.label_one unset; default template collection.json renders no pill rows,5,Masks,4,9290311532803;9029167612163;8929404125443;8929399832835,product_type:Face Mask (3); title 'mask' (4); tags type:face-mask/sheet mask (4); unavailable: 8929399832835 at inventory 0,new_collection,,YES,ANUA Masks,anua-masks,manual,Manual membership - exact product IDs: 9290311532803;9029167612163;8929404125443;8929399832835 (expected count 4),no conflict - checked against all 272 live collection handles and all proposed handles in this manifest,N/A - collection does not exist yet; source brand collection: collection published to Online Store (Admin publishedOnPublication),High,
444217262339,ANUA,anua,https://beautyontapp.com/collections/anua,ANUA (20),20,17,NO - custom.label unset; default template collection.json renders no pill rows,NO - custom.label_one unset; default template collection.json renders no pill rows,6,Cleansers,3,9029172035843;9030706987267;8929400029443,product_type:Cleanser (2); title match 'cleansing/cleanser' (3); tags type:cleanser/cleansers (3),new_collection,,YES,ANUA Cleansers,anua-cleansers,manual,Manual membership - exact product IDs: 9029172035843;9030706987267;8929400029443 (expected count 3),no conflict - checked against all 272 live collection handles and all proposed handles in this manifest,N/A - collection does not exist yet; source brand collection: collection published to Online Store (Admin publishedOnPublication),High,
444217262339,ANUA,anua,https://beautyontapp.com/collections/anua,ANUA (20),20,17,NO - custom.label unset; default template collection.json renders no pill rows,NO - custom.label_one unset; default template collection.json renders no pill rows,7,Acne Care,11,8929404092675;8965612372227;8929404190979;8929404158211;8929401733379;8929400029443;8929399963907;8929399931139;8929399865603;8929404223747;8929399832835,"tags blemishes+concern:acne (10); title 'Blemish' (1: 8929399832835); unavailable: 8929404223747, 8929399832835 at inventory 0",new_collection,,YES,ANUA Acne Care,anua-acne-care,manual,Manual membership - exact product IDs: 8929404092675;8965612372227;8929404190979;8929404158211;8929401733379;8929400029443;8929399963907;8929399931139;8929399865603;8929404223747;8929399832835 (expected count 11),no conflict - checked against all 272 live collection handles and all proposed handles in this manifest,N/A - collection does not exist yet; source brand collection: collection published to Online Store (Admin publishedOnPublication),High,
444217262339,ANUA,anua,https://beautyontapp.com/collections/anua,ANUA (20),20,17,NO - custom.label unset; default template collection.json renders no pill rows,NO - custom.label_one unset; default template collection.json renders no pill rows,8,Soothing,8,9290311532803;8929404158211;8929404125443;8929399963907;8929399931139;8929399898371;8929399865603;8929404059907,title 'Soothing' (7); title 'Calming' (1: 8929399865603); tag Soothing (1); unavailable: 8929404059907 at inventory 0,new_collection,,YES,ANUA Soothing,anua-soothing,manual,Manual membership - exact product IDs: 9290311532803;8929404158211;8929404125443;8929399963907;8929399931139;8929399898371;8929399865603;8929404059907 (expected count 8),no conflict - checked against all 272 live collection handles and all proposed handles in this manifest,N/A - collection does not exist yet; source brand collection: collection published to Online Store (Admin publishedOnPublication),High,
442297909507,Amazi,afrosundae,https://beautyontapp.com/collections/afrosundae,AMAZI BEAUTY (5),5,2,NO - custom.label unset; default template collection.json renders no pill rows,NO - custom.label_one unset; default template collection.json renders no pill rows,1,Serums,3,8929378500867;8929378468099;8929378369795,title match 'serum' (3 products); tag type:serum + oils-and-serums (3); productType empty on all 3,new_collection,,YES,Amazi Serums,amazi-serums,manual,Manual membership - exact product IDs: 8929378500867;8929378468099;8929378369795 (expected count 3),no conflict - checked against all 272 live collection handles and all proposed handles in this manifest,N/A - collection does not exist yet; source brand collection: collection published to Online Store (Admin publishedOnPublication),High,
444383658243,Avène,avene,https://beautyontapp.com/collections/avene,AVÈNE (33),33,16,NO - custom.label unset; default template collection.json renders no pill rows,NO - custom.label_one unset; default template collection.json renders no pill rows,1,Moisturisers,10,8929403830531;8929403371779;8929403339011;8929403142403;8929403044099;8929403011331;9259485462787;8929405141251;8929403896067;8929403207939,product_type:Moisturiser (9); tag type:moisturiser on Hydrance UV Light Emulsion (empty productType) (1); eye creams and lip balm excluded per Eye/Lip > Moisturisers precedence,new_collection,,YES,Avène Moisturisers,avene-moisturisers,manual,Manual membership - exact product IDs: 8929403830531;8929403371779;8929403339011;8929403142403;8929403044099;8929403011331;9259485462787;8929405141251;8929403896067;8929403207939 (expected count 10),no conflict - checked against all 272 live collection handles and all proposed handles in this manifest,N/A - collection does not exist yet; source brand collection: collection published to Online Store (Admin publishedOnPublication),High,
444383658243,Avène,avene,https://beautyontapp.com/collections/avene,AVÈNE (33),33,16,NO - custom.label unset; default template collection.json renders no pill rows,NO - custom.label_one unset; default template collection.json renders no pill rows,2,Serums,6,8929403764995;8929403109635;8929403633923;8929403535619;8929403273475;8929402978563,product_type:Serum (5); tag 'oils-and-serums' on Cleanance Comedomed Concentrate (product_type:Acne Treatment) (1),new_collection,,YES,Avène Serums,avene-serums,manual,Manual membership - exact product IDs: 8929403764995;8929403109635;8929403633923;8929403535619;8929403273475;8929402978563 (expected count 6),no conflict - checked against all 272 live collection handles and all proposed handles in this manifest,N/A - collection does not exist yet; source brand collection: collection published to Online Store (Admin publishedOnPublication),High,
444383658243,Avène,avene,https://beautyontapp.com/collections/avene,AVÈNE (33),33,16,NO - custom.label unset; default template collection.json renders no pill rows,NO - custom.label_one unset; default template collection.json renders no pill rows,3,Sunscreen,6,8929403994371;8929403961603;8929403928835;8929403339011;9270629040387;8929403666691,product_type:Sunscreen (5); titles 'SPF' (5); tags sunscreen-2/type:sunscreen incl. Hydrance UV Light Emulsion (1),new_collection,,YES,Avène Sunscreen,avene-sunscreen,manual,Manual membership - exact product IDs: 8929403994371;8929403961603;8929403928835;8929403339011;9270629040387;8929403666691 (expected count 6),no conflict - checked against all 272 live collection handles and all proposed handles in this manifest,N/A - collection does not exist yet; source brand collection: collection published to Online Store (Admin publishedOnPublication),High,
444383658243,Avène,avene,https://beautyontapp.com/collections/avene,AVÈNE (33),33,16,NO - custom.label unset; default template collection.json renders no pill rows,NO - custom.label_one unset; default template collection.json renders no pill rows,4,Cleansers,5,8929403437315;8929403404547;8929403240707;8929403175171;8929402913027,product_type:Cleanser (4); title 'Cleansing' + tags cleansers/type:cleanser on Cleansing Foam which has empty productType (1),new_collection,,YES,Avène Cleansers,avene-cleansers,manual,Manual membership - exact product IDs: 8929403437315;8929403404547;8929403240707;8929403175171;8929402913027 (expected count 5),no conflict - checked against all 272 live collection handles and all proposed handles in this manifest,N/A - collection does not exist yet; source brand collection: collection published to Online Store (Admin publishedOnPublication),High,
444383658243,Avène,avene,https://beautyontapp.com/collections/avene,AVÈNE (33),33,16,NO - custom.label unset; default template collection.json renders no pill rows,NO - custom.label_one unset; default template collection.json renders no pill rows,5,Body Care,4,9392876880131;8929403437315;8929403404547;8929403240707,"product_type:Hand Care + tag 'hand-cream' (hyphenated 'hand cream') (1); tags 'body-care'/'body-wash'/type:body-wash (3: both Cleanance Cleansing Gels, XeraCalm Nutrition Cleansing Gel)",new_collection,,YES,Avène Body Care,avene-body-care,manual,Manual membership - exact product IDs: 9392876880131;8929403437315;8929403404547;8929403240707 (expected count 4),no conflict - checked against all 272 live collection handles and all proposed handles in this manifest,N/A - collection does not exist yet; source brand collection: collection published to Online Store (Admin publishedOnPublication),High,
444383658243,Avène,avene,https://beautyontapp.com/collections/avene,AVÈNE (33),33,16,NO - custom.label unset; default template collection.json renders no pill rows,NO - custom.label_one unset; default template collection.json renders no pill rows,6,Exfoliators,3,8929403764995;8929402945795;8929402913027,"product_type:Exfoliator (1); title 'Exfoliating' (Cleanance AHA Exfoliating Serum, Gentle Exfoliating Gel); tags exfoliators/type:exfoliator on Cleansing Foam",new_collection,,YES,Avène Exfoliators,avene-exfoliators,manual,Manual membership - exact product IDs: 8929403764995;8929402945795;8929402913027 (expected count 3),no conflict - checked against all 272 live collection handles and all proposed handles in this manifest,N/A - collection does not exist yet; source brand collection: collection published to Online Store (Admin publishedOnPublication),High,
444383658243,Avène,avene,https://beautyontapp.com/collections/avene,AVÈNE (33),33,16,NO - custom.label unset; default template collection.json renders no pill rows,NO - custom.label_one unset; default template collection.json renders no pill rows,7,Eye Care,2,8929403076867;8929402781955,"product_type:Eye Care (2); title 'Eye Cream' (1) + tag 'eye-cream' (2, hyphenated form of 'eye cream')",new_collection,,YES,Avène Eye Care,avene-eye-care,manual,Manual membership - exact product IDs: 8929403076867;8929402781955 (expected count 2),no conflict - checked against all 272 live collection handles and all proposed handles in this manifest,N/A - collection does not exist yet; source brand collection: collection published to Online Store (Admin publishedOnPublication),High,
444383658243,Avène,avene,https://beautyontapp.com/collections/avene,AVÈNE (33),33,16,NO - custom.label unset; default template collection.json renders no pill rows,NO - custom.label_one unset; default template collection.json renders no pill rows,8,Hyperpigmentation,9,8929403830531;8929403764995;8929403437315;8929403142403;8929403109635;9259485462787;8929403633923;8929403535619;8929402978563,tag 'concern:hyperpigmentation' (9); tag 'hyperpigmentation' (3); tag 'dark spots' (1),new_collection,,YES,Avène Hyperpigmentation,avene-hyperpigmentation,manual,Manual membership - exact product IDs: 8929403830531;8929403764995;8929403437315;8929403142403;8929403109635;9259485462787;8929403633923;8929403535619;8929402978563 (expected count 9),no conflict - checked against all 272 live collection handles and all proposed handles in this manifest,N/A - collection does not exist yet; source brand collection: collection published to Online Store (Admin publishedOnPublication),High,
444351119619,Aveeno,aveeno,https://beautyontapp.com/collections/aveeno,AVEENO (8),8,1,NO - custom.label unset; default template collection.json renders no pill rows,NO - custom.label_one unset; default template collection.json renders no pill rows,1,Body Care,5,8929404977411;8929393803523;8929393770755;8929393639683;8929393606915,"product_type:'Body Care' contains 'body ' (4 products: 8929404977411, 8929393770755, 8929393639683, 8929393606915); title match 'body wash'/'body lotion' (3 of those); title match 'hand cream' on Skin Relief Moisturising Hand Cream 8929393803523 (product_type 'Hand Care'). Only 8929404977411 has stock (totalInventory 1).",new_collection,,YES,Aveeno Body Care,aveeno-body-care,manual,Manual membership - exact product IDs: 8929404977411;8929393803523;8929393770755;8929393639683;8929393606915 (expected count 5),no conflict - checked against all 272 live collection handles and all proposed handles in this manifest,N/A - collection does not exist yet; source brand collection: collection published to Online Store (Admin publishedOnPublication),High,
444382576899,AXIS-Y,axis-y,https://beautyontapp.com/collections/axis-y,AXIS-Y (30); BeautyOnTApp (1),31,19,NO - custom.label unset; default template collection.json renders no pill rows,NO - custom.label_one unset; default template collection.json renders no pill rows,1,Masks,12,8929392099587;8929392197891;8929392230659;8929392165123;8929392066819;8929392034051;8929395310851;8929392263427;8929392328963;8929395278083;8929392296195;8929391968515,"product_type:'Face Mask' (8); tags 'mask'/'face-masks'/'type:face-mask' (12); title 'Mask' (2). Heavily inflated by mask tags/type on serums, cleansers, and sunscreens - see data quality notes",new_collection,,YES,AXIS-Y Masks,axis-y-masks,manual,Manual membership - exact product IDs: 8929392099587;8929392197891;8929392230659;8929392165123;8929392066819;8929392034051;8929395310851;8929392263427;8929392328963;8929395278083;8929392296195;8929391968515 (expected count 12),no conflict - checked against all 272 live collection handles and all proposed handles in this manifest,N/A - collection does not exist yet; source brand collection: collection published to Online Store (Admin publishedOnPublication),High,
444382576899,AXIS-Y,axis-y,https://beautyontapp.com/collections/axis-y,AXIS-Y (30); BeautyOnTApp (1),31,19,NO - custom.label unset; default template collection.json renders no pill rows,NO - custom.label_one unset; default template collection.json renders no pill rows,2,Serums,8,8929392099587;9220403626243;9018325532931;8929406583043;8929392066819;8929395212547;8929404289283;8929399275779,title 'serum'/'ampoule' (5); product_type:Serum (1); tags 'type:serum'/'oils-and-serums' (4); includes Vegan Collagen Eye Serum which is also Eye Care,new_collection,,YES,AXIS-Y Serums,axis-y-serums,manual,Manual membership - exact product IDs: 8929392099587;9220403626243;9018325532931;8929406583043;8929392066819;8929395212547;8929404289283;8929399275779 (expected count 8),no conflict - checked against all 272 live collection handles and all proposed handles in this manifest,N/A - collection does not exist yet; source brand collection: collection published to Online Store (Admin publishedOnPublication),High,
444382576899,AXIS-Y,axis-y,https://beautyontapp.com/collections/axis-y,AXIS-Y (30); BeautyOnTApp (1),31,19,NO - custom.label unset; default template collection.json renders no pill rows,NO - custom.label_one unset; default template collection.json renders no pill rows,3,Cleansers,6,8929392197891;8929392230659;8929392034051;8929392263427;8929392328963;8929392296195,"product_type:Cleanser (3: Cleansing Foam, PHA Glow Peel, Spot The Difference); title 'Cleansing'/'Cleanser' (2); tags 'cleansers'/'type:cleanser' also on Daily Purifying Treatment Toner and Biome Double Defense Sunscreen (2)",new_collection,,YES,AXIS-Y Cleansers,axis-y-cleansers,manual,Manual membership - exact product IDs: 8929392197891;8929392230659;8929392034051;8929392263427;8929392328963;8929392296195 (expected count 6),no conflict - checked against all 272 live collection handles and all proposed handles in this manifest,N/A - collection does not exist yet; source brand collection: collection published to Online Store (Admin publishedOnPublication),High,
444382576899,AXIS-Y,axis-y,https://beautyontapp.com/collections/axis-y,AXIS-Y (30); BeautyOnTApp (1),31,19,NO - custom.label unset; default template collection.json renders no pill rows,NO - custom.label_one unset; default template collection.json renders no pill rows,4,Toners,6,8929395343619;8929404354819;9018325532931;8929392328963;8929404256515;8929399275779,product_type:Toner (1); title 'Toner' (3); tags 'toners'/'type:toner' (6),new_collection,,YES,AXIS-Y Toners,axis-y-toners,manual,Manual membership - exact product IDs: 8929395343619;8929404354819;9018325532931;8929392328963;8929404256515;8929399275779 (expected count 6),no conflict - checked against all 272 live collection handles and all proposed handles in this manifest,N/A - collection does not exist yet; source brand collection: collection published to Online Store (Admin publishedOnPublication),High,
444382576899,AXIS-Y,axis-y,https://beautyontapp.com/collections/axis-y,AXIS-Y (30); BeautyOnTApp (1),31,19,NO - custom.label unset; default template collection.json renders no pill rows,NO - custom.label_one unset; default template collection.json renders no pill rows,5,Moisturisers,5,9018325532931;8929399308547;8929395245315;8929396490499;8929399275779,"product_type:Moisturiser (3); tag 'type:moisturiser' (5); tag 'creams-and-balms' (1). 'Cream'-only titles (Glow Cream, TXA Brightening Cream) excluded - no pattern word; lip 'Moisturizing Gloss' excluded per lip rule",new_collection,,YES,AXIS-Y Moisturisers,axis-y-moisturisers,manual,Manual membership - exact product IDs: 9018325532931;8929399308547;8929395245315;8929396490499;8929399275779 (expected count 5),no conflict - checked against all 272 live collection handles and all proposed handles in this manifest,N/A - collection does not exist yet; source brand collection: collection published to Online Store (Admin publishedOnPublication),High,
444382576899,AXIS-Y,axis-y,https://beautyontapp.com/collections/axis-y,AXIS-Y (30); BeautyOnTApp (1),31,19,NO - custom.label unset; default template collection.json renders no pill rows,NO - custom.label_one unset; default template collection.json renders no pill rows,6,Exfoliators,4,8929404354819;8929392230659;8929395245315;8929404256515,"title 'Peel' (2: PHA Resurfacing Glow Peel, LHA Peel & Fill); tags 'exfoliators'/'type:exfoliator' (2: Glow Toner, Biome Comforting Infused Toner)",new_collection,,YES,AXIS-Y Exfoliators,axis-y-exfoliators,manual,Manual membership - exact product IDs: 8929404354819;8929392230659;8929395245315;8929404256515 (expected count 4),no conflict - checked against all 272 live collection handles and all proposed handles in this manifest,N/A - collection does not exist yet; source brand collection: collection published to Online Store (Admin publishedOnPublication),High,
444382576899,AXIS-Y,axis-y,https://beautyontapp.com/collections/axis-y,AXIS-Y (30); BeautyOnTApp (1),31,19,NO - custom.label unset; default template collection.json renders no pill rows,NO - custom.label_one unset; default template collection.json renders no pill rows,7,Sunscreen,2,8929392165123;8929392296195,title 'Sunscreen spf50' (2); tags 'sunscreen'/'type:sunscreen' (2),new_collection,,YES,AXIS-Y Sunscreen,axis-y-sunscreen,manual,Manual membership - exact product IDs: 8929392165123;8929392296195 (expected count 2),no conflict - checked against all 272 live collection handles and all proposed handles in this manifest,N/A - collection does not exist yet; source brand collection: collection published to Online Store (Admin publishedOnPublication),High,
444382576899,AXIS-Y,axis-y,https://beautyontapp.com/collections/axis-y,AXIS-Y (30); BeautyOnTApp (1),31,19,NO - custom.label unset; default template collection.json renders no pill rows,NO - custom.label_one unset; default template collection.json renders no pill rows,8,Acne Care,17,8929392099587;8929395343619;9220403626243;9215139184899;9256313291011;8929392197891;8929392230659;8929392165123;8929392066819;8929392034051;8929395310851;8929392263427;8929392328963;8929395278083;8929395212547;8929392296195;8929391968515,tags 'concern:acne' and 'blemishes' (17); title 'Blemish' (1: Spot The Difference Blemish Treatment),new_collection,,YES,AXIS-Y Acne Care,axis-y-acne-care,manual,Manual membership - exact product IDs: 8929392099587;8929395343619;9220403626243;9215139184899;9256313291011;8929392197891;8929392230659;8929392165123;8929392066819;8929392034051;8929395310851;8929392263427;8929392328963;8929395278083;8929395212547;8929392296195;8929391968515 (expected count 17),no conflict - checked against all 272 live collection handles and all proposed handles in this manifest,N/A - collection does not exist yet; source brand collection: collection published to Online Store (Admin publishedOnPublication),High,
442057523459,Bair Skincare,bair-skincare,https://beautyontapp.com/collections/bair-skincare,B'AIR SKINCARE (9); B’AiR SKINCARE (5); BeautyOnTApp (1),15,13,NO - custom.label unset; default template collection.json renders no pill rows,NO - custom.label_one unset; default template collection.json renders no pill rows,1,Serums,8,9220403626243;8929390297347;8929390067971;8929390035203;9256070316291;8929390100739;9215948652803;8929390133507,"title match 'serum' (6 products); tag match 'type:serum'/'serums-oils'/'oils-and-serums' only (2 bundles: 9256070316291, 9215948652803). 10% Niacinamide Serum out of stock",new_collection,,YES,Bair Skincare Serums,bair-skincare-serums,manual,Manual membership - exact product IDs: 9220403626243;8929390297347;8929390067971;8929390035203;9256070316291;8929390100739;9215948652803;8929390133507 (expected count 8),no conflict - checked against all 272 live collection handles and all proposed handles in this manifest,N/A - collection does not exist yet; source brand collection: collection published to Online Store (Admin publishedOnPublication),High,
442057523459,Bair Skincare,bair-skincare,https://beautyontapp.com/collections/bair-skincare,B'AIR SKINCARE (9); B’AiR SKINCARE (5); BeautyOnTApp (1),15,13,NO - custom.label unset; default template collection.json renders no pill rows,NO - custom.label_one unset; default template collection.json renders no pill rows,2,Moisturisers,3,8929394917635;9256070316291;9215948652803,product_type:Moisturiser + title (1); tags 'Moisturiser'/'type:moisturiser' (2 bundles). Body lotion matches excluded per Body Care precedence,new_collection,,YES,Bair Skincare Moisturisers,bair-skincare-moisturisers,manual,Manual membership - exact product IDs: 8929394917635;9256070316291;9215948652803 (expected count 3),no conflict - checked against all 272 live collection handles and all proposed handles in this manifest,N/A - collection does not exist yet; source brand collection: collection published to Online Store (Admin publishedOnPublication),High,
442057523459,Bair Skincare,bair-skincare,https://beautyontapp.com/collections/bair-skincare,B'AIR SKINCARE (9); B’AiR SKINCARE (5); BeautyOnTApp (1),15,13,NO - custom.label unset; default template collection.json renders no pill rows,NO - custom.label_one unset; default template collection.json renders no pill rows,3,Body Care,3,9204915994883;9283975708931;9204922384643,product_type:'Body Care' (3 products); titles 'Body Wash'/'Body Set'/'Body Lotion'; tag 'shower gel' (1),new_collection,,YES,Bair Skincare Body Care,bair-skincare-body-care,manual,Manual membership - exact product IDs: 9204915994883;9283975708931;9204922384643 (expected count 3),no conflict - checked against all 272 live collection handles and all proposed handles in this manifest,N/A - collection does not exist yet; source brand collection: collection published to Online Store (Admin publishedOnPublication),High,
442057523459,Bair Skincare,bair-skincare,https://beautyontapp.com/collections/bair-skincare,B'AIR SKINCARE (9); B’AiR SKINCARE (5); BeautyOnTApp (1),15,13,NO - custom.label unset; default template collection.json renders no pill rows,NO - custom.label_one unset; default template collection.json renders no pill rows,4,Sunscreen,2,9012713062659;9215948652803,product_type:Sunscreen + title 'SPF30 Sunscreen' (1); tags 'sunscreen'/'type:sunscreen' on Even Skin bundle (1),new_collection,,YES,Bair Skincare Sunscreen,bair-skincare-sunscreen,manual,Manual membership - exact product IDs: 9012713062659;9215948652803 (expected count 2),no conflict - checked against all 272 live collection handles and all proposed handles in this manifest,N/A - collection does not exist yet; source brand collection: collection published to Online Store (Admin publishedOnPublication),High,
442057523459,Bair Skincare,bair-skincare,https://beautyontapp.com/collections/bair-skincare,B'AIR SKINCARE (9); B’AiR SKINCARE (5); BeautyOnTApp (1),15,13,NO - custom.label unset; default template collection.json renders no pill rows,NO - custom.label_one unset; default template collection.json renders no pill rows,5,Acne Care,9,9220403626243;8929390297347;8929390067971;9204915994883;9283975708931;9215948652803;9204922384643;9215065358595;8929390133507,tags 'blemishes'+'concern:acne' (9 products); 'concern:body-acne' on 3 body products. Toner NOT included (no acne/blemish in its type/tags/title),new_collection,,YES,Bair Skincare Acne Care,bair-skincare-acne-care,manual,Manual membership - exact product IDs: 9220403626243;8929390297347;8929390067971;9204915994883;9283975708931;9215948652803;9204922384643;9215065358595;8929390133507 (expected count 9),no conflict - checked against all 272 live collection handles and all proposed handles in this manifest,N/A - collection does not exist yet; source brand collection: collection published to Online Store (Admin publishedOnPublication),High,
442057523459,Bair Skincare,bair-skincare,https://beautyontapp.com/collections/bair-skincare,B'AIR SKINCARE (9); B’AiR SKINCARE (5); BeautyOnTApp (1),15,13,NO - custom.label unset; default template collection.json renders no pill rows,NO - custom.label_one unset; default template collection.json renders no pill rows,6,Hyperpigmentation,8,9220403626243;8929390297347;8929390067971;8929390035203;9215948652803;9204922384643;9215065358595;8929390133507,"tags 'hyperpigmentation'/'concern:hyperpigmentation' (8 products); 'dark spots' tag also on 3. Two of these out of stock (9215065358595, 8929390133507)",new_collection,,YES,Bair Skincare Hyperpigmentation,bair-skincare-hyperpigmentation,manual,Manual membership - exact product IDs: 9220403626243;8929390297347;8929390067971;8929390035203;9215948652803;9204922384643;9215065358595;8929390133507 (expected count 8),no conflict - checked against all 272 live collection handles and all proposed handles in this manifest,N/A - collection does not exist yet; source brand collection: collection published to Online Store (Admin publishedOnPublication),High,
442057523459,Bair Skincare,bair-skincare,https://beautyontapp.com/collections/bair-skincare,B'AIR SKINCARE (9); B’AiR SKINCARE (5); BeautyOnTApp (1),15,13,NO - custom.label unset; default template collection.json renders no pill rows,NO - custom.label_one unset; default template collection.json renders no pill rows,7,Brightening,6,9220403626243;9283975708931;9256070316291;9215948652803;9204922384643;9215065358595,"title match 'Bright'/'Brightening'/'Glow' (4 products); tag match 'bright skin'/'dark spots' (2: 9204922384643, 9215065358595). Even Tone Duo out of stock",new_collection,,YES,Bair Skincare Brightening,bair-skincare-brightening,manual,Manual membership - exact product IDs: 9220403626243;9283975708931;9256070316291;9215948652803;9204922384643;9215065358595 (expected count 6),no conflict - checked against all 272 live collection handles and all proposed handles in this manifest,N/A - collection does not exist yet; source brand collection: collection published to Online Store (Admin publishedOnPublication),High,
442057523459,Bair Skincare,bair-skincare,https://beautyontapp.com/collections/bair-skincare,B'AIR SKINCARE (9); B’AiR SKINCARE (5); BeautyOnTApp (1),15,13,NO - custom.label unset; default template collection.json renders no pill rows,NO - custom.label_one unset; default template collection.json renders no pill rows,8,Anti-Aging,3,8929390067971;9256070316291;9215948652803,title+tag 'retinol'/'anti-aging' (8929390067971); tags 'Anti-Ageing'/'anti-aging'/'concern:anti-aging' (9256070316291); tags 'concern:anti-aging'+'wrinkles' (9215948652803),new_collection,,YES,Bair Skincare Anti-Aging,bair-skincare-anti-aging,manual,Manual membership - exact product IDs: 8929390067971;9256070316291;9215948652803 (expected count 3),no conflict - checked against all 272 live collection handles and all proposed handles in this manifest,N/A - collection does not exist yet; source brand collection: collection published to Online Store (Admin publishedOnPublication),High,
442298302723,Barulab,barulab,https://beautyontapp.com/collections/barulab,BARULAB (17),17,9,NO - custom.label unset; default template collection.json renders no pill rows,NO - custom.label_one unset; default template collection.json renders no pill rows,1,Masks,14,8929407074563;8929406386435;8929406353667;8929395769603;8929395704067;8929395671299;8929395507459;8929395441923;8929395409155;9038236680451;8929395802371;8929395540227;8929395474691;8929395179779,product_type:Face Mask (12 products); title match 'mask' (all 14); tag type:face-mask (13),new_collection,,YES,Barulab Masks,barulab-masks,manual,Manual membership - exact product IDs: 8929407074563;8929406386435;8929406353667;8929395769603;8929395704067;8929395671299;8929395507459;8929395441923;8929395409155;9038236680451;8929395802371;8929395540227;8929395474691;8929395179779 (expected count 14),no conflict - checked against all 272 live collection handles and all proposed handles in this manifest,N/A - collection does not exist yet; source brand collection: collection published to Online Store (Admin publishedOnPublication),High,
442298302723,Barulab,barulab,https://beautyontapp.com/collections/barulab,BARULAB (17),17,9,NO - custom.label unset; default template collection.json renders no pill rows,NO - custom.label_one unset; default template collection.json renders no pill rows,2,Exfoliators,4,8929406386435;8929406550275;8929406484739;8929406451971,tags 'exfoliators'/'type:exfoliator' (4 products); no title matches,new_collection,,YES,Barulab Exfoliators,barulab-exfoliators,manual,Manual membership - exact product IDs: 8929406386435;8929406550275;8929406484739;8929406451971 (expected count 4),no conflict - checked against all 272 live collection handles and all proposed handles in this manifest,N/A - collection does not exist yet; source brand collection: collection published to Online Store (Admin publishedOnPublication),High,
442298302723,Barulab,barulab,https://beautyontapp.com/collections/barulab,BARULAB (17),17,9,NO - custom.label unset; default template collection.json renders no pill rows,NO - custom.label_one unset; default template collection.json renders no pill rows,3,Soothing,3,8929395441923;9038236680451;8929406484739,"title match 'cica' (2: Cica Sheet Mask, Toner Pad - Cica); tag 'Soothing' (1: Rice Makgeolli)",new_collection,,YES,Barulab Soothing,barulab-soothing,manual,Manual membership - exact product IDs: 8929395441923;9038236680451;8929406484739 (expected count 3),no conflict - checked against all 272 live collection handles and all proposed handles in this manifest,N/A - collection does not exist yet; source brand collection: collection published to Online Store (Admin publishedOnPublication),High,
442298302723,Barulab,barulab,https://beautyontapp.com/collections/barulab,BARULAB (17),17,9,NO - custom.label unset; default template collection.json renders no pill rows,NO - custom.label_one unset; default template collection.json renders no pill rows,4,Hyperpigmentation,2,8929406386435;8929406451971,tag 'hyperpigmentation'/'concern:hyperpigmentation' (2 products),new_collection,,YES,Barulab Hyperpigmentation,barulab-hyperpigmentation,manual,Manual membership - exact product IDs: 8929406386435;8929406451971 (expected count 2),no conflict - checked against all 272 live collection handles and all proposed handles in this manifest,N/A - collection does not exist yet; source brand collection: collection published to Online Store (Admin publishedOnPublication),High,
442298302723,Barulab,barulab,https://beautyontapp.com/collections/barulab,BARULAB (17),17,9,NO - custom.label unset; default template collection.json renders no pill rows,NO - custom.label_one unset; default template collection.json renders no pill rows,5,Acne Care,2,8929406386435;8929406550275,tags 'concern:acne' and 'blemishes' (2 products),new_collection,,YES,Barulab Acne Care,barulab-acne-care,manual,Manual membership - exact product IDs: 8929406386435;8929406550275 (expected count 2),no conflict - checked against all 272 live collection handles and all proposed handles in this manifest,N/A - collection does not exist yet; source brand collection: collection published to Online Store (Admin publishedOnPublication),High,
442298466563,Beauty of Joseon,beauty-of-joseon,https://beautyontapp.com/collections/beauty-of-joseon,BEAUTY OF JOSEON (21),21,15,NO - custom.label unset; default template collection.json renders no pill rows,NO - custom.label_one unset; default template collection.json renders no pill rows,1,Serums,7,8929402552579;8929395572995;8929404584195;8929395638531;8929402028291;8929404420355;8929407631619,title 'serum' (7 products); productType:Serum (2); tag type:serum (6). Includes Revive Eye Serum (also Eye Care) and Ginseng Moist Sun Serum (also Sunscreen),new_collection,,YES,Beauty of Joseon Serums,beauty-of-joseon-serums,manual,Manual membership - exact product IDs: 8929402552579;8929395572995;8929404584195;8929395638531;8929402028291;8929404420355;8929407631619 (expected count 7),no conflict - checked against all 272 live collection handles and all proposed handles in this manifest,N/A - collection does not exist yet; source brand collection: collection published to Online Store (Admin publishedOnPublication),High,
442298466563,Beauty of Joseon,beauty-of-joseon,https://beautyontapp.com/collections/beauty-of-joseon,BEAUTY OF JOSEON (21),21,15,NO - custom.label unset; default template collection.json renders no pill rows,NO - custom.label_one unset; default template collection.json renders no pill rows,2,Sunscreen,4,8929395605763;8965610897667;8929402028291;8929402061059,productType:Sunscreen (2 products); title 'SPF50+'/'Sunscreen'/'Sun Serum SPF 50+'/'Sun Stick...SPF 50+' (4); tags sunscreen/type:sunscreen (3),new_collection,,YES,Beauty of Joseon Sunscreen,beauty-of-joseon-sunscreen,manual,Manual membership - exact product IDs: 8929395605763;8965610897667;8929402028291;8929402061059 (expected count 4),no conflict - checked against all 272 live collection handles and all proposed handles in this manifest,N/A - collection does not exist yet; source brand collection: collection published to Online Store (Admin publishedOnPublication),High,
442298466563,Beauty of Joseon,beauty-of-joseon,https://beautyontapp.com/collections/beauty-of-joseon,BEAUTY OF JOSEON (21),21,15,NO - custom.label unset; default template collection.json renders no pill rows,NO - custom.label_one unset; default template collection.json renders no pill rows,3,Cleansers,3,8929401995523;9343685034243;9287210336515,productType:Cleanser (3 products); title 'Cleansing'/'Cleanser' (3); tags type:cleanser (3),new_collection,,YES,Beauty of Joseon Cleansers,beauty-of-joseon-cleansers,manual,Manual membership - exact product IDs: 8929401995523;9343685034243;9287210336515 (expected count 3),no conflict - checked against all 272 live collection handles and all proposed handles in this manifest,N/A - collection does not exist yet; source brand collection: collection published to Online Store (Admin publishedOnPublication),High,
442298466563,Beauty of Joseon,beauty-of-joseon,https://beautyontapp.com/collections/beauty-of-joseon,BEAUTY OF JOSEON (21),21,15,NO - custom.label unset; default template collection.json renders no pill rows,NO - custom.label_one unset; default template collection.json renders no pill rows,4,Toners,2,8929404518659;9288357576963,productType:Toner (2 products); tags toners/type:toner (2),new_collection,,YES,Beauty of Joseon Toners,beauty-of-joseon-toners,manual,Manual membership - exact product IDs: 8929404518659;9288357576963 (expected count 2),no conflict - checked against all 272 live collection handles and all proposed handles in this manifest,N/A - collection does not exist yet; source brand collection: collection published to Online Store (Admin publishedOnPublication),High,
442298466563,Beauty of Joseon,beauty-of-joseon,https://beautyontapp.com/collections/beauty-of-joseon,BEAUTY OF JOSEON (21),21,15,NO - custom.label unset; default template collection.json renders no pill rows,NO - custom.label_one unset; default template collection.json renders no pill rows,5,Body Care,2,8929402061059;9137003036931,"Matte Sun Stick via tag 'body-care' (hyphen treated as the intended word boundary); JELLOSKIN via title word 'Body' ('For Face and Body', word at end of title)",new_collection,,YES,Beauty of Joseon Body Care,beauty-of-joseon-body-care,manual,Manual membership - exact product IDs: 8929402061059;9137003036931 (expected count 2),no conflict - checked against all 272 live collection handles and all proposed handles in this manifest,N/A - collection does not exist yet; source brand collection: collection published to Online Store (Admin publishedOnPublication),High,
442298466563,Beauty of Joseon,beauty-of-joseon,https://beautyontapp.com/collections/beauty-of-joseon,BEAUTY OF JOSEON (21),21,15,NO - custom.label unset; default template collection.json renders no pill rows,NO - custom.label_one unset; default template collection.json renders no pill rows,6,Anti-Aging,8,8929402552579;8965610897667;8929395638531;9343698632963;8929402028291;8929402061059;8929407631619;9191155826947,"literal tag 'anti-aging'/'concern:anti-aging' (8 products); plus 'retinol' (2), 'Anti-Ageing'/'wrinkles'/'collagen' on Under Eye Patch",new_collection,,YES,Beauty of Joseon Anti-Aging,beauty-of-joseon-anti-aging,manual,Manual membership - exact product IDs: 8929402552579;8965610897667;8929395638531;9343698632963;8929402028291;8929402061059;8929407631619;9191155826947 (expected count 8),no conflict - checked against all 272 live collection handles and all proposed handles in this manifest,N/A - collection does not exist yet; source brand collection: collection published to Online Store (Admin publishedOnPublication),High,
442298466563,Beauty of Joseon,beauty-of-joseon,https://beautyontapp.com/collections/beauty-of-joseon,BEAUTY OF JOSEON (21),21,15,NO - custom.label unset; default template collection.json renders no pill rows,NO - custom.label_one unset; default template collection.json renders no pill rows,7,Acne Care,5,8929395572995;8929404584195;8929404616963;8929407631619;9191155826947,tags concern:acne + blemishes (5 products),new_collection,,YES,Beauty of Joseon Acne Care,beauty-of-joseon-acne-care,manual,Manual membership - exact product IDs: 8929395572995;8929404584195;8929404616963;8929407631619;9191155826947 (expected count 5),no conflict - checked against all 272 live collection handles and all proposed handles in this manifest,N/A - collection does not exist yet; source brand collection: collection published to Online Store (Admin publishedOnPublication),High,
442298466563,Beauty of Joseon,beauty-of-joseon,https://beautyontapp.com/collections/beauty-of-joseon,BEAUTY OF JOSEON (21),21,15,NO - custom.label unset; default template collection.json renders no pill rows,NO - custom.label_one unset; default template collection.json renders no pill rows,8,Brightening,4,8929395572995;8929404584195;8929404616963;9288357576963,"literal 'Glow' in title (4 products: Glow Deep Serum, Glow Serum, Glow Mask, Glow Replenishing Rice Milk)",new_collection,,YES,Beauty of Joseon Brightening,beauty-of-joseon-brightening,manual,Manual membership - exact product IDs: 8929395572995;8929404584195;8929404616963;9288357576963 (expected count 4),no conflict - checked against all 272 live collection handles and all proposed handles in this manifest,N/A - collection does not exist yet; source brand collection: collection published to Online Store (Admin publishedOnPublication),Medium,
444711796995,Benton,benton,https://beautyontapp.com/collections/benton,BENTON (1),1,0,NO - custom.label unset; default template collection.json renders no pill rows,NO - custom.label_one unset; default template collection.json renders no pill rows,,NO SAFE PILL — insufficient verified product range,0,,1 published / 0 available products; no category reached >=2 published + >=1 available (audit of all products via Admin API),,,NO,,,,,,collection published to Online Store (Admin publishedOnPublication),High,insufficient verified product range
444711895299,Biodance,biodance,https://beautyontapp.com/collections/biodance,BIODANCE (6),6,5,NO - custom.label unset; default template collection.json renders no pill rows,NO - custom.label_one unset; default template collection.json renders no pill rows,1,Toners,3,9179651014915;9179612774659;9179655569667,title match 'Toner Pads' (3); collection membership in 'toners' corroborates 2 of 3,new_collection,,YES,Biodance Toners,biodance-toners,manual,Manual membership - exact product IDs: 9179651014915;9179612774659;9179655569667 (expected count 3),no conflict - checked against all 272 live collection handles and all proposed handles in this manifest,N/A - collection does not exist yet; source brand collection: collection published to Online Store (Admin publishedOnPublication),Medium,
444711895299,Biodance,biodance,https://beautyontapp.com/collections/biodance,BIODANCE (6),6,5,NO - custom.label unset; default template collection.json renders no pill rows,NO - custom.label_one unset; default template collection.json renders no pill rows,2,Masks,3,9215153242371;8929405567235;8929405534467,product_type:Face Mask (3); title match 'mask' (3); tags 'face-masks'/'type:face-mask' (3),new_collection,,YES,Biodance Masks,biodance-masks,manual,Manual membership - exact product IDs: 9215153242371;8929405567235;8929405534467 (expected count 3),no conflict - checked against all 272 live collection handles and all proposed handles in this manifest,N/A - collection does not exist yet; source brand collection: collection published to Online Store (Admin publishedOnPublication),High,
444711895299,Biodance,biodance,https://beautyontapp.com/collections/biodance,BIODANCE (6),6,5,NO - custom.label unset; default template collection.json renders no pill rows,NO - custom.label_one unset; default template collection.json renders no pill rows,3,Anti-Aging,4,9215153242371;9179651014915;9179612774659;8929405534467,"tag 'anti-aging'/'Anti-Ageing'/'concern:anti-aging' (3: 9179651014915, 9179612774659); literal 'collagen' in tags 'collagen'/'ingredient:collagen' (9215153242371, 9179651014915, 8929405534467)",new_collection,,YES,Biodance Anti-Aging,biodance-anti-aging,manual,Manual membership - exact product IDs: 9215153242371;9179651014915;9179612774659;8929405534467 (expected count 4),no conflict - checked against all 272 live collection handles and all proposed handles in this manifest,N/A - collection does not exist yet; source brand collection: collection published to Online Store (Admin publishedOnPublication),High,
444711895299,Biodance,biodance,https://beautyontapp.com/collections/biodance,BIODANCE (6),6,5,NO - custom.label unset; default template collection.json renders no pill rows,NO - custom.label_one unset; default template collection.json renders no pill rows,4,Hydration,2,9179651014915;9179612774659,title match 'Hydrating' (2); tag 'Hydrating serum' (9179612774659),new_collection,,YES,Biodance Hydration,biodance-hydration,manual,Manual membership - exact product IDs: 9179651014915;9179612774659 (expected count 2),no conflict - checked against all 272 live collection handles and all proposed handles in this manifest,N/A - collection does not exist yet; source brand collection: collection published to Online Store (Admin publishedOnPublication),High,
444711895299,Biodance,biodance,https://beautyontapp.com/collections/biodance,BIODANCE (6),6,5,NO - custom.label unset; default template collection.json renders no pill rows,NO - custom.label_one unset; default template collection.json renders no pill rows,5,Hyperpigmentation,2,9215153242371;9179655569667,tags 'hyperpigmentation'/'concern:hyperpigmentation' (2),new_collection,,YES,Biodance Hyperpigmentation,biodance-hyperpigmentation,manual,Manual membership - exact product IDs: 9215153242371;9179655569667 (expected count 2),no conflict - checked against all 272 live collection handles and all proposed handles in this manifest,N/A - collection does not exist yet; source brand collection: collection published to Online Store (Admin publishedOnPublication),High,
442298499331,BIODERMA,bioderma,https://beautyontapp.com/collections/bioderma,BIODERMA (31),31,4,NO - custom.label unset; default template collection.json renders no pill rows,NO - custom.label_one unset; default template collection.json renders no pill rows,1,Sunscreen,8,8929385382147;8929385316611;8929385349379;8929385218307;8929385185539;8929385021699;8929385251075;8929384923395,product_type:Sunscreen + tags 'sunscreen'/'type:sunscreen' (8); 'SPF' in all 8 titles,new_collection,,YES,BIODERMA Sunscreen,bioderma-sunscreen,manual,Manual membership - exact product IDs: 8929385382147;8929385316611;8929385349379;8929385218307;8929385185539;8929385021699;8929385251075;8929384923395 (expected count 8),no conflict - checked against all 272 live collection handles and all proposed handles in this manifest,N/A - collection does not exist yet; source brand collection: collection published to Online Store (Admin publishedOnPublication),High,
442298499331,BIODERMA,bioderma,https://beautyontapp.com/collections/bioderma,BIODERMA (31),31,4,NO - custom.label unset; default template collection.json renders no pill rows,NO - custom.label_one unset; default template collection.json renders no pill rows,2,Body Care,8,8929385382147;8929384726787;8929384694019;8929385152771;8929384759555;8973094191363;8929394327811;8929385349379,tags 'body-care'/'body-wash'/'body-lotion'/'body-butters' (7); 'Shower' in title (3); product_type:Body Care (2). Hyphen treated as word boundary for the 'body ' rule since store tags use 'body-care' not 'body ',new_collection,,YES,BIODERMA Body Care,bioderma-body-care,manual,Manual membership - exact product IDs: 8929385382147;8929384726787;8929384694019;8929385152771;8929384759555;8973094191363;8929394327811;8929385349379 (expected count 8),no conflict - checked against all 272 live collection handles and all proposed handles in this manifest,N/A - collection does not exist yet; source brand collection: collection published to Online Store (Admin publishedOnPublication),High,
442298499331,BIODERMA,bioderma,https://beautyontapp.com/collections/bioderma,BIODERMA (31),31,4,NO - custom.label unset; default template collection.json renders no pill rows,NO - custom.label_one unset; default template collection.json renders no pill rows,3,Moisturisers,5,8929385120003;8929384661251;8929384792323;8929384825091;8929385644291,"product_type:Moisturiser / tag 'type:moisturiser' (8 raw matches); 3 excluded to Body Care per precedence (body-care/body-lotion/body-butters tags): 8929385152771, 8929384759555, 8929394327811",new_collection,,YES,BIODERMA Moisturisers,bioderma-moisturisers,manual,Manual membership - exact product IDs: 8929385120003;8929384661251;8929384792323;8929384825091;8929385644291 (expected count 5),no conflict - checked against all 272 live collection handles and all proposed handles in this manifest,N/A - collection does not exist yet; source brand collection: collection published to Online Store (Admin publishedOnPublication),High,
442298499331,BIODERMA,bioderma,https://beautyontapp.com/collections/bioderma,BIODERMA (31),31,4,NO - custom.label unset; default template collection.json renders no pill rows,NO - custom.label_one unset; default template collection.json renders no pill rows,4,Hyperpigmentation,10,8929385152771;8929385120003;8929385709827;8929385611523;8929385087235;8929385054467;8929385185539;8929385021699;8929384988931;8929384825091,"'pigment' in 'Pigmentbio' titles (6); tags 'hyperpigmentation'/'concern:hyperpigmentation' (10 total incl. Sebium Exfoliating Gel, Kerato+, Photoderm AKN Mat, Hydrabio Gel-Creme)",new_collection,,YES,BIODERMA Hyperpigmentation,bioderma-hyperpigmentation,manual,Manual membership - exact product IDs: 8929385152771;8929385120003;8929385709827;8929385611523;8929385087235;8929385054467;8929385185539;8929385021699;8929384988931;8929384825091 (expected count 10),no conflict - checked against all 272 live collection handles and all proposed handles in this manifest,N/A - collection does not exist yet; source brand collection: collection published to Online Store (Admin publishedOnPublication),High,
444347187459,Black African Organics,black-african-organics,https://beautyontapp.com/collections/black-african-organics,BLACK AFRICAN ORGANICS (11),11,10,NO - custom.label unset; default template collection.json renders no pill rows,NO - custom.label_one unset; default template collection.json renders no pill rows,1,Body Care,4,8965612208387;8965611782403;8929380204803;8929380172035,title 'Body Butter'/'Body Scrub' (2); product_type:Body Care + tag 'body-care' (1); tag 'hand-cream' hyphen-normalized to 'hand cream' (1),new_collection,,YES,Black African Organics Body Care,black-african-organics-body-care,manual,Manual membership - exact product IDs: 8965612208387;8965611782403;8929380204803;8929380172035 (expected count 4),no conflict - checked against all 272 live collection handles and all proposed handles in this manifest,N/A - collection does not exist yet; source brand collection: collection published to Online Store (Admin publishedOnPublication),High,
444347187459,Black African Organics,black-african-organics,https://beautyontapp.com/collections/black-african-organics,BLACK AFRICAN ORGANICS (11),11,10,NO - custom.label unset; default template collection.json renders no pill rows,NO - custom.label_one unset; default template collection.json renders no pill rows,2,Serums,3,8965612110083;8929380040963;8929380172035,"product_type:Serum + title 'serum' (1); title 'Hair Growth Serum' (1, hair product); tag 'oils-and-serums' (1, body tissue oil - literal-rule match, likely false positive)",new_collection,,YES,Black African Organics Serums,black-african-organics-serums,manual,Manual membership - exact product IDs: 8965612110083;8929380040963;8929380172035 (expected count 3),no conflict - checked against all 272 live collection handles and all proposed handles in this manifest,N/A - collection does not exist yet; source brand collection: collection published to Online Store (Admin publishedOnPublication),High,
444347187459,Black African Organics,black-african-organics,https://beautyontapp.com/collections/black-african-organics,BLACK AFRICAN ORGANICS (11),11,10,NO - custom.label unset; default template collection.json renders no pill rows,NO - custom.label_one unset; default template collection.json renders no pill rows,3,Hair Care,3,8929380139267;8929380073731;8929380040963,"product_type:Hair Care (3); title/tag 'shampoo','hair','conditioner','leave-in' matches",new_collection,,YES,Black African Organics Hair Care,black-african-organics-hair-care,manual,Manual membership - exact product IDs: 8929380139267;8929380073731;8929380040963 (expected count 3),no conflict - checked against all 272 live collection handles and all proposed handles in this manifest,N/A - collection does not exist yet; source brand collection: collection published to Online Store (Admin publishedOnPublication),High,
444347187459,Black African Organics,black-african-organics,https://beautyontapp.com/collections/black-african-organics,BLACK AFRICAN ORGANICS (11),11,10,NO - custom.label unset; default template collection.json renders no pill rows,NO - custom.label_one unset; default template collection.json renders no pill rows,4,Brightening,3,8965612110083;8965611946243;8965611913475,title match 'Brightening' (3),new_collection,,YES,Black African Organics Brightening,black-african-organics-brightening,manual,Manual membership - exact product IDs: 8965612110083;8965611946243;8965611913475 (expected count 3),no conflict - checked against all 272 live collection handles and all proposed handles in this manifest,N/A - collection does not exist yet; source brand collection: collection published to Online Store (Admin publishedOnPublication),Medium,
444347187459,Black African Organics,black-african-organics,https://beautyontapp.com/collections/black-african-organics,BLACK AFRICAN ORGANICS (11),11,10,NO - custom.label unset; default template collection.json renders no pill rows,NO - custom.label_one unset; default template collection.json renders no pill rows,5,Hyperpigmentation,3,8965612110083;8965612011779;8965611946243,tags 'hyperpigmentation'/'concern:hyperpigmentation' (3),new_collection,,YES,Black African Organics Hyperpigmentation,black-african-organics-hyperpigmentation,manual,Manual membership - exact product IDs: 8965612110083;8965612011779;8965611946243 (expected count 3),no conflict - checked against all 272 live collection handles and all proposed handles in this manifest,N/A - collection does not exist yet; source brand collection: collection published to Online Store (Admin publishedOnPublication),High,
444347187459,Black African Organics,black-african-organics,https://beautyontapp.com/collections/black-african-organics,BLACK AFRICAN ORGANICS (11),11,10,NO - custom.label unset; default template collection.json renders no pill rows,NO - custom.label_one unset; default template collection.json renders no pill rows,6,Acne Care,3,8965612110083;8965612011779;8965611946243,tags 'concern:acne' + 'blemishes' (3),new_collection,,YES,Black African Organics Acne Care,black-african-organics-acne-care,manual,Manual membership - exact product IDs: 8965612110083;8965612011779;8965611946243 (expected count 3),no conflict - checked against all 272 live collection handles and all proposed handles in this manifest,N/A - collection does not exist yet; source brand collection: collection published to Online Store (Admin publishedOnPublication),High,
444347187459,Black African Organics,black-african-organics,https://beautyontapp.com/collections/black-african-organics,BLACK AFRICAN ORGANICS (11),11,10,NO - custom.label unset; default template collection.json renders no pill rows,NO - custom.label_one unset; default template collection.json renders no pill rows,7,Anti-Aging,2,8965612110083;8965611946243,"tags 'anti-aging','concern:anti-aging' (2); 'wrinkles' tag also on 8965611946243",new_collection,,YES,Black African Organics Anti-Aging,black-african-organics-anti-aging,manual,Manual membership - exact product IDs: 8965612110083;8965611946243 (expected count 2),no conflict - checked against all 272 live collection handles and all proposed handles in this manifest,N/A - collection does not exist yet; source brand collection: collection published to Online Store (Admin publishedOnPublication),High,
442298564867,Black Girl Sunscreen,black-girl-sunscreen,https://beautyontapp.com/collections/black-girl-sunscreen,BLACK GIRL SUNSCREEN (3),3,0,NO - custom.label unset; default template collection.json renders no pill rows,NO - custom.label_one unset; default template collection.json renders no pill rows,,NO SAFE PILL — insufficient verified product range,0,,"3 published products but 0 available - categories with >=2 published products exist (e.g. Sunscreen, Hyperpigmentation) yet every qualifying product is out of stock, failing the >=1 available rule",,,NO,,,,,,collection published to Online Store (Admin publishedOnPublication),High,all qualifying products out of stock (availability rule); revisit after restock
442298630403,Breast Tape by Si,bree-probiotics,https://beautyontapp.com/collections/bree-probiotics,Breast Tape by Si (5),5,1,NO - custom.label unset; default template collection.json renders no pill rows,NO - custom.label_one unset; default template collection.json renders no pill rows,1,Body Care,3,8929372242179;8929372274947;8929372176643,"tag:body-care (3 products: Breast Tape Brown/Black/Beige); hyphen in tag treated as word boundary for the 'body ' rule. No other category keywords matched any product's productType, tags, or title.",new_collection,,YES,Breast Tape by Si Body Care,breast-tape-by-si-body-care,manual,Manual membership - exact product IDs: 8929372242179;8929372274947;8929372176643 (expected count 3),no conflict - checked against all 272 live collection handles and all proposed handles in this manifest,N/A - collection does not exist yet; source brand collection: collection published to Online Store (Admin publishedOnPublication),High,
444590063875,Bonak Beauty,bonak-beauty,https://beautyontapp.com/collections/bonak-beauty,BONAK BEAUTY (1),1,0,NO - custom.label unset; default template collection.json renders no pill rows,NO - custom.label_one unset; default template collection.json renders no pill rows,,NO SAFE PILL — insufficient verified product range,0,,1 published / 0 available products; no category reached >=2 published + >=1 available (audit of all products via Admin API),,,NO,,,,,,collection published to Online Store (Admin publishedOnPublication),High,insufficient verified product range
444656845059,Brothers Beard,brothers-beard,https://beautyontapp.com/collections/brothers-beard,BROTHERS BEARD (6),5,5,NO - custom.label unset; default template collection.json renders no pill rows,NO - custom.label_one unset; default template collection.json renders no pill rows,1,Cleansers,2,8929389969667;8929389904131,title match 'cleanser' (2); tags 'cleansers'/'type:cleanser' (2); product_type:Cleanser (1),new_collection,,YES,Brothers Beard Cleansers,brothers-beard-cleansers,manual,Manual membership - exact product IDs: 8929389969667;8929389904131 (expected count 2),no conflict - checked against all 272 live collection handles and all proposed handles in this manifest,N/A - collection does not exist yet; source brand collection: collection published to Online Store (Admin publishedOnPublication),High,
444656845059,Brothers Beard,brothers-beard,https://beautyontapp.com/collections/brothers-beard,BROTHERS BEARD (6),5,5,NO - custom.label unset; default template collection.json renders no pill rows,NO - custom.label_one unset; default template collection.json renders no pill rows,2,Hair Care,2,8929120223491;8929120190723,title match 'beard' (2); product_type:Beard (2); tags 'beard-oils'/'type:beard-care' (2). Brand tag 'Brothers Beard' on all products excluded from matching,new_collection,,YES,Brothers Beard Hair Care,brothers-beard-hair-care,manual,Manual membership - exact product IDs: 8929120223491;8929120190723 (expected count 2),no conflict - checked against all 272 live collection handles and all proposed handles in this manifest,N/A - collection does not exist yet; source brand collection: collection published to Online Store (Admin publishedOnPublication),High,
444378480899,Cerave,cerave,https://beautyontapp.com/collections/cerave,CERAVE (16),16,14,NO - custom.label unset; default template collection.json renders no pill rows,NO - custom.label_one unset; default template collection.json renders no pill rows,1,Moisturisers,6,8929388462339;8929474969859;8929377943811;8929385840899;8929376239875;9022609522947,"product_type:Moisturiser + tag type:moisturiser (6); title 'moisturising/moisturizing/lotion/face cream' (4). Two other Moisturiser-typed products (8929394721027, 8929408057603) excluded via Body Care precedence",new_collection,,YES,Cerave Moisturisers,cerave-moisturisers,manual,Manual membership - exact product IDs: 8929388462339;8929474969859;8929377943811;8929385840899;8929376239875;9022609522947 (expected count 6),no conflict - checked against all 272 live collection handles and all proposed handles in this manifest,N/A - collection does not exist yet; source brand collection: collection published to Online Store (Admin publishedOnPublication),High,
444378480899,Cerave,cerave,https://beautyontapp.com/collections/cerave,CERAVE (16),16,14,NO - custom.label unset; default template collection.json renders no pill rows,NO - custom.label_one unset; default template collection.json renders no pill rows,2,Cleansers,5,8929385808131;8929380696323;8929376141571;8929376174339;8929376207107,product_type:Cleanser (5); tags type:cleanser/cleansers (5); title 'cleanser' (5),new_collection,,YES,Cerave Cleansers,cerave-cleansers,manual,Manual membership - exact product IDs: 8929385808131;8929380696323;8929376141571;8929376174339;8929376207107 (expected count 5),no conflict - checked against all 272 live collection handles and all proposed handles in this manifest,N/A - collection does not exist yet; source brand collection: collection published to Online Store (Admin publishedOnPublication),High,
444378480899,Cerave,cerave,https://beautyontapp.com/collections/cerave,CERAVE (16),16,14,NO - custom.label unset; default template collection.json renders no pill rows,NO - custom.label_one unset; default template collection.json renders no pill rows,3,Serums,2,8929385873667;9470031397123,title 'serum' (2); tag type:serum (1),new_collection,,YES,Cerave Serums,cerave-serums,manual,Manual membership - exact product IDs: 8929385873667;9470031397123 (expected count 2),no conflict - checked against all 272 live collection handles and all proposed handles in this manifest,N/A - collection does not exist yet; source brand collection: collection published to Online Store (Admin publishedOnPublication),High,
444378480899,Cerave,cerave,https://beautyontapp.com/collections/cerave,CERAVE (16),16,14,NO - custom.label unset; default template collection.json renders no pill rows,NO - custom.label_one unset; default template collection.json renders no pill rows,4,Sunscreen,2,8929388462339;8929377943811,title match 'SPF50'/'SPF30' (2),new_collection,,YES,Cerave Sunscreen,cerave-sunscreen,manual,Manual membership - exact product IDs: 8929388462339;8929377943811 (expected count 2),no conflict - checked against all 272 live collection handles and all proposed handles in this manifest,N/A - collection does not exist yet; source brand collection: collection published to Online Store (Admin publishedOnPublication),Medium,
444378480899,Cerave,cerave,https://beautyontapp.com/collections/cerave,CERAVE (16),16,14,NO - custom.label unset; default template collection.json renders no pill rows,NO - custom.label_one unset; default template collection.json renders no pill rows,5,Body Care,2,8929394721027;8929408057603,tag 'body-care' (8929394721027); tags 'body-lotion'/'type:body-lotion' (8929408057603) — hyphenated body tags treated as 'body ' matches; Body Care > Moisturisers precedence applied,new_collection,,YES,Cerave Body Care,cerave-body-care,manual,Manual membership - exact product IDs: 8929394721027;8929408057603 (expected count 2),no conflict - checked against all 272 live collection handles and all proposed handles in this manifest,N/A - collection does not exist yet; source brand collection: collection published to Online Store (Admin publishedOnPublication),High,
444378480899,Cerave,cerave,https://beautyontapp.com/collections/cerave,CERAVE (16),16,14,NO - custom.label unset; default template collection.json renders no pill rows,NO - custom.label_one unset; default template collection.json renders no pill rows,6,Acne Care,6,8929385808131;8929380696323;8929376141571;8929385873667;8929385840899;9470031397123,title 'Blemish' (3); tags blemishes/concern:acne (6); tag type:acne-treatment (1),new_collection,,YES,Cerave Acne Care,cerave-acne-care,manual,Manual membership - exact product IDs: 8929385808131;8929380696323;8929376141571;8929385873667;8929385840899;9470031397123 (expected count 6),no conflict - checked against all 272 live collection handles and all proposed handles in this manifest,N/A - collection does not exist yet; source brand collection: collection published to Online Store (Admin publishedOnPublication),High,
444378480899,Cerave,cerave,https://beautyontapp.com/collections/cerave,CERAVE (16),16,14,NO - custom.label unset; default template collection.json renders no pill rows,NO - custom.label_one unset; default template collection.json renders no pill rows,7,Hydration,3,8929376174339;8929474969859;8929376207107,title match 'Hydrating' (2) and 'Deep Hydration' (1),new_collection,,YES,Cerave Hydration,cerave-hydration,manual,Manual membership - exact product IDs: 8929376174339;8929474969859;8929376207107 (expected count 3),no conflict - checked against all 272 live collection handles and all proposed handles in this manifest,N/A - collection does not exist yet; source brand collection: collection published to Online Store (Admin publishedOnPublication),Medium,
444378480899,Cerave,cerave,https://beautyontapp.com/collections/cerave,CERAVE (16),16,14,NO - custom.label unset; default template collection.json renders no pill rows,NO - custom.label_one unset; default template collection.json renders no pill rows,8,Anti-Aging,2,8929385873667;9470031397123,title 'Retinol' (2); tags retinol/anti-aging/ingredient:retinol (2); tag 'anti ageing' (1),new_collection,,YES,Cerave Anti-Aging,cerave-anti-aging,manual,Manual membership - exact product IDs: 8929385873667;9470031397123 (expected count 2),no conflict - checked against all 272 live collection handles and all proposed handles in this manifest,N/A - collection does not exist yet; source brand collection: collection published to Online Store (Admin publishedOnPublication),High,
444379103491,COSRX,cosrx,https://beautyontapp.com/collections/cosrx,COSRX (93); LA ROCHE-POSAY (1); TOCOBO (1),95,58,NO - custom.label unset; default template collection.json renders no pill rows,NO - custom.label_one unset; default template collection.json renders no pill rows,1,Serums,22,8929394262275;8929388724483;8929393443075;8929394229507;8929393901827;8929395900675;8929394196739;8929405894915;8929405829379;8929396293891;8929393541379;8929393934595;8929393475843;9137024499971;8929358414083;8929393967363;8929363230979;8929405731075;8929398096131;9521959141635;9343708168451;9292817629443,tags 'type:serum/oils-and-serums/ampoule' (20); title 'serum/ampoule/ampule' (14); product_type:Serum (1),new_collection,,YES,COSRX Serums,cosrx-serums,manual,Manual membership - exact product IDs: 8929394262275;8929388724483;8929393443075;8929394229507;8929393901827;8929395900675;8929394196739;8929405894915;8929405829379;8929396293891;8929393541379;8929393934595;8929393475843;9137024499971;8929358414083;8929393967363;8929363230979;8929405731075;8929398096131;9521959141635;9343708168451;9292817629443 (expected count 22),no conflict - checked against all 272 live collection handles and all proposed handles in this manifest,N/A - collection does not exist yet; source brand collection: collection published to Online Store (Admin publishedOnPublication),High,
444379103491,COSRX,cosrx,https://beautyontapp.com/collections/cosrx,COSRX (93); LA ROCHE-POSAY (1); TOCOBO (1),95,58,NO - custom.label unset; default template collection.json renders no pill rows,NO - custom.label_one unset; default template collection.json renders no pill rows,2,Moisturisers,20,8929358905603;8929362772227;8929399374083;8929361690883;8929396195587;8929396424963;9029179506947;8929363099907;8929398030595;8965611159811;8929396228355;8929393934595;9344237338883;8929363263747;9137024499971;8929393967363;8929363230979;8929406288131;8929398128899;8929405731075,product_type:Moisturiser (14); tags 'type:moisturiser/creams-and-balms' (17); title 'moistur/lotion/gel cream' (8); eye/lip cream matches excluded,new_collection,,YES,COSRX Moisturisers,cosrx-moisturisers,manual,Manual membership - exact product IDs: 8929358905603;8929362772227;8929399374083;8929361690883;8929396195587;8929396424963;9029179506947;8929363099907;8929398030595;8965611159811;8929396228355;8929393934595;9344237338883;8929363263747;9137024499971;8929393967363;8929363230979;8929406288131;8929398128899;8929405731075 (expected count 20),no conflict - checked against all 272 live collection handles and all proposed handles in this manifest,N/A - collection does not exist yet; source brand collection: collection published to Online Store (Admin publishedOnPublication),High,
444379103491,COSRX,cosrx,https://beautyontapp.com/collections/cosrx,COSRX (93); LA ROCHE-POSAY (1); TOCOBO (1),95,58,NO - custom.label unset; default template collection.json renders no pill rows,NO - custom.label_one unset; default template collection.json renders no pill rows,3,Toners,18,8929358479619;8929402192131;8929358872835;8929396130051;8929363165443;8929393443075;8929402224899;8929361985795;8929358807299;8929363132675;8929396031747;8929406320899;9137024499971;8929405763843;8929405796611;8929405731075;8929396162819;9529551421699,tags 'toners/type:toner' (18); product_type:Toner (10); title 'toner' (8),new_collection,,YES,COSRX Toners,cosrx-toners,manual,Manual membership - exact product IDs: 8929358479619;8929402192131;8929358872835;8929396130051;8929363165443;8929393443075;8929402224899;8929361985795;8929358807299;8929363132675;8929396031747;8929406320899;9137024499971;8929405763843;8929405796611;8929405731075;8929396162819;9529551421699 (expected count 18),no conflict - checked against all 272 live collection handles and all proposed handles in this manifest,N/A - collection does not exist yet; source brand collection: collection published to Online Store (Admin publishedOnPublication),High,
444379103491,COSRX,cosrx,https://beautyontapp.com/collections/cosrx,COSRX (93); LA ROCHE-POSAY (1); TOCOBO (1),95,58,NO - custom.label unset; default template collection.json renders no pill rows,NO - custom.label_one unset; default template collection.json renders no pill rows,4,Masks,15,8929358774531;8929361985795;8929398784259;8929363296515;9182061625603;8929399111939;8929405927683;8929399767299;8929406288131;8929399406851;9180436201731;9344234094851;9292889063683;9292851446019;8929396261123,tags 'face-masks/type:face-mask/mask/hair-masques' (13); title 'mask' (12); product_type:Face Mask (9); includes 1 hair-mask product (9344234094851) via 'hair-masques' tag,new_collection,,YES,COSRX Masks,cosrx-masks,manual,Manual membership - exact product IDs: 8929358774531;8929361985795;8929398784259;8929363296515;9182061625603;8929399111939;8929405927683;8929399767299;8929406288131;8929399406851;9180436201731;9344234094851;9292889063683;9292851446019;8929396261123 (expected count 15),no conflict - checked against all 272 live collection handles and all proposed handles in this manifest,N/A - collection does not exist yet; source brand collection: collection published to Online Store (Admin publishedOnPublication),High,
444379103491,COSRX,cosrx,https://beautyontapp.com/collections/cosrx,COSRX (93); LA ROCHE-POSAY (1); TOCOBO (1),95,58,NO - custom.label unset; default template collection.json renders no pill rows,NO - custom.label_one unset; default template collection.json renders no pill rows,5,Cleansers,10,8929358741763;8929358381315;8929398653187;8929398587651;8929363198211;8929397866755;8929402126595;8929397965059;8929405862147;8929396162819,product_type:Cleanser/Makeup Remover match 'cleanser|cleansing' (8); title 'cleanser/cleansing/micellar' (10); tags 'cleansers/type:cleanser' (8),new_collection,,YES,COSRX Cleansers,cosrx-cleansers,manual,Manual membership - exact product IDs: 8929358741763;8929358381315;8929398653187;8929398587651;8929363198211;8929397866755;8929402126595;8929397965059;8929405862147;8929396162819 (expected count 10),no conflict - checked against all 272 live collection handles and all proposed handles in this manifest,N/A - collection does not exist yet; source brand collection: collection published to Online Store (Admin publishedOnPublication),High,
444379103491,COSRX,cosrx,https://beautyontapp.com/collections/cosrx,COSRX (93); LA ROCHE-POSAY (1); TOCOBO (1),95,58,NO - custom.label unset; default template collection.json renders no pill rows,NO - custom.label_one unset; default template collection.json renders no pill rows,6,Exfoliators,10,8929358872835;8929402224899;8929405665539;8929358840067;8929406320899;8929393475843;8929405796611;8929405731075;8929405698307;8929396097283,tags 'exfoliators/type:exfoliator' (8); product_type:Exfoliator (3); title 'peel/peeling/scrub' (3),new_collection,,YES,COSRX Exfoliators,cosrx-exfoliators,manual,Manual membership - exact product IDs: 8929358872835;8929402224899;8929405665539;8929358840067;8929406320899;8929393475843;8929405796611;8929405731075;8929405698307;8929396097283 (expected count 10),no conflict - checked against all 272 live collection handles and all proposed handles in this manifest,N/A - collection does not exist yet; source brand collection: collection published to Online Store (Admin publishedOnPublication),High,
444379103491,COSRX,cosrx,https://beautyontapp.com/collections/cosrx,COSRX (93); LA ROCHE-POSAY (1); TOCOBO (1),95,58,NO - custom.label unset; default template collection.json renders no pill rows,NO - custom.label_one unset; default template collection.json renders no pill rows,7,Sunscreen,6,8929362772227;8929398685955;8929396359427;8929405894915;8929395933443;9136532914435,title 'sunscreen/spf/sun cream/sun serum/sun stick' (6); product_type:Sunscreen (4); tags 'sunscreen/type:sunscreen' (5),new_collection,,YES,COSRX Sunscreen,cosrx-sunscreen,manual,Manual membership - exact product IDs: 8929362772227;8929398685955;8929396359427;8929405894915;8929395933443;9136532914435 (expected count 6),no conflict - checked against all 272 live collection handles and all proposed handles in this manifest,N/A - collection does not exist yet; source brand collection: collection published to Online Store (Admin publishedOnPublication),High,
444379103491,COSRX,cosrx,https://beautyontapp.com/collections/cosrx,COSRX (93); LA ROCHE-POSAY (1); TOCOBO (1),95,58,NO - custom.label unset; default template collection.json renders no pill rows,NO - custom.label_one unset; default template collection.json renders no pill rows,8,Essences,5,8929358479619;8929402192131;8929363165443;8929395900675;8929405763843,"title match 'essence' (5), e.g. Advanced Snail Mucin Power Essence, Galactomyces 95 Tone Balancing Essence",new_collection,,YES,COSRX Essences,cosrx-essences,manual,Manual membership - exact product IDs: 8929358479619;8929402192131;8929363165443;8929395900675;8929405763843 (expected count 5),no conflict - checked against all 272 live collection handles and all proposed handles in this manifest,N/A - collection does not exist yet; source brand collection: collection published to Online Store (Admin publishedOnPublication),Medium,
442298892547,Curl Chemistry,curl-chemistry,https://beautyontapp.com/collections/curl-chemistry,CURL CHEMISTRY (4),1,1,NO - custom.label unset; default template collection.json renders no pill rows,NO - custom.label_one unset; default template collection.json renders no pill rows,,NO SAFE PILL — insufficient verified product range,0,,1 published / 1 available products; no category reached >=2 published + >=1 available (audit of all products via Admin API),,,NO,,,,,,collection published to Online Store (Admin publishedOnPublication),High,insufficient verified product range
442298990851,Dermopal,dermopal,https://beautyontapp.com/collections/dermopal,DERMOPAL (6),6,3,NO - custom.label unset; default template collection.json renders no pill rows,NO - custom.label_one unset; default template collection.json renders no pill rows,1,Moisturisers,3,8929385742595;8929362870531;8929362968835,"product_type:Moisturiser + tag type:moisturiser (Pimplex Cream, Blemish Cream); tag type:moisturiser only (Power Combo). No eye/lip/body conflicts",new_collection,,YES,Dermopal Moisturisers,dermopal-moisturisers,manual,Manual membership - exact product IDs: 8929385742595;8929362870531;8929362968835 (expected count 3),no conflict - checked against all 272 live collection handles and all proposed handles in this manifest,N/A - collection does not exist yet; source brand collection: collection published to Online Store (Admin publishedOnPublication),High,
442298990851,Dermopal,dermopal,https://beautyontapp.com/collections/dermopal,DERMOPAL (6),6,3,NO - custom.label unset; default template collection.json renders no pill rows,NO - custom.label_one unset; default template collection.json renders no pill rows,2,Sunscreen,3,8929380794627;8929358643459;8929362968835,"product_type:Sunscreen + title 'SPF' + tags sunscreen/type:sunscreen (SPF50, SPF 30); tags sunscreen/type:sunscreen (Power Combo)",new_collection,,YES,Dermopal Sunscreen,dermopal-sunscreen,manual,Manual membership - exact product IDs: 8929380794627;8929358643459;8929362968835 (expected count 3),no conflict - checked against all 272 live collection handles and all proposed handles in this manifest,N/A - collection does not exist yet; source brand collection: collection published to Online Store (Admin publishedOnPublication),High,
442298990851,Dermopal,dermopal,https://beautyontapp.com/collections/dermopal,DERMOPAL (6),6,3,NO - custom.label unset; default template collection.json renders no pill rows,NO - custom.label_one unset; default template collection.json renders no pill rows,3,Acne Care,4,8929385742595;8929385775363;8929362968835;8929362870531,"tags concern:acne/blemishes (Cleanser, Power Combo, Blemish Cream); title 'Blemish' (Blemish Cream); title substring 'pimple' inside 'Pimplex' (Pimplex Cream, Pimplex Clarifying Cleanser)",new_collection,,YES,Dermopal Acne Care,dermopal-acne-care,manual,Manual membership - exact product IDs: 8929385742595;8929385775363;8929362968835;8929362870531 (expected count 4),no conflict - checked against all 272 live collection handles and all proposed handles in this manifest,N/A - collection does not exist yet; source brand collection: collection published to Online Store (Admin publishedOnPublication),High,
444464300291,Dermalogica,dermalogica,https://beautyontapp.com/collections/dermalogica,DERMALOGICA (35),35,15,NO - custom.label unset; default template collection.json renders no pill rows,NO - custom.label_one unset; default template collection.json renders no pill rows,1,Cleansers,10,8965608964355;8965609128195;8965609226499;8965609259267;8965609292035;8965609390339;8965609718019;8965610078467;8965610406147;8965610471683,"tags 'cleansers'/'type:cleanser' (10); product_type:Cleanser (7); title 'cleanser'/'cleansing' (6, e.g. 'Daily Glycolic Cleanser', 'Special Cleansing Gel')",new_collection,,YES,Dermalogica Cleansers,dermalogica-cleansers,manual,Manual membership - exact product IDs: 8965608964355;8965609128195;8965609226499;8965609259267;8965609292035;8965609390339;8965609718019;8965610078467;8965610406147;8965610471683 (expected count 10),no conflict - checked against all 272 live collection handles and all proposed handles in this manifest,N/A - collection does not exist yet; source brand collection: collection published to Online Store (Admin publishedOnPublication),High,
444464300291,Dermalogica,dermalogica,https://beautyontapp.com/collections/dermalogica,DERMALOGICA (35),35,15,NO - custom.label unset; default template collection.json renders no pill rows,NO - custom.label_one unset; default template collection.json renders no pill rows,2,Serums,9,8965609193731;8965609357571;8965609783555;8965609947395;8965610045699;8965610144003;8965610406147;8965610471683;8965612273923,"product_type:Serum (5); tags 'type:serum'/'serums-oils'/'oils-and-serums' (7); title 'serum' (4). Note: 2 kits (8965610406147, 8965610471683) match only via 'oils-and-serums' tag; Awaken Peptide Eye Gel matches via title 'Eye Serum'",new_collection,,YES,Dermalogica Serums,dermalogica-serums,manual,Manual membership - exact product IDs: 8965609193731;8965609357571;8965609783555;8965609947395;8965610045699;8965610144003;8965610406147;8965610471683;8965612273923 (expected count 9),no conflict - checked against all 272 live collection handles and all proposed handles in this manifest,N/A - collection does not exist yet; source brand collection: collection published to Online Store (Admin publishedOnPublication),High,
444464300291,Dermalogica,dermalogica,https://beautyontapp.com/collections/dermalogica,DERMALOGICA (35),35,15,NO - custom.label unset; default template collection.json renders no pill rows,NO - custom.label_one unset; default template collection.json renders no pill rows,3,Moisturisers,8,8965609029891;8965609095427;8965609554179;8965609750787;8965609881859;8965609914627;9013675589891;9013682405635,"product_type:Moisturiser (7); tags 'type:moisturiser'/'creams-and-balms' (9); title 'moisturiser/moisturizer/lotion/night cream' (8). Body Hydrating Cream excluded per Body Care precedence; Intensive Moisture Cleanser (8965609292035) matches via 'Moisture' in title despite being a cleanser [adjusted: excluded 3 product(s) also matching Cleansers, e.g. cleansing balms]",new_collection,,YES,Dermalogica Moisturisers,dermalogica-moisturisers,manual,Manual membership - exact product IDs: 8965609029891;8965609095427;8965609554179;8965609750787;8965609881859;8965609914627;9013675589891;9013682405635 (expected count 8),no conflict - checked against all 272 live collection handles and all proposed handles in this manifest,N/A - collection does not exist yet; source brand collection: collection published to Online Store (Admin publishedOnPublication),High,
444464300291,Dermalogica,dermalogica,https://beautyontapp.com/collections/dermalogica,DERMALOGICA (35),35,15,NO - custom.label unset; default template collection.json renders no pill rows,NO - custom.label_one unset; default template collection.json renders no pill rows,4,Exfoliators,6,8965609390339;8965609554179;8965609718019;8965610012931;8965610078467;8965610144003,"title 'exfoliating'/'peel' (4, e.g. 'Liquid Peelfoliant – Exfoliating Peel', 'Breakout Clearing Liquid Peel'); tags 'exfoliators'/'type:exfoliator' (2)",new_collection,,YES,Dermalogica Exfoliators,dermalogica-exfoliators,manual,Manual membership - exact product IDs: 8965609390339;8965609554179;8965609718019;8965610012931;8965610078467;8965610144003 (expected count 6),no conflict - checked against all 272 live collection handles and all proposed handles in this manifest,N/A - collection does not exist yet; source brand collection: collection published to Online Store (Admin publishedOnPublication),High,
444464300291,Dermalogica,dermalogica,https://beautyontapp.com/collections/dermalogica,DERMALOGICA (35),35,15,NO - custom.label unset; default template collection.json renders no pill rows,NO - custom.label_one unset; default template collection.json renders no pill rows,5,Sunscreen,4,8965609029891;8965610275075;8965610340611;9013668413699,"product_type:Sunscreen (3); tags 'sunscreen'/'type:sunscreen' (3); title 'SPF' (4, incl. 'Powerbright Moisturiser SPF50')",new_collection,,YES,Dermalogica Sunscreen,dermalogica-sunscreen,manual,Manual membership - exact product IDs: 8965609029891;8965610275075;8965610340611;9013668413699 (expected count 4),no conflict - checked against all 272 live collection handles and all proposed handles in this manifest,N/A - collection does not exist yet; source brand collection: collection published to Online Store (Admin publishedOnPublication),High,
444464300291,Dermalogica,dermalogica,https://beautyontapp.com/collections/dermalogica,DERMALOGICA (35),35,15,NO - custom.label unset; default template collection.json renders no pill rows,NO - custom.label_one unset; default template collection.json renders no pill rows,6,Body Care,3,8965609586947;8965609619715;8965609718019,"tags 'body-care'/'body-wash'/'body-lotion' (3); product_type:Body Care (2); title 'Body '/'Shower' (2, e.g. 'Body Hydrating Cream', 'Conditioning Body Wash – Hydrating Shower Gel')",new_collection,,YES,Dermalogica Body Care,dermalogica-body-care,manual,Manual membership - exact product IDs: 8965609586947;8965609619715;8965609718019 (expected count 3),no conflict - checked against all 272 live collection handles and all proposed handles in this manifest,N/A - collection does not exist yet; source brand collection: collection published to Online Store (Admin publishedOnPublication),High,
444464300291,Dermalogica,dermalogica,https://beautyontapp.com/collections/dermalogica,DERMALOGICA (35),35,15,NO - custom.label unset; default template collection.json renders no pill rows,NO - custom.label_one unset; default template collection.json renders no pill rows,7,Mists,2,8965609423107;8965609521411,product_type:Facial Mist + tags 'mists'/'type:facial-mist' (Hyaluronic Ceramide Mist); title 'Face Mist' (Multi Active Toner – Refreshing Face Mist),new_collection,,YES,Dermalogica Mists,dermalogica-mists,manual,Manual membership - exact product IDs: 8965609423107;8965609521411 (expected count 2),no conflict - checked against all 272 live collection handles and all proposed handles in this manifest,N/A - collection does not exist yet; source brand collection: collection published to Online Store (Admin publishedOnPublication),High,
444464300291,Dermalogica,dermalogica,https://beautyontapp.com/collections/dermalogica,DERMALOGICA (35),35,15,NO - custom.label unset; default template collection.json renders no pill rows,NO - custom.label_one unset; default template collection.json renders no pill rows,8,Acne Care,14,8965609029891;8965609095427;8965609193731;8965609259267;8965609357571;8965609718019;8965609783555;8965609914627;8965610012931;8965610078467;8965610144003;8965610209539;8965610406147;8965610471683,"tags 'blemishes'/'concern:acne'/'type:acne-treatment' (12); title 'breakout'/'acne'/'blemish' (6, e.g. 'Breakout Clearing Kit – Acne Treatment Set', 'Clearing Skin Wash – Anti-Blemish')",new_collection,,YES,Dermalogica Acne Care,dermalogica-acne-care,manual,Manual membership - exact product IDs: 8965609029891;8965609095427;8965609193731;8965609259267;8965609357571;8965609718019;8965609783555;8965609914627;8965610012931;8965610078467;8965610144003;8965610209539;8965610406147;8965610471683 (expected count 14),no conflict - checked against all 272 live collection handles and all proposed handles in this manifest,N/A - collection does not exist yet; source brand collection: collection published to Online Store (Admin publishedOnPublication),High,
442299023619,Essie,essie,https://beautyontapp.com/collections/essie,ESSIE (5),5,0,NO - custom.label unset; default template collection.json renders no pill rows,NO - custom.label_one unset; default template collection.json renders no pill rows,,NO SAFE PILL — insufficient verified product range,0,,"5 published products but 0 available - categories with >=2 published products exist (e.g. Makeup) yet every qualifying product is out of stock, failing the >=1 available rule",,,NO,,,,,,collection published to Online Store (Admin publishedOnPublication),High,all qualifying products out of stock (availability rule); revisit after restock
444382773507,Eucerin,eucerin,https://beautyontapp.com/collections/eucerin,EUCERIN (17); CERAVE (1),18,1,NO - custom.label unset; default template collection.json renders no pill rows,NO - custom.label_one unset; default template collection.json renders no pill rows,1,Serums,5,8929379418371;8929379352835;9470031397123;8929379320067;8929379221763,"title 'Serum' + tag 'type:serum' (3); tag 'oils-and-serums' substring only (2: Skin Renewal Treatment, Mattifying Fluid — likely false positives, see notes)",new_collection,,YES,Eucerin Serums,eucerin-serums,manual,Manual membership - exact product IDs: 8929379418371;8929379352835;9470031397123;8929379320067;8929379221763 (expected count 5),no conflict - checked against all 272 live collection handles and all proposed handles in this manifest,N/A - collection does not exist yet; source brand collection: collection published to Online Store (Admin publishedOnPublication),High,
444382773507,Eucerin,eucerin,https://beautyontapp.com/collections/eucerin,EUCERIN (17); CERAVE (1),18,1,NO - custom.label unset; default template collection.json renders no pill rows,NO - custom.label_one unset; default template collection.json renders no pill rows,2,Acne Care,12,8929380270339;8929379483907;8929379451139;8929379418371;8929379320067;8929379254531;8929379352835;8929379188995;8929475166467;8929379221763;9470031397123;8929379549443,"tags 'concern:acne'/'blemishes' (12); product_type:Acne Treatment (1, Spot Corrector); tag 'acne' on DermoPurifyer line",new_collection,,YES,Eucerin Acne Care,eucerin-acne-care,manual,Manual membership - exact product IDs: 8929380270339;8929379483907;8929379451139;8929379418371;8929379320067;8929379254531;8929379352835;8929379188995;8929475166467;8929379221763;9470031397123;8929379549443 (expected count 12),no conflict - checked against all 272 live collection handles and all proposed handles in this manifest,N/A - collection does not exist yet; source brand collection: collection published to Online Store (Admin publishedOnPublication),High,
444382773507,Eucerin,eucerin,https://beautyontapp.com/collections/eucerin,EUCERIN (17); CERAVE (1),18,1,NO - custom.label unset; default template collection.json renders no pill rows,NO - custom.label_one unset; default template collection.json renders no pill rows,3,Hyperpigmentation,9,8929379582211;8929379483907;8929379451139;8929379418371;8929379320067;8929379352835;9470031397123;8929379549443;8929379385603,"tags 'hyperpigmentation'/'concern:hyperpigmentation' (8); title 'Pigment' in Even Pigment Perfector line (5); tag 'dark spots' (1, CeraVe)",new_collection,,YES,Eucerin Hyperpigmentation,eucerin-hyperpigmentation,manual,Manual membership - exact product IDs: 8929379582211;8929379483907;8929379451139;8929379418371;8929379320067;8929379352835;9470031397123;8929379549443;8929379385603 (expected count 9),no conflict - checked against all 272 live collection handles and all proposed handles in this manifest,N/A - collection does not exist yet; source brand collection: collection published to Online Store (Admin publishedOnPublication),High,
444382773507,Eucerin,eucerin,https://beautyontapp.com/collections/eucerin,EUCERIN (17); CERAVE (1),18,1,NO - custom.label unset; default template collection.json renders no pill rows,NO - custom.label_one unset; default template collection.json renders no pill rows,4,Anti-Aging,2,8929379582211;9470031397123,"title 'Anti-Age' + tag 'anti-aging' (1, Sun Face Fluid); tags 'anti-aging'/'anti ageing'/'retinol' (1, CeraVe)",new_collection,,YES,Eucerin Anti-Aging,eucerin-anti-aging,manual,Manual membership - exact product IDs: 8929379582211;9470031397123 (expected count 2),no conflict - checked against all 272 live collection handles and all proposed handles in this manifest,N/A - collection does not exist yet; source brand collection: collection published to Online Store (Admin publishedOnPublication),High,
469472477443,Erborian,erborian,https://beautyontapp.com/collections/erborian,Erborian (23),23,21,NO - custom.label unset; default template collection.json renders no pill rows,NO - custom.label_one unset; default template collection.json renders no pill rows,1,Serums,6,9542973358339;9542791725315;9385792700675;9384981823747;9384968585475;9370080772355,"product_type:Serum (1: Skin Therapy Multi-Perfecting); title match 'serum' (2: Elixir Serum Ginseng, Ginseng Super Serum); tag 'serum' (Skin Therapy Light); tag 'eye serum' (CC Red Correct, Ginseng Power Eye — also Eye Care). Skin Therapy Light out of stock",new_collection,,YES,Erborian Serums,erborian-serums,manual,Manual membership - exact product IDs: 9542973358339;9542791725315;9385792700675;9384981823747;9384968585475;9370080772355 (expected count 6),no conflict - checked against all 272 live collection handles and all proposed handles in this manifest,N/A - collection does not exist yet; source brand collection: collection published to Online Store (Admin publishedOnPublication),High,
469472477443,Erborian,erborian,https://beautyontapp.com/collections/erborian,Erborian (23),23,21,NO - custom.label unset; default template collection.json renders no pill rows,NO - custom.label_one unset; default template collection.json renders no pill rows,2,Cleansers,3,9388569231619;9388567167235;9388565889283,product_type:Cleanser (3 products); title match 'cleansing' (3); tags 'cleanser'/'type:cleanser',new_collection,,YES,Erborian Cleansers,erborian-cleansers,manual,Manual membership - exact product IDs: 9388569231619;9388567167235;9388565889283 (expected count 3),no conflict - checked against all 272 live collection handles and all proposed handles in this manifest,N/A - collection does not exist yet; source brand collection: collection published to Online Store (Admin publishedOnPublication),High,
469472477443,Erborian,erborian,https://beautyontapp.com/collections/erborian,Erborian (23),23,21,NO - custom.label unset; default template collection.json renders no pill rows,NO - custom.label_one unset; default template collection.json renders no pill rows,3,Eye Care,3,9542973358339;9385792700675;9384986771715,"product_type:Eye Care (2: Ginseng Power Eye, Skin Therapy Eye); tag 'eye serum' (CC Red Correct, Ginseng Power Eye)",new_collection,,YES,Erborian Eye Care,erborian-eye-care,manual,Manual membership - exact product IDs: 9542973358339;9385792700675;9384986771715 (expected count 3),no conflict - checked against all 272 live collection handles and all proposed handles in this manifest,N/A - collection does not exist yet; source brand collection: collection published to Online Store (Admin publishedOnPublication),High,
469472477443,Erborian,erborian,https://beautyontapp.com/collections/erborian,Erborian (23),23,21,NO - custom.label unset; default template collection.json renders no pill rows,NO - custom.label_one unset; default template collection.json renders no pill rows,4,Masks,2,9543271973123;9543264436483,title match 'mask' (2); tags 'mask'/'face-masks'/'sheet mask'. Ginseng Shot Mask 15g out of stock,new_collection,,YES,Erborian Masks,erborian-masks,manual,Manual membership - exact product IDs: 9543271973123;9543264436483 (expected count 2),no conflict - checked against all 272 live collection handles and all proposed handles in this manifest,N/A - collection does not exist yet; source brand collection: collection published to Online Store (Admin publishedOnPublication),High,
469472477443,Erborian,erborian,https://beautyontapp.com/collections/erborian,Erborian (23),23,21,NO - custom.label unset; default template collection.json renders no pill rows,NO - custom.label_one unset; default template collection.json renders no pill rows,5,Anti-Aging,14,9543208009987;9543271973123;9543219675395;9543203815683;9543192609027;9543186907395;9543134806275;9543127335171;9543018905859;9385792700675;9384994439427;9384986771715;9384981823747;9370080772355,tag matches 'Anti-Ageing'/'anti-aging'/'anti ageing' (14 products); tag 'wrinkles' also on Ginseng Power Eye,new_collection,,YES,Erborian Anti-Aging,erborian-anti-aging,manual,Manual membership - exact product IDs: 9543208009987;9543271973123;9543219675395;9543203815683;9543192609027;9543186907395;9543134806275;9543127335171;9543018905859;9385792700675;9384994439427;9384986771715;9384981823747;9370080772355 (expected count 14),no conflict - checked against all 272 live collection handles and all proposed handles in this manifest,N/A - collection does not exist yet; source brand collection: collection published to Online Store (Admin publishedOnPublication),High,
469472477443,Erborian,erborian,https://beautyontapp.com/collections/erborian,Erborian (23),23,21,NO - custom.label unset; default template collection.json renders no pill rows,NO - custom.label_one unset; default template collection.json renders no pill rows,6,Acne Care,5,9543119667459;9543018905859;9384986771715;9384981823747;9384968585475,tag 'blemishes' (5 products); tag 'concern:acne' (3 of them),new_collection,,YES,Erborian Acne Care,erborian-acne-care,manual,Manual membership - exact product IDs: 9543119667459;9543018905859;9384986771715;9384981823747;9384968585475 (expected count 5),no conflict - checked against all 272 live collection handles and all proposed handles in this manifest,N/A - collection does not exist yet; source brand collection: collection published to Online Store (Admin publishedOnPublication),High,
469472477443,Erborian,erborian,https://beautyontapp.com/collections/erborian,Erborian (23),23,21,NO - custom.label unset; default template collection.json renders no pill rows,NO - custom.label_one unset; default template collection.json renders no pill rows,7,Hyperpigmentation,2,9384981823747;9384968585475,tag 'concern:hyperpigmentation' (2); tags 'dark spots'/'dark marks' (Elixir Serum Ginseng),new_collection,,YES,Erborian Hyperpigmentation,erborian-hyperpigmentation,manual,Manual membership - exact product IDs: 9384981823747;9384968585475 (expected count 2),no conflict - checked against all 272 live collection handles and all proposed handles in this manifest,N/A - collection does not exist yet; source brand collection: collection published to Online Store (Admin publishedOnPublication),High,
469472477443,Erborian,erborian,https://beautyontapp.com/collections/erborian,Erborian (23),23,21,NO - custom.label unset; default template collection.json renders no pill rows,NO - custom.label_one unset; default template collection.json renders no pill rows,8,Sensitive Skin,2,9388567167235;9386799530243,tag matches 'sensitive skin'/'skin:sensitive' (2 products),new_collection,,YES,Erborian Sensitive Skin,erborian-sensitive-skin,manual,Manual membership - exact product IDs: 9388567167235;9386799530243 (expected count 2),no conflict - checked against all 272 live collection handles and all proposed handles in this manifest,N/A - collection does not exist yet; source brand collection: collection published to Online Store (Admin publishedOnPublication),High,
442299220227,First Seed,first-seed,https://beautyontapp.com/collections/first-seed,FIRST SEED (3),3,3,NO - custom.label unset; default template collection.json renders no pill rows,NO - custom.label_one unset; default template collection.json renders no pill rows,1,Hair Care,3,8929474937091;8929394295043;8929389641987,"tag match 'hair-care'/'type:hair-care' on all 3 products; plus 'hair-masques'/'type:hair-mask' (2), 'hair-oils'/'type:hair-oil' (1)",new_collection,,YES,First Seed Hair Care,first-seed-hair-care,manual,Manual membership - exact product IDs: 8929474937091;8929394295043;8929389641987 (expected count 3),no conflict - checked against all 272 live collection handles and all proposed handles in this manifest,N/A - collection does not exist yet; source brand collection: collection published to Online Store (Admin publishedOnPublication),High,
442299220227,First Seed,first-seed,https://beautyontapp.com/collections/first-seed,FIRST SEED (3),3,3,NO - custom.label unset; default template collection.json renders no pill rows,NO - custom.label_one unset; default template collection.json renders no pill rows,2,Masks,2,8929474937091;8929389641987,"tag match 'hair-masques'/'type:hair-mask' (2 products) - these are hair masks, not face masks; rule as written has no hair exclusion for Masks",new_collection,,YES,First Seed Masks,first-seed-masks,manual,Manual membership - exact product IDs: 8929474937091;8929389641987 (expected count 2),no conflict - checked against all 272 live collection handles and all proposed handles in this manifest,N/A - collection does not exist yet; source brand collection: collection published to Online Store (Admin publishedOnPublication),High,
442299220227,First Seed,first-seed,https://beautyontapp.com/collections/first-seed,FIRST SEED (3),3,3,NO - custom.label unset; default template collection.json renders no pill rows,NO - custom.label_one unset; default template collection.json renders no pill rows,3,Body Care,2,8929474937091;8929394295043,"tag match 'body-care' (2), 'body-butters'/'type:body-butter' (1), 'body-oils'/'type:body-oil' (1) - hyphenated tag forms treated as word-boundary 'body ' matches",new_collection,,YES,First Seed Body Care,first-seed-body-care,manual,Manual membership - exact product IDs: 8929474937091;8929394295043 (expected count 2),no conflict - checked against all 272 live collection handles and all proposed handles in this manifest,N/A - collection does not exist yet; source brand collection: collection published to Online Store (Admin publishedOnPublication),High,
444380741891,Fundamentals,fundamentals-1,https://beautyontapp.com/collections/fundamentals-1,FUNDAMENTALS (46),46,36,NO - custom.label unset; default template collection.json renders no pill rows,NO - custom.label_one unset; default template collection.json renders no pill rows,1,Serums,14,8929386037507;8929364738307;8929398522115;8929398325507;8929398161667;8929393344771;8929383710979;8929364705539;8929364672771;8929364640003;8929364541699;9216007471363;8929383743747;8929364771075,tag match 'oils-and-serums'/'type:serum' (14); title match 'serum' (7); product_type:Serum (1). Pore Control Toner qualifies only via tag 'oils-and-serums',new_collection,,YES,Fundamentals Serums,fundamentals-serums,manual,Manual membership - exact product IDs: 8929386037507;8929364738307;8929398522115;8929398325507;8929398161667;8929393344771;8929383710979;8929364705539;8929364672771;8929364640003;8929364541699;9216007471363;8929383743747;8929364771075 (expected count 14),no conflict - checked against all 272 live collection handles and all proposed handles in this manifest,N/A - collection does not exist yet; source brand collection: collection published to Online Store (Admin publishedOnPublication),High,
444380741891,Fundamentals,fundamentals-1,https://beautyontapp.com/collections/fundamentals-1,FUNDAMENTALS (46),46,36,NO - custom.label unset; default template collection.json renders no pill rows,NO - custom.label_one unset; default template collection.json renders no pill rows,2,Body Care,10,9087922536707;8929407009027;8929406976259;8929398948099;8929398882563;8929398817027;8929398751491;8929398620419;8929381187843;8929407041795,"title match 'body ' (9, e.g. Body Yoghurt/Body Scrub/Body Polish); tag match 'body-care'/'body-butters'/'body-scrubs' (9); product_type:Body Care (4); Hair Removal Cream via tag 'body-care'",new_collection,,YES,Fundamentals Body Care,fundamentals-body-care,manual,Manual membership - exact product IDs: 9087922536707;8929407009027;8929406976259;8929398948099;8929398882563;8929398817027;8929398751491;8929398620419;8929381187843;8929407041795 (expected count 10),no conflict - checked against all 272 live collection handles and all proposed handles in this manifest,N/A - collection does not exist yet; source brand collection: collection published to Online Store (Admin publishedOnPublication),High,
444380741891,Fundamentals,fundamentals-1,https://beautyontapp.com/collections/fundamentals-1,FUNDAMENTALS (46),46,36,NO - custom.label unset; default template collection.json renders no pill rows,NO - custom.label_one unset; default template collection.json renders no pill rows,3,Toners,9,8929398554883;8929398522115;8929398489347;8929398456579;8929383678211;8929378107651;8929364607235;8929393377539;8929366442243,"tag match 'toners'/'type:toner' (8); product_type:Toner (6); title match 'toner' (6). Includes 2% Salicylic Acid Water Exfoliator, Polyhydroxy Tonic and 5% Lactic Acid Water Exfoliator via toner tags/type",new_collection,,YES,Fundamentals Toners,fundamentals-toners,manual,Manual membership - exact product IDs: 8929398554883;8929398522115;8929398489347;8929398456579;8929383678211;8929378107651;8929364607235;8929393377539;8929366442243 (expected count 9),no conflict - checked against all 272 live collection handles and all proposed handles in this manifest,N/A - collection does not exist yet; source brand collection: collection published to Online Store (Admin publishedOnPublication),High,
444380741891,Fundamentals,fundamentals-1,https://beautyontapp.com/collections/fundamentals-1,FUNDAMENTALS (46),46,36,NO - custom.label unset; default template collection.json renders no pill rows,NO - custom.label_one unset; default template collection.json renders no pill rows,4,Exfoliators,8,8929398718723;8929398948099;8929398882563;8929398817027;8929398751491;8929383678211;8929378107651;8929364607235,title match 'exfoliat' (6) and 'scrub' (5); tag match 'exfoliators'/'type:exfoliator'/'body-scrubs' (6); product_type:Exfoliator (4),new_collection,,YES,Fundamentals Exfoliators,fundamentals-exfoliators,manual,Manual membership - exact product IDs: 8929398718723;8929398948099;8929398882563;8929398817027;8929398751491;8929383678211;8929378107651;8929364607235 (expected count 8),no conflict - checked against all 272 live collection handles and all proposed handles in this manifest,N/A - collection does not exist yet; source brand collection: collection published to Online Store (Admin publishedOnPublication),High,
444380741891,Fundamentals,fundamentals-1,https://beautyontapp.com/collections/fundamentals-1,FUNDAMENTALS (46),46,36,NO - custom.label unset; default template collection.json renders no pill rows,NO - custom.label_one unset; default template collection.json renders no pill rows,5,Moisturisers,5,8929398489347;8929364476163;8929364443395;8929393410307;8929389084931,product_type:Moisturiser (4); tag match 'type:moisturiser' (4); title match 'moistur' (3). Moisturiser Boost Toner qualifies only via 'Moisturiser' in title (it is a toner),new_collection,,YES,Fundamentals Moisturisers,fundamentals-moisturisers,manual,Manual membership - exact product IDs: 8929398489347;8929364476163;8929364443395;8929393410307;8929389084931 (expected count 5),no conflict - checked against all 272 live collection handles and all proposed handles in this manifest,N/A - collection does not exist yet; source brand collection: collection published to Online Store (Admin publishedOnPublication),High,
444380741891,Fundamentals,fundamentals-1,https://beautyontapp.com/collections/fundamentals-1,FUNDAMENTALS (46),46,36,NO - custom.label unset; default template collection.json renders no pill rows,NO - custom.label_one unset; default template collection.json renders no pill rows,6,Cleansers,4,8929398423811;8929398358275;8929381220611;8929364508931,product_type:Cleanser (4); title match 'cleanser' (4); tag match 'cleansers'/'type:cleanser' (4),new_collection,,YES,Fundamentals Cleansers,fundamentals-cleansers,manual,Manual membership - exact product IDs: 8929398423811;8929398358275;8929381220611;8929364508931 (expected count 4),no conflict - checked against all 272 live collection handles and all proposed handles in this manifest,N/A - collection does not exist yet; source brand collection: collection published to Online Store (Admin publishedOnPublication),High,
444380741891,Fundamentals,fundamentals-1,https://beautyontapp.com/collections/fundamentals-1,FUNDAMENTALS (46),46,36,NO - custom.label unset; default template collection.json renders no pill rows,NO - custom.label_one unset; default template collection.json renders no pill rows,7,Masks,3,8929398718723;8929392820483;8929366409475,title match 'mask'/'masque' (3); tag match 'face-masks'/'type:face-mask' (2); product_type:Face Mask (1),new_collection,,YES,Fundamentals Masks,fundamentals-masks,manual,Manual membership - exact product IDs: 8929398718723;8929392820483;8929366409475 (expected count 3),no conflict - checked against all 272 live collection handles and all proposed handles in this manifest,N/A - collection does not exist yet; source brand collection: collection published to Online Store (Admin publishedOnPublication),High,
444380741891,Fundamentals,fundamentals-1,https://beautyontapp.com/collections/fundamentals-1,FUNDAMENTALS (46),46,36,NO - custom.label unset; default template collection.json renders no pill rows,NO - custom.label_one unset; default template collection.json renders no pill rows,8,Sunscreen,2,8929364574467;8929405501699,product_type:Sunscreen (2); title match 'sunscreen'+'spf' (2); tag match 'sunscreen'/'type:sunscreen' (2),new_collection,,YES,Fundamentals Sunscreen,fundamentals-sunscreen,manual,Manual membership - exact product IDs: 8929364574467;8929405501699 (expected count 2),no conflict - checked against all 272 live collection handles and all proposed handles in this manifest,N/A - collection does not exist yet; source brand collection: collection published to Online Store (Admin publishedOnPublication),High,
449062895875,Forme,forme,https://beautyontapp.com/collections/forme,FORME (10),10,10,NO - custom.label unset; default template collection.json renders no pill rows,NO - custom.label_one unset; default template collection.json renders no pill rows,1,Hair Care,10,9033051177219;9033056780547;9040909926659;9040888332547;9033083650307;9033036235011;9033065005315;9033046032643;9215069749507;9216002588931,product_type:Hair Care (7 products); tag 'type:hair-care'/'hair care' on all 10; title match 'hair'/'shampoo'/'conditioner'/'scalp'/'wig' (10),new_collection,,YES,Forme Hair Care,forme-hair-care,manual,Manual membership - exact product IDs: 9033051177219;9033056780547;9040909926659;9040888332547;9033083650307;9033036235011;9033065005315;9033046032643;9215069749507;9216002588931 (expected count 10),no conflict - checked against all 272 live collection handles and all proposed handles in this manifest,N/A - collection does not exist yet; source brand collection: collection published to Online Store (Admin publishedOnPublication),High,
449062895875,Forme,forme,https://beautyontapp.com/collections/forme,FORME (10),10,10,NO - custom.label unset; default template collection.json renders no pill rows,NO - custom.label_one unset; default template collection.json renders no pill rows,2,Serums,4,9040909926659;9040888332547;9215069749507;9216002588931,"title match 'serum' (2: Scalp Barrier Repair Serum variants); tag 'Hair serum'/'type:hair-serum' (2 bundles) — note all matches are hair/scalp serums, not facial serums",new_collection,,YES,Forme Serums,forme-serums,manual,Manual membership - exact product IDs: 9040909926659;9040888332547;9215069749507;9216002588931 (expected count 4),no conflict - checked against all 272 live collection handles and all proposed handles in this manifest,N/A - collection does not exist yet; source brand collection: collection published to Online Store (Admin publishedOnPublication),High,
449062895875,Forme,forme,https://beautyontapp.com/collections/forme,FORME (10),10,10,NO - custom.label unset; default template collection.json renders no pill rows,NO - custom.label_one unset; default template collection.json renders no pill rows,3,Barrier Care,2,9040909926659;9040888332547,title match 'barrier' in 'Scalp Barrier Repair Serum' (2),new_collection,,YES,Forme Barrier Care,forme-barrier-care,manual,Manual membership - exact product IDs: 9040909926659;9040888332547 (expected count 2),no conflict - checked against all 272 live collection handles and all proposed handles in this manifest,N/A - collection does not exist yet; source brand collection: collection published to Online Store (Admin publishedOnPublication),Medium,
449062895875,Forme,forme,https://beautyontapp.com/collections/forme,FORME (10),10,10,NO - custom.label unset; default template collection.json renders no pill rows,NO - custom.label_one unset; default template collection.json renders no pill rows,4,Sets & Bundles,2,9215069749507;9216002588931,product_type:Bundle (2); tag 'type:bundle' (2); title match 'Duo' (1),new_collection,,YES,Forme Sets & Bundles,forme-sets-bundles,manual,Manual membership - exact product IDs: 9215069749507;9216002588931 (expected count 2),no conflict - checked against all 272 live collection handles and all proposed handles in this manifest,N/A - collection does not exist yet; source brand collection: collection published to Online Store (Admin publishedOnPublication),High,
442299318531,Garnier,garnier,https://beautyontapp.com/collections/garnier,GARNIER (18),18,0,NO - custom.label unset; default template collection.json renders no pill rows,NO - custom.label_one unset; default template collection.json renders no pill rows,,NO SAFE PILL — insufficient verified product range,0,,"18 published products but 0 available - categories with >=2 published products exist (e.g. Acne Care, Hyperpigmentation, Cleansers, Exfoliators, Masks, Moisturisers, Serums) yet every qualifying product is out of stock, failing the >=1 available rule",,,NO,,,,,,collection published to Online Store (Admin publishedOnPublication),High,all qualifying products out of stock (availability rule); revisit after restock
444657008899,Glamour Beauty,glamour-beauty,https://beautyontapp.com/collections/glamour-beauty,GLAMOUR BEAUTY (12),12,11,NO - custom.label unset; default template collection.json renders no pill rows,NO - custom.label_one unset; default template collection.json renders no pill rows,1,Hair Care,11,8929475952899;8929407566083;8929407533315;8929407500547;8929407435011;8929407402243;8929407369475;8929407336707;8929407303939;8929407238403;8929407598851,"product_type:Hair Care (8 products); tag match 'hair'/'wig-care'/'type:hair-care' for Glue Remover Spray, Lace Melting Spray, Hot Comb (3); title match 'hair' e.g. 'Ultimate Extra Mega Hold Hair Spray'. Only Lace Glue (8929407467779, tags: 'uncategorized') matched no category pattern.",new_collection,,YES,Glamour Beauty Hair Care,glamour-beauty-hair-care,manual,Manual membership - exact product IDs: 8929475952899;8929407566083;8929407533315;8929407500547;8929407435011;8929407402243;8929407369475;8929407336707;8929407303939;8929407238403;8929407598851 (expected count 11),no conflict - checked against all 272 live collection handles and all proposed handles in this manifest,N/A - collection does not exist yet; source brand collection: collection published to Online Store (Admin publishedOnPublication),High,
444241641731,Haruharu Wonder,haruharu-wonder,https://beautyontapp.com/collections/haruharu-wonder,HARUHARU WONDER (29),29,20,NO - custom.label unset; default template collection.json renders no pill rows,NO - custom.label_one unset; default template collection.json renders no pill rows,1,Exfoliators,12,8965610537219;8929407172867;8929392656643;8929392591107;8929392558339;8929392492803;8929392460035;8929392427267;8929392689411;8929392623875;8929392525571;8929392394499,"productType:Exfoliator (3: two Hyaluronic Creams + Soft Peeling Gel); title 'Exfoliating'/'Peeling' (3); tags exfoliators/type:exfoliator (remainder, incl. mis-tagged toner 8929407172867, serum 8929392623875, mist 8929392525571)",new_collection,,YES,Haruharu Wonder Exfoliators,haruharu-wonder-exfoliators,manual,Manual membership - exact product IDs: 8965610537219;8929407172867;8929392656643;8929392591107;8929392558339;8929392492803;8929392460035;8929392427267;8929392689411;8929392623875;8929392525571;8929392394499 (expected count 12),no conflict - checked against all 272 live collection handles and all proposed handles in this manifest,N/A - collection does not exist yet; source brand collection: collection published to Online Store (Admin publishedOnPublication),High,
444241641731,Haruharu Wonder,haruharu-wonder,https://beautyontapp.com/collections/haruharu-wonder,HARUHARU WONDER (29),29,20,NO - custom.label unset; default template collection.json renders no pill rows,NO - custom.label_one unset; default template collection.json renders no pill rows,2,Serums,8,8929406615811;8929399734531;8929399046403;8929396523267;8929392492803;8929392460035;8929392623875;8929392525571,title 'Serum' (4) and 'Ampoule' (8929406615811); productType:Serum (8929399734531 Facial Oil); tags serum/type:serum on cream 8929392492803 and mist 8929392525571,new_collection,,YES,Haruharu Wonder Serums,haruharu-wonder-serums,manual,Manual membership - exact product IDs: 8929406615811;8929399734531;8929399046403;8929396523267;8929392492803;8929392460035;8929392623875;8929392525571 (expected count 8),no conflict - checked against all 272 live collection handles and all proposed handles in this manifest,N/A - collection does not exist yet; source brand collection: collection published to Online Store (Admin publishedOnPublication),High,
444241641731,Haruharu Wonder,haruharu-wonder,https://beautyontapp.com/collections/haruharu-wonder,HARUHARU WONDER (29),29,20,NO - custom.label unset; default template collection.json renders no pill rows,NO - custom.label_one unset; default template collection.json renders no pill rows,3,Cleansers,7,8965610537219;8929399701763;8929392656643;8929392591107;8929407140099;8929392689411;8929392623875,"productType:Cleanser (3); title 'cleansing' (4); tags cleanser/cleansers/type:cleanser on 3 more incl. mis-tagged Black Rice Serum 8929392623875, Essence Light Weight 8929392656643, Ultra Fit Facial Pads 8929392689411",new_collection,,YES,Haruharu Wonder Cleansers,haruharu-wonder-cleansers,manual,Manual membership - exact product IDs: 8965610537219;8929399701763;8929392656643;8929392591107;8929407140099;8929392689411;8929392623875 (expected count 7),no conflict - checked against all 272 live collection handles and all proposed handles in this manifest,N/A - collection does not exist yet; source brand collection: collection published to Online Store (Admin publishedOnPublication),High,
444241641731,Haruharu Wonder,haruharu-wonder,https://beautyontapp.com/collections/haruharu-wonder,HARUHARU WONDER (29),29,20,NO - custom.label unset; default template collection.json renders no pill rows,NO - custom.label_one unset; default template collection.json renders no pill rows,4,Toners,5,8929407205635;8929407172867;8929399570691;8929399537923;8929399603459,productType:Toner (4); title 'Toner' (all 5); tags toners/type:toner (all 5),new_collection,,YES,Haruharu Wonder Toners,haruharu-wonder-toners,manual,Manual membership - exact product IDs: 8929407205635;8929407172867;8929399570691;8929399537923;8929399603459 (expected count 5),no conflict - checked against all 272 live collection handles and all proposed handles in this manifest,N/A - collection does not exist yet; source brand collection: collection published to Online Store (Admin publishedOnPublication),High,
444241641731,Haruharu Wonder,haruharu-wonder,https://beautyontapp.com/collections/haruharu-wonder,HARUHARU WONDER (29),29,20,NO - custom.label unset; default template collection.json renders no pill rows,NO - custom.label_one unset; default template collection.json renders no pill rows,5,Essences,3,8929392656643;8929406681347;8929392361731,title 'Essence' (3); productType:Essence + tag type:essence (8929392361731),new_collection,,YES,Haruharu Wonder Essences,haruharu-wonder-essences,manual,Manual membership - exact product IDs: 8929392656643;8929406681347;8929392361731 (expected count 3),no conflict - checked against all 272 live collection handles and all proposed handles in this manifest,N/A - collection does not exist yet; source brand collection: collection published to Online Store (Admin publishedOnPublication),High,
444241641731,Haruharu Wonder,haruharu-wonder,https://beautyontapp.com/collections/haruharu-wonder,HARUHARU WONDER (29),29,20,NO - custom.label unset; default template collection.json renders no pill rows,NO - custom.label_one unset; default template collection.json renders no pill rows,6,Sunscreen,3,8929406714115;8929406648579;8929399013635,title 'Sunscreen SPF50+' (2); productType:Sunscreen + tags sunscreen/type:sunscreen (8929399013635 Sun Shield),new_collection,,YES,Haruharu Wonder Sunscreen,haruharu-wonder-sunscreen,manual,Manual membership - exact product IDs: 8929406714115;8929406648579;8929399013635 (expected count 3),no conflict - checked against all 272 live collection handles and all proposed handles in this manifest,N/A - collection does not exist yet; source brand collection: collection published to Online Store (Admin publishedOnPublication),High,
444241641731,Haruharu Wonder,haruharu-wonder,https://beautyontapp.com/collections/haruharu-wonder,HARUHARU WONDER (29),29,20,NO - custom.label unset; default template collection.json renders no pill rows,NO - custom.label_one unset; default template collection.json renders no pill rows,7,Body Care,2,8929392492803;8929392525571,"tag 'body mist' (8929392525571); tags body-care/body-lotion/body-butters/type:body-butter/type:body-lotion (8929392492803) - hyphenated body tags on face products, hyphen treated as word delimiter",new_collection,,YES,Haruharu Wonder Body Care,haruharu-wonder-body-care,manual,Manual membership - exact product IDs: 8929392492803;8929392525571 (expected count 2),no conflict - checked against all 272 live collection handles and all proposed handles in this manifest,N/A - collection does not exist yet; source brand collection: collection published to Online Store (Admin publishedOnPublication),High,
444241641731,Haruharu Wonder,haruharu-wonder,https://beautyontapp.com/collections/haruharu-wonder,HARUHARU WONDER (29),29,20,NO - custom.label unset; default template collection.json renders no pill rows,NO - custom.label_one unset; default template collection.json renders no pill rows,8,Acne Care,12,8929399046403;8929392656643;8929392591107;8929392558339;8929392492803;8929392460035;8929392427267;8929392689411;8929392623875;8929392525571;8929392394499;8929392361731,tags concern:acne + blemishes on all 12; no title matches,new_collection,,YES,Haruharu Wonder Acne Care,haruharu-wonder-acne-care,manual,Manual membership - exact product IDs: 8929399046403;8929392656643;8929392591107;8929392558339;8929392492803;8929392460035;8929392427267;8929392689411;8929392623875;8929392525571;8929392394499;8929392361731 (expected count 12),no conflict - checked against all 272 live collection handles and all proposed handles in this manifest,N/A - collection does not exist yet; source brand collection: collection published to Online Store (Admin publishedOnPublication),High,
444383166723,Hermosa Flor,hermosa-flor,https://beautyontapp.com/collections/hermosa-flor,HERMOSA FLOR (62),62,25,NO - custom.label unset; default template collection.json renders no pill rows,NO - custom.label_one unset; default template collection.json renders no pill rows,1,Makeup,25,8929388003587;9375079104771;9375071764739;9375070880003;9375070486787;9201459691779;9201451335939;8929391345923;8929391083779;8929391051011;8929390854403;8929387446531;8929387413763;8929387348227;8929388069123;8929391116547;8929389183235;8929388265731;8929387970819;8929387938051;8929387610371;8929387577603;8929387544835;8929387479299;8929387380995,"title 'lipstick' (16), 'eyeshadow' (6), 'highlighter' (2), 'brow' (Brow Gel title/tags 'brows','type:makeup-brows'); productType Makeup corroborates",new_collection,,YES,Hermosa Flor Makeup,hermosa-flor-makeup,manual,Manual membership - exact product IDs: 8929388003587;9375079104771;9375071764739;9375070880003;9375070486787;9201459691779;9201451335939;8929391345923;8929391083779;8929391051011;8929390854403;8929387446531;8929387413763;8929387348227;8929388069123;8929391116547;8929389183235;8929388265731;8929387970819;8929387938051;8929387610371;8929387577603;8929387544835;8929387479299;8929387380995 (expected count 25),no conflict - checked against all 272 live collection handles and all proposed handles in this manifest,N/A - collection does not exist yet; source brand collection: collection published to Online Store (Admin publishedOnPublication),High,
444383166723,Hermosa Flor,hermosa-flor,https://beautyontapp.com/collections/hermosa-flor,HERMOSA FLOR (62),62,25,NO - custom.label unset; default template collection.json renders no pill rows,NO - custom.label_one unset; default template collection.json renders no pill rows,2,Serums,6,8929386922243;8929386791171;8929390821635;8929387020547;8929386987779;8929386955011,title 'Serum' (5); tags 'type:serum'/'oils-and-serums'; Golden Glow Overnight Oil qualifies via tag 'oils-and-serums' only,new_collection,,YES,Hermosa Flor Serums,hermosa-flor-serums,manual,Manual membership - exact product IDs: 8929386922243;8929386791171;8929390821635;8929387020547;8929386987779;8929386955011 (expected count 6),no conflict - checked against all 272 live collection handles and all proposed handles in this manifest,N/A - collection does not exist yet; source brand collection: collection published to Online Store (Admin publishedOnPublication),High,
444383166723,Hermosa Flor,hermosa-flor,https://beautyontapp.com/collections/hermosa-flor,HERMOSA FLOR (62),62,25,NO - custom.label unset; default template collection.json renders no pill rows,NO - custom.label_one unset; default template collection.json renders no pill rows,3,Cleansers,4,8929387217155;8929387184387;8929387151619;8929386823939,product_type:Cleanser (4 products) + tags 'cleansers'/'type:cleanser'; title match 'Cleansing' on Pre-Cleansing Oil,new_collection,,YES,Hermosa Flor Cleansers,hermosa-flor-cleansers,manual,Manual membership - exact product IDs: 8929387217155;8929387184387;8929387151619;8929386823939 (expected count 4),no conflict - checked against all 272 live collection handles and all proposed handles in this manifest,N/A - collection does not exist yet; source brand collection: collection published to Online Store (Admin publishedOnPublication),High,
444383166723,Hermosa Flor,hermosa-flor,https://beautyontapp.com/collections/hermosa-flor,HERMOSA FLOR (62),62,25,NO - custom.label unset; default template collection.json renders no pill rows,NO - custom.label_one unset; default template collection.json renders no pill rows,4,Mists,3,8929387905283;8929387872515;8929387053315,"product_type:Facial Mist + tags 'facial-mists'/'type:facial-mist' (3, of which 2 are setting sprays); title 'Face Mist' (1)",new_collection,,YES,Hermosa Flor Mists,hermosa-flor-mists,manual,Manual membership - exact product IDs: 8929387905283;8929387872515;8929387053315 (expected count 3),no conflict - checked against all 272 live collection handles and all proposed handles in this manifest,N/A - collection does not exist yet; source brand collection: collection published to Online Store (Admin publishedOnPublication),High,
444383166723,Hermosa Flor,hermosa-flor,https://beautyontapp.com/collections/hermosa-flor,HERMOSA FLOR (62),62,25,NO - custom.label unset; default template collection.json renders no pill rows,NO - custom.label_one unset; default template collection.json renders no pill rows,5,Sunscreen,2,9072823271683;8929405403395,product_type:Sunscreen + tags 'sunscreen'/'type:sunscreen' (2); title match 'Sun Cream SPF 50+' (1),new_collection,,YES,Hermosa Flor Sunscreen,hermosa-flor-sunscreen,manual,Manual membership - exact product IDs: 9072823271683;8929405403395 (expected count 2),no conflict - checked against all 272 live collection handles and all proposed handles in this manifest,N/A - collection does not exist yet; source brand collection: collection published to Online Store (Admin publishedOnPublication),High,
444383166723,Hermosa Flor,hermosa-flor,https://beautyontapp.com/collections/hermosa-flor,HERMOSA FLOR (62),62,25,NO - custom.label unset; default template collection.json renders no pill rows,NO - custom.label_one unset; default template collection.json renders no pill rows,6,Masks,2,8929387086083;8929387118851,title 'Face Mask' (2) + tags 'face-masks'/'type:face-mask',new_collection,,YES,Hermosa Flor Masks,hermosa-flor-masks,manual,Manual membership - exact product IDs: 8929387086083;8929387118851 (expected count 2),no conflict - checked against all 272 live collection handles and all proposed handles in this manifest,N/A - collection does not exist yet; source brand collection: collection published to Online Store (Admin publishedOnPublication),High,
444383166723,Hermosa Flor,hermosa-flor,https://beautyontapp.com/collections/hermosa-flor,HERMOSA FLOR (62),62,25,NO - custom.label unset; default template collection.json renders no pill rows,NO - custom.label_one unset; default template collection.json renders no pill rows,7,Acne Care,10,8929387217155;8929387184387;8929387151619;8929387086083;8929405403395;8929387249923;8929387118851;8929387053315;8929386987779;8929386955011,tags 'concern:acne'/'blemishes' (10 products); title match 'Acne' on Clearing Acne Gel,new_collection,,YES,Hermosa Flor Acne Care,hermosa-flor-acne-care,manual,Manual membership - exact product IDs: 8929387217155;8929387184387;8929387151619;8929387086083;8929405403395;8929387249923;8929387118851;8929387053315;8929386987779;8929386955011 (expected count 10),no conflict - checked against all 272 live collection handles and all proposed handles in this manifest,N/A - collection does not exist yet; source brand collection: collection published to Online Store (Admin publishedOnPublication),High,
444383166723,Hermosa Flor,hermosa-flor,https://beautyontapp.com/collections/hermosa-flor,HERMOSA FLOR (62),62,25,NO - custom.label unset; default template collection.json renders no pill rows,NO - custom.label_one unset; default template collection.json renders no pill rows,8,Hyperpigmentation,9,8929386922243;8929405403395;8929390821635;8929387315459;8929387118851;8929387053315;8929387020547;8929386987779;8929386955011,tags 'hyperpigmentation'/'concern:hyperpigmentation' (8); title match 'Dark Spot' (Dark Spot Corrector Serum),new_collection,,YES,Hermosa Flor Hyperpigmentation,hermosa-flor-hyperpigmentation,manual,Manual membership - exact product IDs: 8929386922243;8929405403395;8929390821635;8929387315459;8929387118851;8929387053315;8929387020547;8929386987779;8929386955011 (expected count 9),no conflict - checked against all 272 live collection handles and all proposed handles in this manifest,N/A - collection does not exist yet; source brand collection: collection published to Online Store (Admin publishedOnPublication),High,
444471410947,HÓM,hom,https://beautyontapp.com/collections/hom,HÓM (5),5,1,NO - custom.label unset; default template collection.json renders no pill rows,NO - custom.label_one unset; default template collection.json renders no pill rows,1,Hyperpigmentation,3,9020982001923;8929404715267;8929403601155,tags 'hyperpigmentation'/'concern:hyperpigmentation' (2); title match 'Pigment' (Pigment repair Moisturiser) (1),new_collection,,YES,HÓM Hyperpigmentation,hom-hyperpigmentation,manual,Manual membership - exact product IDs: 9020982001923;8929404715267;8929403601155 (expected count 3),no conflict - checked against all 272 live collection handles and all proposed handles in this manifest,N/A - collection does not exist yet; source brand collection: collection published to Online Store (Admin publishedOnPublication),High,
444712583427,Huegah,huegah,https://beautyontapp.com/collections/huegah,HUEGAH (16),12,0,NO - custom.label unset; default template collection.json renders no pill rows,NO - custom.label_one unset; default template collection.json renders no pill rows,,NO SAFE PILL — insufficient verified product range,0,,"12 published products but 0 available - categories with >=2 published products exist (e.g. Mists) yet every qualifying product is out of stock, failing the >=1 available rule",,,NO,,,,,,collection published to Online Store (Admin publishedOnPublication),High,all qualifying products out of stock (availability rule); revisit after restock
442299482371,Isntree,isntree,https://beautyontapp.com/collections/isntree,ISNTREE (6),6,1,NO - custom.label unset; default template collection.json renders no pill rows,NO - custom.label_one unset; default template collection.json renders no pill rows,1,Toners,2,8929407697155;8929361625347,product_type:Toner (2 products); title match 'toner' (2); tags toners/type:toner (2),new_collection,,YES,Isntree Toners,isntree-toners,manual,Manual membership - exact product IDs: 8929407697155;8929361625347 (expected count 2),no conflict - checked against all 272 live collection handles and all proposed handles in this manifest,N/A - collection does not exist yet; source brand collection: collection published to Online Store (Admin publishedOnPublication),High,
442299482371,Isntree,isntree,https://beautyontapp.com/collections/isntree,ISNTREE (6),6,1,NO - custom.label unset; default template collection.json renders no pill rows,NO - custom.label_one unset; default template collection.json renders no pill rows,2,Hyperpigmentation,2,8929407697155;8929363493123,tag match 'concern:hyperpigmentation' (2 products); tag 'hyperpigmentation' (1),new_collection,,YES,Isntree Hyperpigmentation,isntree-hyperpigmentation,manual,Manual membership - exact product IDs: 8929407697155;8929363493123 (expected count 2),no conflict - checked against all 272 live collection handles and all proposed handles in this manifest,N/A - collection does not exist yet; source brand collection: collection published to Online Store (Admin publishedOnPublication),High,
474657030403,Innisfree,innisfree,https://beautyontapp.com/collections/innisfree,Innisfree (16),14,13,NO - custom.label unset; default template collection.json renders no pill rows,NO - custom.label_one unset; default template collection.json renders no pill rows,1,Serums,5,9531390525699;9543216136451;9531596243203;9531573371139;9389317980419,"title match 'serum' (5); tag 'serum' (3: 9531390525699, 9531573371139, 9389317980419); product_type:Serum (1: 9389317980419)",new_collection,,YES,Innisfree Serums,innisfree-serums,manual,Manual membership - exact product IDs: 9531390525699;9543216136451;9531596243203;9531573371139;9389317980419 (expected count 5),no conflict - checked against all 272 live collection handles and all proposed handles in this manifest,N/A - collection does not exist yet; source brand collection: collection published to Online Store (Admin publishedOnPublication),High,
474657030403,Innisfree,innisfree,https://beautyontapp.com/collections/innisfree,Innisfree (16),14,13,NO - custom.label unset; default template collection.json renders no pill rows,NO - custom.label_one unset; default template collection.json renders no pill rows,2,Sunscreen,3,9543216136451;9389249921283;9384695660803,"product_type:Sunscreen (2: 9389249921283, 9384695660803); title 'sunscreen'/'SPF' (2); title 'sun serum' (1: 9543216136451); tags 'sunscreen'/'type:sunscreen'/'suncare' (2)",new_collection,,YES,Innisfree Sunscreen,innisfree-sunscreen,manual,Manual membership - exact product IDs: 9543216136451;9389249921283;9384695660803 (expected count 3),no conflict - checked against all 272 live collection handles and all proposed handles in this manifest,N/A - collection does not exist yet; source brand collection: collection published to Online Store (Admin publishedOnPublication),High,
474657030403,Innisfree,innisfree,https://beautyontapp.com/collections/innisfree,Innisfree (16),14,13,NO - custom.label unset; default template collection.json renders no pill rows,NO - custom.label_one unset; default template collection.json renders no pill rows,3,Cleansers,2,9532037824771;9531926806787,title 'Cleansing Foam' (2); tags 'cleanser'/'cleansers' (1: 9531926806787),new_collection,,YES,Innisfree Cleansers,innisfree-cleansers,manual,Manual membership - exact product IDs: 9532037824771;9531926806787 (expected count 2),no conflict - checked against all 272 live collection handles and all proposed handles in this manifest,N/A - collection does not exist yet; source brand collection: collection published to Online Store (Admin publishedOnPublication),High,
474657030403,Innisfree,innisfree,https://beautyontapp.com/collections/innisfree,Innisfree (16),14,13,NO - custom.label unset; default template collection.json renders no pill rows,NO - custom.label_one unset; default template collection.json renders no pill rows,4,Toners,2,9534945820931;9531841577219,title 'Toner'/'Toner Pads' (2); tags 'toners'/'Toner pads' (1: 9534945820931),new_collection,,YES,Innisfree Toners,innisfree-toners,manual,Manual membership - exact product IDs: 9534945820931;9531841577219 (expected count 2),no conflict - checked against all 272 live collection handles and all proposed handles in this manifest,N/A - collection does not exist yet; source brand collection: collection published to Online Store (Admin publishedOnPublication),High,
474657030403,Innisfree,innisfree,https://beautyontapp.com/collections/innisfree,Innisfree (16),14,13,NO - custom.label unset; default template collection.json renders no pill rows,NO - custom.label_one unset; default template collection.json renders no pill rows,5,Masks,2,9535097110787;9531548041475,title 'Mask' (2); tags 'face-masks'/'type:face-mask' (2),new_collection,,YES,Innisfree Masks,innisfree-masks,manual,Manual membership - exact product IDs: 9535097110787;9531548041475 (expected count 2),no conflict - checked against all 272 live collection handles and all proposed handles in this manifest,N/A - collection does not exist yet; source brand collection: collection published to Online Store (Admin publishedOnPublication),High,
474657030403,Innisfree,innisfree,https://beautyontapp.com/collections/innisfree,Innisfree (16),14,13,NO - custom.label unset; default template collection.json renders no pill rows,NO - custom.label_one unset; default template collection.json renders no pill rows,6,Brightening,3,9531390525699;9534945820931;9531596243203,"title match 'bright' — 'Brightening Serum', 'Brightening Toner Pads', 'Bright-Eye Serum' (3)",new_collection,,YES,Innisfree Brightening,innisfree-brightening,manual,Manual membership - exact product IDs: 9531390525699;9534945820931;9531596243203 (expected count 3),no conflict - checked against all 272 live collection handles and all proposed handles in this manifest,N/A - collection does not exist yet; source brand collection: collection published to Online Store (Admin publishedOnPublication),Medium,
474657030403,Innisfree,innisfree,https://beautyontapp.com/collections/innisfree,Innisfree (16),14,13,NO - custom.label unset; default template collection.json renders no pill rows,NO - custom.label_one unset; default template collection.json renders no pill rows,7,Sensitive Skin,3,9532037824771;9531926806787;9531841577219,tag 'sensitive skin'/'skin:sensitive' (3); tag 'concern:sensitivity' (1: 9531841577219),new_collection,,YES,Innisfree Sensitive Skin,innisfree-sensitive-skin,manual,Manual membership - exact product IDs: 9532037824771;9531926806787;9531841577219 (expected count 3),no conflict - checked against all 272 live collection handles and all proposed handles in this manifest,N/A - collection does not exist yet; source brand collection: collection published to Online Store (Admin publishedOnPublication),High,
474657030403,Innisfree,innisfree,https://beautyontapp.com/collections/innisfree,Innisfree (16),14,13,NO - custom.label unset; default template collection.json renders no pill rows,NO - custom.label_one unset; default template collection.json renders no pill rows,8,Anti-Aging,2,9531596243203;9531573371139,tags 'anti-aging'/'Anti-Ageing' (1: 9531596243203); literal 'retinol' in title+tags (1: 9531573371139),new_collection,,YES,Innisfree Anti-Aging,innisfree-anti-aging,manual,Manual membership - exact product IDs: 9531596243203;9531573371139 (expected count 2),no conflict - checked against all 272 live collection handles and all proposed handles in this manifest,N/A - collection does not exist yet; source brand collection: collection published to Online Store (Admin publishedOnPublication),High,
454727532803,Juce,juce-fragrances,https://beautyontapp.com/collections/juce-fragrances,JUCE (37),37,36,NO - custom.label unset; default template collection.json renders no pill rows,NO - custom.label_one unset; default template collection.json renders no pill rows,,NO SAFE PILL — insufficient verified product range,0,,37 published / 36 available products; no category reached >=2 published + >=1 available (audit of all products via Admin API),,,NO,,,,,,collection published to Online Store (Admin publishedOnPublication),High,insufficient verified product range
442299515139,Kiko Vitals,kiko-vitals,https://beautyontapp.com/collections/kiko-vitals,KIKO VITALS (4),4,4,NO - custom.label unset; default template collection.json renders no pill rows,NO - custom.label_one unset; default template collection.json renders no pill rows,,NO SAFE PILL — insufficient verified product range,0,,4 published / 4 available products; no category reached >=2 published + >=1 available (audit of all products via Admin API),,,NO,,,,,,collection published to Online Store (Admin publishedOnPublication),High,insufficient verified product range
444383396099,Koosh Kream,koosh-kream,https://beautyontapp.com/collections/koosh-kream,KOOSH KREAM (1),1,1,NO - custom.label unset; default template collection.json renders no pill rows,NO - custom.label_one unset; default template collection.json renders no pill rows,,NO SAFE PILL — insufficient verified product range,0,,1 published / 1 available products; no category reached >=2 published + >=1 available (audit of all products via Admin API),,,NO,,,,,,collection published to Online Store (Admin publishedOnPublication),High,insufficient verified product range
442299580675,Kudu Cosmetica,kudu-cosmetica,https://beautyontapp.com/collections/kudu-cosmetica,KUDU COSMETICA (9),8,4,NO - custom.label unset; default template collection.json renders no pill rows,NO - custom.label_one unset; default template collection.json renders no pill rows,1,Serums,6,8929379123459;8929119731971;8929119699203;8929119797507;8929119764739;8929119666435,title match 'serum' + tag type:serum (Bio Active Hydration Serum); generic merch tag 'oils-and-serums' contains 'serum' substring (all 6) - see data quality note on over-matching,new_collection,,YES,Kudu Cosmetica Serums,kudu-cosmetica-serums,manual,Manual membership - exact product IDs: 8929379123459;8929119731971;8929119699203;8929119797507;8929119764739;8929119666435 (expected count 6),no conflict - checked against all 272 live collection handles and all proposed handles in this manifest,N/A - collection does not exist yet; source brand collection: collection published to Online Store (Admin publishedOnPublication),High,
442299580675,Kudu Cosmetica,kudu-cosmetica,https://beautyontapp.com/collections/kudu-cosmetica,KUDU COSMETICA (9),8,4,NO - custom.label unset; default template collection.json renders no pill rows,NO - custom.label_one unset; default template collection.json renders no pill rows,2,Acne Care,2,8929119731971;8929119764739,"tags 'concern:acne' + 'blemishes' (Squalane, Rosehip Seed Oil)",new_collection,,YES,Kudu Cosmetica Acne Care,kudu-cosmetica-acne-care,manual,Manual membership - exact product IDs: 8929119731971;8929119764739 (expected count 2),no conflict - checked against all 272 live collection handles and all proposed handles in this manifest,N/A - collection does not exist yet; source brand collection: collection published to Online Store (Admin publishedOnPublication),High,
444703146243,Laneige,laneige,https://beautyontapp.com/collections/laneige,LANEIGE (21),21,21,NO - custom.label unset; default template collection.json renders no pill rows,NO - custom.label_one unset; default template collection.json renders no pill rows,1,Masks,7,9380645601539;9381439013123;9381426397443;9381395431683;9381278187779;9380944347395;9380941791491,"title match 'mask' (4: Lip/Bouncy and Firm/Cica/Water Sleeping Mask); tag 'Lip Sleeping Mask' on 3 kits (Dreamy Lip Kit, Dream Team Trio, Icons To Go)",new_collection,,YES,Laneige Masks,laneige-masks,manual,Manual membership - exact product IDs: 9380645601539;9381439013123;9381426397443;9381395431683;9381278187779;9380944347395;9380941791491 (expected count 7),no conflict - checked against all 272 live collection handles and all proposed handles in this manifest,N/A - collection does not exist yet; source brand collection: collection published to Online Store (Admin publishedOnPublication),High,
444703146243,Laneige,laneige,https://beautyontapp.com/collections/laneige,LANEIGE (21),21,21,NO - custom.label unset; default template collection.json renders no pill rows,NO - custom.label_one unset; default template collection.json renders no pill rows,2,Lip Care,7,9380666933507;9380645601539;9381439013123;9381426397443;9381395431683;9380944347395;9380941791491,"product_type:Lip Care (2: Lip Sleeping Mask, Water Sleeping Mask); tags 'Lip Sleeping Mask'/type:lip-care (5); title 'Lip Glowy Balm' counted as lip balm (1). Caveat: Cica/Water Sleeping Masks are face masks carrying lip-care tags/type",new_collection,,YES,Laneige Lip Care,laneige-lip-care,manual,Manual membership - exact product IDs: 9380666933507;9380645601539;9381439013123;9381426397443;9381395431683;9380944347395;9380941791491 (expected count 7),no conflict - checked against all 272 live collection handles and all proposed handles in this manifest,N/A - collection does not exist yet; source brand collection: collection published to Online Store (Admin publishedOnPublication),High,
444703146243,Laneige,laneige,https://beautyontapp.com/collections/laneige,LANEIGE (21),21,21,NO - custom.label unset; default template collection.json renders no pill rows,NO - custom.label_one unset; default template collection.json renders no pill rows,3,Moisturisers,5,9381395431683;9381351162115;9380931535107;9380767432963;9380742201603,product_type:Moisturiser (3); title match 'moisturiser/moisturizer' (3); tags Moisturiser/type:moisturiser (5). Eye Cream excluded per Eye Care precedence,new_collection,,YES,Laneige Moisturisers,laneige-moisturisers,manual,Manual membership - exact product IDs: 9381395431683;9381351162115;9380931535107;9380767432963;9380742201603 (expected count 5),no conflict - checked against all 272 live collection handles and all proposed handles in this manifest,N/A - collection does not exist yet; source brand collection: collection published to Online Store (Admin publishedOnPublication),High,
444703146243,Laneige,laneige,https://beautyontapp.com/collections/laneige,LANEIGE (21),21,21,NO - custom.label unset; default template collection.json renders no pill rows,NO - custom.label_one unset; default template collection.json renders no pill rows,4,Toners,3,9381351162115;9380688625923;9380683481347,title match 'toner' (3); product_type:Toner (1); tags toners/type:toner (3),new_collection,,YES,Laneige Toners,laneige-toners,manual,Manual membership - exact product IDs: 9381351162115;9380688625923;9380683481347 (expected count 3),no conflict - checked against all 272 live collection handles and all proposed handles in this manifest,N/A - collection does not exist yet; source brand collection: collection published to Online Store (Admin publishedOnPublication),High,
444703146243,Laneige,laneige,https://beautyontapp.com/collections/laneige,LANEIGE (21),21,21,NO - custom.label unset; default template collection.json renders no pill rows,NO - custom.label_one unset; default template collection.json renders no pill rows,5,Serums,3,9381493440771;9384961409283;9380696064259,title match 'serum' (3); product_type:Serum (1). Note: Glaze Craze is a tinted LIP serum (also counted Makeup),new_collection,,YES,Laneige Serums,laneige-serums,manual,Manual membership - exact product IDs: 9381493440771;9384961409283;9380696064259 (expected count 3),no conflict - checked against all 272 live collection handles and all proposed handles in this manifest,N/A - collection does not exist yet; source brand collection: collection published to Online Store (Admin publishedOnPublication),High,
444703146243,Laneige,laneige,https://beautyontapp.com/collections/laneige,LANEIGE (21),21,21,NO - custom.label unset; default template collection.json renders no pill rows,NO - custom.label_one unset; default template collection.json renders no pill rows,6,Cleansers,2,9384954855683;9380706189571,product_type:Cleanser (1); title match 'cleanser'/'cleansing foam' (2); tags cleanser/type:cleanser,new_collection,,YES,Laneige Cleansers,laneige-cleansers,manual,Manual membership - exact product IDs: 9384954855683;9380706189571 (expected count 2),no conflict - checked against all 272 live collection handles and all proposed handles in this manifest,N/A - collection does not exist yet; source brand collection: collection published to Online Store (Admin publishedOnPublication),High,
444703146243,Laneige,laneige,https://beautyontapp.com/collections/laneige,LANEIGE (21),21,21,NO - custom.label unset; default template collection.json renders no pill rows,NO - custom.label_one unset; default template collection.json renders no pill rows,7,Makeup,2,9381493440771;9381278187779,"product_type exactly 'Makeup' (2: Glaze Craze Tinted Lip Serum, Bouncy and Firm Sleeping Mask); no literal lipstick/lip tint/lip gloss pattern hits — the sleeping mask's Makeup type is likely a data error",new_collection,,YES,Laneige Makeup,laneige-makeup,manual,Manual membership - exact product IDs: 9381493440771;9381278187779 (expected count 2),no conflict - checked against all 272 live collection handles and all proposed handles in this manifest,N/A - collection does not exist yet; source brand collection: collection published to Online Store (Admin publishedOnPublication),High,
444703146243,Laneige,laneige,https://beautyontapp.com/collections/laneige,LANEIGE (21),21,21,NO - custom.label unset; default template collection.json renders no pill rows,NO - custom.label_one unset; default template collection.json renders no pill rows,8,Anti-Aging,3,9384961409283;9384954855683;9381351162115,tags Anti-Ageing/anti-aging/concern:anti-aging (3); tag 'collagen' also on Bouncy & Firm Serum,new_collection,,YES,Laneige Anti-Aging,laneige-anti-aging,manual,Manual membership - exact product IDs: 9384961409283;9384954855683;9381351162115 (expected count 3),no conflict - checked against all 272 live collection handles and all proposed handles in this manifest,N/A - collection does not exist yet; source brand collection: collection published to Online Store (Admin publishedOnPublication),High,
442299646211,Lanolab,l-oreal-elvive,https://beautyontapp.com/collections/l-oreal-elvive,LANOLAB (5),5,4,NO - custom.label unset; default template collection.json renders no pill rows,NO - custom.label_one unset; default template collection.json renders no pill rows,1,Moisturisers,3,9521803755779;8929402880259;8929363460355,"product_type:Moisturiser + tag 'type:moisturiser' (8929402880259, 8929363460355); title match 'balm' not lip/body-qualified (9521803755779 'Multi-Use Balm', 8929363460355 'Multi Use Natural Balm')",new_collection,,YES,Lanolab Moisturisers,lanolab-moisturisers,manual,Manual membership - exact product IDs: 9521803755779;8929402880259;8929363460355 (expected count 3),no conflict - checked against all 272 live collection handles and all proposed handles in this manifest,N/A - collection does not exist yet; source brand collection: collection published to Online Store (Admin publishedOnPublication),High,
442299646211,Lanolab,l-oreal-elvive,https://beautyontapp.com/collections/l-oreal-elvive,LANOLAB (5),5,4,NO - custom.label unset; default template collection.json renders no pill rows,NO - custom.label_one unset; default template collection.json renders no pill rows,2,Body Care,3,9521803755779;8929365885187;8929363460355,"product_type:Body Care (8929365885187); title match 'Body ' in 'Hydrating Body Cream' (9521803755779, 8929365885187); tags 'body-care'/'body-butters'/'type:body-butter' with hyphen read as word boundary (8929363460355)",new_collection,,YES,Lanolab Body Care,lanolab-body-care,manual,Manual membership - exact product IDs: 9521803755779;8929365885187;8929363460355 (expected count 3),no conflict - checked against all 272 live collection handles and all proposed handles in this manifest,N/A - collection does not exist yet; source brand collection: collection published to Online Store (Admin publishedOnPublication),High,
442299646211,Lanolab,l-oreal-elvive,https://beautyontapp.com/collections/l-oreal-elvive,LANOLAB (5),5,4,NO - custom.label unset; default template collection.json renders no pill rows,NO - custom.label_one unset; default template collection.json renders no pill rows,3,Hydration,2,9521803755779;8929365885187,title match 'Hydrating' -> 'hydrat' (2 products),new_collection,,YES,Lanolab Hydration,lanolab-hydration,manual,Manual membership - exact product IDs: 9521803755779;8929365885187 (expected count 2),no conflict - checked against all 272 live collection handles and all proposed handles in this manifest,N/A - collection does not exist yet; source brand collection: collection published to Online Store (Admin publishedOnPublication),Medium,
442299678979,La Roche-Posay,la-roche-posay,https://beautyontapp.com/collections/la-roche-posay,LA ROCHE-POSAY (27),27,19,NO - custom.label unset; default template collection.json renders no pill rows,NO - custom.label_one unset; default template collection.json renders no pill rows,1,Cleansers,7,8929475100931;8929377878275;8929377976579;8929377550595;8929377681667;8929401962755;8929377911043,"productType:Cleanser (7 products); tags cleansers/type:cleanser (6); title 'cleanser' (3), 'cleansing' (1). Note 4 of 7 are Lipikar body washes typed Cleanser.",new_collection,,YES,La Roche-Posay Cleansers,la-roche-posay-cleansers,manual,Manual membership - exact product IDs: 8929475100931;8929377878275;8929377976579;8929377550595;8929377681667;8929401962755;8929377911043 (expected count 7),no conflict - checked against all 272 live collection handles and all proposed handles in this manifest,N/A - collection does not exist yet; source brand collection: collection published to Online Store (Admin publishedOnPublication),High,
442299678979,La Roche-Posay,la-roche-posay,https://beautyontapp.com/collections/la-roche-posay,LA ROCHE-POSAY (27),27,19,NO - custom.label unset; default template collection.json renders no pill rows,NO - custom.label_one unset; default template collection.json renders no pill rows,2,Sunscreen,7,8929376272643;8929378042115;8929408024835;8929394753795;8929376305411;8929389019395;9371841265923,productType:Sunscreen (4 products); tags sunscreen/type:sunscreen (7); title 'SPF' (7).,new_collection,,YES,La Roche-Posay Sunscreen,la-roche-posay-sunscreen,manual,Manual membership - exact product IDs: 8929376272643;8929378042115;8929408024835;8929394753795;8929376305411;8929389019395;9371841265923 (expected count 7),no conflict - checked against all 272 live collection handles and all proposed handles in this manifest,N/A - collection does not exist yet; source brand collection: collection published to Online Store (Admin publishedOnPublication),High,
442299678979,La Roche-Posay,la-roche-posay,https://beautyontapp.com/collections/la-roche-posay,LA ROCHE-POSAY (27),27,19,NO - custom.label unset; default template collection.json renders no pill rows,NO - custom.label_one unset; default template collection.json renders no pill rows,3,Body Care,7,8929377616131;8929377976579;8929377681667;8929377714435;8929401962755;8929377648899;8929377911043,"productType:'Body Care' (Lipikar Gel Lavant); tags body-care/body-wash/body-butters hyphen-normalised to 'body ' (6 more: Lipikar Balm x2, Syndet x2, Cleansing Oil, Effaclar Micro-Peeling Gel).",new_collection,,YES,La Roche-Posay Body Care,la-roche-posay-body-care,manual,Manual membership - exact product IDs: 8929377616131;8929377976579;8929377681667;8929377714435;8929401962755;8929377648899;8929377911043 (expected count 7),no conflict - checked against all 272 live collection handles and all proposed handles in this manifest,N/A - collection does not exist yet; source brand collection: collection published to Online Store (Admin publishedOnPublication),High,
442299678979,La Roche-Posay,la-roche-posay,https://beautyontapp.com/collections/la-roche-posay,LA ROCHE-POSAY (27),27,19,NO - custom.label unset; default template collection.json renders no pill rows,NO - custom.label_one unset; default template collection.json renders no pill rows,4,Serums,6,8929388626179;8929388724483;8929377583363;8929388658947;8929388691715;9371841265923,"tag type:serum (5 products); title 'Serum' (6, incl. Anthelios UVAIR 'Serum Sunscreen' which double-counts under Sunscreen).",new_collection,,YES,La Roche-Posay Serums,la-roche-posay-serums,manual,Manual membership - exact product IDs: 8929388626179;8929388724483;8929377583363;8929388658947;8929388691715;9371841265923 (expected count 6),no conflict - checked against all 272 live collection handles and all proposed handles in this manifest,N/A - collection does not exist yet; source brand collection: collection published to Online Store (Admin publishedOnPublication),High,
442299678979,La Roche-Posay,la-roche-posay,https://beautyontapp.com/collections/la-roche-posay,LA ROCHE-POSAY (27),27,19,NO - custom.label unset; default template collection.json renders no pill rows,NO - custom.label_one unset; default template collection.json renders no pill rows,5,Moisturisers,5,8929377517827;8929378042115;8929378074883;8929394753795;8929389019395,productType:Moisturiser / tag type:moisturiser (4 products); title 'Moisturiser' (MELA B3 UV) and 'Balm' (Cicaplast Balm B5). Lipikar Balm AP+M x2 excluded per Body Care precedence (body-care/body-butters tags).,new_collection,,YES,La Roche-Posay Moisturisers,la-roche-posay-moisturisers,manual,Manual membership - exact product IDs: 8929377517827;8929378042115;8929378074883;8929394753795;8929389019395 (expected count 5),no conflict - checked against all 272 live collection handles and all proposed handles in this manifest,N/A - collection does not exist yet; source brand collection: collection published to Online Store (Admin publishedOnPublication),High,
442299678979,La Roche-Posay,la-roche-posay,https://beautyontapp.com/collections/la-roche-posay,LA ROCHE-POSAY (27),27,19,NO - custom.label unset; default template collection.json renders no pill rows,NO - custom.label_one unset; default template collection.json renders no pill rows,6,Acne Care,8,8929388626179;8929377517827;8929378042115;8929378074883;8929389019395;8929388658947;9049414009091;9371841265923,tags blemishes/concern:acne (8 products); productType 'Acne Treatment' (Effaclar K). Note Effaclar Mat (8971501732099) is in the acne collection but has no acne tag/type so it does not qualify.,new_collection,,YES,La Roche-Posay Acne Care,la-roche-posay-acne-care,manual,Manual membership - exact product IDs: 8929388626179;8929377517827;8929378042115;8929378074883;8929389019395;8929388658947;9049414009091;9371841265923 (expected count 8),no conflict - checked against all 272 live collection handles and all proposed handles in this manifest,N/A - collection does not exist yet; source brand collection: collection published to Online Store (Admin publishedOnPublication),High,
442299678979,La Roche-Posay,la-roche-posay,https://beautyontapp.com/collections/la-roche-posay,LA ROCHE-POSAY (27),27,19,NO - custom.label unset; default template collection.json renders no pill rows,NO - custom.label_one unset; default template collection.json renders no pill rows,7,Hyperpigmentation,7,8929388626179;8929377517827;8929378042115;8929408024835;8929388724483;8929389019395;9049414009091,tags hyperpigmentation/concern:hyperpigmentation (6 products); title 'dark spot' (Anthelios Anti Dark-Spot Fluid).,new_collection,,YES,La Roche-Posay Hyperpigmentation,la-roche-posay-hyperpigmentation,manual,Manual membership - exact product IDs: 8929388626179;8929377517827;8929378042115;8929408024835;8929388724483;8929389019395;9049414009091 (expected count 7),no conflict - checked against all 272 live collection handles and all proposed handles in this manifest,N/A - collection does not exist yet; source brand collection: collection published to Online Store (Admin publishedOnPublication),High,
442299678979,La Roche-Posay,la-roche-posay,https://beautyontapp.com/collections/la-roche-posay,LA ROCHE-POSAY (27),27,19,NO - custom.label unset; default template collection.json renders no pill rows,NO - custom.label_one unset; default template collection.json renders no pill rows,8,Brightening,2,8929388626179;8929408024835,literal 'dark spot' in titles: 'Mela B3 Dark Spot Serum' and 'Anthelios ... Anti Dark-Spot Fluid' (hyphen-normalised). No bright|glow matches anywhere.,new_collection,,YES,La Roche-Posay Brightening,la-roche-posay-brightening,manual,Manual membership - exact product IDs: 8929388626179;8929408024835 (expected count 2),no conflict - checked against all 272 live collection handles and all proposed handles in this manifest,N/A - collection does not exist yet; source brand collection: collection published to Online Store (Admin publishedOnPublication),Medium,
442299777283,Lelive,lelive,https://beautyontapp.com/collections/lelive,LELIVE (20),19,10,NO - custom.label unset; default template collection.json renders no pill rows,NO - custom.label_one unset; default template collection.json renders no pill rows,1,Exfoliators,7,8929405108483;8929407107331;8929366376707;8929363624195;8929391870211;8965612077315;9220378394883,productType:Exfoliator (3); tags exfoliators/type:exfoliator (3 more); title 'exfoliate' on am+pm serum kit; 'scrub' via tag exfoliators-scrubs,new_collection,,YES,Lelive Exfoliators,lelive-exfoliators,manual,Manual membership - exact product IDs: 8929405108483;8929407107331;8929366376707;8929363624195;8929391870211;8965612077315;9220378394883 (expected count 7),no conflict - checked against all 272 live collection handles and all proposed handles in this manifest,N/A - collection does not exist yet; source brand collection: collection published to Online Store (Admin publishedOnPublication),High,
442299777283,Lelive,lelive,https://beautyontapp.com/collections/lelive,LELIVE (20),19,10,NO - custom.label unset; default template collection.json renders no pill rows,NO - custom.label_one unset; default template collection.json renders no pill rows,2,Body Care,7,8929391804675;8929392984323;8929391837443;8929391771907;8929391870211;8965612077315;9220378394883,"productType:Body Care (4); title 'body ' (Body Oil, Body Cream, Body Wash, Body Exfoliator, Body Glow Up); tags 'body mist'/'Body Wash'/body-care (Own The Glow set)",new_collection,,YES,Lelive Body Care,lelive-body-care,manual,Manual membership - exact product IDs: 8929391804675;8929392984323;8929391837443;8929391771907;8929391870211;8965612077315;9220378394883 (expected count 7),no conflict - checked against all 272 live collection handles and all proposed handles in this manifest,N/A - collection does not exist yet; source brand collection: collection published to Online Store (Admin publishedOnPublication),High,
442299777283,Lelive,lelive,https://beautyontapp.com/collections/lelive,LELIVE (20),19,10,NO - custom.label unset; default template collection.json renders no pill rows,NO - custom.label_one unset; default template collection.json renders no pill rows,3,Serums,5,8929363591427;8929405108483;8929405075715;8929363624195;9220378394883,"title 'serum' + tag type:serum (All Glow'd Up, am+pm kit); tag 'oils-and-serums' substring-only matches on 3-step routine, SOS AHA/BHA Exfoliator, Own The Glow set — weak nav-tag matches, see data_quality_notes",new_collection,,YES,Lelive Serums,lelive-serums,manual,Manual membership - exact product IDs: 8929363591427;8929405108483;8929405075715;8929363624195;9220378394883 (expected count 5),no conflict - checked against all 272 live collection handles and all proposed handles in this manifest,N/A - collection does not exist yet; source brand collection: collection published to Online Store (Admin publishedOnPublication),High,
442299777283,Lelive,lelive,https://beautyontapp.com/collections/lelive,LELIVE (20),19,10,NO - custom.label unset; default template collection.json renders no pill rows,NO - custom.label_one unset; default template collection.json renders no pill rows,4,Cleansers,4,8929363558659;8929363525891;8929405075715;8929407107331,"productType:Cleanser (2: Jelly Splash, Cleaner Colada); tags cleansers/type:cleanser on 2 kits (3-step routine, glow kit mini)",new_collection,,YES,Lelive Cleansers,lelive-cleansers,manual,Manual membership - exact product IDs: 8929363558659;8929363525891;8929405075715;8929407107331 (expected count 4),no conflict - checked against all 272 live collection handles and all proposed handles in this manifest,N/A - collection does not exist yet; source brand collection: collection published to Online Store (Admin publishedOnPublication),High,
442299777283,Lelive,lelive,https://beautyontapp.com/collections/lelive,LELIVE (20),19,10,NO - custom.label unset; default template collection.json renders no pill rows,NO - custom.label_one unset; default template collection.json renders no pill rows,5,Mists,2,8929380237571;8929407107331,title 'hydrating mist' (The drip); tags facial-mists/type:facial-mist (glow kit mini); body-mist tag matches on Own The Glow excluded per rule,new_collection,,YES,Lelive Mists,lelive-mists,manual,Manual membership - exact product IDs: 8929380237571;8929407107331 (expected count 2),no conflict - checked against all 272 live collection handles and all proposed handles in this manifest,N/A - collection does not exist yet; source brand collection: collection published to Online Store (Admin publishedOnPublication),High,
442299777283,Lelive,lelive,https://beautyontapp.com/collections/lelive,LELIVE (20),19,10,NO - custom.label unset; default template collection.json renders no pill rows,NO - custom.label_one unset; default template collection.json renders no pill rows,6,Brightening,9,8929363591427;8929391804675;8929405108483;8929405075715;8929407107331;8929391837443;8929391870211;8965612077315;9220378394883,"title bright/glow on 9 products (Brightening Serum, Brighten + Glow Body Oil, brighten kits, Gold Glow, Good to Glow, Body Glow Up, Own The Glow); tag 'bright skin' (1)",new_collection,,YES,Lelive Brightening,lelive-brightening,manual,Manual membership - exact product IDs: 8929363591427;8929391804675;8929405108483;8929405075715;8929407107331;8929391837443;8929391870211;8965612077315;9220378394883 (expected count 9),no conflict - checked against all 272 live collection handles and all proposed handles in this manifest,N/A - collection does not exist yet; source brand collection: collection published to Online Store (Admin publishedOnPublication),High,
442299777283,Lelive,lelive,https://beautyontapp.com/collections/lelive,LELIVE (20),19,10,NO - custom.label unset; default template collection.json renders no pill rows,NO - custom.label_one unset; default template collection.json renders no pill rows,7,Hyperpigmentation,9,8929363591427;8929391804675;8929405108483;8929405075715;8929407107331;8929380237571;8929391870211;8965612077315;9220378394883,tags hyperpigmentation/concern:hyperpigmentation (9 products); literal tag 'dark spots' on Own The Glow,new_collection,,YES,Lelive Hyperpigmentation,lelive-hyperpigmentation,manual,Manual membership - exact product IDs: 8929363591427;8929391804675;8929405108483;8929405075715;8929407107331;8929380237571;8929391870211;8965612077315;9220378394883 (expected count 9),no conflict - checked against all 272 live collection handles and all proposed handles in this manifest,N/A - collection does not exist yet; source brand collection: collection published to Online Store (Admin publishedOnPublication),High,
442299777283,Lelive,lelive,https://beautyontapp.com/collections/lelive,LELIVE (20),19,10,NO - custom.label unset; default template collection.json renders no pill rows,NO - custom.label_one unset; default template collection.json renders no pill rows,8,Acne Care,6,8929405108483;8929405075715;8929407107331;8929380237571;8929366376707;9220378394883,tags concern:acne + blemishes on 6 products; concern:body-acne + Blackhead on Own The Glow,new_collection,,YES,Lelive Acne Care,lelive-acne-care,manual,Manual membership - exact product IDs: 8929405108483;8929405075715;8929407107331;8929380237571;8929366376707;9220378394883 (expected count 6),no conflict - checked against all 272 live collection handles and all proposed handles in this manifest,N/A - collection does not exist yet; source brand collection: collection published to Online Store (Admin publishedOnPublication),High,
444699377923,Lele Feminine,lele-feminine,https://beautyontapp.com/collections/lele-feminine,LELE FEMININE (6),6,6,NO - custom.label unset; default template collection.json renders no pill rows,NO - custom.label_one unset; default template collection.json renders no pill rows,,NO SAFE PILL — insufficient verified product range,0,,6 published / 6 available products; no category reached >=2 published + >=1 available (audit of all products via Admin API),,,NO,,,,,,collection published to Online Store (Admin publishedOnPublication),High,insufficient verified product range
442299711747,Lelapa La Bakoena,lelapa-la-bakoena,https://beautyontapp.com/collections/lelapa-la-bakoena,Lelapa La Bakoena (7),7,5,NO - custom.label unset; default template collection.json renders no pill rows,NO - custom.label_one unset; default template collection.json renders no pill rows,1,Hair Care,7,8929475395843;8929386332419;8929386299651;8929386266883;8929386234115;8929475461379;8929386004739,"productType:Beard (4 products); title match 'beard' (7: Beard Wash x2, Beard Oil x2, Beard Butter, both Combos via tags); tag matches 'beard-oils'/'beard-wash'/'type:beard-care' (6) and 'hair-care-combos' (2)",new_collection,,YES,Lelapa La Bakoena Hair Care,lelapa-la-bakoena-hair-care,manual,Manual membership - exact product IDs: 8929475395843;8929386332419;8929386299651;8929386266883;8929386234115;8929475461379;8929386004739 (expected count 7),no conflict - checked against all 272 live collection handles and all proposed handles in this manifest,N/A - collection does not exist yet; source brand collection: collection published to Online Store (Admin publishedOnPublication),High,
442299711747,Lelapa La Bakoena,lelapa-la-bakoena,https://beautyontapp.com/collections/lelapa-la-bakoena,Lelapa La Bakoena (7),7,5,NO - custom.label unset; default template collection.json renders no pill rows,NO - custom.label_one unset; default template collection.json renders no pill rows,2,Body Care,3,8929475395843;8929475461379;8929386004739,"productType:Body Care (1 product: Beard Butter); tag match 'body-butters-men'/'type:body-butter' (3, hyphen treated as word boundary for 'body ')",new_collection,,YES,Lelapa La Bakoena Body Care,lelapa-la-bakoena-body-care,manual,Manual membership - exact product IDs: 8929475395843;8929475461379;8929386004739 (expected count 3),no conflict - checked against all 272 live collection handles and all proposed handles in this manifest,N/A - collection does not exist yet; source brand collection: collection published to Online Store (Admin publishedOnPublication),High,
442299711747,Lelapa La Bakoena,lelapa-la-bakoena,https://beautyontapp.com/collections/lelapa-la-bakoena,Lelapa La Bakoena (7),7,5,NO - custom.label unset; default template collection.json renders no pill rows,NO - custom.label_one unset; default template collection.json renders no pill rows,3,Sets & Bundles,2,8929475395843;8929475461379,productType:Bundle (2 products); title match 'combo' (2); tag 'type:bundle' (2),new_collection,,YES,Lelapa La Bakoena Sets & Bundles,lelapa-la-bakoena-sets-bundles,manual,Manual membership - exact product IDs: 8929475395843;8929475461379 (expected count 2),no conflict - checked against all 272 live collection handles and all proposed handles in this manifest,N/A - collection does not exist yet; source brand collection: collection published to Online Store (Admin publishedOnPublication),High,
444348629251,L’Oréal,l-oreal,https://beautyontapp.com/collections/l-oreal,L’ORÉAL (11),9,0,NO - custom.label unset; default template collection.json renders no pill rows,NO - custom.label_one unset; default template collection.json renders no pill rows,,NO SAFE PILL — insufficient verified product range,0,,"9 published products but 0 available - categories with >=2 published products exist (e.g. Hair Care, Serums, Cleansers, Anti-Aging) yet every qualifying product is out of stock, failing the >=1 available rule",,,NO,,,,,,collection published to Online Store (Admin publishedOnPublication),High,all qualifying products out of stock (availability rule); revisit after restock
455095353603,Luna Hair+ Body,luna-hair-body,https://beautyontapp.com/collections/luna-hair-body,LUNA (4),4,2,NO - custom.label unset; default template collection.json renders no pill rows,NO - custom.label_one unset; default template collection.json renders no pill rows,1,Hair Care,4,9131263164675;9129752953091;9129763111171;9129705079043,"product_type:Hair Care (2: Unrefined Shea Butter, Moon Drops); product_type:Beard + tags 'beard-oils'/'type:beard-care' + title 'Beard' (1: Luna Beard Oil); tags 'hair'/'haircare'/'type:hair-care' (1: Moon Magma)",new_collection,,YES,Luna Hair+ Body Hair Care,luna-hair-body-hair-care,manual,Manual membership - exact product IDs: 9131263164675;9129752953091;9129763111171;9129705079043 (expected count 4),no conflict - checked against all 272 live collection handles and all proposed handles in this manifest,N/A - collection does not exist yet; source brand collection: collection published to Online Store (Admin publishedOnPublication),High,
455095353603,Luna Hair+ Body,luna-hair-body,https://beautyontapp.com/collections/luna-hair-body,LUNA (4),4,2,NO - custom.label unset; default template collection.json renders no pill rows,NO - custom.label_one unset; default template collection.json renders no pill rows,2,Masks,2,9129752953091;9129763111171,"tag match 'hair-masques'/'type:hair-mask' (2: Moon Magma, Unrefined Shea Butter) — both are hair masques, not facial masks",new_collection,,YES,Luna Hair+ Body Masks,luna-hair-body-masks,manual,Manual membership - exact product IDs: 9129752953091;9129763111171 (expected count 2),no conflict - checked against all 272 live collection handles and all proposed handles in this manifest,N/A - collection does not exist yet; source brand collection: collection published to Online Store (Admin publishedOnPublication),High,
442299810051,Lumi Glo,love-kinks,https://beautyontapp.com/collections/love-kinks,LUMI GLO (21),21,20,NO - custom.label unset; default template collection.json renders no pill rows,NO - custom.label_one unset; default template collection.json renders no pill rows,1,Masks,8,9480131772675;8929390788867;8929390625027;8929390592259;8929390493955;8929390461187;8929390428419;8929390362883,product_type:Face Mask (4); title 'Mask' (7); tags face-masks/type:face-mask/sheet mask (8),new_collection,,YES,Lumi Glo Masks,lumi-glo-masks,manual,Manual membership - exact product IDs: 9480131772675;8929390788867;8929390625027;8929390592259;8929390493955;8929390461187;8929390428419;8929390362883 (expected count 8),no conflict - checked against all 272 live collection handles and all proposed handles in this manifest,N/A - collection does not exist yet; source brand collection: collection published to Online Store (Admin publishedOnPublication),High,
442299810051,Lumi Glo,love-kinks,https://beautyontapp.com/collections/love-kinks,LUMI GLO (21),21,20,NO - custom.label unset; default template collection.json renders no pill rows,NO - custom.label_one unset; default template collection.json renders no pill rows,2,Serums,5,9466484293891;8929394950403;9512217706755;9068582994179;9512158527747,"title 'Serum' (2: Super Glo C Serum, Glo Bright Serum incl tag type:serum); tag 'eye serum' (2: Glo Eye Bundle, Glo Radiance Eye Cream); tag 'Hydrating serum' (1: Anti Age Bundle)",new_collection,,YES,Lumi Glo Serums,lumi-glo-serums,manual,Manual membership - exact product IDs: 9466484293891;8929394950403;9512217706755;9068582994179;9512158527747 (expected count 5),no conflict - checked against all 272 live collection handles and all proposed handles in this manifest,N/A - collection does not exist yet; source brand collection: collection published to Online Store (Admin publishedOnPublication),High,
442299810051,Lumi Glo,love-kinks,https://beautyontapp.com/collections/love-kinks,LUMI GLO (21),21,20,NO - custom.label unset; default template collection.json renders no pill rows,NO - custom.label_one unset; default template collection.json renders no pill rows,3,Moisturisers,5,9331667009795;8929390690563;9512158527747;8929390788867;8929390756099,"product_type:Moisturiser (2: Glo Repair Cream, Hydro Boost Jelly); tag Moisturiser/type:moisturiser (3 bundles/boxes); title 'Balm' (1: Cleansing Exfoliating Balm - literal balm match, actually a cleanser) [adjusted: excluded 1 product(s) also matching Cleansers, e.g. cleansing balms]",new_collection,,YES,Lumi Glo Moisturisers,lumi-glo-moisturisers,manual,Manual membership - exact product IDs: 9331667009795;8929390690563;9512158527747;8929390788867;8929390756099 (expected count 5),no conflict - checked against all 272 live collection handles and all proposed handles in this manifest,N/A - collection does not exist yet; source brand collection: collection published to Online Store (Admin publishedOnPublication),High,
442299810051,Lumi Glo,love-kinks,https://beautyontapp.com/collections/love-kinks,LUMI GLO (21),21,20,NO - custom.label unset; default template collection.json renders no pill rows,NO - custom.label_one unset; default template collection.json renders no pill rows,4,Eye Care,3,9068582994179;9512217706755;9512158527747,"title 'Eye Cream' + product_type:Eye Care (Glo Radiance Eye Cream); tags 'eye serum'/'eye-cream' (Glo Eye Bundle, Anti Age Bundle - hyphenated 'eye-cream' normalized to 'eye cream')",new_collection,,YES,Lumi Glo Eye Care,lumi-glo-eye-care,manual,Manual membership - exact product IDs: 9068582994179;9512217706755;9512158527747 (expected count 3),no conflict - checked against all 272 live collection handles and all proposed handles in this manifest,N/A - collection does not exist yet; source brand collection: collection published to Online Store (Admin publishedOnPublication),High,
442299810051,Lumi Glo,love-kinks,https://beautyontapp.com/collections/love-kinks,LUMI GLO (21),21,20,NO - custom.label unset; default template collection.json renders no pill rows,NO - custom.label_one unset; default template collection.json renders no pill rows,5,Mists,3,8929390657795;8929390788867;8929390756099,title 'Face Mist' + product_type:Facial Mist (Dewy Glo Face Mist); tags facial-mists/type:facial-mist (2 boxes; Super Glo Box out of stock),new_collection,,YES,Lumi Glo Mists,lumi-glo-mists,manual,Manual membership - exact product IDs: 8929390657795;8929390788867;8929390756099 (expected count 3),no conflict - checked against all 272 live collection handles and all proposed handles in this manifest,N/A - collection does not exist yet; source brand collection: collection published to Online Store (Admin publishedOnPublication),High,
442299810051,Lumi Glo,love-kinks,https://beautyontapp.com/collections/love-kinks,LUMI GLO (21),21,20,NO - custom.label unset; default template collection.json renders no pill rows,NO - custom.label_one unset; default template collection.json renders no pill rows,6,Cleansers,2,8929402093827;8929390723331,product_type:Cleanser + tags type:cleanser/cleansers (Glo Refresh Cleanser); title 'Cleansing' + tags cleansers/type:cleanser (Exfoliating Balm),new_collection,,YES,Lumi Glo Cleansers,lumi-glo-cleansers,manual,Manual membership - exact product IDs: 8929402093827;8929390723331 (expected count 2),no conflict - checked against all 272 live collection handles and all proposed handles in this manifest,N/A - collection does not exist yet; source brand collection: collection published to Online Store (Admin publishedOnPublication),High,
442299810051,Lumi Glo,love-kinks,https://beautyontapp.com/collections/love-kinks,LUMI GLO (21),21,20,NO - custom.label unset; default template collection.json renders no pill rows,NO - custom.label_one unset; default template collection.json renders no pill rows,7,Anti-Aging,9,9512248639747;9512217706755;9512158527747;9480131772675;9331667009795;9068552028419;8929394950403;8929390625027;8929390493955,"tags anti-aging/Anti-Ageing/wrinkles (7); tag collagen (Eye Plumper, Skin Soother, Glo Eye Bundle); tag retinol (Glo Pimple Patch - literal ingredient tag)",new_collection,,YES,Lumi Glo Anti-Aging,lumi-glo-anti-aging,manual,Manual membership - exact product IDs: 9512248639747;9512217706755;9512158527747;9480131772675;9331667009795;9068552028419;8929394950403;8929390625027;8929390493955 (expected count 9),no conflict - checked against all 272 live collection handles and all proposed handles in this manifest,N/A - collection does not exist yet; source brand collection: collection published to Online Store (Admin publishedOnPublication),High,
442299810051,Lumi Glo,love-kinks,https://beautyontapp.com/collections/love-kinks,LUMI GLO (21),21,20,NO - custom.label unset; default template collection.json renders no pill rows,NO - custom.label_one unset; default template collection.json renders no pill rows,8,Hyperpigmentation,8,9480131772675;8929394950403;8929390788867;8929390657795;8929390592259;8929390461187;8929390428419;8929390756099,tag 'hyperpigmentation'/'concern:hyperpigmentation' (8). 'dark-marks' tags did not count ('dark spot' literal absent). Super Glo Box out of stock,new_collection,,YES,Lumi Glo Hyperpigmentation,lumi-glo-hyperpigmentation,manual,Manual membership - exact product IDs: 9480131772675;8929394950403;8929390788867;8929390657795;8929390592259;8929390461187;8929390428419;8929390756099 (expected count 8),no conflict - checked against all 272 live collection handles and all proposed handles in this manifest,N/A - collection does not exist yet; source brand collection: collection published to Online Store (Admin publishedOnPublication),High,
447315214595,Medicube,medicube,https://beautyontapp.com/collections/medicube,MEDICUBE (51),51,36,NO - custom.label unset; default template collection.json renders no pill rows,NO - custom.label_one unset; default template collection.json renders no pill rows,1,Serums,14,8998553125123;8998576619779;8998475923715;8998493389059;8997282480387;8997191909635;8996084482307;9051068924163;9051000013059;8997168283907;9410146173187;8998469402883;8997654462723;9413097160963,"title 'serum' (13); tag 'serum'/'type:serum' (8); product_type Serum (4); title 'ampoule' (1, Deep VITA C Ampoule)",new_collection,,YES,Medicube Serums,medicube-serums,manual,Manual membership - exact product IDs: 8998553125123;8998576619779;8998475923715;8998493389059;8997282480387;8997191909635;8996084482307;9051068924163;9051000013059;8997168283907;9410146173187;8998469402883;8997654462723;9413097160963 (expected count 14),no conflict - checked against all 272 live collection handles and all proposed handles in this manifest,N/A - collection does not exist yet; source brand collection: collection published to Online Store (Admin publishedOnPublication),High,
447315214595,Medicube,medicube,https://beautyontapp.com/collections/medicube,MEDICUBE (51),51,36,NO - custom.label unset; default template collection.json renders no pill rows,NO - custom.label_one unset; default template collection.json renders no pill rows,2,Toners,13,9051028750595;8998493389059;9051032125699;9015858954499;8997246763267;8997282480387;8998507610371;8998483525891;8998457901315;9410186871043;9409775042819;8997636800771;8998449742083,tag 'toners'/'Toner pads'/'type:toner' (12); product_type Toner (8); title 'toner' (6); toner pads included,new_collection,,YES,Medicube Toners,medicube-toners,manual,Manual membership - exact product IDs: 9051028750595;8998493389059;9051032125699;9015858954499;8997246763267;8997282480387;8998507610371;8998483525891;8998457901315;9410186871043;9409775042819;8997636800771;8998449742083 (expected count 13),no conflict - checked against all 272 live collection handles and all proposed handles in this manifest,N/A - collection does not exist yet; source brand collection: collection published to Online Store (Admin publishedOnPublication),High,
447315214595,Medicube,medicube,https://beautyontapp.com/collections/medicube,MEDICUBE (51),51,36,NO - custom.label unset; default template collection.json renders no pill rows,NO - custom.label_one unset; default template collection.json renders no pill rows,3,Masks,9,9005244678403;8997217992963;8998697271555;9051046117635;9005231800579;9051021377795;9063182500099;9051078033667;9051056242947,title 'mask' (9); tag 'face-masks'/'sheet mask'/'mask' (8); product_type Face Mask (6),new_collection,,YES,Medicube Masks,medicube-masks,manual,Manual membership - exact product IDs: 9005244678403;8997217992963;8998697271555;9051046117635;9005231800579;9051021377795;9063182500099;9051078033667;9051056242947 (expected count 9),no conflict - checked against all 272 live collection handles and all proposed handles in this manifest,N/A - collection does not exist yet; source brand collection: collection published to Online Store (Admin publishedOnPublication),High,
447315214595,Medicube,medicube,https://beautyontapp.com/collections/medicube,MEDICUBE (51),51,36,NO - custom.label unset; default template collection.json renders no pill rows,NO - custom.label_one unset; default template collection.json renders no pill rows,4,Exfoliators,4,8998457901315;9410186871043;9210351780099;9409775042819,title 'Peeling' (2); tag 'exfoliator'/'type:exfoliator' (2),new_collection,,YES,Medicube Exfoliators,medicube-exfoliators,manual,Manual membership - exact product IDs: 8998457901315;9410186871043;9210351780099;9409775042819 (expected count 4),no conflict - checked against all 272 live collection handles and all proposed handles in this manifest,N/A - collection does not exist yet; source brand collection: collection published to Online Store (Admin publishedOnPublication),High,
447315214595,Medicube,medicube,https://beautyontapp.com/collections/medicube,MEDICUBE (51),51,36,NO - custom.label unset; default template collection.json renders no pill rows,NO - custom.label_one unset; default template collection.json renders no pill rows,5,Moisturisers,4,9051074822403;9051039465731;9051059618051;8997735432451,"product_type Moisturiser (4); tag 'Moisturiser'/'type:moisturiser' (4); tag 'creams-and-balms' matched 'balm' (3); title 'Moisturising' (1); title 'Balm' (1, Super Cica Deep Cleansing Balm - a cleansing balm caught by literal 'balm' rule) [adjusted: excluded 1 product(s) also matching Cleansers, e.g. cleansing balms]",new_collection,,YES,Medicube Moisturisers,medicube-moisturisers,manual,Manual membership - exact product IDs: 9051074822403;9051039465731;9051059618051;8997735432451 (expected count 4),no conflict - checked against all 272 live collection handles and all proposed handles in this manifest,N/A - collection does not exist yet; source brand collection: collection published to Online Store (Admin publishedOnPublication),High,
447315214595,Medicube,medicube,https://beautyontapp.com/collections/medicube,MEDICUBE (51),51,36,NO - custom.label unset; default template collection.json renders no pill rows,NO - custom.label_one unset; default template collection.json renders no pill rows,6,Cleansers,3,8997132075267;9410158362883;8997564842243,product_type Cleanser (2); title 'Cleansing' (2); tag 'cleansers'/'type:cleanser' (2); title 'Cleanser' (1),new_collection,,YES,Medicube Cleansers,medicube-cleansers,manual,Manual membership - exact product IDs: 8997132075267;9410158362883;8997564842243 (expected count 3),no conflict - checked against all 272 live collection handles and all proposed handles in this manifest,N/A - collection does not exist yet; source brand collection: collection published to Online Store (Admin publishedOnPublication),High,
447315214595,Medicube,medicube,https://beautyontapp.com/collections/medicube,MEDICUBE (51),51,36,NO - custom.label unset; default template collection.json renders no pill rows,NO - custom.label_one unset; default template collection.json renders no pill rows,7,Mists,2,8998493389059;9413097160963,title 'Mist' (2); tags 'mists'/'type:facial-mist' (1),new_collection,,YES,Medicube Mists,medicube-mists,manual,Manual membership - exact product IDs: 8998493389059;9413097160963 (expected count 2),no conflict - checked against all 272 live collection handles and all proposed handles in this manifest,N/A - collection does not exist yet; source brand collection: collection published to Online Store (Admin publishedOnPublication),High,
447315214595,Medicube,medicube,https://beautyontapp.com/collections/medicube,MEDICUBE (51),51,36,NO - custom.label unset; default template collection.json renders no pill rows,NO - custom.label_one unset; default template collection.json renders no pill rows,8,Anti-Aging,19,9005244678403;8997217992963;8998697271555;8998540280067;8998493389059;9051046117635;9051074822403;9051039465731;8997246763267;8998525010179;8997282480387;8997191909635;8998507610371;8997440979203;9051068924163;9051000013059;9421186040067;9051064074499;8998469402883,tag 'collagen' (15); title 'collagen' (8); tag 'aging'/'ageing'/'anti-age' (5); tag 'retinol' (3); title 'retinol' (1); tag 'wrinkles' (1),new_collection,,YES,Medicube Anti-Aging,medicube-anti-aging,manual,Manual membership - exact product IDs: 9005244678403;8997217992963;8998697271555;8998540280067;8998493389059;9051046117635;9051074822403;9051039465731;8997246763267;8998525010179;8997282480387;8997191909635;8998507610371;8997440979203;9051068924163;9051000013059;9421186040067;9051064074499;8998469402883 (expected count 19),no conflict - checked against all 272 live collection handles and all proposed handles in this manifest,N/A - collection does not exist yet; source brand collection: collection published to Online Store (Admin publishedOnPublication),High,
442299941123,Mzuri Skin,mzuri-skin,https://beautyontapp.com/collections/mzuri-skin,MZURI SKIN (11),11,7,NO - custom.label unset; default template collection.json renders no pill rows,NO - custom.label_one unset; default template collection.json renders no pill rows,1,Cleansers,6,8929390264579;8929390231811;8929393574147;8929390199043;8929388986627;8929388429571,"product_type:Cleanser (5); tags 'cleansers'/'type:cleanser' (6, incl. Acne Soap Bar with empty productType)",new_collection,,YES,Mzuri Skin Cleansers,mzuri-skin-cleansers,manual,Manual membership - exact product IDs: 8929390264579;8929390231811;8929393574147;8929390199043;8929388986627;8929388429571 (expected count 6),no conflict - checked against all 272 live collection handles and all proposed handles in this manifest,N/A - collection does not exist yet; source brand collection: collection published to Online Store (Admin publishedOnPublication),High,
442299941123,Mzuri Skin,mzuri-skin,https://beautyontapp.com/collections/mzuri-skin,MZURI SKIN (11),11,7,NO - custom.label unset; default template collection.json renders no pill rows,NO - custom.label_one unset; default template collection.json renders no pill rows,2,Body Care,4,8929390264579;8929390231811;8929393574147;8929390199043,"tags 'body-wash'/'type:body-wash' (3), 'body-scrubs'/'type:body-scrub' (1); hyphen treated as word boundary for the 'body ' rule",new_collection,,YES,Mzuri Skin Body Care,mzuri-skin-body-care,manual,Manual membership - exact product IDs: 8929390264579;8929390231811;8929393574147;8929390199043 (expected count 4),no conflict - checked against all 272 live collection handles and all proposed handles in this manifest,N/A - collection does not exist yet; source brand collection: collection published to Online Store (Admin publishedOnPublication),High,
442299941123,Mzuri Skin,mzuri-skin,https://beautyontapp.com/collections/mzuri-skin,MZURI SKIN (11),11,7,NO - custom.label unset; default template collection.json renders no pill rows,NO - custom.label_one unset; default template collection.json renders no pill rows,3,Exfoliators,2,8929390231811;8929390199043,tags 'type:exfoliator'/'exfoliators-scrubs-skin-care' (1); title 'Sugar Scrub' + tags 'body-scrubs'/'type:body-scrub' (1),new_collection,,YES,Mzuri Skin Exfoliators,mzuri-skin-exfoliators,manual,Manual membership - exact product IDs: 8929390231811;8929390199043 (expected count 2),no conflict - checked against all 272 live collection handles and all proposed handles in this manifest,N/A - collection does not exist yet; source brand collection: collection published to Online Store (Admin publishedOnPublication),High,
442299941123,Mzuri Skin,mzuri-skin,https://beautyontapp.com/collections/mzuri-skin,MZURI SKIN (11),11,7,NO - custom.label unset; default template collection.json renders no pill rows,NO - custom.label_one unset; default template collection.json renders no pill rows,4,Serums,2,8929405600003;9214393024771,product_type:Serum + title 'serum' (1); tags 'type:serum'/'serums-oils' on Brightening Combo (1),new_collection,,YES,Mzuri Skin Serums,mzuri-skin-serums,manual,Manual membership - exact product IDs: 8929405600003;9214393024771 (expected count 2),no conflict - checked against all 272 live collection handles and all proposed handles in this manifest,N/A - collection does not exist yet; source brand collection: collection published to Online Store (Admin publishedOnPublication),High,
442299941123,Mzuri Skin,mzuri-skin,https://beautyontapp.com/collections/mzuri-skin,MZURI SKIN (11),11,7,NO - custom.label unset; default template collection.json renders no pill rows,NO - custom.label_one unset; default template collection.json renders no pill rows,5,Hyperpigmentation,9,8929405600003;9214393024771;8929390264579;9256107442435;9236564607235;8929393574147;8929390199043;8929388986627;8929388429571,tags 'hyperpigmentation'/'concern:hyperpigmentation' (8); title 'Pigmentation Soap' (1); Brightening Cream 9029134975235 has no pigment token,new_collection,,YES,Mzuri Skin Hyperpigmentation,mzuri-skin-hyperpigmentation,manual,Manual membership - exact product IDs: 8929405600003;9214393024771;8929390264579;9256107442435;9236564607235;8929393574147;8929390199043;8929388986627;8929388429571 (expected count 9),no conflict - checked against all 272 live collection handles and all proposed handles in this manifest,N/A - collection does not exist yet; source brand collection: collection published to Online Store (Admin publishedOnPublication),High,
442299941123,Mzuri Skin,mzuri-skin,https://beautyontapp.com/collections/mzuri-skin,MZURI SKIN (11),11,7,NO - custom.label unset; default template collection.json renders no pill rows,NO - custom.label_one unset; default template collection.json renders no pill rows,6,Acne Care,9,8929405600003;9214393024771;8929390264579;9256107442435;9236564607235;8929390231811;8929390199043;8929388986627;8929388429571,tags 'concern:acne'+'blemishes' (8); title 'Acne Soap Bar' (1),new_collection,,YES,Mzuri Skin Acne Care,mzuri-skin-acne-care,manual,Manual membership - exact product IDs: 8929405600003;9214393024771;8929390264579;9256107442435;9236564607235;8929390231811;8929390199043;8929388986627;8929388429571 (expected count 9),no conflict - checked against all 272 live collection handles and all proposed handles in this manifest,N/A - collection does not exist yet; source brand collection: collection published to Online Store (Admin publishedOnPublication),High,
442299941123,Mzuri Skin,mzuri-skin,https://beautyontapp.com/collections/mzuri-skin,MZURI SKIN (11),11,7,NO - custom.label unset; default template collection.json renders no pill rows,NO - custom.label_one unset; default template collection.json renders no pill rows,7,Brightening,7,8929405600003;9214393024771;8929390264579;9029134975235;9256107442435;9236564607235;8929390199043,title 'Brightening' (6); tag 'dark spots' literal on SPF 50 Sunscreen (1); hyphenated 'dark-marks' not counted as 'dark spot',new_collection,,YES,Mzuri Skin Brightening,mzuri-skin-brightening,manual,Manual membership - exact product IDs: 8929405600003;9214393024771;8929390264579;9029134975235;9256107442435;9236564607235;8929390199043 (expected count 7),no conflict - checked against all 272 live collection handles and all proposed handles in this manifest,N/A - collection does not exist yet; source brand collection: collection published to Online Store (Admin publishedOnPublication),High,
442299941123,Mzuri Skin,mzuri-skin,https://beautyontapp.com/collections/mzuri-skin,MZURI SKIN (11),11,7,NO - custom.label unset; default template collection.json renders no pill rows,NO - custom.label_one unset; default template collection.json renders no pill rows,8,Anti-Aging,2,9214393024771;9029134975235,tags 'anti-aging'/'concern:anti-aging' (1); tag 'retinol' literal (1),new_collection,,YES,Mzuri Skin Anti-Aging,mzuri-skin-anti-aging,manual,Manual membership - exact product IDs: 9214393024771;9029134975235 (expected count 2),no conflict - checked against all 272 live collection handles and all proposed handles in this manifest,N/A - collection does not exist yet; source brand collection: collection published to Online Store (Admin publishedOnPublication),High,
444464464131,Manetain,manetain,https://beautyontapp.com/collections/manetain,MANETAIN ORGANICS (6),6,1,NO - custom.label unset; default template collection.json renders no pill rows,NO - custom.label_one unset; default template collection.json renders no pill rows,1,Hair Care,6,8929329479939;8929474576643;8929329643779;8929329578243;8929329545475;8929329512707,product_type:Hair Care (5 products); tags hair/hair-care/conditioners/leave-ins on all 6; title matches 'conditioner'/'hair' (5). Bundle product 8929474576643 matches via tags hair-care/conditioners/leave-ins/type:hair-care.,new_collection,,YES,Manetain Hair Care,manetain-hair-care,manual,Manual membership - exact product IDs: 8929329479939;8929474576643;8929329643779;8929329578243;8929329545475;8929329512707 (expected count 6),no conflict - checked against all 272 live collection handles and all proposed handles in this manifest,N/A - collection does not exist yet; source brand collection: collection published to Online Store (Admin publishedOnPublication),High,
444384018691,MILLFORD,millford,https://beautyontapp.com/collections/millford,MILLFORD (9),9,5,NO - custom.label unset; default template collection.json renders no pill rows,NO - custom.label_one unset; default template collection.json renders no pill rows,1,Moisturisers,3,8929373225219;8929373290755;8929373192451,product_type:Moisturiser (3); tags 'type:moisturiser'/'creams' (3); no lip/eye/body/hand/hair exclusions triggered,new_collection,,YES,MILLFORD Moisturisers,millford-moisturisers,manual,Manual membership - exact product IDs: 8929373225219;8929373290755;8929373192451 (expected count 3),no conflict - checked against all 272 live collection handles and all proposed handles in this manifest,N/A - collection does not exist yet; source brand collection: collection published to Online Store (Admin publishedOnPublication),High,
444384018691,MILLFORD,millford,https://beautyontapp.com/collections/millford,MILLFORD (9),9,5,NO - custom.label unset; default template collection.json renders no pill rows,NO - custom.label_one unset; default template collection.json renders no pill rows,2,Cleansers,2,8929373126915;8929373159683,product_type:Cleanser (2); tags 'cleansers'/'type:cleanser' (2); title match 'cleanser' (1: Clarifying Foam Cleanser),new_collection,,YES,MILLFORD Cleansers,millford-cleansers,manual,Manual membership - exact product IDs: 8929373126915;8929373159683 (expected count 2),no conflict - checked against all 272 live collection handles and all proposed handles in this manifest,N/A - collection does not exist yet; source brand collection: collection published to Online Store (Admin publishedOnPublication),High,
444384018691,MILLFORD,millford,https://beautyontapp.com/collections/millford,MILLFORD (9),9,5,NO - custom.label unset; default template collection.json renders no pill rows,NO - custom.label_one unset; default template collection.json renders no pill rows,3,Toners,2,8929373356291;8929373257987,product_type:Toner (2); title match 'toner' (2); tags 'toners'/'type:toner' (2),new_collection,,YES,MILLFORD Toners,millford-toners,manual,Manual membership - exact product IDs: 8929373356291;8929373257987 (expected count 2),no conflict - checked against all 272 live collection handles and all proposed handles in this manifest,N/A - collection does not exist yet; source brand collection: collection published to Online Store (Admin publishedOnPublication),High,
444384018691,MILLFORD,millford,https://beautyontapp.com/collections/millford,MILLFORD (9),9,5,NO - custom.label unset; default template collection.json renders no pill rows,NO - custom.label_one unset; default template collection.json renders no pill rows,4,Acne Care,5,8929373257987;8929373225219;8929373126915;8929373192451;8929373159683,tags 'concern:acne'+'blemishes' (5 products); no title/type acne matches,new_collection,,YES,MILLFORD Acne Care,millford-acne-care,manual,Manual membership - exact product IDs: 8929373257987;8929373225219;8929373126915;8929373192451;8929373159683 (expected count 5),no conflict - checked against all 272 live collection handles and all proposed handles in this manifest,N/A - collection does not exist yet; source brand collection: collection published to Online Store (Admin publishedOnPublication),High,
444384018691,MILLFORD,millford,https://beautyontapp.com/collections/millford,MILLFORD (9),9,5,NO - custom.label unset; default template collection.json renders no pill rows,NO - custom.label_one unset; default template collection.json renders no pill rows,5,Hydration,4,8929373356291;8929373323523;8929373290755;8929373192451,"title match 'Hydrating' (4: Deep Hydrating Daily Toner/Serum/Cream, Oil Free Hydrating Jelly)",new_collection,,YES,MILLFORD Hydration,millford-hydration,manual,Manual membership - exact product IDs: 8929373356291;8929373323523;8929373290755;8929373192451 (expected count 4),no conflict - checked against all 272 live collection handles and all proposed handles in this manifest,N/A - collection does not exist yet; source brand collection: collection published to Online Store (Admin publishedOnPublication),Medium,
444712943875,Mielle,mielle,https://beautyontapp.com/collections/mielle,MIELLE (7),7,4,NO - custom.label unset; default template collection.json renders no pill rows,NO - custom.label_one unset; default template collection.json renders no pill rows,1,Hair Care,7,8929394491651;8929394458883;8929394426115;8929394393347;8929394688259;8929394622723;8929394557187,product_type:Hair Care (7 products); tags 'hair-care'/'type:hair-care' (7); title matches 'hair'/'shampoo'/'scalp'/'conditioner' (6),new_collection,,YES,Mielle Hair Care,mielle-hair-care,manual,Manual membership - exact product IDs: 8929394491651;8929394458883;8929394426115;8929394393347;8929394688259;8929394622723;8929394557187 (expected count 7),no conflict - checked against all 272 live collection handles and all proposed handles in this manifest,N/A - collection does not exist yet; source brand collection: collection published to Online Store (Admin publishedOnPublication),High,
444712943875,Mielle,mielle,https://beautyontapp.com/collections/mielle,MIELLE (7),7,4,NO - custom.label unset; default template collection.json renders no pill rows,NO - custom.label_one unset; default template collection.json renders no pill rows,2,Masks,2,8929394491651;8929394458883,"title match 'masque' (2); tag 'masque' (2) - both are hair masques, not face masks",new_collection,,YES,Mielle Masks,mielle-masks,manual,Manual membership - exact product IDs: 8929394491651;8929394458883 (expected count 2),no conflict - checked against all 272 live collection handles and all proposed handles in this manifest,N/A - collection does not exist yet; source brand collection: collection published to Online Store (Admin publishedOnPublication),High,
455487848707,MIXSOON,mixsoon,https://beautyontapp.com/collections/mixsoon,MIXSOON (10); mixsoon (16),26,23,NO - custom.label unset; default template collection.json renders no pill rows,NO - custom.label_one unset; default template collection.json renders no pill rows,1,Toners,11,9031450001667;9029094015235;9007873327363;9007865921795;9007812509955;9007789048067;9007774368003;9007768797443;9007764013315;9007701623043;9032090943747,"product_type:Toner (7 products); title 'Toner'/'Toner Pad' (6); tags toners/type:toner/'Toner pads' (adds Mung Bean Essence, Bean Essence, Friday sheet mask, Cleansing Water); Galactomyces Toner Pad unavailable (inv 0)",new_collection,,YES,MIXSOON Toners,mixsoon-toners,manual,Manual membership - exact product IDs: 9031450001667;9029094015235;9007873327363;9007865921795;9007812509955;9007789048067;9007774368003;9007768797443;9007764013315;9007701623043;9032090943747 (expected count 11),no conflict - checked against all 272 live collection handles and all proposed handles in this manifest,N/A - collection does not exist yet; source brand collection: collection published to Online Store (Admin publishedOnPublication),High,
455487848707,MIXSOON,mixsoon,https://beautyontapp.com/collections/mixsoon,MIXSOON (10); mixsoon (16),26,23,NO - custom.label unset; default template collection.json renders no pill rows,NO - custom.label_one unset; default template collection.json renders no pill rows,2,Masks,11,9032182661379;9007916777731;9007912550659;9007908323587;9007899410691;9007895150851;9007885451523;9007873327363;9007820177667;9007779873027;9031467630851,title 'Mask' (11 products); product_type:Face Mask (9); tags 'sheet mask'/type:face-mask; Deep Barrier Sheet Mask unavailable (inv 0),new_collection,,YES,MIXSOON Masks,mixsoon-masks,manual,Manual membership - exact product IDs: 9032182661379;9007916777731;9007912550659;9007908323587;9007899410691;9007895150851;9007885451523;9007873327363;9007820177667;9007779873027;9031467630851 (expected count 11),no conflict - checked against all 272 live collection handles and all proposed handles in this manifest,N/A - collection does not exist yet; source brand collection: collection published to Online Store (Admin publishedOnPublication),High,
455487848707,MIXSOON,mixsoon,https://beautyontapp.com/collections/mixsoon,MIXSOON (10); mixsoon (16),26,23,NO - custom.label unset; default template collection.json renders no pill rows,NO - custom.label_one unset; default template collection.json renders no pill rows,3,Essences,3,9031450001667;9029094015235;9007701623043,title 'Essence' (3 products); tags essence/type:essence (2),new_collection,,YES,MIXSOON Essences,mixsoon-essences,manual,Manual membership - exact product IDs: 9031450001667;9029094015235;9007701623043 (expected count 3),no conflict - checked against all 272 live collection handles and all proposed handles in this manifest,N/A - collection does not exist yet; source brand collection: collection published to Online Store (Admin publishedOnPublication),High,
455487848707,MIXSOON,mixsoon,https://beautyontapp.com/collections/mixsoon,MIXSOON (10); mixsoon (16),26,23,NO - custom.label unset; default template collection.json renders no pill rows,NO - custom.label_one unset; default template collection.json renders no pill rows,4,Moisturisers,3,9007695200515;9007836037379;9007895150851,"product_type:Moisturiser + tag creams-and-balms (Bean Cream); tags type:moisturiser + creams-and-balms (Centella Sun Cream, inv 0); title 'Moisture' matches 'moistur' (Daily Sheet Mask Saturday - Moisture, likely a false positive)",new_collection,,YES,MIXSOON Moisturisers,mixsoon-moisturisers,manual,Manual membership - exact product IDs: 9007695200515;9007836037379;9007895150851 (expected count 3),no conflict - checked against all 272 live collection handles and all proposed handles in this manifest,N/A - collection does not exist yet; source brand collection: collection published to Online Store (Admin publishedOnPublication),High,
455487848707,MIXSOON,mixsoon,https://beautyontapp.com/collections/mixsoon,MIXSOON (10); mixsoon (16),26,23,NO - custom.label unset; default template collection.json renders no pill rows,NO - custom.label_one unset; default template collection.json renders no pill rows,5,Cleansers,2,9007812509955;9007687663875,"title 'Cleansing' (Centella Cleansing Water, Bean Cleansing Oil); product_type:Cleanser (1); tags type:cleanser, micellar-water, cleansing-oils",new_collection,,YES,MIXSOON Cleansers,mixsoon-cleansers,manual,Manual membership - exact product IDs: 9007812509955;9007687663875 (expected count 2),no conflict - checked against all 272 live collection handles and all proposed handles in this manifest,N/A - collection does not exist yet; source brand collection: collection published to Online Store (Admin publishedOnPublication),High,
455487848707,MIXSOON,mixsoon,https://beautyontapp.com/collections/mixsoon,MIXSOON (10); mixsoon (16),26,23,NO - custom.label unset; default template collection.json renders no pill rows,NO - custom.label_one unset; default template collection.json renders no pill rows,6,Sunscreen,2,9007711289603;9007836037379,"product_type:Sunscreen + title 'Sun Stick' + tag sunscreen (Bean Sun Stick); title 'Sun Cream' + tags sunscreen/type:sunscreen (Centella Sun Cream, inv 0)",new_collection,,YES,MIXSOON Sunscreen,mixsoon-sunscreen,manual,Manual membership - exact product IDs: 9007711289603;9007836037379 (expected count 2),no conflict - checked against all 272 live collection handles and all proposed handles in this manifest,N/A - collection does not exist yet; source brand collection: collection published to Online Store (Admin publishedOnPublication),High,
455487848707,MIXSOON,mixsoon,https://beautyontapp.com/collections/mixsoon,MIXSOON (10); mixsoon (16),26,23,NO - custom.label unset; default template collection.json renders no pill rows,NO - custom.label_one unset; default template collection.json renders no pill rows,7,Sensitive Skin,6,9031450001667;9029094015235;9007865921795;9007820177667;9007789048067;9007774368003,tags 'sensitive skin'/'skin:sensitive' (6 products),new_collection,,YES,MIXSOON Sensitive Skin,mixsoon-sensitive-skin,manual,Manual membership - exact product IDs: 9031450001667;9029094015235;9007865921795;9007820177667;9007789048067;9007774368003 (expected count 6),no conflict - checked against all 272 live collection handles and all proposed handles in this manifest,N/A - collection does not exist yet; source brand collection: collection published to Online Store (Admin publishedOnPublication),High,
455487848707,MIXSOON,mixsoon,https://beautyontapp.com/collections/mixsoon,MIXSOON (10); mixsoon (16),26,23,NO - custom.label unset; default template collection.json renders no pill rows,NO - custom.label_one unset; default template collection.json renders no pill rows,8,Acne Care,3,9031450001667;9007701623043;9032090943747,"tags concern:acne + blemishes (Galactomyces Ferment Essence, Bean Essence, Galactomyces Toner Pad); Galactomyces Toner Pad unavailable (inv 0)",new_collection,,YES,MIXSOON Acne Care,mixsoon-acne-care,manual,Manual membership - exact product IDs: 9031450001667;9007701623043;9032090943747 (expected count 3),no conflict - checked against all 272 live collection handles and all proposed handles in this manifest,N/A - collection does not exist yet; source brand collection: collection published to Online Store (Admin publishedOnPublication),High,
442300006659,Nakolwethu,nakolwethu,https://beautyontapp.com/collections/nakolwethu,NAKOLWETHU (2),2,0,NO - custom.label unset; default template collection.json renders no pill rows,NO - custom.label_one unset; default template collection.json renders no pill rows,,NO SAFE PILL — insufficient verified product range,0,,"2 published products but 0 available - categories with >=2 published products exist (e.g. Sunscreen, Hyperpigmentation) yet every qualifying product is out of stock, failing the >=1 available rule",,,NO,,,,,,collection published to Online Store (Admin publishedOnPublication),High,all qualifying products out of stock (availability rule); revisit after restock
442300039427,Native Child,native-child,https://beautyontapp.com/collections/native-child,NATIVE CHILD (14),10,7,NO - custom.label unset; default template collection.json renders no pill rows,NO - custom.label_one unset; default template collection.json renders no pill rows,1,Hair Care,10,8929389314307;8929389248771;8929120420099;8929120354563;8929120321795;8929120289027;8929120256259;8929471529219;8929389347075;8929389281539,product_type:Hair Care (9 of 10 published); tags hair-care/hair-masques/type:hair-* (10); title matches 'hair'/'shampoo'/'conditioner'/'scalp' (6),new_collection,,YES,Native Child Hair Care,native-child-hair-care,manual,Manual membership - exact product IDs: 8929389314307;8929389248771;8929120420099;8929120354563;8929120321795;8929120289027;8929120256259;8929471529219;8929389347075;8929389281539 (expected count 10),no conflict - checked against all 272 live collection handles and all proposed handles in this manifest,N/A - collection does not exist yet; source brand collection: collection published to Online Store (Admin publishedOnPublication),High,
442300039427,Native Child,native-child,https://beautyontapp.com/collections/native-child,NATIVE CHILD (14),10,7,NO - custom.label unset; default template collection.json renders no pill rows,NO - custom.label_one unset; default template collection.json renders no pill rows,2,Masks,3,8929389314307;8929120321795;8929120256259,"tag:hair-masques + type:hair-mask (3) — all are hair masks, not facial masks",new_collection,,YES,Native Child Masks,native-child-masks,manual,Manual membership - exact product IDs: 8929389314307;8929120321795;8929120256259 (expected count 3),no conflict - checked against all 272 live collection handles and all proposed handles in this manifest,N/A - collection does not exist yet; source brand collection: collection published to Online Store (Admin publishedOnPublication),High,
442300039427,Native Child,native-child,https://beautyontapp.com/collections/native-child,NATIVE CHILD (14),10,7,NO - custom.label unset; default template collection.json renders no pill rows,NO - custom.label_one unset; default template collection.json renders no pill rows,3,Serums,2,8929120289027;8929389347075,"tag:growth-serums + type:hair-growth-serum (2); title match 'serum' (Hair Repair Serum) — both are hair growth serums, not facial serums",new_collection,,YES,Native Child Serums,native-child-serums,manual,Manual membership - exact product IDs: 8929120289027;8929389347075 (expected count 2),no conflict - checked against all 272 live collection handles and all proposed handles in this manifest,N/A - collection does not exist yet; source brand collection: collection published to Online Store (Admin publishedOnPublication),High,
442300039427,Native Child,native-child,https://beautyontapp.com/collections/native-child,NATIVE CHILD (14),10,7,NO - custom.label unset; default template collection.json renders no pill rows,NO - custom.label_one unset; default template collection.json renders no pill rows,4,Body Care,2,8929120321795;8929120256259,title 'Body Moisturizer' (Whipped Shea Butter); tags body-care/body-butters/type:body-butter (Milk and Honey Moisture Cream). Both excluded from Moisturisers per Body Care precedence,new_collection,,YES,Native Child Body Care,native-child-body-care,manual,Manual membership - exact product IDs: 8929120321795;8929120256259 (expected count 2),no conflict - checked against all 272 live collection handles and all proposed handles in this manifest,N/A - collection does not exist yet; source brand collection: collection published to Online Store (Admin publishedOnPublication),High,
442300072195,Naturally Africa,naturally-africa,https://beautyontapp.com/collections/naturally-africa,NATURALLY AFRICA (10),10,6,NO - custom.label unset; default template collection.json renders no pill rows,NO - custom.label_one unset; default template collection.json renders no pill rows,1,Hair Care,10,8929336131843;8929336099075;8929336000771;8929335968003;8929335836931;8929335771395;8929336066307;8929335935235;8929335869699;8929335804163,product_type:Hair Care (10 products); tags hair-care/hair-mists/shampoos/conditioners/leave-ins; title matches 'hair'/'scalp'/'shampoo'/'conditioner'/'leave-in',new_collection,,YES,Naturally Africa Hair Care,naturally-africa-hair-care,manual,Manual membership - exact product IDs: 8929336131843;8929336099075;8929336000771;8929335968003;8929335836931;8929335771395;8929336066307;8929335935235;8929335869699;8929335804163 (expected count 10),no conflict - checked against all 272 live collection handles and all proposed handles in this manifest,N/A - collection does not exist yet; source brand collection: collection published to Online Store (Admin publishedOnPublication),High,
442300072195,Naturally Africa,naturally-africa,https://beautyontapp.com/collections/naturally-africa,NATURALLY AFRICA (10),10,6,NO - custom.label unset; default template collection.json renders no pill rows,NO - custom.label_one unset; default template collection.json renders no pill rows,2,Masks,2,8929335968003;8929335804163,"tag match 'hair-masques'/'type:hair-mask' (2 products) — literal mask|masque rule hit; these are HAIR masks, not facial masks",new_collection,,YES,Naturally Africa Masks,naturally-africa-masks,manual,Manual membership - exact product IDs: 8929335968003;8929335804163 (expected count 2),no conflict - checked against all 272 live collection handles and all proposed handles in this manifest,N/A - collection does not exist yet; source brand collection: collection published to Online Store (Admin publishedOnPublication),High,
442300104963,Naturals Beauty,naturals-beauty,https://beautyontapp.com/collections/naturals-beauty,NATURALS BEAUTY (11),11,1,NO - custom.label unset; default template collection.json renders no pill rows,NO - custom.label_one unset; default template collection.json renders no pill rows,1,Body Care,4,8929372799235;8929372766467;8929372733699;8929372700931,"title match 'body ' (Gel Body Wash, Body Butter, Body Creme); tag 'body-care' with hyphen treated as word boundary (4 incl. White Sugar Scrub); product_type:Body Care (3). Only Gel Body Wash (inv 2) is available",new_collection,,YES,Naturals Beauty Body Care,naturals-beauty-body-care,manual,Manual membership - exact product IDs: 8929372799235;8929372766467;8929372733699;8929372700931 (expected count 4),no conflict - checked against all 272 live collection handles and all proposed handles in this manifest,N/A - collection does not exist yet; source brand collection: collection published to Online Store (Admin publishedOnPublication),High,
442300203267,Neutriherb,neutriherb,https://beautyontapp.com/collections/neutriherb,NEUTRIHERBS (11),11,0,NO - custom.label unset; default template collection.json renders no pill rows,NO - custom.label_one unset; default template collection.json renders no pill rows,,NO SAFE PILL — insufficient verified product range,0,,"11 published products but 0 available - categories with >=2 published products exist (e.g. Cleansers, Exfoliators, Serums, Moisturisers, Brightening, Hyperpigmentation, Acne Care) yet every qualifying product is out of stock, failing the >=1 available rule",,,NO,,,,,,collection published to Online Store (Admin publishedOnPublication),High,all qualifying products out of stock (availability rule); revisit after restock
444464595203,Neutrogena,neutrogena,https://beautyontapp.com/collections/neutrogena,NEUTROGENA (27),27,8,NO - custom.label unset; default template collection.json renders no pill rows,NO - custom.label_one unset; default template collection.json renders no pill rows,1,Body Care,7,8929405468931;8929401897219;8929401798915;8929401766147;8929401929987;8929401864451;8929401831683,"product_type:Body Care (4); title 'Body ' (5); the 2 multipurpose balms (8929401864451, 8929401831683) matched via body-care/body-lotion tags (hyphens normalized to spaces) and were assigned here instead of Moisturisers per Body Care > Moisturisers precedence",new_collection,,YES,Neutrogena Body Care,neutrogena-body-care,manual,Manual membership - exact product IDs: 8929405468931;8929401897219;8929401798915;8929401766147;8929401929987;8929401864451;8929401831683 (expected count 7),no conflict - checked against all 272 live collection handles and all proposed handles in this manifest,N/A - collection does not exist yet; source brand collection: collection published to Online Store (Admin publishedOnPublication),High,
444464595203,Neutrogena,neutrogena,https://beautyontapp.com/collections/neutrogena,NEUTROGENA (27),27,8,NO - custom.label unset; default template collection.json renders no pill rows,NO - custom.label_one unset; default template collection.json renders no pill rows,2,Cleansers,6,8929376076035;8929376600323;8929376043267;8929376567555;8929376010499;8929376633091,product_type:Cleanser (4); title 'cleansing' (Blackhead Eliminating Cleansing Toner); tags cleansers/type:cleanser (Skin Detox Cooling Gel Scrub); 'micellar' in 2 titles,new_collection,,YES,Neutrogena Cleansers,neutrogena-cleansers,manual,Manual membership - exact product IDs: 8929376076035;8929376600323;8929376043267;8929376567555;8929376010499;8929376633091 (expected count 6),no conflict - checked against all 272 live collection handles and all proposed handles in this manifest,N/A - collection does not exist yet; source brand collection: collection published to Online Store (Admin publishedOnPublication),High,
444464595203,Neutrogena,neutrogena,https://beautyontapp.com/collections/neutrogena,NEUTROGENA (27),27,8,NO - custom.label unset; default template collection.json renders no pill rows,NO - custom.label_one unset; default template collection.json renders no pill rows,3,Moisturisers,6,8929376403715;8929376108803;8929378959619;8929380368643;8929376436483;8929380466947,product_type:Moisturiser (4); tag type:moisturiser + titles 'gel cream'/'night cream'/'day cream' (Bright Boost SPF 30 Gel Fluid and Retinol Boost Day Cream SPF15 matched via type:moisturiser tag); body-tagged balms/lotions excluded per Body Care precedence,new_collection,,YES,Neutrogena Moisturisers,neutrogena-moisturisers,manual,Manual membership - exact product IDs: 8929376403715;8929376108803;8929378959619;8929380368643;8929376436483;8929380466947 (expected count 6),no conflict - checked against all 272 live collection handles and all proposed handles in this manifest,N/A - collection does not exist yet; source brand collection: collection published to Online Store (Admin publishedOnPublication),High,
444464595203,Neutrogena,neutrogena,https://beautyontapp.com/collections/neutrogena,NEUTROGENA (27),27,8,NO - custom.label unset; default template collection.json renders no pill rows,NO - custom.label_one unset; default template collection.json renders no pill rows,4,Serums,3,8929376534787;8929380401411;8929376469251,title 'Serum' (3); tag type:serum (3); all have blank productType,new_collection,,YES,Neutrogena Serums,neutrogena-serums,manual,Manual membership - exact product IDs: 8929376534787;8929380401411;8929376469251 (expected count 3),no conflict - checked against all 272 live collection handles and all proposed handles in this manifest,N/A - collection does not exist yet; source brand collection: collection published to Online Store (Admin publishedOnPublication),High,
444464595203,Neutrogena,neutrogena,https://beautyontapp.com/collections/neutrogena,NEUTROGENA (27),27,8,NO - custom.label unset; default template collection.json renders no pill rows,NO - custom.label_one unset; default template collection.json renders no pill rows,5,Sunscreen,2,8929376436483;8929380466947,title 'SPF 30'/'SPF15' + tags sunscreen/type:sunscreen (2),new_collection,,YES,Neutrogena Sunscreen,neutrogena-sunscreen,manual,Manual membership - exact product IDs: 8929376436483;8929380466947 (expected count 2),no conflict - checked against all 272 live collection handles and all proposed handles in this manifest,N/A - collection does not exist yet; source brand collection: collection published to Online Store (Admin publishedOnPublication),High,
444464595203,Neutrogena,neutrogena,https://beautyontapp.com/collections/neutrogena,NEUTROGENA (27),27,8,NO - custom.label unset; default template collection.json renders no pill rows,NO - custom.label_one unset; default template collection.json renders no pill rows,6,Anti-Aging,5,8929380368643;8929401798915;8929380401411;8929380466947;8929380434179,tag anti-aging (5); literal 'retinol' in title/tags (4); tag collagen (4),new_collection,,YES,Neutrogena Anti-Aging,neutrogena-anti-aging,manual,Manual membership - exact product IDs: 8929380368643;8929401798915;8929380401411;8929380466947;8929380434179 (expected count 5),no conflict - checked against all 272 live collection handles and all proposed handles in this manifest,N/A - collection does not exist yet; source brand collection: collection published to Online Store (Admin publishedOnPublication),High,
444464595203,Neutrogena,neutrogena,https://beautyontapp.com/collections/neutrogena,NEUTROGENA (27),27,8,NO - custom.label unset; default template collection.json renders no pill rows,NO - custom.label_one unset; default template collection.json renders no pill rows,7,Brightening,4,8929376403715;8929376436483;8929376469251;8929376502019,title 'Bright Boost' (literal 'bright') on all 4,new_collection,,YES,Neutrogena Brightening,neutrogena-brightening,manual,Manual membership - exact product IDs: 8929376403715;8929376436483;8929376469251;8929376502019 (expected count 4),no conflict - checked against all 272 live collection handles and all proposed handles in this manifest,N/A - collection does not exist yet; source brand collection: collection published to Online Store (Admin publishedOnPublication),Medium,
444464595203,Neutrogena,neutrogena,https://beautyontapp.com/collections/neutrogena,NEUTROGENA (27),27,8,NO - custom.label unset; default template collection.json renders no pill rows,NO - custom.label_one unset; default template collection.json renders no pill rows,8,Hyperpigmentation,4,8929376403715;8929376436483;8929376469251;8929376502019,tags hyperpigmentation/concern:hyperpigmentation on all 4 (same Bright Boost line); note tag 'dark-marks' present but literal 'dark spot' absent,new_collection,,YES,Neutrogena Hyperpigmentation,neutrogena-hyperpigmentation,manual,Manual membership - exact product IDs: 8929376403715;8929376436483;8929376469251;8929376502019 (expected count 4),no conflict - checked against all 272 live collection handles and all proposed handles in this manifest,N/A - collection does not exist yet; source brand collection: collection published to Online Store (Admin publishedOnPublication),High,
444347646211,Nilotiqa,nilotiqa-nilotiqa,https://beautyontapp.com/collections/nilotiqa-nilotiqa,NILOTIQA (10),10,5,NO - custom.label unset; default template collection.json renders no pill rows,NO - custom.label_one unset; default template collection.json renders no pill rows,1,Hair Care,10,8929391673603;8929391608067;8929391575299;8929391542531;8929391411459;8929391935747;8929391640835;8929391509763;8929391476995;8929391444227,product_type:Hair Care (10 products); tag 'hair-care' (10); title matches 'shampoo'/'conditioner'/'hair'/'scalp'/'leave-in' across the range,new_collection,,YES,Nilotiqa Hair Care,nilotiqa-hair-care,manual,Manual membership - exact product IDs: 8929391673603;8929391608067;8929391575299;8929391542531;8929391411459;8929391935747;8929391640835;8929391509763;8929391476995;8929391444227 (expected count 10),no conflict - checked against all 272 live collection handles and all proposed handles in this manifest,N/A - collection does not exist yet; source brand collection: collection published to Online Store (Admin publishedOnPublication),High,
444347646211,Nilotiqa,nilotiqa-nilotiqa,https://beautyontapp.com/collections/nilotiqa-nilotiqa,NILOTIQA (10),10,5,NO - custom.label unset; default template collection.json renders no pill rows,NO - custom.label_one unset; default template collection.json renders no pill rows,2,Masks,2,8929391575299;8929391476995,"tag match 'hair-masques' / 'type:hair-mask' (2) - note: hair masques, matched literally on 'masque'/'mask' per rule",new_collection,,YES,Nilotiqa Masks,nilotiqa-masks,manual,Manual membership - exact product IDs: 8929391575299;8929391476995 (expected count 2),no conflict - checked against all 272 live collection handles and all proposed handles in this manifest,N/A - collection does not exist yet; source brand collection: collection published to Online Store (Admin publishedOnPublication),High,
442300137731,Ndanaka,ndanaka,https://beautyontapp.com/collections/ndanaka,NDANAKA (5),4,0,NO - custom.label unset; default template collection.json renders no pill rows,NO - custom.label_one unset; default template collection.json renders no pill rows,,NO SAFE PILL — insufficient verified product range,0,,"4 published products but 0 available - categories with >=2 published products exist (e.g. Serums, Hyperpigmentation, Acne Care) yet every qualifying product is out of stock, failing the >=1 available rule",,,NO,,,,,,collection published to Online Store (Admin publishedOnPublication),High,all qualifying products out of stock (availability rule); revisit after restock
444589932803,Olio,olio,https://beautyontapp.com/collections/olio,OLIŌ (8),8,7,NO - custom.label unset; default template collection.json renders no pill rows,NO - custom.label_one unset; default template collection.json renders no pill rows,,NO SAFE PILL — insufficient verified product range,0,,8 published / 7 available products; no category reached >=2 published + >=1 available (audit of all products via Admin API),,,NO,,,,,,collection published to Online Store (Admin publishedOnPublication),High,insufficient verified product range
442300268803,Ostibel,ostibel,https://beautyontapp.com/collections/ostibel,OSTIBEL (5),5,3,NO - custom.label unset; default template collection.json renders no pill rows,NO - custom.label_one unset; default template collection.json renders no pill rows,1,Body Care,3,8929335345411;8929120452867;8929402814723,product_type:Body Care (1: Helichrysum Essential Oil); tags 'body-butters'/'type:body-butter' (1: Organic Shea Butter); tags 'body-mists'/'type:body-mist' (1: Rosemary Mist). Hyphenated tags treated as word-separated 'body ' matches.,new_collection,,YES,Ostibel Body Care,ostibel-body-care,manual,Manual membership - exact product IDs: 8929335345411;8929120452867;8929402814723 (expected count 3),no conflict - checked against all 272 live collection handles and all proposed handles in this manifest,N/A - collection does not exist yet; source brand collection: collection published to Online Store (Admin publishedOnPublication),High,
442300268803,Ostibel,ostibel,https://beautyontapp.com/collections/ostibel,OSTIBEL (5),5,3,NO - custom.label unset; default template collection.json renders no pill rows,NO - custom.label_one unset; default template collection.json renders no pill rows,2,Serums,2,8929381941507;8929335345411,"tag 'oils-and-serums' contains 'serum' (2 products: Kalahari Melon Seed Oil, Helichrysum Essential Oil). Note: both are oils; the serum match comes from a merged oils+serums tag.",new_collection,,YES,Ostibel Serums,ostibel-serums,manual,Manual membership - exact product IDs: 8929381941507;8929335345411 (expected count 2),no conflict - checked against all 272 live collection handles and all proposed handles in this manifest,N/A - collection does not exist yet; source brand collection: collection published to Online Store (Admin publishedOnPublication),High,
442300268803,Ostibel,ostibel,https://beautyontapp.com/collections/ostibel,OSTIBEL (5),5,3,NO - custom.label unset; default template collection.json renders no pill rows,NO - custom.label_one unset; default template collection.json renders no pill rows,3,Hair Care,2,8929120452867;8929402814723,tags 'hair-masques'/'type:hair-mask' (Shea Butter); title 'Hair' + tags 'hair'/'type:hair-care' (Rosemary Mist),new_collection,,YES,Ostibel Hair Care,ostibel-hair-care,manual,Manual membership - exact product IDs: 8929120452867;8929402814723 (expected count 2),no conflict - checked against all 272 live collection handles and all proposed handles in this manifest,N/A - collection does not exist yet; source brand collection: collection published to Online Store (Admin publishedOnPublication),High,
442298007811,Pastry Skincare,pastry-skincare,https://beautyontapp.com/collections/pastry-skincare,PASTRY SKINCARE (27),26,25,NO - custom.label unset; default template collection.json renders no pill rows,NO - custom.label_one unset; default template collection.json renders no pill rows,1,Body Care,21,9362727272707;8961711571203;9366277062915;9423865774339;8929475592451;8929366212867;8929395015939;9040954425603;8929404813571;8929475232003;8929404944643;8929390330115;8929362477315;8929475264771;8929404879107;8929475756291;8929385906435;8929385939203;8929365426435;9213457858819;8929364803843,"title 'Body '/'Hand Cream'/'Deodorant' (18); productType Body Care/Deodorant/Hand Care (8); tags 'body-care'/'body-wash' hyphen-normalised (3 tag-only: both Mini Kits, Niacinamide Sunscreen)",new_collection,,YES,Pastry Skincare Body Care,pastry-skincare-body-care,manual,Manual membership - exact product IDs: 9362727272707;8961711571203;9366277062915;9423865774339;8929475592451;8929366212867;8929395015939;9040954425603;8929404813571;8929475232003;8929404944643;8929390330115;8929362477315;8929475264771;8929404879107;8929475756291;8929385906435;8929385939203;8929365426435;9213457858819;8929364803843 (expected count 21),no conflict - checked against all 272 live collection handles and all proposed handles in this manifest,N/A - collection does not exist yet; source brand collection: collection published to Online Store (Admin publishedOnPublication),High,
442298007811,Pastry Skincare,pastry-skincare,https://beautyontapp.com/collections/pastry-skincare,PASTRY SKINCARE (27),26,25,NO - custom.label unset; default template collection.json renders no pill rows,NO - custom.label_one unset; default template collection.json renders no pill rows,2,Serums,4,8929378894083;8929378926851;8929365426435;8929380860163,title 'Serum' (3) + tag 'type:serum' (3); BHA Body Gel qualifies only via tag 'oils-and-serums' (likely over-tag; it is an exfoliating body gel),new_collection,,YES,Pastry Skincare Serums,pastry-skincare-serums,manual,Manual membership - exact product IDs: 8929378894083;8929378926851;8929365426435;8929380860163 (expected count 4),no conflict - checked against all 272 live collection handles and all proposed handles in this manifest,N/A - collection does not exist yet; source brand collection: collection published to Online Store (Admin publishedOnPublication),High,
442298007811,Pastry Skincare,pastry-skincare,https://beautyontapp.com/collections/pastry-skincare,PASTRY SKINCARE (27),26,25,NO - custom.label unset; default template collection.json renders no pill rows,NO - custom.label_one unset; default template collection.json renders no pill rows,3,Cleansers,3,9423865774339;8929475592451;8929475756291,productType:Cleanser (3); tags 'cleansers'/'type:cleanser' (3); title 'Cleanser' (1: Lactic Acid Body Wash),new_collection,,YES,Pastry Skincare Cleansers,pastry-skincare-cleansers,manual,Manual membership - exact product IDs: 9423865774339;8929475592451;8929475756291 (expected count 3),no conflict - checked against all 272 live collection handles and all proposed handles in this manifest,N/A - collection does not exist yet; source brand collection: collection published to Online Store (Admin publishedOnPublication),High,
442298007811,Pastry Skincare,pastry-skincare,https://beautyontapp.com/collections/pastry-skincare,PASTRY SKINCARE (27),26,25,NO - custom.label unset; default template collection.json renders no pill rows,NO - custom.label_one unset; default template collection.json renders no pill rows,4,Exfoliators,3,8929475232003;8929475756291;8929365426435,"productType:Exfoliator (2: Salicylic Acid Body Wash, BHA Body Gel); title 'Exfoliating' (2); tags 'exfoliators' (2)",new_collection,,YES,Pastry Skincare Exfoliators,pastry-skincare-exfoliators,manual,Manual membership - exact product IDs: 8929475232003;8929475756291;8929365426435 (expected count 3),no conflict - checked against all 272 live collection handles and all proposed handles in this manifest,N/A - collection does not exist yet; source brand collection: collection published to Online Store (Admin publishedOnPublication),High,
442298007811,Pastry Skincare,pastry-skincare,https://beautyontapp.com/collections/pastry-skincare,PASTRY SKINCARE (27),26,25,NO - custom.label unset; default template collection.json renders no pill rows,NO - custom.label_one unset; default template collection.json renders no pill rows,5,Sunscreen,2,8961711571203;8929390330115,title 'SPF30' / 'Sunscreen SPF 50+' (2); tags 'sunscreen'/'type:sunscreen' (1),new_collection,,YES,Pastry Skincare Sunscreen,pastry-skincare-sunscreen,manual,Manual membership - exact product IDs: 8961711571203;8929390330115 (expected count 2),no conflict - checked against all 272 live collection handles and all proposed handles in this manifest,N/A - collection does not exist yet; source brand collection: collection published to Online Store (Admin publishedOnPublication),High,
442298007811,Pastry Skincare,pastry-skincare,https://beautyontapp.com/collections/pastry-skincare,PASTRY SKINCARE (27),26,25,NO - custom.label unset; default template collection.json renders no pill rows,NO - custom.label_one unset; default template collection.json renders no pill rows,6,Hyperpigmentation,18,9213434855683;8961711571203;9423865774339;8929475592451;8929366212867;8929395015939;9040954425603;8929404813571;8929404944643;8929390330115;8929362477315;9210517946627;8929404879107;8929378894083;8929385906435;8929385939203;9213457858819;8929380860163,"tags 'hyperpigmentation'/'concern:hyperpigmentation' (14); title 'Pigment/Pigmentation' (4: Anti-Pigment Hand Cream, Anti Pigmentation Deodorant, Evening Pigment Corrector, Pigmentation Correction Serum); 'dark spots' tags (3)",new_collection,,YES,Pastry Skincare Hyperpigmentation,pastry-skincare-hyperpigmentation,manual,Manual membership - exact product IDs: 9213434855683;8961711571203;9423865774339;8929475592451;8929366212867;8929395015939;9040954425603;8929404813571;8929404944643;8929390330115;8929362477315;9210517946627;8929404879107;8929378894083;8929385906435;8929385939203;9213457858819;8929380860163 (expected count 18),no conflict - checked against all 272 live collection handles and all proposed handles in this manifest,N/A - collection does not exist yet; source brand collection: collection published to Online Store (Admin publishedOnPublication),High,
442298007811,Pastry Skincare,pastry-skincare,https://beautyontapp.com/collections/pastry-skincare,PASTRY SKINCARE (27),26,25,NO - custom.label unset; default template collection.json renders no pill rows,NO - custom.label_one unset; default template collection.json renders no pill rows,7,Acne Care,13,9213434855683;9423865774339;8929475592451;8929395015939;8929475232003;8929404944643;8929362477315;8929475756291;8929378894083;8929385906435;8929365426435;9213457858819;8929380860163,"tags 'concern:acne'/'blemishes' (11); title 'Acne' (2: Salicylic Acid Body Wash 'Acne Control', Body Acne Busting Combo)",new_collection,,YES,Pastry Skincare Acne Care,pastry-skincare-acne-care,manual,Manual membership - exact product IDs: 9213434855683;9423865774339;8929475592451;8929395015939;8929475232003;8929404944643;8929362477315;8929475756291;8929378894083;8929385906435;8929365426435;9213457858819;8929380860163 (expected count 13),no conflict - checked against all 272 live collection handles and all proposed handles in this manifest,N/A - collection does not exist yet; source brand collection: collection published to Online Store (Admin publishedOnPublication),High,
442298007811,Pastry Skincare,pastry-skincare,https://beautyontapp.com/collections/pastry-skincare,PASTRY SKINCARE (27),26,25,NO - custom.label unset; default template collection.json renders no pill rows,NO - custom.label_one unset; default template collection.json renders no pill rows,8,Sets & Bundles,5,9362727272707;9213434855683;8929404944643;8929404879107;9213457858819,title word 'Bundle'/'Kit'/'Combo' (5); productType:Bundle + tag 'type:bundle' (2 Mini Kits),existing_collection,https://beautyontapp.com/collections/pastry-bundles,NO,,,,,existing collection 'Pastry Bundles' (ID 472789352707) reused - no new handle needed,"Admin-verified 2026-07-21: exists (ID 472789352707), published to Online Store publication 155158446339, 2 products; live HTTP 200 NOT VERIFIED - Cloudflare bot protection returns 403 to server-side fetches",High,
444465021187,Purpul Hair,purpul-hair,https://beautyontapp.com/collections/purpul-hair,PURPUL HAIR (15),15,4,NO - custom.label unset; default template collection.json renders no pill rows,NO - custom.label_one unset; default template collection.json renders no pill rows,1,Hair Care,15,9340159197443;8929119273219;8929119240451;8929119043843;9340152643843;8929474609411;8929471824131;8929393312003;8929335279875;8929335247107;8929155154179;8929155121411;8929119600899;8929119338755;8929119207683,product_type:Hair Care (12 products); tags type:hair-care/hair-care on all 15; title matches 'hair'/'shampoo'/'conditioner'/'leave-in' (13),new_collection,,YES,Purpul Hair Hair Care,purpul-hair-hair-care,manual,Manual membership - exact product IDs: 9340159197443;8929119273219;8929119240451;8929119043843;9340152643843;8929474609411;8929471824131;8929393312003;8929335279875;8929335247107;8929155154179;8929155121411;8929119600899;8929119338755;8929119207683 (expected count 15),no conflict - checked against all 272 live collection handles and all proposed handles in this manifest,N/A - collection does not exist yet; source brand collection: collection published to Online Store (Admin publishedOnPublication),High,
444465021187,Purpul Hair,purpul-hair,https://beautyontapp.com/collections/purpul-hair,PURPUL HAIR (15),15,4,NO - custom.label unset; default template collection.json renders no pill rows,NO - custom.label_one unset; default template collection.json renders no pill rows,2,Serums,3,8929119043843;8929393312003;8929155154179,"product_type:Serum + title 'Hairline Serum' + tag type:serum (1); tags growth-serums/type:hair-growth-serum (2) — all are hair serums, not facial",new_collection,,YES,Purpul Hair Serums,purpul-hair-serums,manual,Manual membership - exact product IDs: 8929119043843;8929393312003;8929155154179 (expected count 3),no conflict - checked against all 272 live collection handles and all proposed handles in this manifest,N/A - collection does not exist yet; source brand collection: collection published to Online Store (Admin publishedOnPublication),High,
464772366595,Purito Seoul,purito-seoul,https://beautyontapp.com/collections/purito-seoul,Purito Seoul (6),6,6,NO - custom.label unset; default template collection.json renders no pill rows,NO - custom.label_one unset; default template collection.json renders no pill rows,1,Serums,3,9344460816643;9344434733315;9344258081027,"title match 'serum' (3: TXA 6 Niacinamide 10 Retinal Serum, Mighty Bamboo Panthenol Serum, Azelaic Acid 10 Kojic Tea Tree Serum); all three have empty productType",new_collection,,YES,Purito Seoul Serums,purito-seoul-serums,manual,Manual membership - exact product IDs: 9344460816643;9344434733315;9344258081027 (expected count 3),no conflict - checked against all 272 live collection handles and all proposed handles in this manifest,N/A - collection does not exist yet; source brand collection: collection published to Online Store (Admin publishedOnPublication),High,
464772366595,Purito Seoul,purito-seoul,https://beautyontapp.com/collections/purito-seoul,Purito Seoul (6),6,6,NO - custom.label unset; default template collection.json renders no pill rows,NO - custom.label_one unset; default template collection.json renders no pill rows,2,Moisturisers,2,9344414023939;9344490406147,"product_type:Moisturiser + tag type:moisturiser (1: Panthenol Cream); title match 'lotion' in 'Daily Sun Lotion' (1 - literal rule match, product is a sunscreen, see data_quality_notes)",new_collection,,YES,Purito Seoul Moisturisers,purito-seoul-moisturisers,manual,Manual membership - exact product IDs: 9344414023939;9344490406147 (expected count 2),no conflict - checked against all 272 live collection handles and all proposed handles in this manifest,N/A - collection does not exist yet; source brand collection: collection published to Online Store (Admin publishedOnPublication),High,
464772366595,Purito Seoul,purito-seoul,https://beautyontapp.com/collections/purito-seoul,Purito Seoul (6),6,6,NO - custom.label unset; default template collection.json renders no pill rows,NO - custom.label_one unset; default template collection.json renders no pill rows,3,Acne Care,4,9344490406147;9344460816643;9344414023939;9344258081027,tags 'blemishes' + 'concern:acne' (4),new_collection,,YES,Purito Seoul Acne Care,purito-seoul-acne-care,manual,Manual membership - exact product IDs: 9344490406147;9344460816643;9344414023939;9344258081027 (expected count 4),no conflict - checked against all 272 live collection handles and all proposed handles in this manifest,N/A - collection does not exist yet; source brand collection: collection published to Online Store (Admin publishedOnPublication),High,
464772366595,Purito Seoul,purito-seoul,https://beautyontapp.com/collections/purito-seoul,Purito Seoul (6),6,6,NO - custom.label unset; default template collection.json renders no pill rows,NO - custom.label_one unset; default template collection.json renders no pill rows,4,Brightening,2,9344460816643;9344258081027,"tag 'bright skin' literal (1: TXA serum); tag 'dark spots' literal (2: TXA serum, Azelaic serum)",new_collection,,YES,Purito Seoul Brightening,purito-seoul-brightening,manual,Manual membership - exact product IDs: 9344460816643;9344258081027 (expected count 2),no conflict - checked against all 272 live collection handles and all proposed handles in this manifest,N/A - collection does not exist yet; source brand collection: collection published to Online Store (Admin publishedOnPublication),High,
464772366595,Purito Seoul,purito-seoul,https://beautyontapp.com/collections/purito-seoul,Purito Seoul (6),6,6,NO - custom.label unset; default template collection.json renders no pill rows,NO - custom.label_one unset; default template collection.json renders no pill rows,5,Hyperpigmentation,2,9344460816643;9344258081027,tags 'hyperpigmentation'/'concern:hyperpigmentation' (2); tag 'dark spots' (2),new_collection,,YES,Purito Seoul Hyperpigmentation,purito-seoul-hyperpigmentation,manual,Manual membership - exact product IDs: 9344460816643;9344258081027 (expected count 2),no conflict - checked against all 272 live collection handles and all proposed handles in this manifest,N/A - collection does not exist yet; source brand collection: collection published to Online Store (Admin publishedOnPublication),High,
464772366595,Purito Seoul,purito-seoul,https://beautyontapp.com/collections/purito-seoul,Purito Seoul (6),6,6,NO - custom.label unset; default template collection.json renders no pill rows,NO - custom.label_one unset; default template collection.json renders no pill rows,6,Sensitive Skin,2,9344434733315;9344393412867,"tags 'sensitive skin' + 'skin:sensitive' (2: Panthenol Serum, Panthenol Cleanser)",new_collection,,YES,Purito Seoul Sensitive Skin,purito-seoul-sensitive-skin,manual,Manual membership - exact product IDs: 9344434733315;9344393412867 (expected count 2),no conflict - checked against all 272 live collection handles and all proposed handles in this manifest,N/A - collection does not exist yet; source brand collection: collection published to Online Store (Admin publishedOnPublication),High,
442300498179,REN Clear Skin,ren,https://beautyontapp.com/collections/ren,REN Clear Skin (3); STANDARD. (1),4,2,NO - custom.label unset; default template collection.json renders no pill rows,NO - custom.label_one unset; default template collection.json renders no pill rows,,NO SAFE PILL — insufficient verified product range,0,,"4 published products but 2 available - categories with >=2 published products exist (e.g. Exfoliators) yet every qualifying product is out of stock, failing the >=1 available rule",,,NO,,,,,,collection published to Online Store (Admin publishedOnPublication),High,all qualifying products out of stock (availability rule); revisit after restock
444703080707,serene,serene,https://beautyontapp.com/collections/serene,SERENE (5),5,2,NO - custom.label unset; default template collection.json renders no pill rows,NO - custom.label_one unset; default template collection.json renders no pill rows,1,Body Care,5,8965611454723;8965611389187;8965611356419;8965611290883;8965611225347,product_type:Body Care (4 products); title match 'body ' e.g. 'Body Cream'/'Body Polish'/'Body Oil' (5); tag body-care (5). Body-cream/moisturizer titles routed here per Body Care > Moisturisers precedence,new_collection,,YES,serene Body Care,serene-body-care,manual,Manual membership - exact product IDs: 8965611454723;8965611389187;8965611356419;8965611290883;8965611225347 (expected count 5),no conflict - checked against all 272 live collection handles and all proposed handles in this manifest,N/A - collection does not exist yet; source brand collection: collection published to Online Store (Admin publishedOnPublication),High,
444703080707,serene,serene,https://beautyontapp.com/collections/serene,SERENE (5),5,2,NO - custom.label unset; default template collection.json renders no pill rows,NO - custom.label_one unset; default template collection.json renders no pill rows,2,Exfoliators,2,8965611389187;8965611290883,"product_type:Exfoliator (1 product); title match 'Scrub'/'Exfoliating' (2); tags type:exfoliator, body-scrubs, exfoliators-scrubs-skin-care",new_collection,,YES,serene Exfoliators,serene-exfoliators,manual,Manual membership - exact product IDs: 8965611389187;8965611290883 (expected count 2),no conflict - checked against all 272 live collection handles and all proposed handles in this manifest,N/A - collection does not exist yet; source brand collection: collection published to Online Store (Admin publishedOnPublication),High,
444703080707,serene,serene,https://beautyontapp.com/collections/serene,SERENE (5),5,2,NO - custom.label unset; default template collection.json renders no pill rows,NO - custom.label_one unset; default template collection.json renders no pill rows,3,Hydration,2,8965611454723;8965611225347,title match 'Hydrating' in 'Hydrating Body Cream' (2 products),new_collection,,YES,serene Hydration,serene-hydration,manual,Manual membership - exact product IDs: 8965611454723;8965611225347 (expected count 2),no conflict - checked against all 272 live collection handles and all proposed handles in this manifest,N/A - collection does not exist yet; source brand collection: collection published to Online Store (Admin publishedOnPublication),Medium,
444703080707,serene,serene,https://beautyontapp.com/collections/serene,SERENE (5),5,2,NO - custom.label unset; default template collection.json renders no pill rows,NO - custom.label_one unset; default template collection.json renders no pill rows,4,Acne Care,2,8965611389187;8965611290883,tag match 'blemishes' and 'concern:acne' (2 products),new_collection,,YES,serene Acne Care,serene-acne-care,manual,Manual membership - exact product IDs: 8965611389187;8965611290883 (expected count 2),no conflict - checked against all 272 live collection handles and all proposed handles in this manifest,N/A - collection does not exist yet; source brand collection: collection published to Online Store (Admin publishedOnPublication),High,
444382052611,Some by Mi,some-by-mi,https://beautyontapp.com/collections/some-by-mi,SOME BY MI (37),35,9,NO - custom.label unset; default template collection.json renders no pill rows,NO - custom.label_one unset; default template collection.json renders no pill rows,1,Serums,12,8929366475011;8929362837763;8929361723651;8929375977731;8929372340483;9291604754691;9182814175491;8929372668163;9290222600451;8929379877123;8929372569859;8929365262595,"title 'Serum' (7); tag type:serum; title 'Ampoule' on 2 sheet masks; generic tag 'oils-and-serums' pulls in 2 kits, pimple patch, spot cream (see data_quality_notes)",new_collection,,YES,Some by Mi Serums,some-by-mi-serums,manual,Manual membership - exact product IDs: 8929366475011;8929362837763;8929361723651;8929375977731;8929372340483;9291604754691;9182814175491;8929372668163;9290222600451;8929379877123;8929372569859;8929365262595 (expected count 12),no conflict - checked against all 272 live collection handles and all proposed handles in this manifest,N/A - collection does not exist yet; source brand collection: collection published to Online Store (Admin publishedOnPublication),High,
444382052611,Some by Mi,some-by-mi,https://beautyontapp.com/collections/some-by-mi,SOME BY MI (37),35,9,NO - custom.label unset; default template collection.json renders no pill rows,NO - custom.label_one unset; default template collection.json renders no pill rows,2,Toners,9,8929358315779;8929372504323;8929375977731;9381846057219;8929379844355;8929372569859;8929372537091;8929372307715;8929365295363,product_type:Toner (5 products); tags toners/type:toner on 4 starter kits,new_collection,,YES,Some by Mi Toners,some-by-mi-toners,manual,Manual membership - exact product IDs: 8929358315779;8929372504323;8929375977731;9381846057219;8929379844355;8929372569859;8929372537091;8929372307715;8929365295363 (expected count 9),no conflict - checked against all 272 live collection handles and all proposed handles in this manifest,N/A - collection does not exist yet; source brand collection: collection published to Online Store (Admin publishedOnPublication),High,
444382052611,Some by Mi,some-by-mi,https://beautyontapp.com/collections/some-by-mi,SOME BY MI (37),35,9,NO - custom.label unset; default template collection.json renders no pill rows,NO - custom.label_one unset; default template collection.json renders no pill rows,3,Masks,7,9291604754691;9290222600451;9290197958915;8929378566403;8929378533635;8929372537091;8929365197059,product_type:Face Mask (5); title 'Clay Mask' (1); tags face-masks/type:face-mask on 1 starter kit,new_collection,,YES,Some by Mi Masks,some-by-mi-masks,manual,Manual membership - exact product IDs: 9291604754691;9290222600451;9290197958915;8929378566403;8929378533635;8929372537091;8929365197059 (expected count 7),no conflict - checked against all 272 live collection handles and all proposed handles in this manifest,N/A - collection does not exist yet; source brand collection: collection published to Online Store (Admin publishedOnPublication),High,
444382052611,Some by Mi,some-by-mi,https://beautyontapp.com/collections/some-by-mi,SOME BY MI (37),35,9,NO - custom.label unset; default template collection.json renders no pill rows,NO - custom.label_one unset; default template collection.json renders no pill rows,4,Body Care,3,8929372438787;9381846057219;8929389117699,"title 'Body Cleanser'/'Body Lotion' + tags body-care/body-wash/body-lotion (2); tag type:deodorant/anti-perspirants on Retinol Bakuchiol Bubble Toner (likely mis-tag, see data_quality_notes)",new_collection,,YES,Some by Mi Body Care,some-by-mi-body-care,manual,Manual membership - exact product IDs: 8929372438787;9381846057219;8929389117699 (expected count 3),no conflict - checked against all 272 live collection handles and all proposed handles in this manifest,N/A - collection does not exist yet; source brand collection: collection published to Online Store (Admin publishedOnPublication),High,
444382052611,Some by Mi,some-by-mi,https://beautyontapp.com/collections/some-by-mi,SOME BY MI (37),35,9,NO - custom.label unset; default template collection.json renders no pill rows,NO - custom.label_one unset; default template collection.json renders no pill rows,5,Acne Care,23,8929336688899;8929358315779;8929366475011;8929372504323;8929358151939;8929362837763;8929361723651;8929375977731;9381860737283;9182814175491;8929372668163;9290207330563;8929372438787;9290197958915;8929389117699;8929379909891;8929379877123;8929379844355;8929378533635;8929365295363;8929365262595;8929365229827;8929358446851,tags concern:acne + blemishes (23 products); title 'Acne'/'Pimple' (4); product_type:Acne Treatment (1),new_collection,,YES,Some by Mi Acne Care,some-by-mi-acne-care,manual,Manual membership - exact product IDs: 8929336688899;8929358315779;8929366475011;8929372504323;8929358151939;8929362837763;8929361723651;8929375977731;9381860737283;9182814175491;8929372668163;9290207330563;8929372438787;9290197958915;8929389117699;8929379909891;8929379877123;8929379844355;8929378533635;8929365295363;8929365262595;8929365229827;8929358446851 (expected count 23),no conflict - checked against all 272 live collection handles and all proposed handles in this manifest,N/A - collection does not exist yet; source brand collection: collection published to Online Store (Admin publishedOnPublication),High,
444382052611,Some by Mi,some-by-mi,https://beautyontapp.com/collections/some-by-mi,SOME BY MI (37),35,9,NO - custom.label unset; default template collection.json renders no pill rows,NO - custom.label_one unset; default template collection.json renders no pill rows,6,Soothing,11,8929372340483;8929372373251;9182814175491;8929372406019;8929389117699;8929379909891;8929379877123;8929379844355;8929372569859;8929372307715;8929358348547,"title 'Truecica'/'Cicassoside' contains 'cica' (9); title 'Calming' (2); title 'Soothing' (1, Spirulina PDRN)",new_collection,,YES,Some by Mi Soothing,some-by-mi-soothing,manual,Manual membership - exact product IDs: 8929372340483;8929372373251;9182814175491;8929372406019;8929389117699;8929379909891;8929379877123;8929379844355;8929372569859;8929372307715;8929358348547 (expected count 11),no conflict - checked against all 272 live collection handles and all proposed handles in this manifest,N/A - collection does not exist yet; source brand collection: collection published to Online Store (Admin publishedOnPublication),Medium,
444382052611,Some by Mi,some-by-mi,https://beautyontapp.com/collections/some-by-mi,SOME BY MI (37),35,9,NO - custom.label unset; default template collection.json renders no pill rows,NO - custom.label_one unset; default template collection.json renders no pill rows,7,Hyperpigmentation,8,8929358151939;9182814175491;9381846057219;9290197958915;8929389117699;8929378533635;8929372307715;8929358348547,tags concern:hyperpigmentation/hyperpigmentation (8 products); tag 'dark spots' literal (2 of them),new_collection,,YES,Some by Mi Hyperpigmentation,some-by-mi-hyperpigmentation,manual,Manual membership - exact product IDs: 8929358151939;9182814175491;9381846057219;9290197958915;8929389117699;8929378533635;8929372307715;8929358348547 (expected count 8),no conflict - checked against all 272 live collection handles and all proposed handles in this manifest,N/A - collection does not exist yet; source brand collection: collection published to Online Store (Admin publishedOnPublication),High,
444382052611,Some by Mi,some-by-mi,https://beautyontapp.com/collections/some-by-mi,SOME BY MI (37),35,9,NO - custom.label unset; default template collection.json renders no pill rows,NO - custom.label_one unset; default template collection.json renders no pill rows,8,Brightening,4,9291604754691;9182814175491;9381846057219;9290222600451,title 'Brightening'/'Glow' (2 masks); tags 'bright skin'/'dark spots' literal (2),new_collection,,YES,Some by Mi Brightening,some-by-mi-brightening,manual,Manual membership - exact product IDs: 9291604754691;9182814175491;9381846057219;9290222600451 (expected count 4),no conflict - checked against all 272 live collection handles and all proposed handles in this manifest,N/A - collection does not exist yet; source brand collection: collection published to Online Store (Admin publishedOnPublication),High,
456615756035,Seoul1988,seoul1988,https://beautyontapp.com/collections/seoul1988,K-SECRET (10),10,9,NO - custom.label unset; default template collection.json renders no pill rows,NO - custom.label_one unset; default template collection.json renders no pill rows,1,Serums,3,9159312965891;9159291633923;9159247855875,"title match 'serum' (9159312965891, 9159247855875); product_type:Serum + tag type:serum (9159291633923)",new_collection,,YES,Seoul1988 Serums,seoul1988-serums,manual,Manual membership - exact product IDs: 9159312965891;9159291633923;9159247855875 (expected count 3),no conflict - checked against all 272 live collection handles and all proposed handles in this manifest,N/A - collection does not exist yet; source brand collection: collection published to Online Store (Admin publishedOnPublication),High,
456615756035,Seoul1988,seoul1988,https://beautyontapp.com/collections/seoul1988,K-SECRET (10),10,9,NO - custom.label unset; default template collection.json renders no pill rows,NO - custom.label_one unset; default template collection.json renders no pill rows,2,Cleansers,2,9159283507459;9159276331267,product_type:Cleanser (2); title match 'Cleansing Oil'/'Cleansing Foam' (2); tags cleansers/cleansing-oils,new_collection,,YES,Seoul1988 Cleansers,seoul1988-cleansers,manual,Manual membership - exact product IDs: 9159283507459;9159276331267 (expected count 2),no conflict - checked against all 272 live collection handles and all proposed handles in this manifest,N/A - collection does not exist yet; source brand collection: collection published to Online Store (Admin publishedOnPublication),High,
456615756035,Seoul1988,seoul1988,https://beautyontapp.com/collections/seoul1988,K-SECRET (10),10,9,NO - custom.label unset; default template collection.json renders no pill rows,NO - custom.label_one unset; default template collection.json renders no pill rows,3,Brightening,6,9159312965891;9159306641667;9159301366019;9159291633923;9159249232131;9159247855875,title match 'GLOW' (9159312965891); literal tag 'dark spots' (5 products),new_collection,,YES,Seoul1988 Brightening,seoul1988-brightening,manual,Manual membership - exact product IDs: 9159312965891;9159306641667;9159301366019;9159291633923;9159249232131;9159247855875 (expected count 6),no conflict - checked against all 272 live collection handles and all proposed handles in this manifest,N/A - collection does not exist yet; source brand collection: collection published to Online Store (Admin publishedOnPublication),High,
456615756035,Seoul1988,seoul1988,https://beautyontapp.com/collections/seoul1988,K-SECRET (10),10,9,NO - custom.label unset; default template collection.json renders no pill rows,NO - custom.label_one unset; default template collection.json renders no pill rows,4,Hyperpigmentation,5,9159306641667;9159301366019;9159291633923;9159249232131;9159247855875,"tags concern:hyperpigmentation + 'dark spots' (5); tag hyperpigmentation (9159249232131, 9159247855875)",new_collection,,YES,Seoul1988 Hyperpigmentation,seoul1988-hyperpigmentation,manual,Manual membership - exact product IDs: 9159306641667;9159301366019;9159291633923;9159249232131;9159247855875 (expected count 5),no conflict - checked against all 272 live collection handles and all proposed handles in this manifest,N/A - collection does not exist yet; source brand collection: collection published to Online Store (Admin publishedOnPublication),High,
456615756035,Seoul1988,seoul1988,https://beautyontapp.com/collections/seoul1988,K-SECRET (10),10,9,NO - custom.label unset; default template collection.json renders no pill rows,NO - custom.label_one unset; default template collection.json renders no pill rows,5,Anti-Aging,4,9159298121987;9159306641667;9159291633923;9159247855875,"tags anti-aging/Anti-Ageing/concern:anti-aging (9159306641667, 9159291633923, 9159247855875); tag retinol (9159298121987, 9159247855875); tag collagen (9159306641667)",new_collection,,YES,Seoul1988 Anti-Aging,seoul1988-anti-aging,manual,Manual membership - exact product IDs: 9159298121987;9159306641667;9159291633923;9159247855875 (expected count 4),no conflict - checked against all 272 live collection handles and all proposed handles in this manifest,N/A - collection does not exist yet; source brand collection: collection published to Online Store (Admin publishedOnPublication),High,
456615756035,Seoul1988,seoul1988,https://beautyontapp.com/collections/seoul1988,K-SECRET (10),10,9,NO - custom.label unset; default template collection.json renders no pill rows,NO - custom.label_one unset; default template collection.json renders no pill rows,6,Acne Care,2,9159291633923;9159276331267,tags concern:acne + blemishes (2),new_collection,,YES,Seoul1988 Acne Care,seoul1988-acne-care,manual,Manual membership - exact product IDs: 9159291633923;9159276331267 (expected count 2),no conflict - checked against all 272 live collection handles and all proposed handles in this manifest,N/A - collection does not exist yet; source brand collection: collection published to Online Store (Admin publishedOnPublication),High,
456615756035,Seoul1988,seoul1988,https://beautyontapp.com/collections/seoul1988,K-SECRET (10),10,9,NO - custom.label unset; default template collection.json renders no pill rows,NO - custom.label_one unset; default template collection.json renders no pill rows,7,Soothing,2,9159283507459;9159276331267,title match 'Pine Cica' (2),new_collection,,YES,Seoul1988 Soothing,seoul1988-soothing,manual,Manual membership - exact product IDs: 9159283507459;9159276331267 (expected count 2),no conflict - checked against all 272 live collection handles and all proposed handles in this manifest,N/A - collection does not exist yet; source brand collection: collection published to Online Store (Admin publishedOnPublication),Medium,
442300530947,Sheba Feminine,sheba-feminine,https://beautyontapp.com/collections/sheba-feminine,SHEBA FEMININE (9),9,3,NO - custom.label unset; default template collection.json renders no pill rows,NO - custom.label_one unset; default template collection.json renders no pill rows,,NO SAFE PILL — insufficient verified product range,0,,9 published / 3 available products; no category reached >=2 published + >=1 available (audit of all products via Admin API),,,NO,,,,,,collection published to Online Store (Admin publishedOnPublication),High,insufficient verified product range
442300596483,Skin Creamery,skin-creamery,https://beautyontapp.com/collections/skin-creamery,SKIN CREAMERY (6),6,0,NO - custom.label unset; default template collection.json renders no pill rows,NO - custom.label_one unset; default template collection.json renders no pill rows,,NO SAFE PILL — insufficient verified product range,0,,"6 published products but 0 available - categories with >=2 published products exist (e.g. Cleansers) yet every qualifying product is out of stock, failing the >=1 available rule",,,NO,,,,,,collection published to Online Store (Admin publishedOnPublication),High,all qualifying products out of stock (availability rule); revisit after restock
444352921859,Skin functional,skin-functional,https://beautyontapp.com/collections/skin-functional,SKIN FUNCTIONAL (74),72,41,NO - custom.label unset; default template collection.json renders no pill rows,NO - custom.label_one unset; default template collection.json renders no pill rows,1,Serums,34,8929328267523;8929366114563;8929328300291;8929381810435;8929329283331;8929373094147;8929335705859;8929328398595;8929379090691;8929358610691;8929336328451;8929395147011;8929389216003;8929388757251;8929361920259;8929406877955;8929381875971;8929363362051;8929379057923;8929329316099;8929336361219;8929328333059;8929328234755;8929363820803;8929363329283;8929328431363;9215116509443;8929471693059;8929395114243;9349991956739;8929397375235;8929363427587;8929363394819;8929328464131,"tag 'oils-and-serums' (29 — broad store tag, sweeps in some moisturisers/face oils/exfoliators); title 'serum' (3); product_type:Serum (2)",new_collection,,YES,Skin functional Serums,skin-functional-serums,manual,Manual membership - exact product IDs: 8929328267523;8929366114563;8929328300291;8929381810435;8929329283331;8929373094147;8929335705859;8929328398595;8929379090691;8929358610691;8929336328451;8929395147011;8929389216003;8929388757251;8929361920259;8929406877955;8929381875971;8929363362051;8929379057923;8929329316099;8929336361219;8929328333059;8929328234755;8929363820803;8929363329283;8929328431363;9215116509443;8929471693059;8929395114243;9349991956739;8929397375235;8929363427587;8929363394819;8929328464131 (expected count 34),no conflict - checked against all 272 live collection handles and all proposed handles in this manifest,N/A - collection does not exist yet; source brand collection: collection published to Online Store (Admin publishedOnPublication),High,
444352921859,Skin functional,skin-functional,https://beautyontapp.com/collections/skin-functional,SKIN FUNCTIONAL (74),72,41,NO - custom.label unset; default template collection.json renders no pill rows,NO - custom.label_one unset; default template collection.json renders no pill rows,2,Moisturisers,13,8929392722179;8929388888323;8929335705859;8929388953859;8929379811587;8929388921091;8929383809283;8929396392195;8929374699779;8929405010179;9215116509443;8929471693059;9349994807555,"product_type:Moisturiser (11); title 'moistur' (9); Gel Lotion Sunscreen matched via literal 'lotion' and Cleansing Balm via literal 'balm' [adjusted: excluded 1 product(s) also matching Cleansers, e.g. cleansing balms]",new_collection,,YES,Skin functional Moisturisers,skin-functional-moisturisers,manual,Manual membership - exact product IDs: 8929392722179;8929388888323;8929335705859;8929388953859;8929379811587;8929388921091;8929383809283;8929396392195;8929374699779;8929405010179;9215116509443;8929471693059;9349994807555 (expected count 13),no conflict - checked against all 272 live collection handles and all proposed handles in this manifest,N/A - collection does not exist yet; source brand collection: collection published to Online Store (Admin publishedOnPublication),High,
444352921859,Skin functional,skin-functional,https://beautyontapp.com/collections/skin-functional,SKIN FUNCTIONAL (74),72,41,NO - custom.label unset; default template collection.json renders no pill rows,NO - custom.label_one unset; default template collection.json renders no pill rows,3,Exfoliators,10,8929361658115;8929328496899;8929334755587;8929395081475;8929379057923;8929329316099;8929396883715;9215097274627;8929363427587;8929406845187,product_type:Exfoliator (4); title match 'exfoliating|exfoliation|scrub' (8); tags exfoliators/type:exfoliator (6),new_collection,,YES,Skin functional Exfoliators,skin-functional-exfoliators,manual,Manual membership - exact product IDs: 8929361658115;8929328496899;8929334755587;8929395081475;8929379057923;8929329316099;8929396883715;9215097274627;8929363427587;8929406845187 (expected count 10),no conflict - checked against all 272 live collection handles and all proposed handles in this manifest,N/A - collection does not exist yet; source brand collection: collection published to Online Store (Admin publishedOnPublication),High,
444352921859,Skin functional,skin-functional,https://beautyontapp.com/collections/skin-functional,SKIN FUNCTIONAL (74),72,41,NO - custom.label unset; default template collection.json renders no pill rows,NO - custom.label_one unset; default template collection.json renders no pill rows,4,Toners,9,8929361658115;8929328496899;8929373421827;8929388822787;8929388855555;8929328824579;8929396883715;8929392754947;8929406845187,"product_type:Toner (6); tags toners/type:toner (9) — titles use 'Tonic', so classification is tag/type-driven",new_collection,,YES,Skin functional Toners,skin-functional-toners,manual,Manual membership - exact product IDs: 8929361658115;8929328496899;8929373421827;8929388822787;8929388855555;8929328824579;8929396883715;8929392754947;8929406845187 (expected count 9),no conflict - checked against all 272 live collection handles and all proposed handles in this manifest,N/A - collection does not exist yet; source brand collection: collection published to Online Store (Admin publishedOnPublication),High,
444352921859,Skin functional,skin-functional,https://beautyontapp.com/collections/skin-functional,SKIN FUNCTIONAL (74),72,41,NO - custom.label unset; default template collection.json renders no pill rows,NO - custom.label_one unset; default template collection.json renders no pill rows,5,Cleansers,6,8929363886339;8929389150467;8929406812419;8929388790019;8929375944963;8929392754947,product_type:Cleanser (5); title match 'cleanser|cleansing|micellar' (6); tags cleansers/type:cleanser (6),new_collection,,YES,Skin functional Cleansers,skin-functional-cleansers,manual,Manual membership - exact product IDs: 8929363886339;8929389150467;8929406812419;8929388790019;8929375944963;8929392754947 (expected count 6),no conflict - checked against all 272 live collection handles and all proposed handles in this manifest,N/A - collection does not exist yet; source brand collection: collection published to Online Store (Admin publishedOnPublication),High,
444352921859,Skin functional,skin-functional,https://beautyontapp.com/collections/skin-functional,SKIN FUNCTIONAL (74),72,41,NO - custom.label unset; default template collection.json renders no pill rows,NO - custom.label_one unset; default template collection.json renders no pill rows,6,Oils,5,8929373094147;8929361920259;8929363362051;8929395114243;8929363394819,"tag type:face-oil (4, hyphen normalized to 'face oil'); title 'Facial Oil' (1)",new_collection,,YES,Skin functional Oils,skin-functional-oils,manual,Manual membership - exact product IDs: 8929373094147;8929361920259;8929363362051;8929395114243;8929363394819 (expected count 5),no conflict - checked against all 272 live collection handles and all proposed handles in this manifest,N/A - collection does not exist yet; source brand collection: collection published to Online Store (Admin publishedOnPublication),High,
444352921859,Skin functional,skin-functional,https://beautyontapp.com/collections/skin-functional,SKIN FUNCTIONAL (74),72,41,NO - custom.label unset; default template collection.json renders no pill rows,NO - custom.label_one unset; default template collection.json renders no pill rows,7,Sunscreen,4,8929392722179;8929364902147;8929380991235;9032000340227,product_type:Sunscreen + title 'SPF50' + tag sunscreen/type:sunscreen (4),new_collection,,YES,Skin functional Sunscreen,skin-functional-sunscreen,manual,Manual membership - exact product IDs: 8929392722179;8929364902147;8929380991235;9032000340227 (expected count 4),no conflict - checked against all 272 live collection handles and all proposed handles in this manifest,N/A - collection does not exist yet; source brand collection: collection published to Online Store (Admin publishedOnPublication),High,
444352921859,Skin functional,skin-functional,https://beautyontapp.com/collections/skin-functional,SKIN FUNCTIONAL (74),72,41,NO - custom.label unset; default template collection.json renders no pill rows,NO - custom.label_one unset; default template collection.json renders no pill rows,8,Makeup,3,9032062599427;9032026915075;9032003518723,"product_type:Makeup (3 face primers, tags 'make up'/'Primer'); NOTE: none of the literal keywords (lipstick|mascara|foundation|...) matched — included on productType value alone",new_collection,,YES,Skin functional Makeup,skin-functional-makeup,manual,Manual membership - exact product IDs: 9032062599427;9032026915075;9032003518723 (expected count 3),no conflict - checked against all 272 live collection handles and all proposed handles in this manifest,N/A - collection does not exist yet; source brand collection: collection published to Online Store (Admin publishedOnPublication),High,
442300629251,Skin Republic,skin-republic,https://beautyontapp.com/collections/skin-republic,SKIN REPUBLIC (40),40,26,NO - custom.label unset; default template collection.json renders no pill rows,NO - custom.label_one unset; default template collection.json renders no pill rows,1,Masks,16,9385384706307;8929407893763;8929388331267;8929388298499;8929386725635;8929363919107;8929336557827;8929336492291;8929336623363;9385414885635;8929407926531;8929407860995;8929391378691;8929386660099;8929336590595;8929336393987,product_type:Face Mask (12); title 'mask' (12); tags face-masks/type:face-mask (incl. spot/eye patches tagged type:face-mask),new_collection,,YES,Skin Republic Masks,skin-republic-masks,manual,Manual membership - exact product IDs: 9385384706307;8929407893763;8929388331267;8929388298499;8929386725635;8929363919107;8929336557827;8929336492291;8929336623363;9385414885635;8929407926531;8929407860995;8929391378691;8929386660099;8929336590595;8929336393987 (expected count 16),no conflict - checked against all 272 live collection handles and all proposed handles in this manifest,N/A - collection does not exist yet; source brand collection: collection published to Online Store (Admin publishedOnPublication),High,
442300629251,Skin Republic,skin-republic,https://beautyontapp.com/collections/skin-republic,SKIN REPUBLIC (40),40,26,NO - custom.label unset; default template collection.json renders no pill rows,NO - custom.label_one unset; default template collection.json renders no pill rows,2,Serums,14,8929386430723;9182393925891;9179770814723;9179660583171;9010866487555;8929407828227;8929407795459;8929386529027;8929386496259;8929386463491;8929386397955;8929407762691;8929407664387;8929386365187,title 'serum' on all 14; tag type:serum (11); product_type:Serum (5),new_collection,,YES,Skin Republic Serums,skin-republic-serums,manual,Manual membership - exact product IDs: 8929386430723;9182393925891;9179770814723;9179660583171;9010866487555;8929407828227;8929407795459;8929386529027;8929386496259;8929386463491;8929386397955;8929407762691;8929407664387;8929386365187 (expected count 14),no conflict - checked against all 272 live collection handles and all proposed handles in this manifest,N/A - collection does not exist yet; source brand collection: collection published to Online Store (Admin publishedOnPublication),High,
442300629251,Skin Republic,skin-republic,https://beautyontapp.com/collections/skin-republic,SKIN REPUBLIC (40),40,26,NO - custom.label unset; default template collection.json renders no pill rows,NO - custom.label_one unset; default template collection.json renders no pill rows,3,Exfoliators,4,8929386430723;9182393925891;8929386561795;8929336492291,"product_type:Exfoliator (2: Glycolic 10% Serum, Foot Peel); title 'Exfoliating'/'Peel'/'Peel-Off' (2); tags type:exfoliator/exfoliators-scrubs",new_collection,,YES,Skin Republic Exfoliators,skin-republic-exfoliators,manual,Manual membership - exact product IDs: 8929386430723;9182393925891;8929386561795;8929336492291 (expected count 4),no conflict - checked against all 272 live collection handles and all proposed handles in this manifest,N/A - collection does not exist yet; source brand collection: collection published to Online Store (Admin publishedOnPublication),High,
442300629251,Skin Republic,skin-republic,https://beautyontapp.com/collections/skin-republic,SKIN REPUBLIC (40),40,26,NO - custom.label unset; default template collection.json renders no pill rows,NO - custom.label_one unset; default template collection.json renders no pill rows,4,Moisturisers,3,9179660583171;8986690978051;8986702840067,title 'Moisturiser' (2) / 'Moisturizing' (1); no lip/eye/body/hand exclusions triggered,new_collection,,YES,Skin Republic Moisturisers,skin-republic-moisturisers,manual,Manual membership - exact product IDs: 9179660583171;8986690978051;8986702840067 (expected count 3),no conflict - checked against all 272 live collection handles and all proposed handles in this manifest,N/A - collection does not exist yet; source brand collection: collection published to Online Store (Admin publishedOnPublication),Medium,
442300629251,Skin Republic,skin-republic,https://beautyontapp.com/collections/skin-republic,SKIN REPUBLIC (40),40,26,NO - custom.label unset; default template collection.json renders no pill rows,NO - custom.label_one unset; default template collection.json renders no pill rows,5,Sunscreen,2,9191931478275;8929386463491,product_type:Sunscreen (2); title 'SPF 50+ Sunscreen' / 'SPF15'; tags sunscreen/type:sunscreen,new_collection,,YES,Skin Republic Sunscreen,skin-republic-sunscreen,manual,Manual membership - exact product IDs: 9191931478275;8929386463491 (expected count 2),no conflict - checked against all 272 live collection handles and all proposed handles in this manifest,N/A - collection does not exist yet; source brand collection: collection published to Online Store (Admin publishedOnPublication),High,
442300629251,Skin Republic,skin-republic,https://beautyontapp.com/collections/skin-republic,SKIN REPUBLIC (40),40,26,NO - custom.label unset; default template collection.json renders no pill rows,NO - custom.label_one unset; default template collection.json renders no pill rows,6,Eye Care,2,8929386725635;8929386627331,title 'Under Eye Patch' (2); tags type:eye-care/eyes-skin-care,new_collection,,YES,Skin Republic Eye Care,skin-republic-eye-care,manual,Manual membership - exact product IDs: 8929386725635;8929386627331 (expected count 2),no conflict - checked against all 272 live collection handles and all proposed handles in this manifest,N/A - collection does not exist yet; source brand collection: collection published to Online Store (Admin publishedOnPublication),High,
442300629251,Skin Republic,skin-republic,https://beautyontapp.com/collections/skin-republic,SKIN REPUBLIC (40),40,26,NO - custom.label unset; default template collection.json renders no pill rows,NO - custom.label_one unset; default template collection.json renders no pill rows,7,Acne Care,14,8929386430723;9385384706307;9182393925891;9010874712323;9010861474051;8929407828227;8929386529027;8929386496259;8929363919107;8929336557827;9385414885635;8929407926531;8929407762691;8929391378691,"tags blemishes/concern:acne (13); title 'Blemish' (1, Spots + Blemish Face Mask Sheet)",new_collection,,YES,Skin Republic Acne Care,skin-republic-acne-care,manual,Manual membership - exact product IDs: 8929386430723;9385384706307;9182393925891;9010874712323;9010861474051;8929407828227;8929386529027;8929386496259;8929363919107;8929336557827;9385414885635;8929407926531;8929407762691;8929391378691 (expected count 14),no conflict - checked against all 272 live collection handles and all proposed handles in this manifest,N/A - collection does not exist yet; source brand collection: collection published to Online Store (Admin publishedOnPublication),High,
442300629251,Skin Republic,skin-republic,https://beautyontapp.com/collections/skin-republic,SKIN REPUBLIC (40),40,26,NO - custom.label unset; default template collection.json renders no pill rows,NO - custom.label_one unset; default template collection.json renders no pill rows,8,Anti-Aging,12,9385384706307;9179770814723;9179660583171;9010866487555;8929407959299;8929407893763;8929386463491;8929386397955;8929407860995;8929407664387;8929336590595;8929336393987,literal aging/ageing/anti-wrinkle/collagen/retinol in title or tags (12); note 9179660583171 (Ceramide Serum Stick) qualifies via 'retinol' tag only,new_collection,,YES,Skin Republic Anti-Aging,skin-republic-anti-aging,manual,Manual membership - exact product IDs: 9385384706307;9179770814723;9179660583171;9010866487555;8929407959299;8929407893763;8929386463491;8929386397955;8929407860995;8929407664387;8929336590595;8929336393987 (expected count 12),no conflict - checked against all 272 live collection handles and all proposed handles in this manifest,N/A - collection does not exist yet; source brand collection: collection published to Online Store (Admin publishedOnPublication),High,
444471738627,SKIN1004,skin1004,https://beautyontapp.com/collections/skin1004,SKIN1004 (19),19,6,NO - custom.label unset; default template collection.json renders no pill rows,NO - custom.label_one unset; default template collection.json renders no pill rows,1,Serums,11,9228256575747;9228249628931;8929377452291;8929377222915;9278720147715;9278562173187;9022654316803;8998951813379;8998938607875;8929377419523;8929377288451,product_type:Serum (3); title 'ampoule' (9) or 'serum' (4); tags type:serum/serum (5). Note: 8929377452291 (sheet mask) and 8929377288451 (foam cleanser) match only via 'Ampoule' in title,new_collection,,YES,SKIN1004 Serums,skin1004-serums,manual,Manual membership - exact product IDs: 9228256575747;9228249628931;8929377452291;8929377222915;9278720147715;9278562173187;9022654316803;8998951813379;8998938607875;8929377419523;8929377288451 (expected count 11),no conflict - checked against all 272 live collection handles and all proposed handles in this manifest,N/A - collection does not exist yet; source brand collection: collection published to Online Store (Admin publishedOnPublication),High,
444471738627,SKIN1004,skin1004,https://beautyontapp.com/collections/skin1004,SKIN1004 (19),19,6,NO - custom.label unset; default template collection.json renders no pill rows,NO - custom.label_one unset; default template collection.json renders no pill rows,2,Toners,3,8929377255683;8929377190147;8998820118787,product_type:Toner (2); title 'toner' (3); tags toners/type:toner (3),new_collection,,YES,SKIN1004 Toners,skin1004-toners,manual,Manual membership - exact product IDs: 8929377255683;8929377190147;8998820118787 (expected count 3),no conflict - checked against all 272 live collection handles and all proposed handles in this manifest,N/A - collection does not exist yet; source brand collection: collection published to Online Store (Admin publishedOnPublication),High,
444471738627,SKIN1004,skin1004,https://beautyontapp.com/collections/skin1004,SKIN1004 (19),19,6,NO - custom.label unset; default template collection.json renders no pill rows,NO - custom.label_one unset; default template collection.json renders no pill rows,3,Hyperpigmentation,8,9228256575747;9228249628931;8929377222915;8929377190147;9278720147715;9278562173187;9022654316803;8929377353987,tags hyperpigmentation/concern:hyperpigmentation (8); literal tag 'dark spots' (5),new_collection,,YES,SKIN1004 Hyperpigmentation,skin1004-hyperpigmentation,manual,Manual membership - exact product IDs: 9228256575747;9228249628931;8929377222915;8929377190147;9278720147715;9278562173187;9022654316803;8929377353987 (expected count 8),no conflict - checked against all 272 live collection handles and all proposed handles in this manifest,N/A - collection does not exist yet; source brand collection: collection published to Online Store (Admin publishedOnPublication),High,
444471738627,SKIN1004,skin1004,https://beautyontapp.com/collections/skin1004,SKIN1004 (19),19,6,NO - custom.label unset; default template collection.json renders no pill rows,NO - custom.label_one unset; default template collection.json renders no pill rows,4,Brightening,7,9228256575747;9228249628931;8929377190147;9278720147715;9278562173187;9022654316803;8998820118787,"title 'Brightening' (4: 8929377190147, 9022654316803, 8998820118787, plus capsule ampoule); tag 'bright skin' (3); literal tag 'dark spots' (4)",new_collection,,YES,SKIN1004 Brightening,skin1004-brightening,manual,Manual membership - exact product IDs: 9228256575747;9228249628931;8929377190147;9278720147715;9278562173187;9022654316803;8998820118787 (expected count 7),no conflict - checked against all 272 live collection handles and all proposed handles in this manifest,N/A - collection does not exist yet; source brand collection: collection published to Online Store (Admin publishedOnPublication),High,
444471738627,SKIN1004,skin1004,https://beautyontapp.com/collections/skin1004,SKIN1004 (19),19,6,NO - custom.label unset; default template collection.json renders no pill rows,NO - custom.label_one unset; default template collection.json renders no pill rows,5,Soothing,6,8929377222915;8929377190147;8998977929475;8998965510403;8998951813379;8998938607875,title contains 'CICA' via 'Hyalu-Cica' (6); no literal sooth/calm matches; 'centella' alone not counted (no cica substring),new_collection,,YES,SKIN1004 Soothing,skin1004-soothing,manual,Manual membership - exact product IDs: 8929377222915;8929377190147;8998977929475;8998965510403;8998951813379;8998938607875 (expected count 6),no conflict - checked against all 272 live collection handles and all proposed handles in this manifest,N/A - collection does not exist yet; source brand collection: collection published to Online Store (Admin publishedOnPublication),Medium,
444471738627,SKIN1004,skin1004,https://beautyontapp.com/collections/skin1004,SKIN1004 (19),19,6,NO - custom.label unset; default template collection.json renders no pill rows,NO - custom.label_one unset; default template collection.json renders no pill rows,6,Acne Care,5,9228256575747;9228249628931;8929377255683;9278562173187;8998938607875,product_type:Acne Treatment (2); tags concern:acne + blemishes (5),new_collection,,YES,SKIN1004 Acne Care,skin1004-acne-care,manual,Manual membership - exact product IDs: 9228256575747;9228249628931;8929377255683;9278562173187;8998938607875 (expected count 5),no conflict - checked against all 272 live collection handles and all proposed handles in this manifest,N/A - collection does not exist yet; source brand collection: collection published to Online Store (Admin publishedOnPublication),High,
444471738627,SKIN1004,skin1004,https://beautyontapp.com/collections/skin1004,SKIN1004 (19),19,6,NO - custom.label unset; default template collection.json renders no pill rows,NO - custom.label_one unset; default template collection.json renders no pill rows,7,Anti-Aging,2,9228256575747;9278720147715,tags Anti-Ageing/anti-aging/concern:anti-aging (2); literal 'retinol' in title (9228256575747) and tags (both),new_collection,,YES,SKIN1004 Anti-Aging,skin1004-anti-aging,manual,Manual membership - exact product IDs: 9228256575747;9278720147715 (expected count 2),no conflict - checked against all 272 live collection handles and all proposed handles in this manifest,N/A - collection does not exist yet; source brand collection: collection published to Online Store (Admin publishedOnPublication),High,
442300793091,Skinny Colour,skinny-colour,https://beautyontapp.com/collections/skinny-colour,SKINNY COLOUR (1),1,0,NO - custom.label unset; default template collection.json renders no pill rows,NO - custom.label_one unset; default template collection.json renders no pill rows,,NO SAFE PILL — insufficient verified product range,0,,1 published / 0 available products; no category reached >=2 published + >=1 available (audit of all products via Admin API),,,NO,,,,,,collection published to Online Store (Admin publishedOnPublication),High,insufficient verified product range
451342860547,Smooch,smooch,https://beautyontapp.com/collections/smooch,SMOOCH (5),5,4,NO - custom.label unset; default template collection.json renders no pill rows,NO - custom.label_one unset; default template collection.json renders no pill rows,1,Serums,5,9053739974915;9053730373891;9053706682627;9053702455555;9053738172675,"product_type:Serum (3 products); title match 'serum' (Eyecandy Lash Enhancing Serum, Honeymoon Glow Brightening Serum, Smooch Eye Firming Serum); tags 'serum'/'Lash Serum'/'eye serum'",new_collection,,YES,Smooch Serums,smooch-serums,manual,Manual membership - exact product IDs: 9053739974915;9053730373891;9053706682627;9053702455555;9053738172675 (expected count 5),no conflict - checked against all 272 live collection handles and all proposed handles in this manifest,N/A - collection does not exist yet; source brand collection: collection published to Online Store (Admin publishedOnPublication),High,
442300858627,Standard Beauty,standard-beauty,https://beautyontapp.com/collections/standard-beauty,NOT VERIFIED — audit agent could not fetch collection,,,NOT VERIFIED,NOT VERIFIED,,BLOCKED - audit incomplete,,,,,,,,,,,,collection published to Online Store (Admin publishedOnPublication),Low,audit agent returned no data for this collection
442300891395,Swiitchbeauty,swiitchbeauty,https://beautyontapp.com/collections/swiitchbeauty,NOT VERIFIED — audit agent could not fetch collection,,,NOT VERIFIED,NOT VERIFIED,,BLOCKED - audit incomplete,,,,,,,,,,,,collection published to Online Store (Admin publishedOnPublication),Low,audit agent returned no data for this collection
444463972611,Teaology,teaology,https://beautyontapp.com/collections/teaology,NOT VERIFIED — audit agent could not fetch collection,,,NOT VERIFIED,NOT VERIFIED,,BLOCKED - audit incomplete,,,,,,,,,,,,collection published to Online Store (Admin publishedOnPublication),Low,audit agent returned no data for this collection
447001198851,TIAM,tiam,https://beautyontapp.com/collections/tiam,NOT VERIFIED — audit agent could not fetch collection,,,NOT VERIFIED,NOT VERIFIED,,BLOCKED - audit incomplete,,,,,,,,,,,,collection published to Online Store (Admin publishedOnPublication),Low,audit agent returned no data for this collection
444464103683,T444Z,t444z,https://beautyontapp.com/collections/t444z,NOT VERIFIED — audit agent could not fetch collection,,,NOT VERIFIED,NOT VERIFIED,,BLOCKED - audit incomplete,,,,,,,,,,,,collection published to Online Store (Admin publishedOnPublication),Low,audit agent returned no data for this collection
467210207491,Torriden,torriden,https://beautyontapp.com/collections/torriden,NOT VERIFIED — audit agent could not fetch collection,,,NOT VERIFIED,NOT VERIFIED,,BLOCKED - audit incomplete,,,,,,,,,,,,collection published to Online Store (Admin publishedOnPublication),Low,audit agent returned no data for this collection
442301055235,Uso Skincare,uso-skincare,https://beautyontapp.com/collections/uso-skincare,NOT VERIFIED — audit agent could not fetch collection,,,NOT VERIFIED,NOT VERIFIED,,BLOCKED - audit incomplete,,,,,,,,,,,,collection published to Online Store (Admin publishedOnPublication),Low,audit agent returned no data for this collection
442301120771,Vichy,vichy,https://beautyontapp.com/collections/vichy,NOT VERIFIED — audit agent could not fetch collection,,,NOT VERIFIED,NOT VERIFIED,,BLOCKED - audit incomplete,,,,,,,,,,,,collection published to Online Store (Admin publishedOnPublication),Low,audit agent returned no data for this collection
442301284611,Yearn Skin,yearn,https://beautyontapp.com/collections/yearn,NOT VERIFIED — audit agent could not fetch collection,,,NOT VERIFIED,NOT VERIFIED,,BLOCKED - audit incomplete,,,,,,,,,,,,collection published to Online Store (Admin publishedOnPublication),Low,audit agent returned no data for this collection
469380727043,Dr. Althea,dr-althea,https://beautyontapp.com/collections/dr-althea,Dr.Althea (8),8,8,NO - custom.label unset; default template collection.json renders no pill rows,NO - custom.label_one unset; default template collection.json renders no pill rows,1,Cleansers,2,9367700111619;9367697195267,productType 'Cleanser' on both; titles 'Pure Grinding Cleansing Balm' (cleansing) and 'Premium Quick Step Sebum Cleanser'; tags cleanser/cleansers/type:cleanser,new_collection,,YES,Dr. Althea Cleansers,dr-althea-cleansers,manual,Manual membership - exact product IDs: 9367700111619;9367697195267 (expected count 2),no conflict - checked against all 272 live collection handles and all proposed handles in this manifest,N/A - collection does not exist yet; source brand collection: collection published to Online Store (Admin publishedOnPublication),High,
469380727043,Dr. Althea,dr-althea,https://beautyontapp.com/collections/dr-althea,Dr.Althea (8),8,8,NO - custom.label unset; default template collection.json renders no pill rows,NO - custom.label_one unset; default template collection.json renders no pill rows,2,Mists,2,9367704043779;9367737172227,9367704043779: productType 'Facial Mist' + tags mist/mists/facial-mists + title 'Mist'; 9367737172227: title 'Aqua Marine Jelly Mist',new_collection,,YES,Dr. Althea Mists,dr-althea-mists,manual,Manual membership - exact product IDs: 9367704043779;9367737172227 (expected count 2),no conflict - checked against all 272 live collection handles and all proposed handles in this manifest,N/A - collection does not exist yet; source brand collection: collection published to Online Store (Admin publishedOnPublication),High,
469380727043,Dr. Althea,dr-althea,https://beautyontapp.com/collections/dr-althea,Dr.Althea (8),8,8,NO - custom.label unset; default template collection.json renders no pill rows,NO - custom.label_one unset; default template collection.json renders no pill rows,3,Sensitive Skin,3,9367724753155;9367700046083;9367737172227,tags 'sensitive skin' and 'skin:sensitive' on all three,new_collection,,YES,Dr. Althea Sensitive Skin,dr-althea-sensitive-skin,manual,Manual membership - exact product IDs: 9367724753155;9367700046083;9367737172227 (expected count 3),no conflict - checked against all 272 live collection handles and all proposed handles in this manifest,N/A - collection does not exist yet; source brand collection: collection published to Online Store (Admin publishedOnPublication),High,
469380727043,Dr. Althea,dr-althea,https://beautyontapp.com/collections/dr-althea,Dr.Althea (8),8,8,NO - custom.label unset; default template collection.json renders no pill rows,NO - custom.label_one unset; default template collection.json renders no pill rows,4,Anti-Aging,2,9367737172227;9367685792003,tags 'anti-aging'/'concern:anti-aging' (9367737172227) and 'Anti-Ageing'/'anti-aging' (9367685792003),new_collection,,YES,Dr. Althea Anti-Aging,dr-althea-anti-aging,manual,Manual membership - exact product IDs: 9367737172227;9367685792003 (expected count 2),no conflict - checked against all 272 live collection handles and all proposed handles in this manifest,N/A - collection does not exist yet; source brand collection: collection published to Online Store (Admin publishedOnPublication),High,
470480748803,ARENCIA,arencia,https://beautyontapp.com/collections/arencia,ARENCIA (10),10,10,NO - custom.label unset; default template collection.json renders no pill rows,NO - custom.label_one unset; default template collection.json renders no pill rows,1,Cleansers,5,9406691705091;9394981830915;9394969116931;9394816286979;9394762383619,productType 'Cleanser' + title/tag 'cleanser' (Fresh Green + Green Tea LHA match via 'Cleanser' in title),new_collection,,YES,ARENCIA Cleansers,arencia-cleansers,manual,Manual membership - exact product IDs: 9406691705091;9394981830915;9394969116931;9394816286979;9394762383619 (expected count 5),no conflict - checked against all 272 live collection handles and all proposed handles in this manifest,N/A - collection does not exist yet; source brand collection: collection published to Online Store (Admin publishedOnPublication),High,
470480748803,ARENCIA,arencia,https://beautyontapp.com/collections/arencia,ARENCIA (10),10,10,NO - custom.label unset; default template collection.json renders no pill rows,NO - custom.label_one unset; default template collection.json renders no pill rows,2,Serums,4,9394957385987;9395177095427;9395163857155;9395048251651,"productType 'Serum', title contains 'Serum', tags 'serum'/'type:serum'",new_collection,,YES,ARENCIA Serums,arencia-serums,manual,Manual membership - exact product IDs: 9394957385987;9395177095427;9395163857155;9395048251651 (expected count 4),no conflict - checked against all 272 live collection handles and all proposed handles in this manifest,N/A - collection does not exist yet; source brand collection: collection published to Online Store (Admin publishedOnPublication),High,
470480748803,ARENCIA,arencia,https://beautyontapp.com/collections/arencia,ARENCIA (10),10,10,NO - custom.label unset; default template collection.json renders no pill rows,NO - custom.label_one unset; default template collection.json renders no pill rows,3,Anti-Aging,4,9394957385987;9395177095427;9395163857155;9395048251651,tags 'concern:anti-aging'/'anti-aging'/'Anti-Ageing'; Red Smoothie also tag 'collagen',new_collection,,YES,ARENCIA Anti-Aging,arencia-anti-aging,manual,Manual membership - exact product IDs: 9394957385987;9395177095427;9395163857155;9395048251651 (expected count 4),no conflict - checked against all 272 live collection handles and all proposed handles in this manifest,N/A - collection does not exist yet; source brand collection: collection published to Online Store (Admin publishedOnPublication),High,
470480748803,ARENCIA,arencia,https://beautyontapp.com/collections/arencia,ARENCIA (10),10,10,NO - custom.label unset; default template collection.json renders no pill rows,NO - custom.label_one unset; default template collection.json renders no pill rows,4,Brightening,3,9394957385987;9395177095427;9395163857155,tag 'bright skin' (Deep Water Surge); tag 'dark spots' (Holy Hyssop); title 'Glow' + tag 'dark spots' (Rice Mucin),new_collection,,YES,ARENCIA Brightening,arencia-brightening,manual,Manual membership - exact product IDs: 9394957385987;9395177095427;9395163857155 (expected count 3),no conflict - checked against all 272 live collection handles and all proposed handles in this manifest,N/A - collection does not exist yet; source brand collection: collection published to Online Store (Admin publishedOnPublication),High,
470480748803,ARENCIA,arencia,https://beautyontapp.com/collections/arencia,ARENCIA (10),10,10,NO - custom.label unset; default template collection.json renders no pill rows,NO - custom.label_one unset; default template collection.json renders no pill rows,5,Acne Care,3,9395177095427;9395163857155;9395048251651,tags 'blemishes' + 'concern:acne' on all three,new_collection,,YES,ARENCIA Acne Care,arencia-acne-care,manual,Manual membership - exact product IDs: 9395177095427;9395163857155;9395048251651 (expected count 3),no conflict - checked against all 272 live collection handles and all proposed handles in this manifest,N/A - collection does not exist yet; source brand collection: collection published to Online Store (Admin publishedOnPublication),High,
470480748803,ARENCIA,arencia,https://beautyontapp.com/collections/arencia,ARENCIA (10),10,10,NO - custom.label unset; default template collection.json renders no pill rows,NO - custom.label_one unset; default template collection.json renders no pill rows,6,Hydration,2,9395177095427;9395163857155,tag 'Hydrating serum' on both,new_collection,,YES,ARENCIA Hydration,arencia-hydration,manual,Manual membership - exact product IDs: 9395177095427;9395163857155 (expected count 2),no conflict - checked against all 272 live collection handles and all proposed handles in this manifest,N/A - collection does not exist yet; source brand collection: collection published to Online Store (Admin publishedOnPublication),High,
470480748803,ARENCIA,arencia,https://beautyontapp.com/collections/arencia,ARENCIA (10),10,10,NO - custom.label unset; default template collection.json renders no pill rows,NO - custom.label_one unset; default template collection.json renders no pill rows,7,Hyperpigmentation,2,9395177095427;9395163857155,tags 'concern:hyperpigmentation' and 'dark spots'; Rice Mucin also tag 'hyperpigmentation',new_collection,,YES,ARENCIA Hyperpigmentation,arencia-hyperpigmentation,manual,Manual membership - exact product IDs: 9395177095427;9395163857155 (expected count 2),no conflict - checked against all 272 live collection handles and all proposed handles in this manifest,N/A - collection does not exist yet; source brand collection: collection published to Online Store (Admin publishedOnPublication),High,
461832454403,Youth O'clock,youth-oclock,https://beautyontapp.com/collections/youth-oclock,YOUTH O'CLOCK (2),2,2,NO - custom.label unset; default template collection.json renders no pill rows,NO - custom.label_one unset; default template collection.json renders no pill rows,1,Serums,2,9191925055747;9191918895363,"9191925055747: productType 'Serum', tags 'serum'/'ampoules', title 'Ampoule'; 9191918895363: title contains 'Serum'",new_collection,,YES,Youth O'clock Serums,youth-oclock-serums,manual,Manual membership - exact product IDs: 9191925055747;9191918895363 (expected count 2),no conflict - checked against all 272 live collection handles and all proposed handles in this manifest,N/A - collection does not exist yet; source brand collection: collection published to Online Store (Admin publishedOnPublication),High,
461832454403,Youth O'clock,youth-oclock,https://beautyontapp.com/collections/youth-oclock,YOUTH O'CLOCK (2),2,2,NO - custom.label unset; default template collection.json renders no pill rows,NO - custom.label_one unset; default template collection.json renders no pill rows,2,Anti-Aging,2,9191925055747;9191918895363,both products have literal tag 'retinol',new_collection,,YES,Youth O'clock Anti-Aging,youth-oclock-anti-aging,manual,Manual membership - exact product IDs: 9191925055747;9191918895363 (expected count 2),no conflict - checked against all 272 live collection handles and all proposed handles in this manifest,N/A - collection does not exist yet; source brand collection: collection published to Online Store (Admin publishedOnPublication),High,
474647789827,Erborian,erborian-1,https://beautyontapp.com/collections/erborian-1,Erborian (21),21,20,NO - custom.label unset; default template collection.json renders no pill rows,NO - custom.label_one unset; default template collection.json renders no pill rows,,NO PILLS PROPOSED - duplicate collection - resolve before any pill work,0,,"Duplicate of /collections/erborian (published twin, 23 products). erborian-1 is NOT published to the Online Store (Admin publishedOnPublication=false). Proposing pills here would duplicate the canonical Erborian manifest rows.",,,NO,,,,,this collection IS the duplicate (see evidence),COLLECTION NOT PUBLISHED to Online Store (Admin publishedOnPublication=false),High,duplicate collection - resolve before any pill work
