brand_collection_id,brand_collection_title,brand_collection_handle,pill_slot,pill_label,qualifying_product_count,qualifying_product_ids,destination_priority_1_existing,destination_priority_2_filter_url,destination_recommended,new_collection_required,proposed_collection_title,proposed_collection_handle,proposed_collection_type,proposed_collection_membership,duplicate_check,validation_status,notes
444383068419,Afrobotanics,afrobotanics,1,Hair Treatments,3,8929363788035;8929362182403;8929362149635,none — no existing brand-specific collection matches this pill,https://beautyontapp.com/collections/afrobotanics?filter.p.product_type=Hair+Care — NOT VERIFIED: live HTTP blocked by Cloudflare; theme grids have show_filters:false; Search & Discovery filter config unverified,new_collection (manual),YES,Afrobotanics Hair Treatments,afrobotanics-hair-treatments,manual,exact product IDs: 8929363788035;8929362182403;8929362149635 (expected count 3),"no conflict — checked against 272 live handles (Admin snapshot 2026-07-21, collections_all.json; re-check at implementation time) and all proposals",N/A — collection does not exist yet; brand collection published to Online Store (Admin-verified),
444383068419,Afrobotanics,afrobotanics,2,Shampoos,2,8929362116867;8929362051331,none — no existing brand-specific collection matches this pill,https://beautyontapp.com/collections/afrobotanics?filter.p.product_type=Hair+Care — NOT VERIFIED: live HTTP blocked by Cloudflare; theme grids have show_filters:false; Search & Discovery filter config unverified,new_collection (manual),YES,Afrobotanics Shampoos,afrobotanics-shampoos,manual,exact product IDs: 8929362116867;8929362051331 (expected count 2),"no conflict — checked against 272 live handles (Admin snapshot 2026-07-21, collections_all.json; re-check at implementation time) and all proposals",N/A — collection does not exist yet; brand collection published to Online Store (Admin-verified),
442297975043,Anasa,anasa,1,Bath Soaks,3,8929364377859;8929364410627;8929364345091,none — no existing brand-specific collection matches this pill,no uniform productType — not constructible,new_collection (manual),YES,Anasa Bath Soaks,anasa-bath-soaks,manual,exact product IDs: 8929364377859;8929364410627;8929364345091 (expected count 3),"no conflict — checked against 272 live handles (Admin snapshot 2026-07-21, collections_all.json; re-check at implementation time) and all proposals",N/A — collection does not exist yet; brand collection published to Online Store (Admin-verified),
442297975043,Anasa,anasa,2,Body Butters,2,8929364181251;8929364148483,none — no existing brand-specific collection matches this pill,https://beautyontapp.com/collections/anasa?filter.p.product_type=Body+Care — NOT VERIFIED: live HTTP blocked by Cloudflare; theme grids have show_filters:false; Search & Discovery filter config unverified,new_collection (manual),YES,Anasa Body Butters,anasa-body-butters,manual,exact product IDs: 8929364181251;8929364148483 (expected count 2),"no conflict — checked against 272 live handles (Admin snapshot 2026-07-21, collections_all.json; re-check at implementation time) and all proposals",N/A — collection does not exist yet; brand collection published to Online Store (Admin-verified),
442297975043,Anasa,anasa,3,Body Oils,2,8929364246787;8929364214019,none — no existing brand-specific collection matches this pill,https://beautyontapp.com/collections/anasa?filter.p.product_type=Body+Care — NOT VERIFIED: live HTTP blocked by Cloudflare; theme grids have show_filters:false; Search & Discovery filter config unverified,new_collection (manual),YES,Anasa Body Oils,anasa-body-oils,manual,exact product IDs: 8929364246787;8929364214019 (expected count 2),"no conflict — checked against 272 live handles (Admin snapshot 2026-07-21, collections_all.json; re-check at implementation time) and all proposals",N/A — collection does not exist yet; brand collection published to Online Store (Admin-verified),
442297975043,Anasa,anasa,4,Body Scrubs,2,8929379746051;8929364312323,none — no existing brand-specific collection matches this pill,https://beautyontapp.com/collections/anasa?filter.p.product_type=Exfoliator — NOT VERIFIED: live HTTP blocked by Cloudflare; theme grids have show_filters:false; Search & Discovery filter config unverified,new_collection (manual),YES,Anasa Body Scrubs,anasa-body-scrubs,manual,exact product IDs: 8929379746051;8929364312323 (expected count 2),"no conflict — checked against 272 live handles (Admin snapshot 2026-07-21, collections_all.json; re-check at implementation time) and all proposals",N/A — collection does not exist yet; brand collection published to Online Store (Admin-verified),
444217262339,ANUA,anua,1,Toners,5,8929404092675;8965612372227;8929401733379;8929399963907;8929399931139,none — no existing brand-specific collection matches this pill,no uniform productType — not constructible,new_collection (manual),YES,ANUA Toners,anua-toners,manual,exact product IDs: 8929404092675;8965612372227;8929401733379;8929399963907;8929399931139 (expected count 5),"no conflict — checked against 272 live handles (Admin snapshot 2026-07-21, collections_all.json; re-check at implementation time) and all proposals",N/A — collection does not exist yet; brand collection published to Online Store (Admin-verified),
444217262339,ANUA,anua,2,Face Serums,4,8994436186371;8929404158211;8929404027139;8929404223747,none — no existing brand-specific collection matches this pill,no uniform productType — not constructible,new_collection (manual),YES,ANUA Face Serums,anua-face-serums,manual,exact product IDs: 8994436186371;8929404158211;8929404027139;8929404223747 (expected count 4),"no conflict — checked against 272 live handles (Admin snapshot 2026-07-21, collections_all.json; re-check at implementation time) and all proposals",N/A — collection does not exist yet; brand collection published to Online Store (Admin-verified),
444217262339,ANUA,anua,3,Face Masks,4,9290311532803;9029167612163;8929404125443;8929399832835,none — no existing brand-specific collection matches this pill,no uniform productType — not constructible,new_collection (manual),YES,ANUA Face Masks,anua-face-masks,manual,exact product IDs: 9290311532803;9029167612163;8929404125443;8929399832835 (expected count 4),"no conflict — checked against 272 live handles (Admin snapshot 2026-07-21, collections_all.json; re-check at implementation time) and all proposals",N/A — collection does not exist yet; brand collection published to Online Store (Admin-verified),
444217262339,ANUA,anua,4,Cleansers,3,9029172035843;9030706987267;8929400029443,none — no existing brand-specific collection matches this pill,no uniform productType — not constructible,new_collection (manual),YES,ANUA Cleansers,anua-cleansers,manual,exact product IDs: 9029172035843;9030706987267;8929400029443 (expected count 3),"no conflict — checked against 272 live handles (Admin snapshot 2026-07-21, collections_all.json; re-check at implementation time) and all proposals",N/A — collection does not exist yet; brand collection published to Online Store (Admin-verified),
444217262339,ANUA,anua,5,Exfoliators,2,8929404092675;8929404190979,none — no existing brand-specific collection matches this pill,no uniform productType — not constructible,new_collection (manual),YES,ANUA Exfoliators,anua-exfoliators,manual,exact product IDs: 8929404092675;8929404190979 (expected count 2),"no conflict — checked against 272 live handles (Admin snapshot 2026-07-21, collections_all.json; re-check at implementation time) and all proposals",N/A — collection does not exist yet; brand collection published to Online Store (Admin-verified),
444217262339,ANUA,anua,6,Moisturisers,2,8929399898371;8929399865603,none — no existing brand-specific collection matches this pill,https://beautyontapp.com/collections/anua?filter.p.product_type=Moisturiser — NOT VERIFIED: live HTTP blocked by Cloudflare; theme grids have show_filters:false; Search & Discovery filter config unverified,new_collection (manual),YES,ANUA Moisturisers,anua-moisturisers,manual,exact product IDs: 8929399898371;8929399865603 (expected count 2),"no conflict — checked against 272 live handles (Admin snapshot 2026-07-21, collections_all.json; re-check at implementation time) and all proposals",N/A — collection does not exist yet; brand collection published to Online Store (Admin-verified),
444217262339,ANUA,anua,7,Soothing,8,9290311532803;8929404158211;8929404125443;8929399963907;8929399931139;8929399898371;8929399865603;8929404059907,none — no existing brand-specific collection matches this pill,no uniform productType — not constructible,new_collection (manual),YES,ANUA Soothing,anua-soothing,manual,exact product IDs: 9290311532803;8929404158211;8929404125443;8929399963907;8929399931139;8929399898371;8929399865603;8929404059907 (expected count 8),"no conflict — checked against 272 live handles (Admin snapshot 2026-07-21, collections_all.json; re-check at implementation time) and all proposals",N/A — collection does not exist yet; brand collection published to Online Store (Admin-verified),
444217262339,ANUA,anua,8,Hydration,2,9030706987267;9029167612163,none — no existing brand-specific collection matches this pill,no uniform productType — not constructible,new_collection (manual),YES,ANUA Hydration,anua-hydration,manual,exact product IDs: 9030706987267;9029167612163 (expected count 2),"no conflict — checked against 272 live handles (Admin snapshot 2026-07-21, collections_all.json; re-check at implementation time) and all proposals",N/A — collection does not exist yet; brand collection published to Online Store (Admin-verified),
442297909507,Amazi,afrosundae,1,Face Serums,3,8929378500867;8929378468099;8929378369795,none — no existing brand-specific collection matches this pill,no uniform productType — not constructible,new_collection (manual),YES,Amazi Face Serums,amazi-face-serums,manual,exact product IDs: 8929378500867;8929378468099;8929378369795 (expected count 3),"no conflict — checked against 272 live handles (Admin snapshot 2026-07-21, collections_all.json; re-check at implementation time) and all proposals",N/A — collection does not exist yet; brand collection published to Online Store (Admin-verified),
444383658243,Avène,avene,1,Moisturisers,9,8929403830531;8929403371779;8929403142403;8929403044099;8929403011331;9259485462787;8929405141251;8929403896067;8929403207939,none — no existing brand-specific collection matches this pill,https://beautyontapp.com/collections/avene?filter.p.product_type=Moisturiser — NOT VERIFIED: live HTTP blocked by Cloudflare; theme grids have show_filters:false; Search & Discovery filter config unverified,new_collection (manual),YES,Avène Moisturisers,avene-moisturisers,manual,exact product IDs: 8929403830531;8929403371779;8929403142403;8929403044099;8929403011331;9259485462787;8929405141251;8929403896067;8929403207939 (expected count 9),"no conflict — checked against 272 live handles (Admin snapshot 2026-07-21, collections_all.json; re-check at implementation time) and all proposals",N/A — collection does not exist yet; brand collection published to Online Store (Admin-verified),
444383658243,Avène,avene,2,Sunscreen,6,8929403994371;8929403961603;8929403928835;8929403339011;9270629040387;8929403666691,none — no existing brand-specific collection matches this pill,no uniform productType — not constructible,new_collection (manual),YES,Avène Sunscreen,avene-sunscreen,manual,exact product IDs: 8929403994371;8929403961603;8929403928835;8929403339011;9270629040387;8929403666691 (expected count 6),"no conflict — checked against 272 live handles (Admin snapshot 2026-07-21, collections_all.json; re-check at implementation time) and all proposals",N/A — collection does not exist yet; brand collection published to Online Store (Admin-verified),
444383658243,Avène,avene,3,Cleansers,5,8929403437315;8929403404547;8929403240707;8929403175171;8929402913027,none — no existing brand-specific collection matches this pill,no uniform productType — not constructible,new_collection (manual),YES,Avène Cleansers,avene-cleansers,manual,exact product IDs: 8929403437315;8929403404547;8929403240707;8929403175171;8929402913027 (expected count 5),"no conflict — checked against 272 live handles (Admin snapshot 2026-07-21, collections_all.json; re-check at implementation time) and all proposals",N/A — collection does not exist yet; brand collection published to Online Store (Admin-verified),
444383658243,Avène,avene,4,Face Serums,5,8929403764995;8929403109635;8929403633923;8929403273475;8929402978563,none — no existing brand-specific collection matches this pill,https://beautyontapp.com/collections/avene?filter.p.product_type=Serum — NOT VERIFIED: live HTTP blocked by Cloudflare; theme grids have show_filters:false; Search & Discovery filter config unverified,new_collection (manual),YES,Avène Face Serums,avene-face-serums,manual,exact product IDs: 8929403764995;8929403109635;8929403633923;8929403273475;8929402978563 (expected count 5),"no conflict — checked against 272 live handles (Admin snapshot 2026-07-21, collections_all.json; re-check at implementation time) and all proposals",N/A — collection does not exist yet; brand collection published to Online Store (Admin-verified),
444383658243,Avène,avene,5,Exfoliators,2,8929403764995;8929402945795,none — no existing brand-specific collection matches this pill,no uniform productType — not constructible,new_collection (manual),YES,Avène Exfoliators,avene-exfoliators,manual,exact product IDs: 8929403764995;8929402945795 (expected count 2),"no conflict — checked against 272 live handles (Admin snapshot 2026-07-21, collections_all.json; re-check at implementation time) and all proposals",N/A — collection does not exist yet; brand collection published to Online Store (Admin-verified),
444383658243,Avène,avene,6,Eye Care,2,8929403076867;8929402781955,none — no existing brand-specific collection matches this pill,https://beautyontapp.com/collections/avene?filter.p.product_type=Eye+Care — NOT VERIFIED: live HTTP blocked by Cloudflare; theme grids have show_filters:false; Search & Discovery filter config unverified,new_collection (manual),YES,Avène Eye Care,avene-eye-care,manual,exact product IDs: 8929403076867;8929402781955 (expected count 2),"no conflict — checked against 272 live handles (Admin snapshot 2026-07-21, collections_all.json; re-check at implementation time) and all proposals",N/A — collection does not exist yet; brand collection published to Online Store (Admin-verified),
444383658243,Avène,avene,7,Face Mists,2,8929402716419;8929402683651,none — no existing brand-specific collection matches this pill,https://beautyontapp.com/collections/avene?filter.p.product_type=Facial+Mist — NOT VERIFIED: live HTTP blocked by Cloudflare; theme grids have show_filters:false; Search & Discovery filter config unverified,new_collection (manual),YES,Avène Face Mists,avene-face-mists,manual,exact product IDs: 8929402716419;8929402683651 (expected count 2),"no conflict — checked against 272 live handles (Admin snapshot 2026-07-21, collections_all.json; re-check at implementation time) and all proposals",N/A — collection does not exist yet; brand collection published to Online Store (Admin-verified),
444383658243,Avène,avene,8,Treatments,2,8929403109635;8929403535619,none — no existing brand-specific collection matches this pill,no uniform productType — not constructible,new_collection (manual),YES,Avène Treatments,avene-treatments,manual,exact product IDs: 8929403109635;8929403535619 (expected count 2),"no conflict — checked against 272 live handles (Admin snapshot 2026-07-21, collections_all.json; re-check at implementation time) and all proposals",N/A — collection does not exist yet; brand collection published to Online Store (Admin-verified),
444351119619,Aveeno,aveeno,1,Body Care,6,8929404977411;8929393803523;8929393770755;8929393737987;8929393639683;8929393606915,none — no existing brand-specific collection matches this pill,no uniform productType — not constructible,new_collection (manual),YES,Aveeno Body Care,aveeno-body-care,manual,exact product IDs: 8929404977411;8929393803523;8929393770755;8929393737987;8929393639683;8929393606915 (expected count 6),"no conflict — checked against 272 live handles (Admin snapshot 2026-07-21, collections_all.json; re-check at implementation time) and all proposals",N/A — collection does not exist yet; brand collection published to Online Store (Admin-verified),
444351119619,Aveeno,aveeno,2,Moisturisers,2,8929393836291;8929393672451,none — no existing brand-specific collection matches this pill,https://beautyontapp.com/collections/aveeno?filter.p.product_type=Moisturiser — NOT VERIFIED: live HTTP blocked by Cloudflare; theme grids have show_filters:false; Search & Discovery filter config unverified,new_collection (manual),YES,Aveeno Moisturisers,aveeno-moisturisers,manual,exact product IDs: 8929393836291;8929393672451 (expected count 2),"no conflict — checked against 272 live handles (Admin snapshot 2026-07-21, collections_all.json; re-check at implementation time) and all proposals",N/A — collection does not exist yet; brand collection published to Online Store (Admin-verified),
444351119619,Aveeno,aveeno,3,Body Wash,2,8929393770755;8929393639683,none — no existing brand-specific collection matches this pill,https://beautyontapp.com/collections/aveeno?filter.p.product_type=Body+Care — NOT VERIFIED: live HTTP blocked by Cloudflare; theme grids have show_filters:false; Search & Discovery filter config unverified,new_collection (manual),YES,Aveeno Body Wash,aveeno-body-wash,manual,exact product IDs: 8929393770755;8929393639683 (expected count 2),"no conflict — checked against 272 live handles (Admin snapshot 2026-07-21, collections_all.json; re-check at implementation time) and all proposals",N/A — collection does not exist yet; brand collection published to Online Store (Admin-verified),
444351119619,Aveeno,aveeno,4,Body Lotions,2,8929404977411;8929393606915,none — no existing brand-specific collection matches this pill,https://beautyontapp.com/collections/aveeno?filter.p.product_type=Body+Care — NOT VERIFIED: live HTTP blocked by Cloudflare; theme grids have show_filters:false; Search & Discovery filter config unverified,new_collection (manual),YES,Aveeno Body Lotions,aveeno-body-lotions,manual,exact product IDs: 8929404977411;8929393606915 (expected count 2),"no conflict — checked against 272 live handles (Admin snapshot 2026-07-21, collections_all.json; re-check at implementation time) and all proposals",N/A — collection does not exist yet; brand collection published to Online Store (Admin-verified),
444382576899,AXIS-Y,axis-y,1,Face Serums,4,8929392099587;8929406583043;8929392066819;8929395212547,none — no existing brand-specific collection matches this pill,no uniform productType — not constructible,new_collection (manual),YES,AXIS-Y Face Serums,axis-y-face-serums,manual,exact product IDs: 8929392099587;8929406583043;8929392066819;8929395212547 (expected count 4),"no conflict — checked against 272 live handles (Admin snapshot 2026-07-21, collections_all.json; re-check at implementation time) and all proposals",N/A — collection does not exist yet; brand collection published to Online Store (Admin-verified),
444382576899,AXIS-Y,axis-y,2,Moisturisers,4,8929404322051;9256313291011;8929399308547;8929395245315,none — no existing brand-specific collection matches this pill,no uniform productType — not constructible,new_collection (manual),YES,AXIS-Y Moisturisers,axis-y-moisturisers,manual,exact product IDs: 8929404322051;9256313291011;8929399308547;8929395245315 (expected count 4),"no conflict — checked against 272 live handles (Admin snapshot 2026-07-21, collections_all.json; re-check at implementation time) and all proposals",N/A — collection does not exist yet; brand collection published to Online Store (Admin-verified),
444382576899,AXIS-Y,axis-y,3,Toners,3,8929404354819;8929392328963;8929404256515,none — no existing brand-specific collection matches this pill,no uniform productType — not constructible,new_collection (manual),YES,AXIS-Y Toners,axis-y-toners,manual,exact product IDs: 8929404354819;8929392328963;8929404256515 (expected count 3),"no conflict — checked against 272 live handles (Admin snapshot 2026-07-21, collections_all.json; re-check at implementation time) and all proposals",N/A — collection does not exist yet; brand collection published to Online Store (Admin-verified),
444382576899,AXIS-Y,axis-y,4,Cleansers,2,8929392197891;8929392034051,none — no existing brand-specific collection matches this pill,no uniform productType — not constructible,new_collection (manual),YES,AXIS-Y Cleansers,axis-y-cleansers,manual,exact product IDs: 8929392197891;8929392034051 (expected count 2),"no conflict — checked against 272 live handles (Admin snapshot 2026-07-21, collections_all.json; re-check at implementation time) and all proposals",N/A — collection does not exist yet; brand collection published to Online Store (Admin-verified),
444382576899,AXIS-Y,axis-y,5,Exfoliators,2,8929392230659;8929395245315,none — no existing brand-specific collection matches this pill,no uniform productType — not constructible,new_collection (manual),YES,AXIS-Y Exfoliators,axis-y-exfoliators,manual,exact product IDs: 8929392230659;8929395245315 (expected count 2),"no conflict — checked against 272 live handles (Admin snapshot 2026-07-21, collections_all.json; re-check at implementation time) and all proposals",N/A — collection does not exist yet; brand collection published to Online Store (Admin-verified),
444382576899,AXIS-Y,axis-y,6,Essences,2,8929404289283;8929395376387,none — no existing brand-specific collection matches this pill,no uniform productType — not constructible,new_collection (manual),YES,AXIS-Y Essences,axis-y-essences,manual,exact product IDs: 8929404289283;8929395376387 (expected count 2),"no conflict — checked against 272 live handles (Admin snapshot 2026-07-21, collections_all.json; re-check at implementation time) and all proposals",N/A — collection does not exist yet; brand collection published to Online Store (Admin-verified),
444382576899,AXIS-Y,axis-y,7,Sunscreen,2,8929392165123;8929392296195,none — no existing brand-specific collection matches this pill,no uniform productType — not constructible,new_collection (manual),YES,AXIS-Y Sunscreen,axis-y-sunscreen,manual,exact product IDs: 8929392165123;8929392296195 (expected count 2),"no conflict — checked against 272 live handles (Admin snapshot 2026-07-21, collections_all.json; re-check at implementation time) and all proposals",N/A — collection does not exist yet; brand collection published to Online Store (Admin-verified),
444382576899,AXIS-Y,axis-y,8,Face Masks,2,8929395310851;8929391968515,none — no existing brand-specific collection matches this pill,https://beautyontapp.com/collections/axis-y?filter.p.product_type=Face+Mask — NOT VERIFIED: live HTTP blocked by Cloudflare; theme grids have show_filters:false; Search & Discovery filter config unverified,new_collection (manual),YES,AXIS-Y Face Masks,axis-y-face-masks,manual,exact product IDs: 8929395310851;8929391968515 (expected count 2),"no conflict — checked against 272 live handles (Admin snapshot 2026-07-21, collections_all.json; re-check at implementation time) and all proposals",N/A — collection does not exist yet; brand collection published to Online Store (Admin-verified),
442057523459,Bair Skincare,bair-skincare,1,Face Serums,5,8929390297347;8929390067971;8929390035203;8929390100739;8929390133507,none — no existing brand-specific collection matches this pill,no uniform productType — not constructible,new_collection (manual),YES,Bair Skincare Face Serums,bair-skincare-face-serums,manual,exact product IDs: 8929390297347;8929390067971;8929390035203;8929390100739;8929390133507 (expected count 5),"no conflict — checked against 272 live handles (Admin snapshot 2026-07-21, collections_all.json; re-check at implementation time) and all proposals",N/A — collection does not exist yet; brand collection published to Online Store (Admin-verified),
442057523459,Bair Skincare,bair-skincare,2,Body Care,2,9204915994883;9204922384643,none — no existing brand-specific collection matches this pill,https://beautyontapp.com/collections/bair-skincare?filter.p.product_type=Body+Care — NOT VERIFIED: live HTTP blocked by Cloudflare; theme grids have show_filters:false; Search & Discovery filter config unverified,new_collection (manual),YES,Bair Skincare Body Care,bair-skincare-body-care,manual,exact product IDs: 9204915994883;9204922384643 (expected count 2),"no conflict — checked against 272 live handles (Admin snapshot 2026-07-21, collections_all.json; re-check at implementation time) and all proposals",N/A — collection does not exist yet; brand collection published to Online Store (Admin-verified),
442057523459,Bair Skincare,bair-skincare,3,Brightening,3,9283975708931;9256070316291;9215065358595,none — no existing brand-specific collection matches this pill,no uniform productType — not constructible,new_collection (manual),YES,Bair Skincare Brightening,bair-skincare-brightening,manual,exact product IDs: 9283975708931;9256070316291;9215065358595 (expected count 3),"no conflict — checked against 272 live handles (Admin snapshot 2026-07-21, collections_all.json; re-check at implementation time) and all proposals",N/A — collection does not exist yet; brand collection published to Online Store (Admin-verified),
442057523459,Bair Skincare,bair-skincare,4,Hydration,2,9256070316291;9215948652803,none — no existing brand-specific collection matches this pill,https://beautyontapp.com/collections/bair-skincare?filter.p.product_type=Bundle — NOT VERIFIED: live HTTP blocked by Cloudflare; theme grids have show_filters:false; Search & Discovery filter config unverified,new_collection (manual),YES,Bair Skincare Hydration,bair-skincare-hydration,manual,exact product IDs: 9256070316291;9215948652803 (expected count 2),"no conflict — checked against 272 live handles (Admin snapshot 2026-07-21, collections_all.json; re-check at implementation time) and all proposals",N/A — collection does not exist yet; brand collection published to Online Store (Admin-verified),
442057523459,Bair Skincare,bair-skincare,5,Sets & Bundles,4,9283975708931;9256070316291;9215948652803;9215065358595,none — no existing brand-specific collection matches this pill,no uniform productType — not constructible,new_collection (manual),YES,Bair Skincare Sets & Bundles,bair-skincare-sets-bundles,manual,exact product IDs: 9283975708931;9256070316291;9215948652803;9215065358595 (expected count 4),"no conflict — checked against 272 live handles (Admin snapshot 2026-07-21, collections_all.json; re-check at implementation time) and all proposals",N/A — collection does not exist yet; brand collection published to Online Store (Admin-verified),
442298302723,Barulab,barulab,1,Face Masks,14,8929407074563;8929406386435;8929406353667;8929395769603;8929395704067;8929395671299;8929395507459;8929395441923;8929395409155;9038236680451;8929395802371;8929395540227;8929395474691;8929395179779,none — no existing brand-specific collection matches this pill,no uniform productType — not constructible,new_collection (manual),YES,Barulab Face Masks,barulab-face-masks,manual,exact product IDs: 8929407074563;8929406386435;8929406353667;8929395769603;8929395704067;8929395671299;8929395507459;8929395441923;8929395409155;9038236680451;8929395802371;8929395540227;8929395474691;8929395179779 (expected count 14),"no conflict — checked against 272 live handles (Admin snapshot 2026-07-21, collections_all.json; re-check at implementation time) and all proposals",N/A — collection does not exist yet; brand collection published to Online Store (Admin-verified),
442298302723,Barulab,barulab,2,Toners,3,8929406550275;8929406484739;8929406451971,none — no existing brand-specific collection matches this pill,no uniform productType — not constructible,new_collection (manual),YES,Barulab Toners,barulab-toners,manual,exact product IDs: 8929406550275;8929406484739;8929406451971 (expected count 3),"no conflict — checked against 272 live handles (Admin snapshot 2026-07-21, collections_all.json; re-check at implementation time) and all proposals",N/A — collection does not exist yet; brand collection published to Online Store (Admin-verified),
442298466563,Beauty of Joseon,beauty-of-joseon,1,Face Serums,6,8929402552579;8929395572995;8929404584195;8929395638531;8929402028291;8929404420355,none — no existing brand-specific collection matches this pill,no uniform productType — not constructible,new_collection (manual),YES,Beauty of Joseon Face Serums,beauty-of-joseon-face-serums,manual,exact product IDs: 8929402552579;8929395572995;8929404584195;8929395638531;8929402028291;8929404420355 (expected count 6),"no conflict — checked against 272 live handles (Admin snapshot 2026-07-21, collections_all.json; re-check at implementation time) and all proposals",N/A — collection does not exist yet; brand collection published to Online Store (Admin-verified),
442298466563,Beauty of Joseon,beauty-of-joseon,2,Sunscreen,4,8929395605763;8965610897667;8929402028291;8929402061059,none — no existing brand-specific collection matches this pill,no uniform productType — not constructible,new_collection (manual),YES,Beauty of Joseon Sunscreen,beauty-of-joseon-sunscreen,manual,exact product IDs: 8929395605763;8965610897667;8929402028291;8929402061059 (expected count 4),"no conflict — checked against 272 live handles (Admin snapshot 2026-07-21, collections_all.json; re-check at implementation time) and all proposals",N/A — collection does not exist yet; brand collection published to Online Store (Admin-verified),
442298466563,Beauty of Joseon,beauty-of-joseon,3,Cleansers,3,8929401995523;9343685034243;9287210336515,none — no existing brand-specific collection matches this pill,https://beautyontapp.com/collections/beauty-of-joseon?filter.p.product_type=Cleanser — NOT VERIFIED: live HTTP blocked by Cloudflare; theme grids have show_filters:false; Search & Discovery filter config unverified,new_collection (manual),YES,Beauty of Joseon Cleansers,beauty-of-joseon-cleansers,manual,exact product IDs: 8929401995523;9343685034243;9287210336515 (expected count 3),"no conflict — checked against 272 live handles (Admin snapshot 2026-07-21, collections_all.json; re-check at implementation time) and all proposals",N/A — collection does not exist yet; brand collection published to Online Store (Admin-verified),
442298466563,Beauty of Joseon,beauty-of-joseon,4,Moisturisers,2,8929404485891;8929404453123,none — no existing brand-specific collection matches this pill,no uniform productType — not constructible,new_collection (manual),YES,Beauty of Joseon Moisturisers,beauty-of-joseon-moisturisers,manual,exact product IDs: 8929404485891;8929404453123 (expected count 2),"no conflict — checked against 272 live handles (Admin snapshot 2026-07-21, collections_all.json; re-check at implementation time) and all proposals",N/A — collection does not exist yet; brand collection published to Online Store (Admin-verified),
442298466563,Beauty of Joseon,beauty-of-joseon,5,Eye Care,2,8929402552579;9343698632963,none — no existing brand-specific collection matches this pill,https://beautyontapp.com/collections/beauty-of-joseon?filter.p.product_type=Eye+Care — NOT VERIFIED: live HTTP blocked by Cloudflare; theme grids have show_filters:false; Search & Discovery filter config unverified,new_collection (manual),YES,Beauty of Joseon Eye Care,beauty-of-joseon-eye-care,manual,exact product IDs: 8929402552579;9343698632963 (expected count 2),"no conflict — checked against 272 live handles (Admin snapshot 2026-07-21, collections_all.json; re-check at implementation time) and all proposals",N/A — collection does not exist yet; brand collection published to Online Store (Admin-verified),
442298466563,Beauty of Joseon,beauty-of-joseon,6,Brightening,5,8929395572995;8929404584195;8929404616963;9288357576963;9287210336515,none — no existing brand-specific collection matches this pill,no uniform productType — not constructible,new_collection (manual),YES,Beauty of Joseon Brightening,beauty-of-joseon-brightening,manual,exact product IDs: 8929395572995;8929404584195;8929404616963;9288357576963;9287210336515 (expected count 5),"no conflict — checked against 272 live handles (Admin snapshot 2026-07-21, collections_all.json; re-check at implementation time) and all proposals",N/A — collection does not exist yet; brand collection published to Online Store (Admin-verified),
442298466563,Beauty of Joseon,beauty-of-joseon,7,Sets & Bundles,2,8929407631619;9191155826947,none — no existing brand-specific collection matches this pill,no uniform productType — not constructible,new_collection (manual),YES,Beauty of Joseon Sets & Bundles,beauty-of-joseon-sets-bundles,manual,exact product IDs: 8929407631619;9191155826947 (expected count 2),"no conflict — checked against 272 live handles (Admin snapshot 2026-07-21, collections_all.json; re-check at implementation time) and all proposals",N/A — collection does not exist yet; brand collection published to Online Store (Admin-verified),
444711895299,Biodance,biodance,1,Toners,2,9179651014915;9179612774659,none — no existing brand-specific collection matches this pill,no uniform productType — not constructible,new_collection (manual),YES,Biodance Toners,biodance-toners,manual,exact product IDs: 9179651014915;9179612774659 (expected count 2),"no conflict — checked against 272 live handles (Admin snapshot 2026-07-21, collections_all.json; re-check at implementation time) and all proposals",N/A — collection does not exist yet; brand collection published to Online Store (Admin-verified),
444711895299,Biodance,biodance,2,Face Masks,2,8929405567235;8929405534467,none — no existing brand-specific collection matches this pill,https://beautyontapp.com/collections/biodance?filter.p.product_type=Face+Mask — NOT VERIFIED: live HTTP blocked by Cloudflare; theme grids have show_filters:false; Search & Discovery filter config unverified,new_collection (manual),YES,Biodance Face Masks,biodance-face-masks,manual,exact product IDs: 8929405567235;8929405534467 (expected count 2),"no conflict — checked against 272 live handles (Admin snapshot 2026-07-21, collections_all.json; re-check at implementation time) and all proposals",N/A — collection does not exist yet; brand collection published to Online Store (Admin-verified),
444711895299,Biodance,biodance,3,Hydration,2,9179651014915;9179612774659,none — no existing brand-specific collection matches this pill,no uniform productType — not constructible,new_collection (manual),YES,Biodance Hydration,biodance-hydration,manual,exact product IDs: 9179651014915;9179612774659 (expected count 2),"no conflict — checked against 272 live handles (Admin snapshot 2026-07-21, collections_all.json; re-check at implementation time) and all proposals",N/A — collection does not exist yet; brand collection published to Online Store (Admin-verified),
442298499331,BIODERMA,bioderma,1,Moisturisers,8,8929385152771;8929385120003;8929384759555;8929384661251;8929394327811;8929384792323;8929384825091;8929385644291,none — no existing brand-specific collection matches this pill,https://beautyontapp.com/collections/bioderma?filter.p.product_type=Moisturiser — NOT VERIFIED: live HTTP blocked by Cloudflare; theme grids have show_filters:false; Search & Discovery filter config unverified,new_collection (manual),YES,BIODERMA Moisturisers,bioderma-moisturisers,manual,exact product IDs: 8929385152771;8929385120003;8929384759555;8929384661251;8929394327811;8929384792323;8929384825091;8929385644291 (expected count 8),"no conflict — checked against 272 live handles (Admin snapshot 2026-07-21, collections_all.json; re-check at implementation time) and all proposals",N/A — collection does not exist yet; brand collection published to Online Store (Admin-verified),
442298499331,BIODERMA,bioderma,2,Sunscreen,8,8929385382147;8929385316611;8929385349379;8929385218307;8929385185539;8929385021699;8929385251075;8929384923395,none — no existing brand-specific collection matches this pill,https://beautyontapp.com/collections/bioderma?filter.p.product_type=Sunscreen — NOT VERIFIED: live HTTP blocked by Cloudflare; theme grids have show_filters:false; Search & Discovery filter config unverified,new_collection (manual),YES,BIODERMA Sunscreen,bioderma-sunscreen,manual,exact product IDs: 8929385382147;8929385316611;8929385349379;8929385218307;8929385185539;8929385021699;8929385251075;8929384923395 (expected count 8),"no conflict — checked against 272 live handles (Admin snapshot 2026-07-21, collections_all.json; re-check at implementation time) and all proposals",N/A — collection does not exist yet; brand collection published to Online Store (Admin-verified),
442298499331,BIODERMA,bioderma,3,Cleansers,7,8929385513219;8929385480451;8929385578755;8929385414915;8929385087235;8929385054467;8929384890627,none — no existing brand-specific collection matches this pill,https://beautyontapp.com/collections/bioderma?filter.p.product_type=Cleanser — NOT VERIFIED: live HTTP blocked by Cloudflare; theme grids have show_filters:false; Search & Discovery filter config unverified,new_collection (manual),YES,BIODERMA Cleansers,bioderma-cleansers,manual,exact product IDs: 8929385513219;8929385480451;8929385578755;8929385414915;8929385087235;8929385054467;8929384890627 (expected count 7),"no conflict — checked against 272 live handles (Admin snapshot 2026-07-21, collections_all.json; re-check at implementation time) and all proposals",N/A — collection does not exist yet; brand collection published to Online Store (Admin-verified),
442298499331,BIODERMA,bioderma,4,Face Serums,3,8929385611523;8929385677059;8929384956163,none — no existing brand-specific collection matches this pill,no uniform productType — not constructible,new_collection (manual),YES,BIODERMA Face Serums,bioderma-face-serums,manual,exact product IDs: 8929385611523;8929385677059;8929384956163 (expected count 3),"no conflict — checked against 272 live handles (Admin snapshot 2026-07-21, collections_all.json; re-check at implementation time) and all proposals",N/A — collection does not exist yet; brand collection published to Online Store (Admin-verified),
442298499331,BIODERMA,bioderma,5,Body Wash,2,8929384726787;8973094191363,none — no existing brand-specific collection matches this pill,https://beautyontapp.com/collections/bioderma?filter.p.product_type=Body+Care — NOT VERIFIED: live HTTP blocked by Cloudflare; theme grids have show_filters:false; Search & Discovery filter config unverified,new_collection (manual),YES,BIODERMA Body Wash,bioderma-body-wash,manual,exact product IDs: 8929384726787;8973094191363 (expected count 2),"no conflict — checked against 272 live handles (Admin snapshot 2026-07-21, collections_all.json; re-check at implementation time) and all proposals",N/A — collection does not exist yet; brand collection published to Online Store (Admin-verified),
442298499331,BIODERMA,bioderma,6,Hyperpigmentation,6,8929385152771;8929385120003;8929385087235;8929385054467;8929385021699;8929384988931,none — no existing brand-specific collection matches this pill,no uniform productType — not constructible,new_collection (manual),YES,BIODERMA Hyperpigmentation,bioderma-hyperpigmentation,manual,exact product IDs: 8929385152771;8929385120003;8929385087235;8929385054467;8929385021699;8929384988931 (expected count 6),"no conflict — checked against 272 live handles (Admin snapshot 2026-07-21, collections_all.json; re-check at implementation time) and all proposals",N/A — collection does not exist yet; brand collection published to Online Store (Admin-verified),
444347187459,Black African Organics,black-african-organics,1,Body Care,4,8965612208387;8965611782403;8929380204803;8929380172035,none — no existing brand-specific collection matches this pill,no uniform productType — not constructible,new_collection (manual),YES,Black African Organics Body Care,black-african-organics-body-care,manual,exact product IDs: 8965612208387;8965611782403;8929380204803;8929380172035 (expected count 4),"no conflict — checked against 272 live handles (Admin snapshot 2026-07-21, collections_all.json; re-check at implementation time) and all proposals",N/A — collection does not exist yet; brand collection published to Online Store (Admin-verified),
444347187459,Black African Organics,black-african-organics,2,Hair Care,3,8929380139267;8929380073731;8929380040963,none — no existing brand-specific collection matches this pill,https://beautyontapp.com/collections/black-african-organics?filter.p.product_type=Hair+Care — NOT VERIFIED: live HTTP blocked by Cloudflare; theme grids have show_filters:false; Search & Discovery filter config unverified,new_collection (manual),YES,Black African Organics Hair Care,black-african-organics-hair-care,manual,exact product IDs: 8929380139267;8929380073731;8929380040963 (expected count 3),"no conflict — checked against 272 live handles (Admin snapshot 2026-07-21, collections_all.json; re-check at implementation time) and all proposals",N/A — collection does not exist yet; brand collection published to Online Store (Admin-verified),
444347187459,Black African Organics,black-african-organics,3,Brightening,3,8965612110083;8965611946243;8965611913475,none — no existing brand-specific collection matches this pill,no uniform productType — not constructible,new_collection (manual),YES,Black African Organics Brightening,black-african-organics-brightening,manual,exact product IDs: 8965612110083;8965611946243;8965611913475 (expected count 3),"no conflict — checked against 272 live handles (Admin snapshot 2026-07-21, collections_all.json; re-check at implementation time) and all proposals",N/A — collection does not exist yet; brand collection published to Online Store (Admin-verified),
442298630403,Breast Tape by Si,bree-probiotics,1,Intimate Care,4,8929372242179;8929389379843;8929372274947;8929372176643,none — no existing brand-specific collection matches this pill,no uniform productType — not constructible,new_collection (manual),YES,Breast Tape by Si Intimate Care,breast-tape-by-si-intimate-care,manual,exact product IDs: 8929372242179;8929389379843;8929372274947;8929372176643 (expected count 4),"no conflict — checked against 272 live handles (Admin snapshot 2026-07-21, collections_all.json; re-check at implementation time) and all proposals",N/A — collection does not exist yet; brand collection published to Online Store (Admin-verified),
444656845059,Brothers Beard,brothers-beard,1,Beard Care,2,8929120223491;8929120190723,none — no existing brand-specific collection matches this pill,https://beautyontapp.com/collections/brothers-beard?filter.p.product_type=Beard — NOT VERIFIED: live HTTP blocked by Cloudflare; theme grids have show_filters:false; Search & Discovery filter config unverified,new_collection (manual),YES,Brothers Beard Beard Care,brothers-beard-beard-care,manual,exact product IDs: 8929120223491;8929120190723 (expected count 2),"no conflict — checked against 272 live handles (Admin snapshot 2026-07-21, collections_all.json; re-check at implementation time) and all proposals",N/A — collection does not exist yet; brand collection published to Online Store (Admin-verified),
444378480899,Cerave,cerave,1,Moisturisers,8,8929388462339;8929474969859;8929377943811;8929394721027;8929385840899;8929408057603;8929376239875;9022609522947,none — no existing brand-specific collection matches this pill,https://beautyontapp.com/collections/cerave?filter.p.product_type=Moisturiser — NOT VERIFIED: live HTTP blocked by Cloudflare; theme grids have show_filters:false; Search & Discovery filter config unverified,new_collection (manual),YES,Cerave Moisturisers,cerave-moisturisers,manual,exact product IDs: 8929388462339;8929474969859;8929377943811;8929394721027;8929385840899;8929408057603;8929376239875;9022609522947 (expected count 8),"no conflict — checked against 272 live handles (Admin snapshot 2026-07-21, collections_all.json; re-check at implementation time) and all proposals",N/A — collection does not exist yet; brand collection published to Online Store (Admin-verified),
444378480899,Cerave,cerave,2,Cleansers,5,8929385808131;8929380696323;8929376141571;8929376174339;8929376207107,none — no existing brand-specific collection matches this pill,https://beautyontapp.com/collections/cerave?filter.p.product_type=Cleanser — NOT VERIFIED: live HTTP blocked by Cloudflare; theme grids have show_filters:false; Search & Discovery filter config unverified,new_collection (manual),YES,Cerave Cleansers,cerave-cleansers,manual,exact product IDs: 8929385808131;8929380696323;8929376141571;8929376174339;8929376207107 (expected count 5),"no conflict — checked against 272 live handles (Admin snapshot 2026-07-21, collections_all.json; re-check at implementation time) and all proposals",N/A — collection does not exist yet; brand collection published to Online Store (Admin-verified),
444378480899,Cerave,cerave,3,Face Serums,2,8929385873667;9470031397123,none — no existing brand-specific collection matches this pill,no uniform productType — not constructible,new_collection (manual),YES,Cerave Face Serums,cerave-face-serums,manual,exact product IDs: 8929385873667;9470031397123 (expected count 2),"no conflict — checked against 272 live handles (Admin snapshot 2026-07-21, collections_all.json; re-check at implementation time) and all proposals",N/A — collection does not exist yet; brand collection published to Online Store (Admin-verified),
444378480899,Cerave,cerave,4,Hydration,3,8929376174339;8929474969859;8929376207107,none — no existing brand-specific collection matches this pill,no uniform productType — not constructible,new_collection (manual),YES,Cerave Hydration,cerave-hydration,manual,exact product IDs: 8929376174339;8929474969859;8929376207107 (expected count 3),"no conflict — checked against 272 live handles (Admin snapshot 2026-07-21, collections_all.json; re-check at implementation time) and all proposals",N/A — collection does not exist yet; brand collection published to Online Store (Admin-verified),
444378480899,Cerave,cerave,5,Acne Care,3,8929385808131;8929385873667;8929385840899,none — no existing brand-specific collection matches this pill,no uniform productType — not constructible,new_collection (manual),YES,Cerave Acne Care,cerave-acne-care,manual,exact product IDs: 8929385808131;8929385873667;8929385840899 (expected count 3),"no conflict — checked against 272 live handles (Admin snapshot 2026-07-21, collections_all.json; re-check at implementation time) and all proposals",N/A — collection does not exist yet; brand collection published to Online Store (Admin-verified),
444379103491,COSRX,cosrx,1,Moisturisers,17,8929358905603;8929399374083;8929361690883;8929396195587;8929396424963;9029179506947;8929365360899;8929363099907;8929398030595;8965611159811;8929396228355;8929393934595;9344237338883;8929397932291;8929363263747;8929393967363;8929398128899,none — no existing brand-specific collection matches this pill,no uniform productType — not constructible,new_collection (manual),YES,COSRX Moisturisers,cosrx-moisturisers,manual,exact product IDs: 8929358905603;8929399374083;8929361690883;8929396195587;8929396424963;9029179506947;8929365360899;8929363099907;8929398030595;8965611159811;8929396228355;8929393934595;9344237338883;8929397932291;8929363263747;8929393967363;8929398128899 (expected count 17),"no conflict — checked against 272 live handles (Admin snapshot 2026-07-21, collections_all.json; re-check at implementation time) and all proposals",N/A — collection does not exist yet; brand collection published to Online Store (Admin-verified),
444379103491,COSRX,cosrx,2,Face Masks,16,8929361985795;8929398784259;8929363296515;8929396064515;9182061625603;8929405927683;8929406288131;9290270343427;8929399406851;9290257236227;9180436201731;9292889063683;9290264871171;9290249994499;9290091626755;8929396261123,none — no existing brand-specific collection matches this pill,no uniform productType — not constructible,new_collection (manual),YES,COSRX Face Masks,cosrx-face-masks,manual,exact product IDs: 8929361985795;8929398784259;8929363296515;8929396064515;9182061625603;8929405927683;8929406288131;9290270343427;8929399406851;9290257236227;9180436201731;9292889063683;9290264871171;9290249994499;9290091626755;8929396261123 (expected count 16),"no conflict — checked against 272 live handles (Admin snapshot 2026-07-21, collections_all.json; re-check at implementation time) and all proposals",N/A — collection does not exist yet; brand collection published to Online Store (Admin-verified),
444379103491,COSRX,cosrx,3,Face Serums,12,8929394262275;8929393443075;8929394229507;8929393901827;8929405829379;8929396293891;8929393541379;8929358414083;8929363230979;8929398096131;9521959141635;9292817629443,none — no existing brand-specific collection matches this pill,no uniform productType — not constructible,new_collection (manual),YES,COSRX Face Serums,cosrx-face-serums,manual,exact product IDs: 8929394262275;8929393443075;8929394229507;8929393901827;8929405829379;8929396293891;8929393541379;8929358414083;8929363230979;8929398096131;9521959141635;9292817629443 (expected count 12),"no conflict — checked against 272 live handles (Admin snapshot 2026-07-21, collections_all.json; re-check at implementation time) and all proposals",N/A — collection does not exist yet; brand collection published to Online Store (Admin-verified),
444379103491,COSRX,cosrx,4,Cleansers,10,8929358741763;8929358381315;8929398653187;8929398587651;8929363198211;8929397866755;8929402126595;8929397965059;8929405862147;8929396162819,none — no existing brand-specific collection matches this pill,no uniform productType — not constructible,new_collection (manual),YES,COSRX Cleansers,cosrx-cleansers,manual,exact product IDs: 8929358741763;8929358381315;8929398653187;8929398587651;8929363198211;8929397866755;8929402126595;8929397965059;8929405862147;8929396162819 (expected count 10),"no conflict — checked against 272 live handles (Admin snapshot 2026-07-21, collections_all.json; re-check at implementation time) and all proposals",N/A — collection does not exist yet; brand collection published to Online Store (Admin-verified),
444379103491,COSRX,cosrx,5,Toners,10,8929402192131;8929358872835;8929396130051;8929402224899;8929358807299;8929363132675;8929396031747;8929406320899;8929405796611;9529551421699,none — no existing brand-specific collection matches this pill,no uniform productType — not constructible,new_collection (manual),YES,COSRX Toners,cosrx-toners,manual,exact product IDs: 8929402192131;8929358872835;8929396130051;8929402224899;8929358807299;8929363132675;8929396031747;8929406320899;8929405796611;9529551421699 (expected count 10),"no conflict — checked against 272 live handles (Admin snapshot 2026-07-21, collections_all.json; re-check at implementation time) and all proposals",N/A — collection does not exist yet; brand collection published to Online Store (Admin-verified),
444379103491,COSRX,cosrx,6,Treatments,6,8929358872835;8929393443075;8929402224899;8929396293891;8929406320899;9292817629443,none — no existing brand-specific collection matches this pill,no uniform productType — not constructible,new_collection (manual),YES,COSRX Treatments,cosrx-treatments,manual,exact product IDs: 8929358872835;8929393443075;8929402224899;8929396293891;8929406320899;9292817629443 (expected count 6),"no conflict — checked against 272 live handles (Admin snapshot 2026-07-21, collections_all.json; re-check at implementation time) and all proposals",N/A — collection does not exist yet; brand collection published to Online Store (Admin-verified),
444379103491,COSRX,cosrx,7,Exfoliators,5,8929405665539;8929358840067;8929393475843;8929405796611;8929405698307,none — no existing brand-specific collection matches this pill,no uniform productType — not constructible,new_collection (manual),YES,COSRX Exfoliators,cosrx-exfoliators,manual,exact product IDs: 8929405665539;8929358840067;8929393475843;8929405796611;8929405698307 (expected count 5),"no conflict — checked against 272 live handles (Admin snapshot 2026-07-21, collections_all.json; re-check at implementation time) and all proposals",N/A — collection does not exist yet; brand collection published to Online Store (Admin-verified),
444379103491,COSRX,cosrx,8,Sunscreen,5,8929362772227;8929398685955;8929396359427;8929395933443;9136532914435,none — no existing brand-specific collection matches this pill,no uniform productType — not constructible,new_collection (manual),YES,COSRX Sunscreen,cosrx-sunscreen,manual,exact product IDs: 8929362772227;8929398685955;8929396359427;8929395933443;9136532914435 (expected count 5),"no conflict — checked against 272 live handles (Admin snapshot 2026-07-21, collections_all.json; re-check at implementation time) and all proposals",N/A — collection does not exist yet; brand collection published to Online Store (Admin-verified),
442298990851,Dermopal,dermopal,1,Moisturisers,2,8929385742595;8929362870531,none — no existing brand-specific collection matches this pill,https://beautyontapp.com/collections/dermopal?filter.p.product_type=Moisturiser — NOT VERIFIED: live HTTP blocked by Cloudflare; theme grids have show_filters:false; Search & Discovery filter config unverified,new_collection (manual),YES,Dermopal Moisturisers,dermopal-moisturisers,manual,exact product IDs: 8929385742595;8929362870531 (expected count 2),"no conflict — checked against 272 live handles (Admin snapshot 2026-07-21, collections_all.json; re-check at implementation time) and all proposals",N/A — collection does not exist yet; brand collection published to Online Store (Admin-verified),
442298990851,Dermopal,dermopal,2,Sunscreen,2,8929380794627;8929358643459,none — no existing brand-specific collection matches this pill,https://beautyontapp.com/collections/dermopal?filter.p.product_type=Sunscreen — NOT VERIFIED: live HTTP blocked by Cloudflare; theme grids have show_filters:false; Search & Discovery filter config unverified,new_collection (manual),YES,Dermopal Sunscreen,dermopal-sunscreen,manual,exact product IDs: 8929380794627;8929358643459 (expected count 2),"no conflict — checked against 272 live handles (Admin snapshot 2026-07-21, collections_all.json; re-check at implementation time) and all proposals",N/A — collection does not exist yet; brand collection published to Online Store (Admin-verified),
442298990851,Dermopal,dermopal,3,Acne Care,3,8929385742595;8929385775363;8929362870531,none — no existing brand-specific collection matches this pill,no uniform productType — not constructible,new_collection (manual),YES,Dermopal Acne Care,dermopal-acne-care,manual,exact product IDs: 8929385742595;8929385775363;8929362870531 (expected count 3),"no conflict — checked against 272 live handles (Admin snapshot 2026-07-21, collections_all.json; re-check at implementation time) and all proposals",N/A — collection does not exist yet; brand collection published to Online Store (Admin-verified),
444464300291,Dermalogica,dermalogica,1,Cleansers,7,8965609718019;8965609390339;8965609226499;8965609128195;8965609292035;8965609259267;8965608964355,none — no existing brand-specific collection matches this pill,no uniform productType — not constructible,new_collection (manual),YES,Dermalogica Cleansers,dermalogica-cleansers,manual,exact product IDs: 8965609718019;8965609390339;8965609226499;8965609128195;8965609292035;8965609259267;8965608964355 (expected count 7),"no conflict — checked against 272 live handles (Admin snapshot 2026-07-21, collections_all.json; re-check at implementation time) and all proposals",N/A — collection does not exist yet; brand collection published to Online Store (Admin-verified),
444464300291,Dermalogica,dermalogica,2,Moisturisers,7,8965609914627;8965609554179;8965609095427;9013682405635;9013675589891;8965609881859;8965609750787,none — no existing brand-specific collection matches this pill,https://beautyontapp.com/collections/dermalogica?filter.p.product_type=Moisturiser — NOT VERIFIED: live HTTP blocked by Cloudflare; theme grids have show_filters:false; Search & Discovery filter config unverified,new_collection (manual),YES,Dermalogica Moisturisers,dermalogica-moisturisers,manual,exact product IDs: 8965609914627;8965609554179;8965609095427;9013682405635;9013675589891;8965609881859;8965609750787 (expected count 7),"no conflict — checked against 272 live handles (Admin snapshot 2026-07-21, collections_all.json; re-check at implementation time) and all proposals",N/A — collection does not exist yet; brand collection published to Online Store (Admin-verified),
444464300291,Dermalogica,dermalogica,3,Exfoliators,4,8965610144003;8965609554179;8965609390339;8965610012931,none — no existing brand-specific collection matches this pill,no uniform productType — not constructible,new_collection (manual),YES,Dermalogica Exfoliators,dermalogica-exfoliators,manual,exact product IDs: 8965610144003;8965609554179;8965609390339;8965610012931 (expected count 4),"no conflict — checked against 272 live handles (Admin snapshot 2026-07-21, collections_all.json; re-check at implementation time) and all proposals",N/A — collection does not exist yet; brand collection published to Online Store (Admin-verified),
444464300291,Dermalogica,dermalogica,4,Face Serums,4,8965612273923;8965609193731;8965610045699;8965609947395,none — no existing brand-specific collection matches this pill,no uniform productType — not constructible,new_collection (manual),YES,Dermalogica Face Serums,dermalogica-face-serums,manual,exact product IDs: 8965612273923;8965609193731;8965610045699;8965609947395 (expected count 4),"no conflict — checked against 272 live handles (Admin snapshot 2026-07-21, collections_all.json; re-check at implementation time) and all proposals",N/A — collection does not exist yet; brand collection published to Online Store (Admin-verified),
444464300291,Dermalogica,dermalogica,5,Treatments,4,8965609783555;8965609357571;8965609193731;8965610012931,none — no existing brand-specific collection matches this pill,no uniform productType — not constructible,new_collection (manual),YES,Dermalogica Treatments,dermalogica-treatments,manual,exact product IDs: 8965609783555;8965609357571;8965609193731;8965610012931 (expected count 4),"no conflict — checked against 272 live handles (Admin snapshot 2026-07-21, collections_all.json; re-check at implementation time) and all proposals",N/A — collection does not exist yet; brand collection published to Online Store (Admin-verified),
444464300291,Dermalogica,dermalogica,6,Sunscreen,3,9013668413699;8965610340611;8965610275075,none — no existing brand-specific collection matches this pill,https://beautyontapp.com/collections/dermalogica?filter.p.product_type=Sunscreen — NOT VERIFIED: live HTTP blocked by Cloudflare; theme grids have show_filters:false; Search & Discovery filter config unverified,new_collection (manual),YES,Dermalogica Sunscreen,dermalogica-sunscreen,manual,exact product IDs: 9013668413699;8965610340611;8965610275075 (expected count 3),"no conflict — checked against 272 live handles (Admin snapshot 2026-07-21, collections_all.json; re-check at implementation time) and all proposals",N/A — collection does not exist yet; brand collection published to Online Store (Admin-verified),
444464300291,Dermalogica,dermalogica,7,Face Mists,2,8965609521411;8965609423107,none — no existing brand-specific collection matches this pill,no uniform productType — not constructible,new_collection (manual),YES,Dermalogica Face Mists,dermalogica-face-mists,manual,exact product IDs: 8965609521411;8965609423107 (expected count 2),"no conflict — checked against 272 live handles (Admin snapshot 2026-07-21, collections_all.json; re-check at implementation time) and all proposals",N/A — collection does not exist yet; brand collection published to Online Store (Admin-verified),
444464300291,Dermalogica,dermalogica,8,Body Care,2,8965609619715;8965609586947,none — no existing brand-specific collection matches this pill,https://beautyontapp.com/collections/dermalogica?filter.p.product_type=Body+Care — NOT VERIFIED: live HTTP blocked by Cloudflare; theme grids have show_filters:false; Search & Discovery filter config unverified,new_collection (manual),YES,Dermalogica Body Care,dermalogica-body-care,manual,exact product IDs: 8965609619715;8965609586947 (expected count 2),"no conflict — checked against 272 live handles (Admin snapshot 2026-07-21, collections_all.json; re-check at implementation time) and all proposals",N/A — collection does not exist yet; brand collection published to Online Store (Admin-verified),
444382773507,Eucerin,eucerin,1,Sunscreen,4,8929379614979;8929379582211;8929379451139;8929379254531,none — no existing brand-specific collection matches this pill,no uniform productType — not constructible,new_collection (manual),YES,Eucerin Sunscreen,eucerin-sunscreen,manual,exact product IDs: 8929379614979;8929379582211;8929379451139;8929379254531 (expected count 4),"no conflict — checked against 272 live handles (Admin snapshot 2026-07-21, collections_all.json; re-check at implementation time) and all proposals",N/A — collection does not exist yet; brand collection published to Online Store (Admin-verified),
444382773507,Eucerin,eucerin,2,Moisturisers,3,8929379483907;8929379188995;8929379221763,none — no existing brand-specific collection matches this pill,https://beautyontapp.com/collections/eucerin?filter.p.product_type=Moisturiser — NOT VERIFIED: live HTTP blocked by Cloudflare; theme grids have show_filters:false; Search & Discovery filter config unverified,new_collection (manual),YES,Eucerin Moisturisers,eucerin-moisturisers,manual,exact product IDs: 8929379483907;8929379188995;8929379221763 (expected count 3),"no conflict — checked against 272 live handles (Admin snapshot 2026-07-21, collections_all.json; re-check at implementation time) and all proposals",N/A — collection does not exist yet; brand collection published to Online Store (Admin-verified),
444382773507,Eucerin,eucerin,3,Face Serums,2,8929379418371;8929379352835,none — no existing brand-specific collection matches this pill,no uniform productType — not constructible,new_collection (manual),YES,Eucerin Face Serums,eucerin-face-serums,manual,exact product IDs: 8929379418371;8929379352835 (expected count 2),"no conflict — checked against 272 live handles (Admin snapshot 2026-07-21, collections_all.json; re-check at implementation time) and all proposals",N/A — collection does not exist yet; brand collection published to Online Store (Admin-verified),
444382773507,Eucerin,eucerin,4,Treatments,2,8929379320067;8929379549443,none — no existing brand-specific collection matches this pill,no uniform productType — not constructible,new_collection (manual),YES,Eucerin Treatments,eucerin-treatments,manual,exact product IDs: 8929379320067;8929379549443 (expected count 2),"no conflict — checked against 272 live handles (Admin snapshot 2026-07-21, collections_all.json; re-check at implementation time) and all proposals",N/A — collection does not exist yet; brand collection published to Online Store (Admin-verified),
444382773507,Eucerin,eucerin,5,Body Lotions,2,8929379713283;8929379385603,none — no existing brand-specific collection matches this pill,https://beautyontapp.com/collections/eucerin?filter.p.product_type=Body+Care — NOT VERIFIED: live HTTP blocked by Cloudflare; theme grids have show_filters:false; Search & Discovery filter config unverified,new_collection (manual),YES,Eucerin Body Lotions,eucerin-body-lotions,manual,exact product IDs: 8929379713283;8929379385603 (expected count 2),"no conflict — checked against 272 live handles (Admin snapshot 2026-07-21, collections_all.json; re-check at implementation time) and all proposals",N/A — collection does not exist yet; brand collection published to Online Store (Admin-verified),
444382773507,Eucerin,eucerin,6,Acne Care,9,8929380270339;8929379287299;8929379320067;8929379254531;8929379352835;8929379188995;8929475166467;8929379221763;8929379549443,none — no existing brand-specific collection matches this pill,no uniform productType — not constructible,new_collection (manual),YES,Eucerin Acne Care,eucerin-acne-care,manual,exact product IDs: 8929380270339;8929379287299;8929379320067;8929379254531;8929379352835;8929379188995;8929475166467;8929379221763;8929379549443 (expected count 9),"no conflict — checked against 272 live handles (Admin snapshot 2026-07-21, collections_all.json; re-check at implementation time) and all proposals",N/A — collection does not exist yet; brand collection published to Online Store (Admin-verified),
444382773507,Eucerin,eucerin,7,Hyperpigmentation,5,8929379483907;8929379451139;8929379418371;8929379549443;8929379385603,none — no existing brand-specific collection matches this pill,no uniform productType — not constructible,new_collection (manual),YES,Eucerin Hyperpigmentation,eucerin-hyperpigmentation,manual,exact product IDs: 8929379483907;8929379451139;8929379418371;8929379549443;8929379385603 (expected count 5),"no conflict — checked against 272 live handles (Admin snapshot 2026-07-21, collections_all.json; re-check at implementation time) and all proposals",N/A — collection does not exist yet; brand collection published to Online Store (Admin-verified),
469472477443,Erborian,erborian,1,Face Makeup,10,9543208009987;9543219675395;9543203815683;9543192609027;9543186907395;9543134806275;9543127335171;9543119667459;9543018905859;9542973358339,none — no existing brand-specific collection matches this pill,no uniform productType — not constructible,new_collection (manual),YES,Erborian Face Makeup,erborian-face-makeup,manual,exact product IDs: 9543208009987;9543219675395;9543203815683;9543192609027;9543186907395;9543134806275;9543127335171;9543119667459;9543018905859;9542973358339 (expected count 10),"no conflict — checked against 272 live handles (Admin snapshot 2026-07-21, collections_all.json; re-check at implementation time) and all proposals",N/A — collection does not exist yet; brand collection published to Online Store (Admin-verified),
469472477443,Erborian,erborian,2,Face Serums,4,9542791725315;9384981823747;9384968585475;9370080772355,none — no existing brand-specific collection matches this pill,no uniform productType — not constructible,new_collection (manual),YES,Erborian Face Serums,erborian-face-serums,manual,exact product IDs: 9542791725315;9384981823747;9384968585475;9370080772355 (expected count 4),"no conflict — checked against 272 live handles (Admin snapshot 2026-07-21, collections_all.json; re-check at implementation time) and all proposals",N/A — collection does not exist yet; brand collection published to Online Store (Admin-verified),
469472477443,Erborian,erborian,3,Cleansers,3,9388569231619;9388567167235;9388565889283,none — no existing brand-specific collection matches this pill,https://beautyontapp.com/collections/erborian?filter.p.product_type=Cleanser — NOT VERIFIED: live HTTP blocked by Cloudflare; theme grids have show_filters:false; Search & Discovery filter config unverified,new_collection (manual),YES,Erborian Cleansers,erborian-cleansers,manual,exact product IDs: 9388569231619;9388567167235;9388565889283 (expected count 3),"no conflict — checked against 272 live handles (Admin snapshot 2026-07-21, collections_all.json; re-check at implementation time) and all proposals",N/A — collection does not exist yet; brand collection published to Online Store (Admin-verified),
469472477443,Erborian,erborian,4,Face Masks,2,9543271973123;9543264436483,none — no existing brand-specific collection matches this pill,no uniform productType — not constructible,new_collection (manual),YES,Erborian Face Masks,erborian-face-masks,manual,exact product IDs: 9543271973123;9543264436483 (expected count 2),"no conflict — checked against 272 live handles (Admin snapshot 2026-07-21, collections_all.json; re-check at implementation time) and all proposals",N/A — collection does not exist yet; brand collection published to Online Store (Admin-verified),
469472477443,Erborian,erborian,5,Eye Care,2,9385792700675;9384986771715,none — no existing brand-specific collection matches this pill,https://beautyontapp.com/collections/erborian?filter.p.product_type=Eye+Care — NOT VERIFIED: live HTTP blocked by Cloudflare; theme grids have show_filters:false; Search & Discovery filter config unverified,new_collection (manual),YES,Erborian Eye Care,erborian-eye-care,manual,exact product IDs: 9385792700675;9384986771715 (expected count 2),"no conflict — checked against 272 live handles (Admin snapshot 2026-07-21, collections_all.json; re-check at implementation time) and all proposals",N/A — collection does not exist yet; brand collection published to Online Store (Admin-verified),
442299220227,First Seed,first-seed,1,Moisturisers,2,8929474937091;8929389641987,none — no existing brand-specific collection matches this pill,no uniform productType — not constructible,new_collection (manual),YES,First Seed Moisturisers,first-seed-moisturisers,manual,exact product IDs: 8929474937091;8929389641987 (expected count 2),"no conflict — checked against 272 live handles (Admin snapshot 2026-07-21, collections_all.json; re-check at implementation time) and all proposals",N/A — collection does not exist yet; brand collection published to Online Store (Admin-verified),
444380741891,Fundamentals,fundamentals-1,1,Face Serums,12,8929386037507;8929364738307;8929398325507;8929398161667;8929393344771;8929383710979;8929364705539;8929364672771;8929364640003;8929364541699;8929383743747;8929364771075,none — no existing brand-specific collection matches this pill,no uniform productType — not constructible,new_collection (manual),YES,Fundamentals Face Serums,fundamentals-face-serums,manual,exact product IDs: 8929386037507;8929364738307;8929398325507;8929398161667;8929393344771;8929383710979;8929364705539;8929364672771;8929364640003;8929364541699;8929383743747;8929364771075 (expected count 12),"no conflict — checked against 272 live handles (Admin snapshot 2026-07-21, collections_all.json; re-check at implementation time) and all proposals",N/A — collection does not exist yet; brand collection published to Online Store (Admin-verified),
444380741891,Fundamentals,fundamentals-1,2,Toners,7,8929398554883;8929398522115;8929398489347;8929398456579;8929378107651;8929393377539;8929366442243,none — no existing brand-specific collection matches this pill,no uniform productType — not constructible,new_collection (manual),YES,Fundamentals Toners,fundamentals-toners,manual,exact product IDs: 8929398554883;8929398522115;8929398489347;8929398456579;8929378107651;8929393377539;8929366442243 (expected count 7),"no conflict — checked against 272 live handles (Admin snapshot 2026-07-21, collections_all.json; re-check at implementation time) and all proposals",N/A — collection does not exist yet; brand collection published to Online Store (Admin-verified),
444380741891,Fundamentals,fundamentals-1,3,Body Scrubs,5,9087922536707;8929398948099;8929398882563;8929398817027;8929398751491,none — no existing brand-specific collection matches this pill,no uniform productType — not constructible,new_collection (manual),YES,Fundamentals Body Scrubs,fundamentals-body-scrubs,manual,exact product IDs: 9087922536707;8929398948099;8929398882563;8929398817027;8929398751491 (expected count 5),"no conflict — checked against 272 live handles (Admin snapshot 2026-07-21, collections_all.json; re-check at implementation time) and all proposals",N/A — collection does not exist yet; brand collection published to Online Store (Admin-verified),
444380741891,Fundamentals,fundamentals-1,4,Cleansers,4,8929398423811;8929398358275;8929381220611;8929364508931,none — no existing brand-specific collection matches this pill,https://beautyontapp.com/collections/fundamentals-1?filter.p.product_type=Cleanser — NOT VERIFIED: live HTTP blocked by Cloudflare; theme grids have show_filters:false; Search & Discovery filter config unverified,new_collection (manual),YES,Fundamentals Cleansers,fundamentals-cleansers,manual,exact product IDs: 8929398423811;8929398358275;8929381220611;8929364508931 (expected count 4),"no conflict — checked against 272 live handles (Admin snapshot 2026-07-21, collections_all.json; re-check at implementation time) and all proposals",N/A — collection does not exist yet; brand collection published to Online Store (Admin-verified),
444380741891,Fundamentals,fundamentals-1,5,Moisturisers,4,8929364476163;8929364443395;8929393410307;8929389084931,none — no existing brand-specific collection matches this pill,https://beautyontapp.com/collections/fundamentals-1?filter.p.product_type=Moisturiser — NOT VERIFIED: live HTTP blocked by Cloudflare; theme grids have show_filters:false; Search & Discovery filter config unverified,new_collection (manual),YES,Fundamentals Moisturisers,fundamentals-moisturisers,manual,exact product IDs: 8929364476163;8929364443395;8929393410307;8929389084931 (expected count 4),"no conflict — checked against 272 live handles (Admin snapshot 2026-07-21, collections_all.json; re-check at implementation time) and all proposals",N/A — collection does not exist yet; brand collection published to Online Store (Admin-verified),
444380741891,Fundamentals,fundamentals-1,6,Body Butters,4,8929407009027;8929406976259;8929381187843;8929407041795,none — no existing brand-specific collection matches this pill,https://beautyontapp.com/collections/fundamentals-1?filter.p.product_type=Body+Care — NOT VERIFIED: live HTTP blocked by Cloudflare; theme grids have show_filters:false; Search & Discovery filter config unverified,new_collection (manual),YES,Fundamentals Body Butters,fundamentals-body-butters,manual,exact product IDs: 8929407009027;8929406976259;8929381187843;8929407041795 (expected count 4),"no conflict — checked against 272 live handles (Admin snapshot 2026-07-21, collections_all.json; re-check at implementation time) and all proposals",N/A — collection does not exist yet; brand collection published to Online Store (Admin-verified),
444380741891,Fundamentals,fundamentals-1,7,Exfoliators,3,8929383678211;8929378107651;8929364607235,none — no existing brand-specific collection matches this pill,no uniform productType — not constructible,new_collection (manual),YES,Fundamentals Exfoliators,fundamentals-exfoliators,manual,exact product IDs: 8929383678211;8929378107651;8929364607235 (expected count 3),"no conflict — checked against 272 live handles (Admin snapshot 2026-07-21, collections_all.json; re-check at implementation time) and all proposals",N/A — collection does not exist yet; brand collection published to Online Store (Admin-verified),
444380741891,Fundamentals,fundamentals-1,8,Sunscreen,2,8929364574467;8929405501699,none — no existing brand-specific collection matches this pill,https://beautyontapp.com/collections/fundamentals-1?filter.p.product_type=Sunscreen — NOT VERIFIED: live HTTP blocked by Cloudflare; theme grids have show_filters:false; Search & Discovery filter config unverified,new_collection (manual),YES,Fundamentals Sunscreen,fundamentals-sunscreen,manual,exact product IDs: 8929364574467;8929405501699 (expected count 2),"no conflict — checked against 272 live handles (Admin snapshot 2026-07-21, collections_all.json; re-check at implementation time) and all proposals",N/A — collection does not exist yet; brand collection published to Online Store (Admin-verified),
449062895875,Forme,forme,1,Scalp Care,3,9033056780547;9040909926659;9040888332547,none — no existing brand-specific collection matches this pill,https://beautyontapp.com/collections/forme?filter.p.product_type=Hair+Care — NOT VERIFIED: live HTTP blocked by Cloudflare; theme grids have show_filters:false; Search & Discovery filter config unverified,new_collection (manual),YES,Forme Scalp Care,forme-scalp-care,manual,exact product IDs: 9033056780547;9040909926659;9040888332547 (expected count 3),"no conflict — checked against 272 live handles (Admin snapshot 2026-07-21, collections_all.json; re-check at implementation time) and all proposals",N/A — collection does not exist yet; brand collection published to Online Store (Admin-verified),
449062895875,Forme,forme,2,Conditioners,2,9033083650307;9033046032643,none — no existing brand-specific collection matches this pill,https://beautyontapp.com/collections/forme?filter.p.product_type=Hair+Care — NOT VERIFIED: live HTTP blocked by Cloudflare; theme grids have show_filters:false; Search & Discovery filter config unverified,new_collection (manual),YES,Forme Conditioners,forme-conditioners,manual,exact product IDs: 9033083650307;9033046032643 (expected count 2),"no conflict — checked against 272 live handles (Admin snapshot 2026-07-21, collections_all.json; re-check at implementation time) and all proposals",N/A — collection does not exist yet; brand collection published to Online Store (Admin-verified),
449062895875,Forme,forme,3,Hair Serums,2,9040909926659;9040888332547,none — no existing brand-specific collection matches this pill,https://beautyontapp.com/collections/forme?filter.p.product_type=Hair+Care — NOT VERIFIED: live HTTP blocked by Cloudflare; theme grids have show_filters:false; Search & Discovery filter config unverified,new_collection (manual),YES,Forme Hair Serums,forme-hair-serums,manual,exact product IDs: 9040909926659;9040888332547 (expected count 2),"no conflict — checked against 272 live handles (Admin snapshot 2026-07-21, collections_all.json; re-check at implementation time) and all proposals",N/A — collection does not exist yet; brand collection published to Online Store (Admin-verified),
449062895875,Forme,forme,4,Hair Styling,2,9033051177219;9033065005315,none — no existing brand-specific collection matches this pill,no uniform productType — not constructible,new_collection (manual),YES,Forme Hair Styling,forme-hair-styling,manual,exact product IDs: 9033051177219;9033065005315 (expected count 2),"no conflict — checked against 272 live handles (Admin snapshot 2026-07-21, collections_all.json; re-check at implementation time) and all proposals",N/A — collection does not exist yet; brand collection published to Online Store (Admin-verified),
449062895875,Forme,forme,5,Sets & Bundles,2,9215069749507;9216002588931,none — no existing brand-specific collection matches this pill,https://beautyontapp.com/collections/forme?filter.p.product_type=Bundle — NOT VERIFIED: live HTTP blocked by Cloudflare; theme grids have show_filters:false; Search & Discovery filter config unverified,new_collection (manual),YES,Forme Sets & Bundles,forme-sets-bundles,manual,exact product IDs: 9215069749507;9216002588931 (expected count 2),"no conflict — checked against 272 live handles (Admin snapshot 2026-07-21, collections_all.json; re-check at implementation time) and all proposals",N/A — collection does not exist yet; brand collection published to Online Store (Admin-verified),
442299318531,Garnier,garnier,1,Cleansers,5,8929383252227;8929383219459;8929382596867;8929382367491;8929382334723,none — no existing brand-specific collection matches this pill,https://beautyontapp.com/collections/garnier?filter.p.product_type=Cleanser — NOT VERIFIED: live HTTP blocked by Cloudflare; theme grids have show_filters:false; Search & Discovery filter config unverified,new_collection (manual),YES,Garnier Cleansers,garnier-cleansers,manual,exact product IDs: 8929383252227;8929383219459;8929382596867;8929382367491;8929382334723 (expected count 5),"no conflict — checked against 272 live handles (Admin snapshot 2026-07-21, collections_all.json; re-check at implementation time) and all proposals",N/A — collection does not exist yet; brand collection published to Online Store (Admin-verified),
442299318531,Garnier,garnier,2,Face Masks,4,8929475363075;8929383383299;8929383186691;8929382301955,none — no existing brand-specific collection matches this pill,no uniform productType — not constructible,new_collection (manual),YES,Garnier Face Masks,garnier-face-masks,manual,exact product IDs: 8929475363075;8929383383299;8929383186691;8929382301955 (expected count 4),"no conflict — checked against 272 live handles (Admin snapshot 2026-07-21, collections_all.json; re-check at implementation time) and all proposals",N/A — collection does not exist yet; brand collection published to Online Store (Admin-verified),
442299318531,Garnier,garnier,3,Exfoliators,3,8929383383299;8929383186691;8929382498563,none — no existing brand-specific collection matches this pill,no uniform productType — not constructible,new_collection (manual),YES,Garnier Exfoliators,garnier-exfoliators,manual,exact product IDs: 8929383383299;8929383186691;8929382498563 (expected count 3),"no conflict — checked against 272 live handles (Admin snapshot 2026-07-21, collections_all.json; re-check at implementation time) and all proposals",N/A — collection does not exist yet; brand collection published to Online Store (Admin-verified),
442299318531,Garnier,garnier,4,Moisturisers,3,8929382629635;8929382465795;8929382400259,none — no existing brand-specific collection matches this pill,https://beautyontapp.com/collections/garnier?filter.p.product_type=Moisturiser — NOT VERIFIED: live HTTP blocked by Cloudflare; theme grids have show_filters:false; Search & Discovery filter config unverified,new_collection (manual),YES,Garnier Moisturisers,garnier-moisturisers,manual,exact product IDs: 8929382629635;8929382465795;8929382400259 (expected count 3),"no conflict — checked against 272 live handles (Admin snapshot 2026-07-21, collections_all.json; re-check at implementation time) and all proposals",N/A — collection does not exist yet; brand collection published to Online Store (Admin-verified),
442299318531,Garnier,garnier,5,Face Serums,2,8929383153923;8929382564099,none — no existing brand-specific collection matches this pill,no uniform productType — not constructible,new_collection (manual),YES,Garnier Face Serums,garnier-face-serums,manual,exact product IDs: 8929383153923;8929382564099 (expected count 2),"no conflict — checked against 272 live handles (Admin snapshot 2026-07-21, collections_all.json; re-check at implementation time) and all proposals",N/A — collection does not exist yet; brand collection published to Online Store (Admin-verified),
442299318531,Garnier,garnier,6,Treatments,2,8929382564099;8929382269187,none — no existing brand-specific collection matches this pill,no uniform productType — not constructible,new_collection (manual),YES,Garnier Treatments,garnier-treatments,manual,exact product IDs: 8929382564099;8929382269187 (expected count 2),"no conflict — checked against 272 live handles (Admin snapshot 2026-07-21, collections_all.json; re-check at implementation time) and all proposals",N/A — collection does not exist yet; brand collection published to Online Store (Admin-verified),
442299318531,Garnier,garnier,7,Brightening,2,8929382498563;8929382301955,none — no existing brand-specific collection matches this pill,no uniform productType — not constructible,new_collection (manual),YES,Garnier Brightening,garnier-brightening,manual,exact product IDs: 8929382498563;8929382301955 (expected count 2),"no conflict — checked against 272 live handles (Admin snapshot 2026-07-21, collections_all.json; re-check at implementation time) and all proposals",N/A — collection does not exist yet; brand collection published to Online Store (Admin-verified),
442299318531,Garnier,garnier,8,Acne Care,2,8929382662403;8929382269187,none — no existing brand-specific collection matches this pill,no uniform productType — not constructible,new_collection (manual),YES,Garnier Acne Care,garnier-acne-care,manual,exact product IDs: 8929382662403;8929382269187 (expected count 2),"no conflict — checked against 272 live handles (Admin snapshot 2026-07-21, collections_all.json; re-check at implementation time) and all proposals",N/A — collection does not exist yet; brand collection published to Online Store (Admin-verified),
444657008899,Glamour Beauty,glamour-beauty,1,Hair Care,10,8929407566083;8929407533315;8929407500547;8929407467779;8929407435011;8929407402243;8929407369475;8929407336707;8929407303939;8929407238403,none — no existing brand-specific collection matches this pill,no uniform productType — not constructible,new_collection (manual),YES,Glamour Beauty Hair Care,glamour-beauty-hair-care,manual,exact product IDs: 8929407566083;8929407533315;8929407500547;8929407467779;8929407435011;8929407402243;8929407369475;8929407336707;8929407303939;8929407238403 (expected count 10),"no conflict — checked against 272 live handles (Admin snapshot 2026-07-21, collections_all.json; re-check at implementation time) and all proposals",N/A — collection does not exist yet; brand collection published to Online Store (Admin-verified),
444657008899,Glamour Beauty,glamour-beauty,2,Hair Styling,8,8929407500547;8929407467779;8929407435011;8929407402243;8929407369475;8929407336707;8929407303939;8929407238403,none — no existing brand-specific collection matches this pill,no uniform productType — not constructible,new_collection (manual),YES,Glamour Beauty Hair Styling,glamour-beauty-hair-styling,manual,exact product IDs: 8929407500547;8929407467779;8929407435011;8929407402243;8929407369475;8929407336707;8929407303939;8929407238403 (expected count 8),"no conflict — checked against 272 live handles (Admin snapshot 2026-07-21, collections_all.json; re-check at implementation time) and all proposals",N/A — collection does not exist yet; brand collection published to Online Store (Admin-verified),
444657008899,Glamour Beauty,glamour-beauty,3,Accessories,2,8929475952899;8929407598851,none — no existing brand-specific collection matches this pill,no uniform productType — not constructible,new_collection (manual),YES,Glamour Beauty Accessories,glamour-beauty-accessories,manual,exact product IDs: 8929475952899;8929407598851 (expected count 2),"no conflict — checked against 272 live handles (Admin snapshot 2026-07-21, collections_all.json; re-check at implementation time) and all proposals",N/A — collection does not exist yet; brand collection published to Online Store (Admin-verified),
444241641731,Haruharu Wonder,haruharu-wonder,1,Cleansers,5,8965610537219;8929399701763;8929392591107;8929407140099;8929392689411,none — no existing brand-specific collection matches this pill,no uniform productType — not constructible,new_collection (manual),YES,Haruharu Wonder Cleansers,haruharu-wonder-cleansers,manual,exact product IDs: 8965610537219;8929399701763;8929392591107;8929407140099;8929392689411 (expected count 5),"no conflict — checked against 272 live handles (Admin snapshot 2026-07-21, collections_all.json; re-check at implementation time) and all proposals",N/A — collection does not exist yet; brand collection published to Online Store (Admin-verified),
444241641731,Haruharu Wonder,haruharu-wonder,2,Face Serums,5,8929406615811;8929399046403;8929396523267;8929392460035;8929392623875,none — no existing brand-specific collection matches this pill,no uniform productType — not constructible,new_collection (manual),YES,Haruharu Wonder Face Serums,haruharu-wonder-face-serums,manual,exact product IDs: 8929406615811;8929399046403;8929396523267;8929392460035;8929392623875 (expected count 5),"no conflict — checked against 272 live handles (Admin snapshot 2026-07-21, collections_all.json; re-check at implementation time) and all proposals",N/A — collection does not exist yet; brand collection published to Online Store (Admin-verified),
444241641731,Haruharu Wonder,haruharu-wonder,3,Exfoliators,4,8965610537219;8929392460035;8929392689411;8929392394499,none — no existing brand-specific collection matches this pill,no uniform productType — not constructible,new_collection (manual),YES,Haruharu Wonder Exfoliators,haruharu-wonder-exfoliators,manual,exact product IDs: 8965610537219;8929392460035;8929392689411;8929392394499 (expected count 4),"no conflict — checked against 272 live handles (Admin snapshot 2026-07-21, collections_all.json; re-check at implementation time) and all proposals",N/A — collection does not exist yet; brand collection published to Online Store (Admin-verified),
444241641731,Haruharu Wonder,haruharu-wonder,4,Toners,4,8929407205635;8929399570691;8929399537923;8929399603459,none — no existing brand-specific collection matches this pill,https://beautyontapp.com/collections/haruharu-wonder?filter.p.product_type=Toner — NOT VERIFIED: live HTTP blocked by Cloudflare; theme grids have show_filters:false; Search & Discovery filter config unverified,new_collection (manual),YES,Haruharu Wonder Toners,haruharu-wonder-toners,manual,exact product IDs: 8929407205635;8929399570691;8929399537923;8929399603459 (expected count 4),"no conflict — checked against 272 live handles (Admin snapshot 2026-07-21, collections_all.json; re-check at implementation time) and all proposals",N/A — collection does not exist yet; brand collection published to Online Store (Admin-verified),
444241641731,Haruharu Wonder,haruharu-wonder,5,Moisturisers,4,8929392558339;8929392492803;8929392427267;8929396556035,none — no existing brand-specific collection matches this pill,no uniform productType — not constructible,new_collection (manual),YES,Haruharu Wonder Moisturisers,haruharu-wonder-moisturisers,manual,exact product IDs: 8929392558339;8929392492803;8929392427267;8929396556035 (expected count 4),"no conflict — checked against 272 live handles (Admin snapshot 2026-07-21, collections_all.json; re-check at implementation time) and all proposals",N/A — collection does not exist yet; brand collection published to Online Store (Admin-verified),
444241641731,Haruharu Wonder,haruharu-wonder,6,Essences,3,8929392656643;8929406681347;8929392361731,none — no existing brand-specific collection matches this pill,no uniform productType — not constructible,new_collection (manual),YES,Haruharu Wonder Essences,haruharu-wonder-essences,manual,exact product IDs: 8929392656643;8929406681347;8929392361731 (expected count 3),"no conflict — checked against 272 live handles (Admin snapshot 2026-07-21, collections_all.json; re-check at implementation time) and all proposals",N/A — collection does not exist yet; brand collection published to Online Store (Admin-verified),
444241641731,Haruharu Wonder,haruharu-wonder,7,Sunscreen,3,8929406714115;8929406648579;8929399013635,none — no existing brand-specific collection matches this pill,no uniform productType — not constructible,new_collection (manual),YES,Haruharu Wonder Sunscreen,haruharu-wonder-sunscreen,manual,exact product IDs: 8929406714115;8929406648579;8929399013635 (expected count 3),"no conflict — checked against 272 live handles (Admin snapshot 2026-07-21, collections_all.json; re-check at implementation time) and all proposals",N/A — collection does not exist yet; brand collection published to Online Store (Admin-verified),
444383166723,Hermosa Flor,hermosa-flor,1,Makeup,39,8929388003587;9466496614659;9375079104771;9375071764739;9375070880003;9375070486787;9201459691779;9201451335939;8929391345923;8929391083779;8929391051011;8929390854403;8929387905283;8929387446531;8929387413763;8929387348227;8929388069123;8929391214851;8929391116547;8929389183235;8929388265731;8929388232963;8929388200195;8929388101891;8929388036355;8929387970819;8929387938051;8929387872515;8929387839747;8929387806979;8929387774211;8929387708675;8929387675907;8929387643139;8929387610371;8929387577603;8929387544835;8929387479299;8929387380995,none — no existing brand-specific collection matches this pill,no uniform productType — not constructible,new_collection (manual),YES,Hermosa Flor Makeup,hermosa-flor-makeup,manual,exact product IDs: 8929388003587;9466496614659;9375079104771;9375071764739;9375070880003;9375070486787;9201459691779;9201451335939;8929391345923;8929391083779;8929391051011;8929390854403;8929387905283;8929387446531;8929387413763;8929387348227;8929388069123;8929391214851;8929391116547;8929389183235;8929388265731;8929388232963;8929388200195;8929388101891;8929388036355;8929387970819;8929387938051;8929387872515;8929387839747;8929387806979;8929387774211;8929387708675;8929387675907;8929387643139;8929387610371;8929387577603;8929387544835;8929387479299;8929387380995 (expected count 39),"no conflict — checked against 272 live handles (Admin snapshot 2026-07-21, collections_all.json; re-check at implementation time) and all proposals",N/A — collection does not exist yet; brand collection published to Online Store (Admin-verified),
444383166723,Hermosa Flor,hermosa-flor,2,Lip Makeup,23,9375079104771;9375071764739;9375070880003;9375070486787;9201459691779;9201451335939;8929387446531;8929387413763;8929387348227;8929391214851;8929391116547;8929389183235;8929387839747;8929387806979;8929387774211;8929387708675;8929387675907;8929387643139;8929387610371;8929387577603;8929387544835;8929387479299;8929387380995,none — no existing brand-specific collection matches this pill,https://beautyontapp.com/collections/hermosa-flor?filter.p.product_type=Makeup — NOT VERIFIED: live HTTP blocked by Cloudflare; theme grids have show_filters:false; Search & Discovery filter config unverified,new_collection (manual),YES,Hermosa Flor Lip Makeup,hermosa-flor-lip-makeup,manual,exact product IDs: 9375079104771;9375071764739;9375070880003;9375070486787;9201459691779;9201451335939;8929387446531;8929387413763;8929387348227;8929391214851;8929391116547;8929389183235;8929387839747;8929387806979;8929387774211;8929387708675;8929387675907;8929387643139;8929387610371;8929387577603;8929387544835;8929387479299;8929387380995 (expected count 23),"no conflict — checked against 272 live handles (Admin snapshot 2026-07-21, collections_all.json; re-check at implementation time) and all proposals",N/A — collection does not exist yet; brand collection published to Online Store (Admin-verified),
444383166723,Hermosa Flor,hermosa-flor,3,Eye Makeup,7,8929388003587;8929391345923;8929390854403;8929388069123;8929388265731;8929387970819;8929387938051,none — no existing brand-specific collection matches this pill,https://beautyontapp.com/collections/hermosa-flor?filter.p.product_type=Makeup — NOT VERIFIED: live HTTP blocked by Cloudflare; theme grids have show_filters:false; Search & Discovery filter config unverified,new_collection (manual),YES,Hermosa Flor Eye Makeup,hermosa-flor-eye-makeup,manual,exact product IDs: 8929388003587;8929391345923;8929390854403;8929388069123;8929388265731;8929387970819;8929387938051 (expected count 7),"no conflict — checked against 272 live handles (Admin snapshot 2026-07-21, collections_all.json; re-check at implementation time) and all proposals",N/A — collection does not exist yet; brand collection published to Online Store (Admin-verified),
444383166723,Hermosa Flor,hermosa-flor,4,Face Serums,5,8929386922243;8929386791171;8929390821635;8929387020547;8929386955011,none — no existing brand-specific collection matches this pill,no uniform productType — not constructible,new_collection (manual),YES,Hermosa Flor Face Serums,hermosa-flor-face-serums,manual,exact product IDs: 8929386922243;8929386791171;8929390821635;8929387020547;8929386955011 (expected count 5),"no conflict — checked against 272 live handles (Admin snapshot 2026-07-21, collections_all.json; re-check at implementation time) and all proposals",N/A — collection does not exist yet; brand collection published to Online Store (Admin-verified),
444383166723,Hermosa Flor,hermosa-flor,5,Cleansers,4,8929387217155;8929387184387;8929387151619;8929386823939,none — no existing brand-specific collection matches this pill,https://beautyontapp.com/collections/hermosa-flor?filter.p.product_type=Cleanser — NOT VERIFIED: live HTTP blocked by Cloudflare; theme grids have show_filters:false; Search & Discovery filter config unverified,new_collection (manual),YES,Hermosa Flor Cleansers,hermosa-flor-cleansers,manual,exact product IDs: 8929387217155;8929387184387;8929387151619;8929386823939 (expected count 4),"no conflict — checked against 272 live handles (Admin snapshot 2026-07-21, collections_all.json; re-check at implementation time) and all proposals",N/A — collection does not exist yet; brand collection published to Online Store (Admin-verified),
444383166723,Hermosa Flor,hermosa-flor,6,Moisturisers,2,8929387315459;8929387249923,none — no existing brand-specific collection matches this pill,https://beautyontapp.com/collections/hermosa-flor?filter.p.product_type=Moisturiser — NOT VERIFIED: live HTTP blocked by Cloudflare; theme grids have show_filters:false; Search & Discovery filter config unverified,new_collection (manual),YES,Hermosa Flor Moisturisers,hermosa-flor-moisturisers,manual,exact product IDs: 8929387315459;8929387249923 (expected count 2),"no conflict — checked against 272 live handles (Admin snapshot 2026-07-21, collections_all.json; re-check at implementation time) and all proposals",N/A — collection does not exist yet; brand collection published to Online Store (Admin-verified),
444383166723,Hermosa Flor,hermosa-flor,7,Sunscreen,2,9072823271683;8929405403395,none — no existing brand-specific collection matches this pill,https://beautyontapp.com/collections/hermosa-flor?filter.p.product_type=Sunscreen — NOT VERIFIED: live HTTP blocked by Cloudflare; theme grids have show_filters:false; Search & Discovery filter config unverified,new_collection (manual),YES,Hermosa Flor Sunscreen,hermosa-flor-sunscreen,manual,exact product IDs: 9072823271683;8929405403395 (expected count 2),"no conflict — checked against 272 live handles (Admin snapshot 2026-07-21, collections_all.json; re-check at implementation time) and all proposals",N/A — collection does not exist yet; brand collection published to Online Store (Admin-verified),
444383166723,Hermosa Flor,hermosa-flor,8,Face Masks,2,8929387086083;8929387118851,none — no existing brand-specific collection matches this pill,no uniform productType — not constructible,new_collection (manual),YES,Hermosa Flor Face Masks,hermosa-flor-face-masks,manual,exact product IDs: 8929387086083;8929387118851 (expected count 2),"no conflict — checked against 272 live handles (Admin snapshot 2026-07-21, collections_all.json; re-check at implementation time) and all proposals",N/A — collection does not exist yet; brand collection published to Online Store (Admin-verified),
444471410947,HÓM,hom,1,Beard Care,2,8929403601155;8929403306243,none — no existing brand-specific collection matches this pill,no uniform productType — not constructible,new_collection (manual),YES,HÓM Beard Care,hom-beard-care,manual,exact product IDs: 8929403601155;8929403306243 (expected count 2),"no conflict — checked against 272 live handles (Admin snapshot 2026-07-21, collections_all.json; re-check at implementation time) and all proposals",N/A — collection does not exist yet; brand collection published to Online Store (Admin-verified),
444712583427,Huegah,huegah,1,Candles,4,9098053779715;8929384136963;8929384104195;8929384038659,none — no existing brand-specific collection matches this pill,https://beautyontapp.com/collections/huegah?filter.p.product_type=Home — NOT VERIFIED: live HTTP blocked by Cloudflare; theme grids have show_filters:false; Search & Discovery filter config unverified,new_collection (manual),YES,Huegah Candles,huegah-candles,manual,exact product IDs: 9098053779715;8929384136963;8929384104195;8929384038659 (expected count 4),"no conflict — checked against 272 live handles (Admin snapshot 2026-07-21, collections_all.json; re-check at implementation time) and all proposals",N/A — collection does not exist yet; brand collection published to Online Store (Admin-verified),
444712583427,Huegah,huegah,2,Diffusers,4,9097542467843;8929384464643;8929384431875;8929384333571,none — no existing brand-specific collection matches this pill,https://beautyontapp.com/collections/huegah?filter.p.product_type=Home — NOT VERIFIED: live HTTP blocked by Cloudflare; theme grids have show_filters:false; Search & Discovery filter config unverified,new_collection (manual),YES,Huegah Diffusers,huegah-diffusers,manual,exact product IDs: 9097542467843;8929384464643;8929384431875;8929384333571 (expected count 4),"no conflict — checked against 272 live handles (Admin snapshot 2026-07-21, collections_all.json; re-check at implementation time) and all proposals",N/A — collection does not exist yet; brand collection published to Online Store (Admin-verified),
444712583427,Huegah,huegah,3,Room Mists,4,8929403732227;8929384562947;8929384530179;8929384497411,none — no existing brand-specific collection matches this pill,no uniform productType — not constructible,new_collection (manual),YES,Huegah Room Mists,huegah-room-mists,manual,exact product IDs: 8929403732227;8929384562947;8929384530179;8929384497411 (expected count 4),"no conflict — checked against 272 live handles (Admin snapshot 2026-07-21, collections_all.json; re-check at implementation time) and all proposals",N/A — collection does not exist yet; brand collection published to Online Store (Admin-verified),
442299482371,Isntree,isntree,1,Toners,2,8929407697155;8929361625347,none — no existing brand-specific collection matches this pill,https://beautyontapp.com/collections/isntree?filter.p.product_type=Toner — NOT VERIFIED: live HTTP blocked by Cloudflare; theme grids have show_filters:false; Search & Discovery filter config unverified,new_collection (manual),YES,Isntree Toners,isntree-toners,manual,exact product IDs: 8929407697155;8929361625347 (expected count 2),"no conflict — checked against 272 live handles (Admin snapshot 2026-07-21, collections_all.json; re-check at implementation time) and all proposals",N/A — collection does not exist yet; brand collection published to Online Store (Admin-verified),
474657030403,Innisfree,innisfree,1,Face Serums,5,9531390525699;9543216136451;9531596243203;9531573371139;9389317980419,none — no existing brand-specific collection matches this pill,no uniform productType — not constructible,new_collection (manual),YES,Innisfree Face Serums,innisfree-face-serums,manual,exact product IDs: 9531390525699;9543216136451;9531596243203;9531573371139;9389317980419 (expected count 5),"no conflict — checked against 272 live handles (Admin snapshot 2026-07-21, collections_all.json; re-check at implementation time) and all proposals",N/A — collection does not exist yet; brand collection published to Online Store (Admin-verified),
474657030403,Innisfree,innisfree,2,Sunscreen,3,9543216136451;9389249921283;9384695660803,none — no existing brand-specific collection matches this pill,no uniform productType — not constructible,new_collection (manual),YES,Innisfree Sunscreen,innisfree-sunscreen,manual,exact product IDs: 9543216136451;9389249921283;9384695660803 (expected count 3),"no conflict — checked against 272 live handles (Admin snapshot 2026-07-21, collections_all.json; re-check at implementation time) and all proposals",N/A — collection does not exist yet; brand collection published to Online Store (Admin-verified),
474657030403,Innisfree,innisfree,3,Cleansers,2,9532037824771;9531926806787,none — no existing brand-specific collection matches this pill,no uniform productType — not constructible,new_collection (manual),YES,Innisfree Cleansers,innisfree-cleansers,manual,exact product IDs: 9532037824771;9531926806787 (expected count 2),"no conflict — checked against 272 live handles (Admin snapshot 2026-07-21, collections_all.json; re-check at implementation time) and all proposals",N/A — collection does not exist yet; brand collection published to Online Store (Admin-verified),
474657030403,Innisfree,innisfree,4,Toners,2,9534945820931;9531841577219,none — no existing brand-specific collection matches this pill,no uniform productType — not constructible,new_collection (manual),YES,Innisfree Toners,innisfree-toners,manual,exact product IDs: 9534945820931;9531841577219 (expected count 2),"no conflict — checked against 272 live handles (Admin snapshot 2026-07-21, collections_all.json; re-check at implementation time) and all proposals",N/A — collection does not exist yet; brand collection published to Online Store (Admin-verified),
474657030403,Innisfree,innisfree,5,Face Masks,2,9535097110787;9531548041475,none — no existing brand-specific collection matches this pill,no uniform productType — not constructible,new_collection (manual),YES,Innisfree Face Masks,innisfree-face-masks,manual,exact product IDs: 9535097110787;9531548041475 (expected count 2),"no conflict — checked against 272 live handles (Admin snapshot 2026-07-21, collections_all.json; re-check at implementation time) and all proposals",N/A — collection does not exist yet; brand collection published to Online Store (Admin-verified),
474657030403,Innisfree,innisfree,6,Brightening,3,9531390525699;9534945820931;9531596243203,none — no existing brand-specific collection matches this pill,no uniform productType — not constructible,new_collection (manual),YES,Innisfree Brightening,innisfree-brightening,manual,exact product IDs: 9531390525699;9534945820931;9531596243203 (expected count 3),"no conflict — checked against 272 live handles (Admin snapshot 2026-07-21, collections_all.json; re-check at implementation time) and all proposals",N/A — collection does not exist yet; brand collection published to Online Store (Admin-verified),
454727532803,Juce,juce-fragrances,1,Fragrance,35,9466429276419;9123792748803;9123776823555;9123764306179;9123733635331;9123725902083;9123530735875;9123519201539;9123509600515;9123417391363;9123339403523;9123332849923;9123328983299;9123324068099;9123320955139;9123315745027;9122883698947;9122874097923;9122824749315;9122817966339;9122807021827;9122749743363;9122744271107;9122353348867;9122331394307;9122310357251;9122289189123;9122277032195;9122239709443;9122229584131;9122197995779;9122191802627;9122181972227;9122104017155;9122738340099,none — no existing brand-specific collection matches this pill,no uniform productType — not constructible,new_collection (manual),YES,Juce Fragrance,juce-fragrance,manual,exact product IDs: 9466429276419;9123792748803;9123776823555;9123764306179;9123733635331;9123725902083;9123530735875;9123519201539;9123509600515;9123417391363;9123339403523;9123332849923;9123328983299;9123324068099;9123320955139;9123315745027;9122883698947;9122874097923;9122824749315;9122817966339;9122807021827;9122749743363;9122744271107;9122353348867;9122331394307;9122310357251;9122289189123;9122277032195;9122239709443;9122229584131;9122197995779;9122191802627;9122181972227;9122104017155;9122738340099 (expected count 35),"no conflict — checked against 272 live handles (Admin snapshot 2026-07-21, collections_all.json; re-check at implementation time) and all proposals",N/A — collection does not exist yet; brand collection published to Online Store (Admin-verified),
454727532803,Juce,juce-fragrances,2,Amber Scents,10,9123776823555;9123733635331;9123725902083;9123417391363;9123320955139;9122883698947;9122824749315;9122310357251;9122197995779;9122181972227,none — no existing brand-specific collection matches this pill,no uniform productType — not constructible,new_collection (manual),YES,Juce Amber Scents,juce-amber-scents,manual,exact product IDs: 9123776823555;9123733635331;9123725902083;9123417391363;9123320955139;9122883698947;9122824749315;9122310357251;9122197995779;9122181972227 (expected count 10),"no conflict — checked against 272 live handles (Admin snapshot 2026-07-21, collections_all.json; re-check at implementation time) and all proposals",N/A — collection does not exist yet; brand collection published to Online Store (Admin-verified),
454727532803,Juce,juce-fragrances,3,Fresh Scents,8,9123530735875;9123509600515;9123339403523;9123324068099;9122874097923;9122807021827;9122289189123;9122277032195,none — no existing brand-specific collection matches this pill,no uniform productType — not constructible,new_collection (manual),YES,Juce Fresh Scents,juce-fresh-scents,manual,exact product IDs: 9123530735875;9123509600515;9123339403523;9123324068099;9122874097923;9122807021827;9122289189123;9122277032195 (expected count 8),"no conflict — checked against 272 live handles (Admin snapshot 2026-07-21, collections_all.json; re-check at implementation time) and all proposals",N/A — collection does not exist yet; brand collection published to Online Store (Admin-verified),
454727532803,Juce,juce-fragrances,4,Floral Scents,7,9123792748803;9123519201539;9123332849923;9123328983299;9122817966339;9122749743363;9122738340099,none — no existing brand-specific collection matches this pill,no uniform productType — not constructible,new_collection (manual),YES,Juce Floral Scents,juce-floral-scents,manual,exact product IDs: 9123792748803;9123519201539;9123332849923;9123328983299;9122817966339;9122749743363;9122738340099 (expected count 7),"no conflict — checked against 272 live handles (Admin snapshot 2026-07-21, collections_all.json; re-check at implementation time) and all proposals",N/A — collection does not exist yet; brand collection published to Online Store (Admin-verified),
454727532803,Juce,juce-fragrances,5,Woody Scents,4,9466429276419;9123764306179;9123324068099;9123320955139,none — no existing brand-specific collection matches this pill,no uniform productType — not constructible,new_collection (manual),YES,Juce Woody Scents,juce-woody-scents,manual,exact product IDs: 9466429276419;9123764306179;9123324068099;9123320955139 (expected count 4),"no conflict — checked against 272 live handles (Admin snapshot 2026-07-21, collections_all.json; re-check at implementation time) and all proposals",N/A — collection does not exist yet; brand collection published to Online Store (Admin-verified),
442299580675,Kudu Cosmetica,kudu-cosmetica,1,Oils,3,8929119797507;8929119764739;8929119666435,none — no existing brand-specific collection matches this pill,no uniform productType — not constructible,new_collection (manual),YES,Kudu Cosmetica Oils,kudu-cosmetica-oils,manual,exact product IDs: 8929119797507;8929119764739;8929119666435 (expected count 3),"no conflict — checked against 272 live handles (Admin snapshot 2026-07-21, collections_all.json; re-check at implementation time) and all proposals",N/A — collection does not exist yet; brand collection published to Online Store (Admin-verified),
442299580675,Kudu Cosmetica,kudu-cosmetica,2,Face Serums,2,8929119731971;8929119699203,none — no existing brand-specific collection matches this pill,no uniform productType — not constructible,new_collection (manual),YES,Kudu Cosmetica Face Serums,kudu-cosmetica-face-serums,manual,exact product IDs: 8929119731971;8929119699203 (expected count 2),"no conflict — checked against 272 live handles (Admin snapshot 2026-07-21, collections_all.json; re-check at implementation time) and all proposals",N/A — collection does not exist yet; brand collection published to Online Store (Admin-verified),
444703146243,Laneige,laneige,1,Moisturisers,4,9381395431683;9380931535107;9380767432963;9380742201603,none — no existing brand-specific collection matches this pill,no uniform productType — not constructible,new_collection (manual),YES,Laneige Moisturisers,laneige-moisturisers,manual,exact product IDs: 9381395431683;9380931535107;9380767432963;9380742201603 (expected count 4),"no conflict — checked against 272 live handles (Admin snapshot 2026-07-21, collections_all.json; re-check at implementation time) and all proposals",N/A — collection does not exist yet; brand collection published to Online Store (Admin-verified),
444703146243,Laneige,laneige,2,Toners,3,9381351162115;9380688625923;9380683481347,none — no existing brand-specific collection matches this pill,no uniform productType — not constructible,new_collection (manual),YES,Laneige Toners,laneige-toners,manual,exact product IDs: 9381351162115;9380688625923;9380683481347 (expected count 3),"no conflict — checked against 272 live handles (Admin snapshot 2026-07-21, collections_all.json; re-check at implementation time) and all proposals",N/A — collection does not exist yet; brand collection published to Online Store (Admin-verified),
444703146243,Laneige,laneige,3,Face Masks,3,9381278187779;9380944347395;9380941791491,none — no existing brand-specific collection matches this pill,no uniform productType — not constructible,new_collection (manual),YES,Laneige Face Masks,laneige-face-masks,manual,exact product IDs: 9381278187779;9380944347395;9380941791491 (expected count 3),"no conflict — checked against 272 live handles (Admin snapshot 2026-07-21, collections_all.json; re-check at implementation time) and all proposals",N/A — collection does not exist yet; brand collection published to Online Store (Admin-verified),
444703146243,Laneige,laneige,4,Cleansers,2,9384954855683;9380706189571,none — no existing brand-specific collection matches this pill,no uniform productType — not constructible,new_collection (manual),YES,Laneige Cleansers,laneige-cleansers,manual,exact product IDs: 9384954855683;9380706189571 (expected count 2),"no conflict — checked against 272 live handles (Admin snapshot 2026-07-21, collections_all.json; re-check at implementation time) and all proposals",N/A — collection does not exist yet; brand collection published to Online Store (Admin-verified),
444703146243,Laneige,laneige,5,Face Serums,2,9384961409283;9380696064259,none — no existing brand-specific collection matches this pill,no uniform productType — not constructible,new_collection (manual),YES,Laneige Face Serums,laneige-face-serums,manual,exact product IDs: 9384961409283;9380696064259 (expected count 2),"no conflict — checked against 272 live handles (Admin snapshot 2026-07-21, collections_all.json; re-check at implementation time) and all proposals",N/A — collection does not exist yet; brand collection published to Online Store (Admin-verified),
444703146243,Laneige,laneige,6,Lip Care,2,9380666933507;9380645601539,none — no existing brand-specific collection matches this pill,no uniform productType — not constructible,new_collection (manual),YES,Laneige Lip Care,laneige-lip-care,manual,exact product IDs: 9380666933507;9380645601539 (expected count 2),"no conflict — checked against 272 live handles (Admin snapshot 2026-07-21, collections_all.json; re-check at implementation time) and all proposals",N/A — collection does not exist yet; brand collection published to Online Store (Admin-verified),
444703146243,Laneige,laneige,7,Sets & Bundles,2,9381439013123;9381426397443,none — no existing brand-specific collection matches this pill,no uniform productType — not constructible,new_collection (manual),YES,Laneige Sets & Bundles,laneige-sets-bundles,manual,exact product IDs: 9381439013123;9381426397443 (expected count 2),"no conflict — checked against 272 live handles (Admin snapshot 2026-07-21, collections_all.json; re-check at implementation time) and all proposals",N/A — collection does not exist yet; brand collection published to Online Store (Admin-verified),
442299646211,Lanolab,l-oreal-elvive,1,Body Lotions,2,9521803755779;8929365885187,none — no existing brand-specific collection matches this pill,no uniform productType — not constructible,new_collection (manual),YES,Lanolab Body Lotions,lanolab-body-lotions,manual,exact product IDs: 9521803755779;8929365885187 (expected count 2),"no conflict — checked against 272 live handles (Admin snapshot 2026-07-21, collections_all.json; re-check at implementation time) and all proposals",N/A — collection does not exist yet; brand collection published to Online Store (Admin-verified),
442299646211,Lanolab,l-oreal-elvive,2,Lip Makeup,2,8929402880259;9521807327491,none — no existing brand-specific collection matches this pill,no uniform productType — not constructible,new_collection (manual),YES,Lanolab Lip Makeup,lanolab-lip-makeup,manual,exact product IDs: 8929402880259;9521807327491 (expected count 2),"no conflict — checked against 272 live handles (Admin snapshot 2026-07-21, collections_all.json; re-check at implementation time) and all proposals",N/A — collection does not exist yet; brand collection published to Online Store (Admin-verified),
442299646211,Lanolab,l-oreal-elvive,3,Hydration,2,9521803755779;8929365885187,none — no existing brand-specific collection matches this pill,no uniform productType — not constructible,new_collection (manual),YES,Lanolab Hydration,lanolab-hydration,manual,exact product IDs: 9521803755779;8929365885187 (expected count 2),"no conflict — checked against 272 live handles (Admin snapshot 2026-07-21, collections_all.json; re-check at implementation time) and all proposals",N/A — collection does not exist yet; brand collection published to Online Store (Admin-verified),
442299678979,La Roche-Posay,la-roche-posay,1,Sunscreen,7,8929376272643;8929378042115;8929408024835;8929394753795;8929376305411;8929389019395;9371841265923,none — no existing brand-specific collection matches this pill,no uniform productType — not constructible,new_collection (manual),YES,La Roche-Posay Sunscreen,la-roche-posay-sunscreen,manual,exact product IDs: 8929376272643;8929378042115;8929408024835;8929394753795;8929376305411;8929389019395;9371841265923 (expected count 7),"no conflict — checked against 272 live handles (Admin snapshot 2026-07-21, collections_all.json; re-check at implementation time) and all proposals",N/A — collection does not exist yet; brand collection published to Online Store (Admin-verified),
442299678979,La Roche-Posay,la-roche-posay,2,Cleansers,6,8929475100931;8929377878275;8929377550595;8929377681667;8929401962755;8929377911043,none — no existing brand-specific collection matches this pill,https://beautyontapp.com/collections/la-roche-posay?filter.p.product_type=Cleanser — NOT VERIFIED: live HTTP blocked by Cloudflare; theme grids have show_filters:false; Search & Discovery filter config unverified,new_collection (manual),YES,La Roche-Posay Cleansers,la-roche-posay-cleansers,manual,exact product IDs: 8929475100931;8929377878275;8929377550595;8929377681667;8929401962755;8929377911043 (expected count 6),"no conflict — checked against 272 live handles (Admin snapshot 2026-07-21, collections_all.json; re-check at implementation time) and all proposals",N/A — collection does not exist yet; brand collection published to Online Store (Admin-verified),
442299678979,La Roche-Posay,la-roche-posay,3,Face Serums,6,8929388626179;8929388724483;8929377583363;8929388658947;8929388691715;9371841265923,none — no existing brand-specific collection matches this pill,no uniform productType — not constructible,new_collection (manual),YES,La Roche-Posay Face Serums,la-roche-posay-face-serums,manual,exact product IDs: 8929388626179;8929388724483;8929377583363;8929388658947;8929388691715;9371841265923 (expected count 6),"no conflict — checked against 272 live handles (Admin snapshot 2026-07-21, collections_all.json; re-check at implementation time) and all proposals",N/A — collection does not exist yet; brand collection published to Online Store (Admin-verified),
442299678979,La Roche-Posay,la-roche-posay,4,Moisturisers,5,8929377517827;8929377616131;8929378074883;9049414009091;8929377648899,none — no existing brand-specific collection matches this pill,no uniform productType — not constructible,new_collection (manual),YES,La Roche-Posay Moisturisers,la-roche-posay-moisturisers,manual,exact product IDs: 8929377517827;8929377616131;8929378074883;9049414009091;8929377648899 (expected count 5),"no conflict — checked against 272 live handles (Admin snapshot 2026-07-21, collections_all.json; re-check at implementation time) and all proposals",N/A — collection does not exist yet; brand collection published to Online Store (Admin-verified),
442299678979,La Roche-Posay,la-roche-posay,5,Exfoliators,2,8929377878275;8929377976579,none — no existing brand-specific collection matches this pill,https://beautyontapp.com/collections/la-roche-posay?filter.p.product_type=Cleanser — NOT VERIFIED: live HTTP blocked by Cloudflare; theme grids have show_filters:false; Search & Discovery filter config unverified,new_collection (manual),YES,La Roche-Posay Exfoliators,la-roche-posay-exfoliators,manual,exact product IDs: 8929377878275;8929377976579 (expected count 2),"no conflict — checked against 272 live handles (Admin snapshot 2026-07-21, collections_all.json; re-check at implementation time) and all proposals",N/A — collection does not exist yet; brand collection published to Online Store (Admin-verified),
442299678979,La Roche-Posay,la-roche-posay,6,Acne Care,3,8929475100931;8929377976579;9049414009091,none — no existing brand-specific collection matches this pill,no uniform productType — not constructible,new_collection (manual),YES,La Roche-Posay Acne Care,la-roche-posay-acne-care,manual,exact product IDs: 8929475100931;8929377976579;9049414009091 (expected count 3),"no conflict — checked against 272 live handles (Admin snapshot 2026-07-21, collections_all.json; re-check at implementation time) and all proposals",N/A — collection does not exist yet; brand collection published to Online Store (Admin-verified),
442299777283,Lelive,lelive,1,Cleansers,3,8929363558659;8929363525891;8929405075715,none — no existing brand-specific collection matches this pill,no uniform productType — not constructible,new_collection (manual),YES,Lelive Cleansers,lelive-cleansers,manual,exact product IDs: 8929363558659;8929363525891;8929405075715 (expected count 3),"no conflict — checked against 272 live handles (Admin snapshot 2026-07-21, collections_all.json; re-check at implementation time) and all proposals",N/A — collection does not exist yet; brand collection published to Online Store (Admin-verified),
442299777283,Lelive,lelive,2,Face Serums,2,8929363591427;8929405075715,none — no existing brand-specific collection matches this pill,no uniform productType — not constructible,new_collection (manual),YES,Lelive Face Serums,lelive-face-serums,manual,exact product IDs: 8929363591427;8929405075715 (expected count 2),"no conflict — checked against 272 live handles (Admin snapshot 2026-07-21, collections_all.json; re-check at implementation time) and all proposals",N/A — collection does not exist yet; brand collection published to Online Store (Admin-verified),
442299777283,Lelive,lelive,3,Moisturisers,2,8929363656963;8929363689731,none — no existing brand-specific collection matches this pill,https://beautyontapp.com/collections/lelive?filter.p.product_type=Moisturiser — NOT VERIFIED: live HTTP blocked by Cloudflare; theme grids have show_filters:false; Search & Discovery filter config unverified,new_collection (manual),YES,Lelive Moisturisers,lelive-moisturisers,manual,exact product IDs: 8929363656963;8929363689731 (expected count 2),"no conflict — checked against 272 live handles (Admin snapshot 2026-07-21, collections_all.json; re-check at implementation time) and all proposals",N/A — collection does not exist yet; brand collection published to Online Store (Admin-verified),
442299777283,Lelive,lelive,4,Body Wash,2,8929391771907;8965612077315,none — no existing brand-specific collection matches this pill,no uniform productType — not constructible,new_collection (manual),YES,Lelive Body Wash,lelive-body-wash,manual,exact product IDs: 8929391771907;8965612077315 (expected count 2),"no conflict — checked against 272 live handles (Admin snapshot 2026-07-21, collections_all.json; re-check at implementation time) and all proposals",N/A — collection does not exist yet; brand collection published to Online Store (Admin-verified),
442299777283,Lelive,lelive,5,Body Oils,2,8929391804675;8929391837443,none — no existing brand-specific collection matches this pill,https://beautyontapp.com/collections/lelive?filter.p.product_type=Body+Care — NOT VERIFIED: live HTTP blocked by Cloudflare; theme grids have show_filters:false; Search & Discovery filter config unverified,new_collection (manual),YES,Lelive Body Oils,lelive-body-oils,manual,exact product IDs: 8929391804675;8929391837443 (expected count 2),"no conflict — checked against 272 live handles (Admin snapshot 2026-07-21, collections_all.json; re-check at implementation time) and all proposals",N/A — collection does not exist yet; brand collection published to Online Store (Admin-verified),
442299777283,Lelive,lelive,6,Body Scrubs,2,8929391870211;8965612077315,none — no existing brand-specific collection matches this pill,no uniform productType — not constructible,new_collection (manual),YES,Lelive Body Scrubs,lelive-body-scrubs,manual,exact product IDs: 8929391870211;8965612077315 (expected count 2),"no conflict — checked against 272 live handles (Admin snapshot 2026-07-21, collections_all.json; re-check at implementation time) and all proposals",N/A — collection does not exist yet; brand collection published to Online Store (Admin-verified),
442299777283,Lelive,lelive,7,Brightening,9,8929363591427;8929391804675;8929405108483;8929405075715;8929407107331;8929391837443;8929391870211;8965612077315;9220378394883,none — no existing brand-specific collection matches this pill,no uniform productType — not constructible,new_collection (manual),YES,Lelive Brightening,lelive-brightening,manual,exact product IDs: 8929363591427;8929391804675;8929405108483;8929405075715;8929407107331;8929391837443;8929391870211;8965612077315;9220378394883 (expected count 9),"no conflict — checked against 272 live handles (Admin snapshot 2026-07-21, collections_all.json; re-check at implementation time) and all proposals",N/A — collection does not exist yet; brand collection published to Online Store (Admin-verified),
442299777283,Lelive,lelive,8,Hydration,2,8929380237571;8929392984323,none — no existing brand-specific collection matches this pill,no uniform productType — not constructible,new_collection (manual),YES,Lelive Hydration,lelive-hydration,manual,exact product IDs: 8929380237571;8929392984323 (expected count 2),"no conflict — checked against 272 live handles (Admin snapshot 2026-07-21, collections_all.json; re-check at implementation time) and all proposals",N/A — collection does not exist yet; brand collection published to Online Store (Admin-verified),
444699377923,Lele Feminine,lele-feminine,1,Supplements,5,8965611520259;8965611847939;8965611749635;8965611684099;8965611618563,none — no existing brand-specific collection matches this pill,https://beautyontapp.com/collections/lele-feminine?filter.p.product_type=Supplement — NOT VERIFIED: live HTTP blocked by Cloudflare; theme grids have show_filters:false; Search & Discovery filter config unverified,new_collection (manual),YES,Lele Feminine Supplements,lele-feminine-supplements,manual,exact product IDs: 8965611520259;8965611847939;8965611749635;8965611684099;8965611618563 (expected count 5),"no conflict — checked against 272 live handles (Admin snapshot 2026-07-21, collections_all.json; re-check at implementation time) and all proposals",N/A — collection does not exist yet; brand collection published to Online Store (Admin-verified),
442299711747,Lelapa La Bakoena,lelapa-la-bakoena,1,Beard Care,5,8929386332419;8929386299651;8929386266883;8929386234115;8929386004739,none — no existing brand-specific collection matches this pill,no uniform productType — not constructible,new_collection (manual),YES,Lelapa La Bakoena Beard Care,lelapa-la-bakoena-beard-care,manual,exact product IDs: 8929386332419;8929386299651;8929386266883;8929386234115;8929386004739 (expected count 5),"no conflict — checked against 272 live handles (Admin snapshot 2026-07-21, collections_all.json; re-check at implementation time) and all proposals",N/A — collection does not exist yet; brand collection published to Online Store (Admin-verified),
442299711747,Lelapa La Bakoena,lelapa-la-bakoena,2,Sets & Bundles,2,8929475395843;8929475461379,none — no existing brand-specific collection matches this pill,https://beautyontapp.com/collections/lelapa-la-bakoena?filter.p.product_type=Bundle — NOT VERIFIED: live HTTP blocked by Cloudflare; theme grids have show_filters:false; Search & Discovery filter config unverified,new_collection (manual),YES,Lelapa La Bakoena Sets & Bundles,lelapa-la-bakoena-sets-bundles,manual,exact product IDs: 8929475395843;8929475461379 (expected count 2),"no conflict — checked against 272 live handles (Admin snapshot 2026-07-21, collections_all.json; re-check at implementation time) and all proposals",N/A — collection does not exist yet; brand collection published to Online Store (Admin-verified),
444348629251,L’Oréal,l-oreal,1,Hair Care,5,8929383416067;8929383284995;8929383121155;8929383088387;8929383055619,none — no existing brand-specific collection matches this pill,https://beautyontapp.com/collections/l-oreal?filter.p.product_type=Hair+Care — NOT VERIFIED: live HTTP blocked by Cloudflare; theme grids have show_filters:false; Search & Discovery filter config unverified,new_collection (manual),YES,L’Oréal Hair Care,loreal-hair-care,manual,exact product IDs: 8929383416067;8929383284995;8929383121155;8929383088387;8929383055619 (expected count 5),"no conflict — checked against 272 live handles (Admin snapshot 2026-07-21, collections_all.json; re-check at implementation time) and all proposals",N/A — collection does not exist yet; brand collection published to Online Store (Admin-verified),
444348629251,L’Oréal,l-oreal,2,Cleansers,2,8929383514371;8929383448835,none — no existing brand-specific collection matches this pill,https://beautyontapp.com/collections/l-oreal?filter.p.product_type=Cleanser — NOT VERIFIED: live HTTP blocked by Cloudflare; theme grids have show_filters:false; Search & Discovery filter config unverified,new_collection (manual),YES,L’Oréal Cleansers,loreal-cleansers,manual,exact product IDs: 8929383514371;8929383448835 (expected count 2),"no conflict — checked against 272 live handles (Admin snapshot 2026-07-21, collections_all.json; re-check at implementation time) and all proposals",N/A — collection does not exist yet; brand collection published to Online Store (Admin-verified),
444348629251,L’Oréal,l-oreal,3,Face Serums,2,8929383645443;8929383547139,none — no existing brand-specific collection matches this pill,no uniform productType — not constructible,new_collection (manual),YES,L’Oréal Face Serums,loreal-face-serums,manual,exact product IDs: 8929383645443;8929383547139 (expected count 2),"no conflict — checked against 272 live handles (Admin snapshot 2026-07-21, collections_all.json; re-check at implementation time) and all proposals",N/A — collection does not exist yet; brand collection published to Online Store (Admin-verified),
444348629251,L’Oréal,l-oreal,4,Hair Serums,2,8929383284995;8929383121155,none — no existing brand-specific collection matches this pill,https://beautyontapp.com/collections/l-oreal?filter.p.product_type=Hair+Care — NOT VERIFIED: live HTTP blocked by Cloudflare; theme grids have show_filters:false; Search & Discovery filter config unverified,new_collection (manual),YES,L’Oréal Hair Serums,loreal-hair-serums,manual,exact product IDs: 8929383284995;8929383121155 (expected count 2),"no conflict — checked against 272 live handles (Admin snapshot 2026-07-21, collections_all.json; re-check at implementation time) and all proposals",N/A — collection does not exist yet; brand collection published to Online Store (Admin-verified),
455095353603,Luna Hair+ Body,luna-hair-body,1,Hair Care,2,9129763111171;9129705079043,none — no existing brand-specific collection matches this pill,https://beautyontapp.com/collections/luna-hair-body?filter.p.product_type=Hair+Care — NOT VERIFIED: live HTTP blocked by Cloudflare; theme grids have show_filters:false; Search & Discovery filter config unverified,new_collection (manual),YES,Luna Hair+ Body Hair Care,luna-hair-body-hair-care,manual,exact product IDs: 9129763111171;9129705079043 (expected count 2),"no conflict — checked against 272 live handles (Admin snapshot 2026-07-21, collections_all.json; re-check at implementation time) and all proposals",N/A — collection does not exist yet; brand collection published to Online Store (Admin-verified),
442299810051,Lumi Glo,love-kinks,1,Face Masks,5,8929390788867;8929390493955;8929390461187;8929390428419;8929390362883,none — no existing brand-specific collection matches this pill,no uniform productType — not constructible,new_collection (manual),YES,Lumi Glo Face Masks,lumi-glo-face-masks,manual,exact product IDs: 8929390788867;8929390493955;8929390461187;8929390428419;8929390362883 (expected count 5),"no conflict — checked against 272 live handles (Admin snapshot 2026-07-21, collections_all.json; re-check at implementation time) and all proposals",N/A — collection does not exist yet; brand collection published to Online Store (Admin-verified),
442299810051,Lumi Glo,love-kinks,2,Eye Care,3,9068582994179;8929390625027;8929390592259,none — no existing brand-specific collection matches this pill,no uniform productType — not constructible,new_collection (manual),YES,Lumi Glo Eye Care,lumi-glo-eye-care,manual,exact product IDs: 9068582994179;8929390625027;8929390592259 (expected count 3),"no conflict — checked against 272 live handles (Admin snapshot 2026-07-21, collections_all.json; re-check at implementation time) and all proposals",N/A — collection does not exist yet; brand collection published to Online Store (Admin-verified),
442299810051,Lumi Glo,love-kinks,3,Cleansers,2,8929402093827;8929390723331,none — no existing brand-specific collection matches this pill,no uniform productType — not constructible,new_collection (manual),YES,Lumi Glo Cleansers,lumi-glo-cleansers,manual,exact product IDs: 8929402093827;8929390723331 (expected count 2),"no conflict — checked against 272 live handles (Admin snapshot 2026-07-21, collections_all.json; re-check at implementation time) and all proposals",N/A — collection does not exist yet; brand collection published to Online Store (Admin-verified),
442299810051,Lumi Glo,love-kinks,4,Face Serums,2,9466484293891;8929394950403,none — no existing brand-specific collection matches this pill,no uniform productType — not constructible,new_collection (manual),YES,Lumi Glo Face Serums,lumi-glo-face-serums,manual,exact product IDs: 9466484293891;8929394950403 (expected count 2),"no conflict — checked against 272 live handles (Admin snapshot 2026-07-21, collections_all.json; re-check at implementation time) and all proposals",N/A — collection does not exist yet; brand collection published to Online Store (Admin-verified),
442299810051,Lumi Glo,love-kinks,5,Moisturisers,2,9331667009795;8929390690563,none — no existing brand-specific collection matches this pill,https://beautyontapp.com/collections/love-kinks?filter.p.product_type=Moisturiser — NOT VERIFIED: live HTTP blocked by Cloudflare; theme grids have show_filters:false; Search & Discovery filter config unverified,new_collection (manual),YES,Lumi Glo Moisturisers,lumi-glo-moisturisers,manual,exact product IDs: 9331667009795;8929390690563 (expected count 2),"no conflict — checked against 272 live handles (Admin snapshot 2026-07-21, collections_all.json; re-check at implementation time) and all proposals",N/A — collection does not exist yet; brand collection published to Online Store (Admin-verified),
442299810051,Lumi Glo,love-kinks,6,Face Mists,2,8929390788867;8929390657795,none — no existing brand-specific collection matches this pill,no uniform productType — not constructible,new_collection (manual),YES,Lumi Glo Face Mists,lumi-glo-face-mists,manual,exact product IDs: 8929390788867;8929390657795 (expected count 2),"no conflict — checked against 272 live handles (Admin snapshot 2026-07-21, collections_all.json; re-check at implementation time) and all proposals",N/A — collection does not exist yet; brand collection published to Online Store (Admin-verified),
442299810051,Lumi Glo,love-kinks,7,Brightening,4,9068582994179;8929394950403;8929390592259;8929390428419,none — no existing brand-specific collection matches this pill,no uniform productType — not constructible,new_collection (manual),YES,Lumi Glo Brightening,lumi-glo-brightening,manual,exact product IDs: 9068582994179;8929394950403;8929390592259;8929390428419 (expected count 4),"no conflict — checked against 272 live handles (Admin snapshot 2026-07-21, collections_all.json; re-check at implementation time) and all proposals",N/A — collection does not exist yet; brand collection published to Online Store (Admin-verified),
442299810051,Lumi Glo,love-kinks,8,Sets & Bundles,5,9512248639747;9512217706755;9512158527747;9480131772675;8929390756099,none — no existing brand-specific collection matches this pill,no uniform productType — not constructible,new_collection (manual),YES,Lumi Glo Sets & Bundles,lumi-glo-sets-bundles,manual,exact product IDs: 9512248639747;9512217706755;9512158527747;9480131772675;8929390756099 (expected count 5),"no conflict — checked against 272 live handles (Admin snapshot 2026-07-21, collections_all.json; re-check at implementation time) and all proposals",N/A — collection does not exist yet; brand collection published to Online Store (Admin-verified),
447315214595,Medicube,medicube,1,Face Serums,14,8998553125123;8998576619779;8998475923715;8998493389059;8997282480387;8997191909635;8996084482307;9051068924163;9051000013059;8997168283907;9410146173187;8998469402883;8997654462723;9413097160963,none — no existing brand-specific collection matches this pill,no uniform productType — not constructible,new_collection (manual),YES,Medicube Face Serums,medicube-face-serums,manual,exact product IDs: 8998553125123;8998576619779;8998475923715;8998493389059;8997282480387;8997191909635;8996084482307;9051068924163;9051000013059;8997168283907;9410146173187;8998469402883;8997654462723;9413097160963 (expected count 14),"no conflict — checked against 272 live handles (Admin snapshot 2026-07-21, collections_all.json; re-check at implementation time) and all proposals",N/A — collection does not exist yet; brand collection published to Online Store (Admin-verified),
447315214595,Medicube,medicube,2,Toners,10,9051028750595;9051032125699;9015858954499;8997246763267;8998507610371;8998483525891;9410186871043;9409775042819;8997636800771;8998449742083,none — no existing brand-specific collection matches this pill,no uniform productType — not constructible,new_collection (manual),YES,Medicube Toners,medicube-toners,manual,exact product IDs: 9051028750595;9051032125699;9015858954499;8997246763267;8998507610371;8998483525891;9410186871043;9409775042819;8997636800771;8998449742083 (expected count 10),"no conflict — checked against 272 live handles (Admin snapshot 2026-07-21, collections_all.json; re-check at implementation time) and all proposals",N/A — collection does not exist yet; brand collection published to Online Store (Admin-verified),
447315214595,Medicube,medicube,3,Moisturisers,9,8998540280067;9051074822403;9051039465731;9210325369091;8997440979203;9051059618051;9421186040067;9413041094915;8997735432451,none — no existing brand-specific collection matches this pill,no uniform productType — not constructible,new_collection (manual),YES,Medicube Moisturisers,medicube-moisturisers,manual,exact product IDs: 8998540280067;9051074822403;9051039465731;9210325369091;8997440979203;9051059618051;9421186040067;9413041094915;8997735432451 (expected count 9),"no conflict — checked against 272 live handles (Admin snapshot 2026-07-21, collections_all.json; re-check at implementation time) and all proposals",N/A — collection does not exist yet; brand collection published to Online Store (Admin-verified),
447315214595,Medicube,medicube,4,Face Masks,8,9005244678403;8997217992963;8998697271555;9051046117635;9005231800579;9051021377795;9063182500099;9051078033667,none — no existing brand-specific collection matches this pill,no uniform productType — not constructible,new_collection (manual),YES,Medicube Face Masks,medicube-face-masks,manual,exact product IDs: 9005244678403;8997217992963;8998697271555;9051046117635;9005231800579;9051021377795;9063182500099;9051078033667 (expected count 8),"no conflict — checked against 272 live handles (Admin snapshot 2026-07-21, collections_all.json; re-check at implementation time) and all proposals",N/A — collection does not exist yet; brand collection published to Online Store (Admin-verified),
447315214595,Medicube,medicube,5,Cleansers,3,8997132075267;9410158362883;8997564842243,none — no existing brand-specific collection matches this pill,no uniform productType — not constructible,new_collection (manual),YES,Medicube Cleansers,medicube-cleansers,manual,exact product IDs: 8997132075267;9410158362883;8997564842243 (expected count 3),"no conflict — checked against 272 live handles (Admin snapshot 2026-07-21, collections_all.json; re-check at implementation time) and all proposals",N/A — collection does not exist yet; brand collection published to Online Store (Admin-verified),
447315214595,Medicube,medicube,6,Face Mists,3,8998493389059;9413097160963;9413100536067,none — no existing brand-specific collection matches this pill,no uniform productType — not constructible,new_collection (manual),YES,Medicube Face Mists,medicube-face-mists,manual,exact product IDs: 8998493389059;9413097160963;9413100536067 (expected count 3),"no conflict — checked against 272 live handles (Admin snapshot 2026-07-21, collections_all.json; re-check at implementation time) and all proposals",N/A — collection does not exist yet; brand collection published to Online Store (Admin-verified),
447315214595,Medicube,medicube,7,Exfoliators,2,8998457901315;9410186871043,none — no existing brand-specific collection matches this pill,no uniform productType — not constructible,new_collection (manual),YES,Medicube Exfoliators,medicube-exfoliators,manual,exact product IDs: 8998457901315;9410186871043 (expected count 2),"no conflict — checked against 272 live handles (Admin snapshot 2026-07-21, collections_all.json; re-check at implementation time) and all proposals",N/A — collection does not exist yet; brand collection published to Online Store (Admin-verified),
447315214595,Medicube,medicube,8,Brightening,4,8998697271555;8998576619779;9051074822403;9063182500099,none — no existing brand-specific collection matches this pill,no uniform productType — not constructible,new_collection (manual),YES,Medicube Brightening,medicube-brightening,manual,exact product IDs: 8998697271555;8998576619779;9051074822403;9063182500099 (expected count 4),"no conflict — checked against 272 live handles (Admin snapshot 2026-07-21, collections_all.json; re-check at implementation time) and all proposals",N/A — collection does not exist yet; brand collection published to Online Store (Admin-verified),
442299941123,Mzuri Skin,mzuri-skin,1,Body Wash,6,8929390264579;9256107442435;8929390231811;8929393574147;8929388986627;8929388429571,none — no existing brand-specific collection matches this pill,no uniform productType — not constructible,new_collection (manual),YES,Mzuri Skin Body Wash,mzuri-skin-body-wash,manual,exact product IDs: 8929390264579;9256107442435;8929390231811;8929393574147;8929388986627;8929388429571 (expected count 6),"no conflict — checked against 272 live handles (Admin snapshot 2026-07-21, collections_all.json; re-check at implementation time) and all proposals",N/A — collection does not exist yet; brand collection published to Online Store (Admin-verified),
442299941123,Mzuri Skin,mzuri-skin,2,Brightening,6,8929405600003;9214393024771;8929390264579;9029134975235;9256107442435;8929390199043,none — no existing brand-specific collection matches this pill,no uniform productType — not constructible,new_collection (manual),YES,Mzuri Skin Brightening,mzuri-skin-brightening,manual,exact product IDs: 8929405600003;9214393024771;8929390264579;9029134975235;9256107442435;8929390199043 (expected count 6),"no conflict — checked against 272 live handles (Admin snapshot 2026-07-21, collections_all.json; re-check at implementation time) and all proposals",N/A — collection does not exist yet; brand collection published to Online Store (Admin-verified),
444464464131,Manetain,manetain,1,Hair Butters,5,8929329479939;8929329643779;8929329578243;8929329545475;8929329512707,none — no existing brand-specific collection matches this pill,https://beautyontapp.com/collections/manetain?filter.p.product_type=Hair+Care — NOT VERIFIED: live HTTP blocked by Cloudflare; theme grids have show_filters:false; Search & Discovery filter config unverified,new_collection (manual),YES,Manetain Hair Butters,manetain-hair-butters,manual,exact product IDs: 8929329479939;8929329643779;8929329578243;8929329545475;8929329512707 (expected count 5),"no conflict — checked against 272 live handles (Admin snapshot 2026-07-21, collections_all.json; re-check at implementation time) and all proposals",N/A — collection does not exist yet; brand collection published to Online Store (Admin-verified),
444464464131,Manetain,manetain,2,Conditioners,3,8929329479939;8929329545475;8929329512707,none — no existing brand-specific collection matches this pill,https://beautyontapp.com/collections/manetain?filter.p.product_type=Hair+Care — NOT VERIFIED: live HTTP blocked by Cloudflare; theme grids have show_filters:false; Search & Discovery filter config unverified,new_collection (manual),YES,Manetain Conditioners,manetain-conditioners,manual,exact product IDs: 8929329479939;8929329545475;8929329512707 (expected count 3),"no conflict — checked against 272 live handles (Admin snapshot 2026-07-21, collections_all.json; re-check at implementation time) and all proposals",N/A — collection does not exist yet; brand collection published to Online Store (Admin-verified),
444384018691,MILLFORD,millford,1,Cleansers,2,8929373126915;8929373159683,none — no existing brand-specific collection matches this pill,https://beautyontapp.com/collections/millford?filter.p.product_type=Cleanser — NOT VERIFIED: live HTTP blocked by Cloudflare; theme grids have show_filters:false; Search & Discovery filter config unverified,new_collection (manual),YES,MILLFORD Cleansers,millford-cleansers,manual,exact product IDs: 8929373126915;8929373159683 (expected count 2),"no conflict — checked against 272 live handles (Admin snapshot 2026-07-21, collections_all.json; re-check at implementation time) and all proposals",N/A — collection does not exist yet; brand collection published to Online Store (Admin-verified),
444384018691,MILLFORD,millford,2,Toners,2,8929373356291;8929373257987,none — no existing brand-specific collection matches this pill,https://beautyontapp.com/collections/millford?filter.p.product_type=Toner — NOT VERIFIED: live HTTP blocked by Cloudflare; theme grids have show_filters:false; Search & Discovery filter config unverified,new_collection (manual),YES,MILLFORD Toners,millford-toners,manual,exact product IDs: 8929373356291;8929373257987 (expected count 2),"no conflict — checked against 272 live handles (Admin snapshot 2026-07-21, collections_all.json; re-check at implementation time) and all proposals",N/A — collection does not exist yet; brand collection published to Online Store (Admin-verified),
444384018691,MILLFORD,millford,3,Moisturisers,2,8929373225219;8929373290755,none — no existing brand-specific collection matches this pill,https://beautyontapp.com/collections/millford?filter.p.product_type=Moisturiser — NOT VERIFIED: live HTTP blocked by Cloudflare; theme grids have show_filters:false; Search & Discovery filter config unverified,new_collection (manual),YES,MILLFORD Moisturisers,millford-moisturisers,manual,exact product IDs: 8929373225219;8929373290755 (expected count 2),"no conflict — checked against 272 live handles (Admin snapshot 2026-07-21, collections_all.json; re-check at implementation time) and all proposals",N/A — collection does not exist yet; brand collection published to Online Store (Admin-verified),
444384018691,MILLFORD,millford,4,Hydration,4,8929373356291;8929373323523;8929373290755;8929373192451,none — no existing brand-specific collection matches this pill,no uniform productType — not constructible,new_collection (manual),YES,MILLFORD Hydration,millford-hydration,manual,exact product IDs: 8929373356291;8929373323523;8929373290755;8929373192451 (expected count 4),"no conflict — checked against 272 live handles (Admin snapshot 2026-07-21, collections_all.json; re-check at implementation time) and all proposals",N/A — collection does not exist yet; brand collection published to Online Store (Admin-verified),
444712943875,Mielle,mielle,1,Shampoos,2,8929394622723;8929394557187,none — no existing brand-specific collection matches this pill,https://beautyontapp.com/collections/mielle?filter.p.product_type=Hair+Care — NOT VERIFIED: live HTTP blocked by Cloudflare; theme grids have show_filters:false; Search & Discovery filter config unverified,new_collection (manual),YES,Mielle Shampoos,mielle-shampoos,manual,exact product IDs: 8929394622723;8929394557187 (expected count 2),"no conflict — checked against 272 live handles (Admin snapshot 2026-07-21, collections_all.json; re-check at implementation time) and all proposals",N/A — collection does not exist yet; brand collection published to Online Store (Admin-verified),
444712943875,Mielle,mielle,2,Hair Masks,2,8929394491651;8929394458883,none — no existing brand-specific collection matches this pill,https://beautyontapp.com/collections/mielle?filter.p.product_type=Hair+Care — NOT VERIFIED: live HTTP blocked by Cloudflare; theme grids have show_filters:false; Search & Discovery filter config unverified,new_collection (manual),YES,Mielle Hair Masks,mielle-hair-masks,manual,exact product IDs: 8929394491651;8929394458883 (expected count 2),"no conflict — checked against 272 live handles (Admin snapshot 2026-07-21, collections_all.json; re-check at implementation time) and all proposals",N/A — collection does not exist yet; brand collection published to Online Store (Admin-verified),
455487848707,MIXSOON,mixsoon,1,Face Masks,11,9032182661379;9007916777731;9007912550659;9007908323587;9007899410691;9007895150851;9007885451523;9007873327363;9007820177667;9007779873027;9031467630851,none — no existing brand-specific collection matches this pill,no uniform productType — not constructible,new_collection (manual),YES,MIXSOON Face Masks,mixsoon-face-masks,manual,exact product IDs: 9032182661379;9007916777731;9007912550659;9007908323587;9007899410691;9007895150851;9007885451523;9007873327363;9007820177667;9007779873027;9031467630851 (expected count 11),"no conflict — checked against 272 live handles (Admin snapshot 2026-07-21, collections_all.json; re-check at implementation time) and all proposals",N/A — collection does not exist yet; brand collection published to Online Store (Admin-verified),
455487848707,MIXSOON,mixsoon,2,Toners,6,9007865921795;9007789048067;9007774368003;9007768797443;9007764013315;9032090943747,none — no existing brand-specific collection matches this pill,https://beautyontapp.com/collections/mixsoon?filter.p.product_type=Toner — NOT VERIFIED: live HTTP blocked by Cloudflare; theme grids have show_filters:false; Search & Discovery filter config unverified,new_collection (manual),YES,MIXSOON Toners,mixsoon-toners,manual,exact product IDs: 9007865921795;9007789048067;9007774368003;9007768797443;9007764013315;9032090943747 (expected count 6),"no conflict — checked against 272 live handles (Admin snapshot 2026-07-21, collections_all.json; re-check at implementation time) and all proposals",N/A — collection does not exist yet; brand collection published to Online Store (Admin-verified),
455487848707,MIXSOON,mixsoon,3,Essences,3,9031450001667;9029094015235;9007701623043,none — no existing brand-specific collection matches this pill,no uniform productType — not constructible,new_collection (manual),YES,MIXSOON Essences,mixsoon-essences,manual,exact product IDs: 9031450001667;9029094015235;9007701623043 (expected count 3),"no conflict — checked against 272 live handles (Admin snapshot 2026-07-21, collections_all.json; re-check at implementation time) and all proposals",N/A — collection does not exist yet; brand collection published to Online Store (Admin-verified),
455487848707,MIXSOON,mixsoon,4,Cleansers,2,9007812509955;9007687663875,none — no existing brand-specific collection matches this pill,no uniform productType — not constructible,new_collection (manual),YES,MIXSOON Cleansers,mixsoon-cleansers,manual,exact product IDs: 9007812509955;9007687663875 (expected count 2),"no conflict — checked against 272 live handles (Admin snapshot 2026-07-21, collections_all.json; re-check at implementation time) and all proposals",N/A — collection does not exist yet; brand collection published to Online Store (Admin-verified),
455487848707,MIXSOON,mixsoon,5,Sunscreen,2,9007711289603;9007836037379,none — no existing brand-specific collection matches this pill,no uniform productType — not constructible,new_collection (manual),YES,MIXSOON Sunscreen,mixsoon-sunscreen,manual,exact product IDs: 9007711289603;9007836037379 (expected count 2),"no conflict — checked against 272 live handles (Admin snapshot 2026-07-21, collections_all.json; re-check at implementation time) and all proposals",N/A — collection does not exist yet; brand collection published to Online Store (Admin-verified),
455487848707,MIXSOON,mixsoon,6,Soothing,2,9029094015235;9007916777731,none — no existing brand-specific collection matches this pill,no uniform productType — not constructible,new_collection (manual),YES,MIXSOON Soothing,mixsoon-soothing,manual,exact product IDs: 9029094015235;9007916777731 (expected count 2),"no conflict — checked against 272 live handles (Admin snapshot 2026-07-21, collections_all.json; re-check at implementation time) and all proposals",N/A — collection does not exist yet; brand collection published to Online Store (Admin-verified),
442300039427,Native Child,native-child,1,Hair Care,7,8929389314307;8929389248771;8929120420099;8929120354563;8929120289027;8929389347075;8929389281539,none — no existing brand-specific collection matches this pill,https://beautyontapp.com/collections/native-child?filter.p.product_type=Hair+Care — NOT VERIFIED: live HTTP blocked by Cloudflare; theme grids have show_filters:false; Search & Discovery filter config unverified,new_collection (manual),YES,Native Child Hair Care,native-child-hair-care,manual,exact product IDs: 8929389314307;8929389248771;8929120420099;8929120354563;8929120289027;8929389347075;8929389281539 (expected count 7),"no conflict — checked against 272 live handles (Admin snapshot 2026-07-21, collections_all.json; re-check at implementation time) and all proposals",N/A — collection does not exist yet; brand collection published to Online Store (Admin-verified),
442300039427,Native Child,native-child,2,Shampoos,2,8929120354563;8929389281539,none — no existing brand-specific collection matches this pill,https://beautyontapp.com/collections/native-child?filter.p.product_type=Hair+Care — NOT VERIFIED: live HTTP blocked by Cloudflare; theme grids have show_filters:false; Search & Discovery filter config unverified,new_collection (manual),YES,Native Child Shampoos,native-child-shampoos,manual,exact product IDs: 8929120354563;8929389281539 (expected count 2),"no conflict — checked against 272 live handles (Admin snapshot 2026-07-21, collections_all.json; re-check at implementation time) and all proposals",N/A — collection does not exist yet; brand collection published to Online Store (Admin-verified),
442300039427,Native Child,native-child,3,Hair Styling,2,8929389314307;8929389248771,none — no existing brand-specific collection matches this pill,https://beautyontapp.com/collections/native-child?filter.p.product_type=Hair+Care — NOT VERIFIED: live HTTP blocked by Cloudflare; theme grids have show_filters:false; Search & Discovery filter config unverified,new_collection (manual),YES,Native Child Hair Styling,native-child-hair-styling,manual,exact product IDs: 8929389314307;8929389248771 (expected count 2),"no conflict — checked against 272 live handles (Admin snapshot 2026-07-21, collections_all.json; re-check at implementation time) and all proposals",N/A — collection does not exist yet; brand collection published to Online Store (Admin-verified),
442300072195,Naturally Africa,naturally-africa,1,Hair Styling,4,8929336000771;8929335836931;8929335935235;8929335869699,none — no existing brand-specific collection matches this pill,https://beautyontapp.com/collections/naturally-africa?filter.p.product_type=Hair+Care — NOT VERIFIED: live HTTP blocked by Cloudflare; theme grids have show_filters:false; Search & Discovery filter config unverified,new_collection (manual),YES,Naturally Africa Hair Styling,naturally-africa-hair-styling,manual,exact product IDs: 8929336000771;8929335836931;8929335935235;8929335869699 (expected count 4),"no conflict — checked against 272 live handles (Admin snapshot 2026-07-21, collections_all.json; re-check at implementation time) and all proposals",N/A — collection does not exist yet; brand collection published to Online Store (Admin-verified),
442300072195,Naturally Africa,naturally-africa,2,Conditioners,2,8929336099075;8929335771395,none — no existing brand-specific collection matches this pill,https://beautyontapp.com/collections/naturally-africa?filter.p.product_type=Hair+Care — NOT VERIFIED: live HTTP blocked by Cloudflare; theme grids have show_filters:false; Search & Discovery filter config unverified,new_collection (manual),YES,Naturally Africa Conditioners,naturally-africa-conditioners,manual,exact product IDs: 8929336099075;8929335771395 (expected count 2),"no conflict — checked against 272 live handles (Admin snapshot 2026-07-21, collections_all.json; re-check at implementation time) and all proposals",N/A — collection does not exist yet; brand collection published to Online Store (Admin-verified),
442300072195,Naturally Africa,naturally-africa,3,Scalp Care,2,8929336131843;8929335968003,none — no existing brand-specific collection matches this pill,https://beautyontapp.com/collections/naturally-africa?filter.p.product_type=Hair+Care — NOT VERIFIED: live HTTP blocked by Cloudflare; theme grids have show_filters:false; Search & Discovery filter config unverified,new_collection (manual),YES,Naturally Africa Scalp Care,naturally-africa-scalp-care,manual,exact product IDs: 8929336131843;8929335968003 (expected count 2),"no conflict — checked against 272 live handles (Admin snapshot 2026-07-21, collections_all.json; re-check at implementation time) and all proposals",N/A — collection does not exist yet; brand collection published to Online Store (Admin-verified),
442300072195,Naturally Africa,naturally-africa,4,Hair Oils,2,8929336131843;8929335968003,none — no existing brand-specific collection matches this pill,https://beautyontapp.com/collections/naturally-africa?filter.p.product_type=Hair+Care — NOT VERIFIED: live HTTP blocked by Cloudflare; theme grids have show_filters:false; Search & Discovery filter config unverified,new_collection (manual),YES,Naturally Africa Hair Oils,naturally-africa-hair-oils,manual,exact product IDs: 8929336131843;8929335968003 (expected count 2),"no conflict — checked against 272 live handles (Admin snapshot 2026-07-21, collections_all.json; re-check at implementation time) and all proposals",N/A — collection does not exist yet; brand collection published to Online Store (Admin-verified),
442300072195,Naturally Africa,naturally-africa,5,Leave-Ins,2,8929336099075;8929335804163,none — no existing brand-specific collection matches this pill,https://beautyontapp.com/collections/naturally-africa?filter.p.product_type=Hair+Care — NOT VERIFIED: live HTTP blocked by Cloudflare; theme grids have show_filters:false; Search & Discovery filter config unverified,new_collection (manual),YES,Naturally Africa Leave-Ins,naturally-africa-leave-ins,manual,exact product IDs: 8929336099075;8929335804163 (expected count 2),"no conflict — checked against 272 live handles (Admin snapshot 2026-07-21, collections_all.json; re-check at implementation time) and all proposals",N/A — collection does not exist yet; brand collection published to Online Store (Admin-verified),
442300104963,Naturals Beauty,naturals-beauty,1,Body Care,3,8929372799235;8929372733699;8929372700931,none — no existing brand-specific collection matches this pill,https://beautyontapp.com/collections/naturals-beauty?filter.p.product_type=Body+Care — NOT VERIFIED: live HTTP blocked by Cloudflare; theme grids have show_filters:false; Search & Discovery filter config unverified,new_collection (manual),YES,Naturals Beauty Body Care,naturals-beauty-body-care,manual,exact product IDs: 8929372799235;8929372733699;8929372700931 (expected count 3),"no conflict — checked against 272 live handles (Admin snapshot 2026-07-21, collections_all.json; re-check at implementation time) and all proposals",N/A — collection does not exist yet; brand collection published to Online Store (Admin-verified),
442300104963,Naturals Beauty,naturals-beauty,2,Exfoliators,2,8929373028611;8929372766467,none — no existing brand-specific collection matches this pill,https://beautyontapp.com/collections/naturals-beauty?filter.p.product_type=Exfoliator — NOT VERIFIED: live HTTP blocked by Cloudflare; theme grids have show_filters:false; Search & Discovery filter config unverified,new_collection (manual),YES,Naturals Beauty Exfoliators,naturals-beauty-exfoliators,manual,exact product IDs: 8929373028611;8929372766467 (expected count 2),"no conflict — checked against 272 live handles (Admin snapshot 2026-07-21, collections_all.json; re-check at implementation time) and all proposals",N/A — collection does not exist yet; brand collection published to Online Store (Admin-verified),
442300104963,Naturals Beauty,naturals-beauty,3,Home Fragrance,2,8929372897539;8929372832003,none — no existing brand-specific collection matches this pill,https://beautyontapp.com/collections/naturals-beauty?filter.p.product_type=Home — NOT VERIFIED: live HTTP blocked by Cloudflare; theme grids have show_filters:false; Search & Discovery filter config unverified,new_collection (manual),YES,Naturals Beauty Home Fragrance,naturals-beauty-home-fragrance,manual,exact product IDs: 8929372897539;8929372832003 (expected count 2),"no conflict — checked against 272 live handles (Admin snapshot 2026-07-21, collections_all.json; re-check at implementation time) and all proposals",N/A — collection does not exist yet; brand collection published to Online Store (Admin-verified),
442300203267,Neutriherb,neutriherb,1,Face Serums,4,8929375813891;8929375551747;8929375486211;8929375453443,none — no existing brand-specific collection matches this pill,no uniform productType — not constructible,new_collection (manual),YES,Neutriherb Face Serums,neutriherb-face-serums,manual,exact product IDs: 8929375813891;8929375551747;8929375486211;8929375453443 (expected count 4),"no conflict — checked against 272 live handles (Admin snapshot 2026-07-21, collections_all.json; re-check at implementation time) and all proposals",N/A — collection does not exist yet; brand collection published to Online Store (Admin-verified),
442300203267,Neutriherb,neutriherb,2,Cleansers,2,8929375715587;8929375617283,none — no existing brand-specific collection matches this pill,https://beautyontapp.com/collections/neutriherb?filter.p.product_type=Cleanser — NOT VERIFIED: live HTTP blocked by Cloudflare; theme grids have show_filters:false; Search & Discovery filter config unverified,new_collection (manual),YES,Neutriherb Cleansers,neutriherb-cleansers,manual,exact product IDs: 8929375715587;8929375617283 (expected count 2),"no conflict — checked against 272 live handles (Admin snapshot 2026-07-21, collections_all.json; re-check at implementation time) and all proposals",N/A — collection does not exist yet; brand collection published to Online Store (Admin-verified),
442300203267,Neutriherb,neutriherb,3,Moisturisers,2,8929375846659;8929375453443,none — no existing brand-specific collection matches this pill,no uniform productType — not constructible,new_collection (manual),YES,Neutriherb Moisturisers,neutriherb-moisturisers,manual,exact product IDs: 8929375846659;8929375453443 (expected count 2),"no conflict — checked against 272 live handles (Admin snapshot 2026-07-21, collections_all.json; re-check at implementation time) and all proposals",N/A — collection does not exist yet; brand collection published to Online Store (Admin-verified),
442300203267,Neutriherb,neutriherb,4,Brightening,3,8929375912195;8929375846659;8929375715587,none — no existing brand-specific collection matches this pill,no uniform productType — not constructible,new_collection (manual),YES,Neutriherb Brightening,neutriherb-brightening,manual,exact product IDs: 8929375912195;8929375846659;8929375715587 (expected count 3),"no conflict — checked against 272 live handles (Admin snapshot 2026-07-21, collections_all.json; re-check at implementation time) and all proposals",N/A — collection does not exist yet; brand collection published to Online Store (Admin-verified),
444464595203,Neutrogena,neutrogena,1,Moisturisers,6,8929376403715;8929376108803;8929378959619;8929380368643;8929401864451;8929401831683,none — no existing brand-specific collection matches this pill,https://beautyontapp.com/collections/neutrogena?filter.p.product_type=Moisturiser — NOT VERIFIED: live HTTP blocked by Cloudflare; theme grids have show_filters:false; Search & Discovery filter config unverified,new_collection (manual),YES,Neutrogena Moisturisers,neutrogena-moisturisers,manual,exact product IDs: 8929376403715;8929376108803;8929378959619;8929380368643;8929401864451;8929401831683 (expected count 6),"no conflict — checked against 272 live handles (Admin snapshot 2026-07-21, collections_all.json; re-check at implementation time) and all proposals",N/A — collection does not exist yet; brand collection published to Online Store (Admin-verified),
444464595203,Neutrogena,neutrogena,2,Cleansers,5,8929376076035;8929376600323;8929376043267;8929376567555;8929376010499,none — no existing brand-specific collection matches this pill,no uniform productType — not constructible,new_collection (manual),YES,Neutrogena Cleansers,neutrogena-cleansers,manual,exact product IDs: 8929376076035;8929376600323;8929376043267;8929376567555;8929376010499 (expected count 5),"no conflict — checked against 272 live handles (Admin snapshot 2026-07-21, collections_all.json; re-check at implementation time) and all proposals",N/A — collection does not exist yet; brand collection published to Online Store (Admin-verified),
444464595203,Neutrogena,neutrogena,3,Body Lotions,5,8929405468931;8929401897219;8929401798915;8929401766147;8929401929987,none — no existing brand-specific collection matches this pill,no uniform productType — not constructible,new_collection (manual),YES,Neutrogena Body Lotions,neutrogena-body-lotions,manual,exact product IDs: 8929405468931;8929401897219;8929401798915;8929401766147;8929401929987 (expected count 5),"no conflict — checked against 272 live handles (Admin snapshot 2026-07-21, collections_all.json; re-check at implementation time) and all proposals",N/A — collection does not exist yet; brand collection published to Online Store (Admin-verified),
444464595203,Neutrogena,neutrogena,4,Exfoliators,3,8929376698627;8929376633091;8929376502019,none — no existing brand-specific collection matches this pill,no uniform productType — not constructible,new_collection (manual),YES,Neutrogena Exfoliators,neutrogena-exfoliators,manual,exact product IDs: 8929376698627;8929376633091;8929376502019 (expected count 3),"no conflict — checked against 272 live handles (Admin snapshot 2026-07-21, collections_all.json; re-check at implementation time) and all proposals",N/A — collection does not exist yet; brand collection published to Online Store (Admin-verified),
444464595203,Neutrogena,neutrogena,5,Face Serums,3,8929376534787;8929380401411;8929376469251,none — no existing brand-specific collection matches this pill,no uniform productType — not constructible,new_collection (manual),YES,Neutrogena Face Serums,neutrogena-face-serums,manual,exact product IDs: 8929376534787;8929380401411;8929376469251 (expected count 3),"no conflict — checked against 272 live handles (Admin snapshot 2026-07-21, collections_all.json; re-check at implementation time) and all proposals",N/A — collection does not exist yet; brand collection published to Online Store (Admin-verified),
444464595203,Neutrogena,neutrogena,6,Sunscreen,2,8929376436483;8929380466947,none — no existing brand-specific collection matches this pill,no uniform productType — not constructible,new_collection (manual),YES,Neutrogena Sunscreen,neutrogena-sunscreen,manual,exact product IDs: 8929376436483;8929380466947 (expected count 2),"no conflict — checked against 272 live handles (Admin snapshot 2026-07-21, collections_all.json; re-check at implementation time) and all proposals",N/A — collection does not exist yet; brand collection published to Online Store (Admin-verified),
444464595203,Neutrogena,neutrogena,7,Eye Care,2,8929378992387;8929380434179,none — no existing brand-specific collection matches this pill,https://beautyontapp.com/collections/neutrogena?filter.p.product_type=Eye+Care — NOT VERIFIED: live HTTP blocked by Cloudflare; theme grids have show_filters:false; Search & Discovery filter config unverified,new_collection (manual),YES,Neutrogena Eye Care,neutrogena-eye-care,manual,exact product IDs: 8929378992387;8929380434179 (expected count 2),"no conflict — checked against 272 live handles (Admin snapshot 2026-07-21, collections_all.json; re-check at implementation time) and all proposals",N/A — collection does not exist yet; brand collection published to Online Store (Admin-verified),
444464595203,Neutrogena,neutrogena,8,Brightening,4,8929376403715;8929376436483;8929376469251;8929376502019,none — no existing brand-specific collection matches this pill,no uniform productType — not constructible,new_collection (manual),YES,Neutrogena Brightening,neutrogena-brightening,manual,exact product IDs: 8929376403715;8929376436483;8929376469251;8929376502019 (expected count 4),"no conflict — checked against 272 live handles (Admin snapshot 2026-07-21, collections_all.json; re-check at implementation time) and all proposals",N/A — collection does not exist yet; brand collection published to Online Store (Admin-verified),
444347646211,Nilotiqa,nilotiqa-nilotiqa,1,Hair Styling,4,8929391673603;8929391575299;8929391935747;8929391640835,none — no existing brand-specific collection matches this pill,https://beautyontapp.com/collections/nilotiqa-nilotiqa?filter.p.product_type=Hair+Care — NOT VERIFIED: live HTTP blocked by Cloudflare; theme grids have show_filters:false; Search & Discovery filter config unverified,new_collection (manual),YES,Nilotiqa Hair Styling,nilotiqa-hair-styling,manual,exact product IDs: 8929391673603;8929391575299;8929391935747;8929391640835 (expected count 4),"no conflict — checked against 272 live handles (Admin snapshot 2026-07-21, collections_all.json; re-check at implementation time) and all proposals",N/A — collection does not exist yet; brand collection published to Online Store (Admin-verified),
444347646211,Nilotiqa,nilotiqa-nilotiqa,2,Shampoos,2,8929391608067;8929391542531,none — no existing brand-specific collection matches this pill,https://beautyontapp.com/collections/nilotiqa-nilotiqa?filter.p.product_type=Hair+Care — NOT VERIFIED: live HTTP blocked by Cloudflare; theme grids have show_filters:false; Search & Discovery filter config unverified,new_collection (manual),YES,Nilotiqa Shampoos,nilotiqa-shampoos,manual,exact product IDs: 8929391608067;8929391542531 (expected count 2),"no conflict — checked against 272 live handles (Admin snapshot 2026-07-21, collections_all.json; re-check at implementation time) and all proposals",N/A — collection does not exist yet; brand collection published to Online Store (Admin-verified),
444347646211,Nilotiqa,nilotiqa-nilotiqa,3,Conditioners,2,8929391411459;8929391509763,none — no existing brand-specific collection matches this pill,https://beautyontapp.com/collections/nilotiqa-nilotiqa?filter.p.product_type=Hair+Care — NOT VERIFIED: live HTTP blocked by Cloudflare; theme grids have show_filters:false; Search & Discovery filter config unverified,new_collection (manual),YES,Nilotiqa Conditioners,nilotiqa-conditioners,manual,exact product IDs: 8929391411459;8929391509763 (expected count 2),"no conflict — checked against 272 live handles (Admin snapshot 2026-07-21, collections_all.json; re-check at implementation time) and all proposals",N/A — collection does not exist yet; brand collection published to Online Store (Admin-verified),
444347646211,Nilotiqa,nilotiqa-nilotiqa,4,Leave-Ins,2,8929391575299;8929391509763,none — no existing brand-specific collection matches this pill,https://beautyontapp.com/collections/nilotiqa-nilotiqa?filter.p.product_type=Hair+Care — NOT VERIFIED: live HTTP blocked by Cloudflare; theme grids have show_filters:false; Search & Discovery filter config unverified,new_collection (manual),YES,Nilotiqa Leave-Ins,nilotiqa-leave-ins,manual,exact product IDs: 8929391575299;8929391509763 (expected count 2),"no conflict — checked against 272 live handles (Admin snapshot 2026-07-21, collections_all.json; re-check at implementation time) and all proposals",N/A — collection does not exist yet; brand collection published to Online Store (Admin-verified),
442300137731,Ndanaka,ndanaka,1,Brightening,2,8929358577923;8929119371523,none — no existing brand-specific collection matches this pill,no uniform productType — not constructible,new_collection (manual),YES,Ndanaka Brightening,ndanaka-brightening,manual,exact product IDs: 8929358577923;8929119371523 (expected count 2),"no conflict — checked against 272 live handles (Admin snapshot 2026-07-21, collections_all.json; re-check at implementation time) and all proposals",N/A — collection does not exist yet; brand collection published to Online Store (Admin-verified),
444589932803,Olio,olio,1,Supplements,7,8929403699459;8929389838595;8929389805827;8929389740291;8929389707523;8929389510915;8929389543683,none — no existing brand-specific collection matches this pill,https://beautyontapp.com/collections/olio?filter.p.product_type=Supplement — NOT VERIFIED: live HTTP blocked by Cloudflare; theme grids have show_filters:false; Search & Discovery filter config unverified,new_collection (manual),YES,Olio Supplements,olio-supplements,manual,exact product IDs: 8929403699459;8929389838595;8929389805827;8929389740291;8929389707523;8929389510915;8929389543683 (expected count 7),"no conflict — checked against 272 live handles (Admin snapshot 2026-07-21, collections_all.json; re-check at implementation time) and all proposals",N/A — collection does not exist yet; brand collection published to Online Store (Admin-verified),
442298007811,Pastry Skincare,pastry-skincare,1,Body Care,16,8961711571203;9366277062915;9423865774339;8929475592451;8929366212867;8929395015939;9040954425603;8929404813571;8929475232003;8929362477315;8929475264771;8929475756291;8929385906435;8929385939203;8929365426435;8929364803843,none — no existing brand-specific collection matches this pill,no uniform productType — not constructible,new_collection (manual),YES,Pastry Skincare Body Care,pastry-skincare-body-care,manual,exact product IDs: 8961711571203;9366277062915;9423865774339;8929475592451;8929366212867;8929395015939;9040954425603;8929404813571;8929475232003;8929362477315;8929475264771;8929475756291;8929385906435;8929385939203;8929365426435;8929364803843 (expected count 16),"no conflict — checked against 272 live handles (Admin snapshot 2026-07-21, collections_all.json; re-check at implementation time) and all proposals",N/A — collection does not exist yet; brand collection published to Online Store (Admin-verified),
442298007811,Pastry Skincare,pastry-skincare,2,Body Wash,4,9423865774339;8929475592451;8929475232003;8929475756291,"none — no existing brand-specific collection matches this pill (near-match 'anua-oil-axis-y-serum-pastry-wash-lotion' rejected: multi-brand routine bundle (Anua + AXIS-Y + Pastry), not a brand Body Wash collection)",no uniform productType — not constructible,new_collection (manual),YES,Pastry Skincare Body Wash,pastry-skincare-body-wash,manual,exact product IDs: 9423865774339;8929475592451;8929475232003;8929475756291 (expected count 4),"no conflict — checked against 272 live handles (Admin snapshot 2026-07-21, collections_all.json; re-check at implementation time) and all proposals",N/A — collection does not exist yet; brand collection published to Online Store (Admin-verified),
442298007811,Pastry Skincare,pastry-skincare,3,Body Lotions,4,8929366212867;8929395015939;8929385939203;8929364803843,none — no existing brand-specific collection matches this pill,https://beautyontapp.com/collections/pastry-skincare?filter.p.product_type=Body+Care — NOT VERIFIED: live HTTP blocked by Cloudflare; theme grids have show_filters:false; Search & Discovery filter config unverified,new_collection (manual),YES,Pastry Skincare Body Lotions,pastry-skincare-body-lotions,manual,exact product IDs: 8929366212867;8929395015939;8929385939203;8929364803843 (expected count 4),"no conflict — checked against 272 live handles (Admin snapshot 2026-07-21, collections_all.json; re-check at implementation time) and all proposals",N/A — collection does not exist yet; brand collection published to Online Store (Admin-verified),
442298007811,Pastry Skincare,pastry-skincare,4,Face Serums,3,8929378894083;8929378926851;8929380860163,none — no existing brand-specific collection matches this pill,no uniform productType — not constructible,new_collection (manual),YES,Pastry Skincare Face Serums,pastry-skincare-face-serums,manual,exact product IDs: 8929378894083;8929378926851;8929380860163 (expected count 3),"no conflict — checked against 272 live handles (Admin snapshot 2026-07-21, collections_all.json; re-check at implementation time) and all proposals",N/A — collection does not exist yet; brand collection published to Online Store (Admin-verified),
442298007811,Pastry Skincare,pastry-skincare,5,Body Scrubs,3,8929475232003;8929475756291;8929365426435,none — no existing brand-specific collection matches this pill,no uniform productType — not constructible,new_collection (manual),YES,Pastry Skincare Body Scrubs,pastry-skincare-body-scrubs,manual,exact product IDs: 8929475232003;8929475756291;8929365426435 (expected count 3),"no conflict — checked against 272 live handles (Admin snapshot 2026-07-21, collections_all.json; re-check at implementation time) and all proposals",N/A — collection does not exist yet; brand collection published to Online Store (Admin-verified),
442298007811,Pastry Skincare,pastry-skincare,6,Body Butters,2,8929395015939;8929362477315,none — no existing brand-specific collection matches this pill,no uniform productType — not constructible,new_collection (manual),YES,Pastry Skincare Body Butters,pastry-skincare-body-butters,manual,exact product IDs: 8929395015939;8929362477315 (expected count 2),"no conflict — checked against 272 live handles (Admin snapshot 2026-07-21, collections_all.json; re-check at implementation time) and all proposals",N/A — collection does not exist yet; brand collection published to Online Store (Admin-verified),
442298007811,Pastry Skincare,pastry-skincare,7,Hand Care,2,8961711571203;8929475264771,none — no existing brand-specific collection matches this pill,no uniform productType — not constructible,new_collection (manual),YES,Pastry Skincare Hand Care,pastry-skincare-hand-care,manual,exact product IDs: 8961711571203;8929475264771 (expected count 2),"no conflict — checked against 272 live handles (Admin snapshot 2026-07-21, collections_all.json; re-check at implementation time) and all proposals",N/A — collection does not exist yet; brand collection published to Online Store (Admin-verified),
442298007811,Pastry Skincare,pastry-skincare,8,Brightening,4,9362727272707;9366277062915;9040954425603;8929380860163,none — no existing brand-specific collection matches this pill,no uniform productType — not constructible,new_collection (manual),YES,Pastry Skincare Brightening,pastry-skincare-brightening,manual,exact product IDs: 9362727272707;9366277062915;9040954425603;8929380860163 (expected count 4),"no conflict — checked against 272 live handles (Admin snapshot 2026-07-21, collections_all.json; re-check at implementation time) and all proposals",N/A — collection does not exist yet; brand collection published to Online Store (Admin-verified),
444465021187,Purpul Hair,purpul-hair,1,Hair Care,11,9340159197443;8929119273219;8929119240451;8929119043843;9340152643843;8929474609411;8929335279875;8929335247107;8929119600899;8929119338755;8929119207683,none — no existing brand-specific collection matches this pill,no uniform productType — not constructible,new_collection (manual),YES,Purpul Hair Hair Care,purpul-hair-hair-care,manual,exact product IDs: 9340159197443;8929119273219;8929119240451;8929119043843;9340152643843;8929474609411;8929335279875;8929335247107;8929119600899;8929119338755;8929119207683 (expected count 11),"no conflict — checked against 272 live handles (Admin snapshot 2026-07-21, collections_all.json; re-check at implementation time) and all proposals",N/A — collection does not exist yet; brand collection published to Online Store (Admin-verified),
444465021187,Purpul Hair,purpul-hair,2,Conditioners,4,8929119273219;9340152643843;8929335247107;8929119338755,none — no existing brand-specific collection matches this pill,https://beautyontapp.com/collections/purpul-hair?filter.p.product_type=Hair+Care — NOT VERIFIED: live HTTP blocked by Cloudflare; theme grids have show_filters:false; Search & Discovery filter config unverified,new_collection (manual),YES,Purpul Hair Conditioners,purpul-hair-conditioners,manual,exact product IDs: 8929119273219;9340152643843;8929335247107;8929119338755 (expected count 4),"no conflict — checked against 272 live handles (Admin snapshot 2026-07-21, collections_all.json; re-check at implementation time) and all proposals",N/A — collection does not exist yet; brand collection published to Online Store (Admin-verified),
444465021187,Purpul Hair,purpul-hair,3,Hair Styling,3,8929474609411;8929335279875;8929119600899,none — no existing brand-specific collection matches this pill,no uniform productType — not constructible,new_collection (manual),YES,Purpul Hair Hair Styling,purpul-hair-hair-styling,manual,exact product IDs: 8929474609411;8929335279875;8929119600899 (expected count 3),"no conflict — checked against 272 live handles (Admin snapshot 2026-07-21, collections_all.json; re-check at implementation time) and all proposals",N/A — collection does not exist yet; brand collection published to Online Store (Admin-verified),
444465021187,Purpul Hair,purpul-hair,4,Shampoos,2,9340159197443;8929119240451,none — no existing brand-specific collection matches this pill,https://beautyontapp.com/collections/purpul-hair?filter.p.product_type=Hair+Care — NOT VERIFIED: live HTTP blocked by Cloudflare; theme grids have show_filters:false; Search & Discovery filter config unverified,new_collection (manual),YES,Purpul Hair Shampoos,purpul-hair-shampoos,manual,exact product IDs: 9340159197443;8929119240451 (expected count 2),"no conflict — checked against 272 live handles (Admin snapshot 2026-07-21, collections_all.json; re-check at implementation time) and all proposals",N/A — collection does not exist yet; brand collection published to Online Store (Admin-verified),
444465021187,Purpul Hair,purpul-hair,5,Sets & Bundles,2,8929155154179;8929155121411,none — no existing brand-specific collection matches this pill,https://beautyontapp.com/collections/purpul-hair?filter.p.product_type=Bundle — NOT VERIFIED: live HTTP blocked by Cloudflare; theme grids have show_filters:false; Search & Discovery filter config unverified,new_collection (manual),YES,Purpul Hair Sets & Bundles,purpul-hair-sets-bundles,manual,exact product IDs: 8929155154179;8929155121411 (expected count 2),"no conflict — checked against 272 live handles (Admin snapshot 2026-07-21, collections_all.json; re-check at implementation time) and all proposals",N/A — collection does not exist yet; brand collection published to Online Store (Admin-verified),
464772366595,Purito Seoul,purito-seoul,1,Face Serums,3,9344460816643;9344434733315;9344258081027,none — no existing brand-specific collection matches this pill,no uniform productType — not constructible,new_collection (manual),YES,Purito Seoul Face Serums,purito-seoul-face-serums,manual,exact product IDs: 9344460816643;9344434733315;9344258081027 (expected count 3),"no conflict — checked against 272 live handles (Admin snapshot 2026-07-21, collections_all.json; re-check at implementation time) and all proposals",N/A — collection does not exist yet; brand collection published to Online Store (Admin-verified),
444703080707,serene,serene,1,Body Lotions,2,8965611454723;8965611225347,none — no existing brand-specific collection matches this pill,https://beautyontapp.com/collections/serene?filter.p.product_type=Body+Care — NOT VERIFIED: live HTTP blocked by Cloudflare; theme grids have show_filters:false; Search & Discovery filter config unverified,new_collection (manual),YES,serene Body Lotions,serene-body-lotions,manual,exact product IDs: 8965611454723;8965611225347 (expected count 2),"no conflict — checked against 272 live handles (Admin snapshot 2026-07-21, collections_all.json; re-check at implementation time) and all proposals",N/A — collection does not exist yet; brand collection published to Online Store (Admin-verified),
444703080707,serene,serene,2,Body Scrubs,2,8965611389187;8965611290883,none — no existing brand-specific collection matches this pill,no uniform productType — not constructible,new_collection (manual),YES,serene Body Scrubs,serene-body-scrubs,manual,exact product IDs: 8965611389187;8965611290883 (expected count 2),"no conflict — checked against 272 live handles (Admin snapshot 2026-07-21, collections_all.json; re-check at implementation time) and all proposals",N/A — collection does not exist yet; brand collection published to Online Store (Admin-verified),
444703080707,serene,serene,3,Brightening,2,8965611290883;8965611225347,none — no existing brand-specific collection matches this pill,https://beautyontapp.com/collections/serene?filter.p.product_type=Body+Care — NOT VERIFIED: live HTTP blocked by Cloudflare; theme grids have show_filters:false; Search & Discovery filter config unverified,new_collection (manual),YES,serene Brightening,serene-brightening,manual,exact product IDs: 8965611290883;8965611225347 (expected count 2),"no conflict — checked against 272 live handles (Admin snapshot 2026-07-21, collections_all.json; re-check at implementation time) and all proposals",N/A — collection does not exist yet; brand collection published to Online Store (Admin-verified),
444703080707,serene,serene,4,Hydration,2,8965611454723;8965611225347,none — no existing brand-specific collection matches this pill,https://beautyontapp.com/collections/serene?filter.p.product_type=Body+Care — NOT VERIFIED: live HTTP blocked by Cloudflare; theme grids have show_filters:false; Search & Discovery filter config unverified,new_collection (manual),YES,serene Hydration,serene-hydration,manual,exact product IDs: 8965611454723;8965611225347 (expected count 2),"no conflict — checked against 272 live handles (Admin snapshot 2026-07-21, collections_all.json; re-check at implementation time) and all proposals",N/A — collection does not exist yet; brand collection published to Online Store (Admin-verified),
444382052611,Some by Mi,some-by-mi,1,Face Serums,6,8929361723651;8929372340483;9182814175491;8929372668163;8929379877123;8929365262595,none — no existing brand-specific collection matches this pill,no uniform productType — not constructible,new_collection (manual),YES,Some by Mi Face Serums,some-by-mi-face-serums,manual,exact product IDs: 8929361723651;8929372340483;9182814175491;8929372668163;8929379877123;8929365262595 (expected count 6),"no conflict — checked against 272 live handles (Admin snapshot 2026-07-21, collections_all.json; re-check at implementation time) and all proposals",N/A — collection does not exist yet; brand collection published to Online Store (Admin-verified),
444382052611,Some by Mi,some-by-mi,2,Face Masks,6,9291604754691;9290222600451;9290197958915;8929378566403;8929378533635;8929365197059,none — no existing brand-specific collection matches this pill,no uniform productType — not constructible,new_collection (manual),YES,Some by Mi Face Masks,some-by-mi-face-masks,manual,exact product IDs: 9291604754691;9290222600451;9290197958915;8929378566403;8929378533635;8929365197059 (expected count 6),"no conflict — checked against 272 live handles (Admin snapshot 2026-07-21, collections_all.json; re-check at implementation time) and all proposals",N/A — collection does not exist yet; brand collection published to Online Store (Admin-verified),
444382052611,Some by Mi,some-by-mi,3,Toners,5,8929358315779;9381846057219;8929379844355;8929372307715;8929365295363,none — no existing brand-specific collection matches this pill,https://beautyontapp.com/collections/some-by-mi?filter.p.product_type=Toner — NOT VERIFIED: live HTTP blocked by Cloudflare; theme grids have show_filters:false; Search & Discovery filter config unverified,new_collection (manual),YES,Some by Mi Toners,some-by-mi-toners,manual,exact product IDs: 8929358315779;9381846057219;8929379844355;8929372307715;8929365295363 (expected count 5),"no conflict — checked against 272 live handles (Admin snapshot 2026-07-21, collections_all.json; re-check at implementation time) and all proposals",N/A — collection does not exist yet; brand collection published to Online Store (Admin-verified),
444382052611,Some by Mi,some-by-mi,4,Moisturisers,5,8929366475011;8929358151939;9381860737283;8929372406019;8929379909891,none — no existing brand-specific collection matches this pill,https://beautyontapp.com/collections/some-by-mi?filter.p.product_type=Moisturiser — NOT VERIFIED: live HTTP blocked by Cloudflare; theme grids have show_filters:false; Search & Discovery filter config unverified,new_collection (manual),YES,Some by Mi Moisturisers,some-by-mi-moisturisers,manual,exact product IDs: 8929366475011;8929358151939;9381860737283;8929372406019;8929379909891 (expected count 5),"no conflict — checked against 272 live handles (Admin snapshot 2026-07-21, collections_all.json; re-check at implementation time) and all proposals",N/A — collection does not exist yet; brand collection published to Online Store (Admin-verified),
444382052611,Some by Mi,some-by-mi,5,Cleansers,4,8929336688899;8929372373251;8929365229827;8929358446851,none — no existing brand-specific collection matches this pill,https://beautyontapp.com/collections/some-by-mi?filter.p.product_type=Cleanser — NOT VERIFIED: live HTTP blocked by Cloudflare; theme grids have show_filters:false; Search & Discovery filter config unverified,new_collection (manual),YES,Some by Mi Cleansers,some-by-mi-cleansers,manual,exact product IDs: 8929336688899;8929372373251;8929365229827;8929358446851 (expected count 4),"no conflict — checked against 272 live handles (Admin snapshot 2026-07-21, collections_all.json; re-check at implementation time) and all proposals",N/A — collection does not exist yet; brand collection published to Online Store (Admin-verified),
444382052611,Some by Mi,some-by-mi,6,Treatments,3,8929379909891;8929379877123;8929379844355,none — no existing brand-specific collection matches this pill,no uniform productType — not constructible,new_collection (manual),YES,Some by Mi Treatments,some-by-mi-treatments,manual,exact product IDs: 8929379909891;8929379877123;8929379844355 (expected count 3),"no conflict — checked against 272 live handles (Admin snapshot 2026-07-21, collections_all.json; re-check at implementation time) and all proposals",N/A — collection does not exist yet; brand collection published to Online Store (Admin-verified),
444382052611,Some by Mi,some-by-mi,7,Pimple Patches,2,8929362837763;9290207330563,none — no existing brand-specific collection matches this pill,no uniform productType — not constructible,new_collection (manual),YES,Some by Mi Pimple Patches,some-by-mi-pimple-patches,manual,exact product IDs: 8929362837763;9290207330563 (expected count 2),"no conflict — checked against 272 live handles (Admin snapshot 2026-07-21, collections_all.json; re-check at implementation time) and all proposals",N/A — collection does not exist yet; brand collection published to Online Store (Admin-verified),
444382052611,Some by Mi,some-by-mi,8,Body Care,2,8929372438787;8929389117699,none — no existing brand-specific collection matches this pill,no uniform productType — not constructible,new_collection (manual),YES,Some by Mi Body Care,some-by-mi-body-care,manual,exact product IDs: 8929372438787;8929389117699 (expected count 2),"no conflict — checked against 272 live handles (Admin snapshot 2026-07-21, collections_all.json; re-check at implementation time) and all proposals",N/A — collection does not exist yet; brand collection published to Online Store (Admin-verified),
456615756035,Seoul1988,seoul1988,1,Moisturisers,3,9159306641667;9159301366019;9159291633923,none — no existing brand-specific collection matches this pill,no uniform productType — not constructible,new_collection (manual),YES,Seoul1988 Moisturisers,seoul1988-moisturisers,manual,exact product IDs: 9159306641667;9159301366019;9159291633923 (expected count 3),"no conflict — checked against 272 live handles (Admin snapshot 2026-07-21, collections_all.json; re-check at implementation time) and all proposals",N/A — collection does not exist yet; brand collection published to Online Store (Admin-verified),
456615756035,Seoul1988,seoul1988,2,Cleansers,2,9159283507459;9159276331267,none — no existing brand-specific collection matches this pill,https://beautyontapp.com/collections/seoul1988?filter.p.product_type=Cleanser — NOT VERIFIED: live HTTP blocked by Cloudflare; theme grids have show_filters:false; Search & Discovery filter config unverified,new_collection (manual),YES,Seoul1988 Cleansers,seoul1988-cleansers,manual,exact product IDs: 9159283507459;9159276331267 (expected count 2),"no conflict — checked against 272 live handles (Admin snapshot 2026-07-21, collections_all.json; re-check at implementation time) and all proposals",N/A — collection does not exist yet; brand collection published to Online Store (Admin-verified),
456615756035,Seoul1988,seoul1988,3,Face Serums,2,9159312965891;9159247855875,none — no existing brand-specific collection matches this pill,no uniform productType — not constructible,new_collection (manual),YES,Seoul1988 Face Serums,seoul1988-face-serums,manual,exact product IDs: 9159312965891;9159247855875 (expected count 2),"no conflict — checked against 272 live handles (Admin snapshot 2026-07-21, collections_all.json; re-check at implementation time) and all proposals",N/A — collection does not exist yet; brand collection published to Online Store (Admin-verified),
442300530947,Sheba Feminine,sheba-feminine,1,Period Care,8,8929378664707;8929378631939;8929378599171;8929378861315;8929378828547;8929378795779;8929378730243;8929378697475,none — no existing brand-specific collection matches this pill,no uniform productType — not constructible,new_collection (manual),YES,Sheba Feminine Period Care,sheba-feminine-period-care,manual,exact product IDs: 8929378664707;8929378631939;8929378599171;8929378861315;8929378828547;8929378795779;8929378730243;8929378697475 (expected count 8),"no conflict — checked against 272 live handles (Admin snapshot 2026-07-21, collections_all.json; re-check at implementation time) and all proposals",N/A — collection does not exist yet; brand collection published to Online Store (Admin-verified),
442300596483,Skin Creamery,skin-creamery,1,Cleansers,2,8929359036675;8929358938371,none — no existing brand-specific collection matches this pill,no uniform productType — not constructible,new_collection (manual),YES,Skin Creamery Cleansers,skin-creamery-cleansers,manual,exact product IDs: 8929359036675;8929358938371 (expected count 2),"no conflict — checked against 272 live handles (Admin snapshot 2026-07-21, collections_all.json; re-check at implementation time) and all proposals",N/A — collection does not exist yet; brand collection published to Online Store (Admin-verified),
442300596483,Skin Creamery,skin-creamery,2,Moisturisers,2,8929474707715;8929359069443,none — no existing brand-specific collection matches this pill,https://beautyontapp.com/collections/skin-creamery?filter.p.product_type=Moisturiser — NOT VERIFIED: live HTTP blocked by Cloudflare; theme grids have show_filters:false; Search & Discovery filter config unverified,new_collection (manual),YES,Skin Creamery Moisturisers,skin-creamery-moisturisers,manual,exact product IDs: 8929474707715;8929359069443 (expected count 2),"no conflict — checked against 272 live handles (Admin snapshot 2026-07-21, collections_all.json; re-check at implementation time) and all proposals",N/A — collection does not exist yet; brand collection published to Online Store (Admin-verified),
444352921859,Skin functional,skin-functional,1,Face Serums,19,8929328267523;8929328300291;8929381810435;8929329283331;8929336328451;8929395147011;8929389216003;8929406877955;8929381875971;8929336361219;8929328333059;8929328234755;8929363820803;8929363329283;8929328431363;8929395114243;9349991956739;8929397375235;8929328464131,none — no existing brand-specific collection matches this pill,no uniform productType — not constructible,new_collection (manual),YES,Skin functional Face Serums,skin-functional-face-serums,manual,exact product IDs: 8929328267523;8929328300291;8929381810435;8929329283331;8929336328451;8929395147011;8929389216003;8929406877955;8929381875971;8929336361219;8929328333059;8929328234755;8929363820803;8929363329283;8929328431363;8929395114243;9349991956739;8929397375235;8929328464131 (expected count 19),"no conflict — checked against 272 live handles (Admin snapshot 2026-07-21, collections_all.json; re-check at implementation time) and all proposals",N/A — collection does not exist yet; brand collection published to Online Store (Admin-verified),
444352921859,Skin functional,skin-functional,2,Moisturisers,11,8929388888323;8929335705859;8929388953859;8929379811587;8929388921091;8929383809283;8929396392195;8929374699779;8929405010179;8929471693059;9349994807555,none — no existing brand-specific collection matches this pill,https://beautyontapp.com/collections/skin-functional?filter.p.product_type=Moisturiser — NOT VERIFIED: live HTTP blocked by Cloudflare; theme grids have show_filters:false; Search & Discovery filter config unverified,new_collection (manual),YES,Skin functional Moisturisers,skin-functional-moisturisers,manual,exact product IDs: 8929388888323;8929335705859;8929388953859;8929379811587;8929388921091;8929383809283;8929396392195;8929374699779;8929405010179;8929471693059;9349994807555 (expected count 11),"no conflict — checked against 272 live handles (Admin snapshot 2026-07-21, collections_all.json; re-check at implementation time) and all proposals",N/A — collection does not exist yet; brand collection published to Online Store (Admin-verified),
444352921859,Skin functional,skin-functional,3,Exfoliators,7,8929361658115;8929328496899;8929334755587;8929379057923;8929329316099;8929396883715;8929363427587,none — no existing brand-specific collection matches this pill,no uniform productType — not constructible,new_collection (manual),YES,Skin functional Exfoliators,skin-functional-exfoliators,manual,exact product IDs: 8929361658115;8929328496899;8929334755587;8929379057923;8929329316099;8929396883715;8929363427587 (expected count 7),"no conflict — checked against 272 live handles (Admin snapshot 2026-07-21, collections_all.json; re-check at implementation time) and all proposals",N/A — collection does not exist yet; brand collection published to Online Store (Admin-verified),
444352921859,Skin functional,skin-functional,4,Cleansers,6,8929363886339;8929389150467;8929406812419;8929388790019;8929375944963;8929392754947,none — no existing brand-specific collection matches this pill,no uniform productType — not constructible,new_collection (manual),YES,Skin functional Cleansers,skin-functional-cleansers,manual,exact product IDs: 8929363886339;8929389150467;8929406812419;8929388790019;8929375944963;8929392754947 (expected count 6),"no conflict — checked against 272 live handles (Admin snapshot 2026-07-21, collections_all.json; re-check at implementation time) and all proposals",N/A — collection does not exist yet; brand collection published to Online Store (Admin-verified),
444352921859,Skin functional,skin-functional,5,Treatments,6,8929366114563;8929328398595;8929383776515;8929388822787;8929388855555;8929406845187,none — no existing brand-specific collection matches this pill,no uniform productType — not constructible,new_collection (manual),YES,Skin functional Treatments,skin-functional-treatments,manual,exact product IDs: 8929366114563;8929328398595;8929383776515;8929388822787;8929388855555;8929406845187 (expected count 6),"no conflict — checked against 272 live handles (Admin snapshot 2026-07-21, collections_all.json; re-check at implementation time) and all proposals",N/A — collection does not exist yet; brand collection published to Online Store (Admin-verified),
444352921859,Skin functional,skin-functional,6,Face Makeup,4,9032062599427;9032026915075;9032003518723;9032000340227,none — no existing brand-specific collection matches this pill,no uniform productType — not constructible,new_collection (manual),YES,Skin functional Face Makeup,skin-functional-face-makeup,manual,exact product IDs: 9032062599427;9032026915075;9032003518723;9032000340227 (expected count 4),"no conflict — checked against 272 live handles (Admin snapshot 2026-07-21, collections_all.json; re-check at implementation time) and all proposals",N/A — collection does not exist yet; brand collection published to Online Store (Admin-verified),
444352921859,Skin functional,skin-functional,7,Body Care,4,8929395081475;8929379156227;8929395736835;8929395048707,none — no existing brand-specific collection matches this pill,no uniform productType — not constructible,new_collection (manual),YES,Skin functional Body Care,skin-functional-body-care,manual,exact product IDs: 8929395081475;8929379156227;8929395736835;8929395048707 (expected count 4),"no conflict — checked against 272 live handles (Admin snapshot 2026-07-21, collections_all.json; re-check at implementation time) and all proposals",N/A — collection does not exist yet; brand collection published to Online Store (Admin-verified),
444352921859,Skin functional,skin-functional,8,Toners,3,8929373421827;8929328824579;8929396883715,none — no existing brand-specific collection matches this pill,no uniform productType — not constructible,new_collection (manual),YES,Skin functional Toners,skin-functional-toners,manual,exact product IDs: 8929373421827;8929328824579;8929396883715 (expected count 3),"no conflict — checked against 272 live handles (Admin snapshot 2026-07-21, collections_all.json; re-check at implementation time) and all proposals",N/A — collection does not exist yet; brand collection published to Online Store (Admin-verified),
442300629251,Skin Republic,skin-republic,1,Face Serums,14,8929386430723;9182393925891;9179770814723;9179660583171;9010866487555;8929407828227;8929407795459;8929386529027;8929386496259;8929386463491;8929386397955;8929407762691;8929407664387;8929386365187,none — no existing brand-specific collection matches this pill,no uniform productType — not constructible,new_collection (manual),YES,Skin Republic Face Serums,skin-republic-face-serums,manual,exact product IDs: 8929386430723;9182393925891;9179770814723;9179660583171;9010866487555;8929407828227;8929407795459;8929386529027;8929386496259;8929386463491;8929386397955;8929407762691;8929407664387;8929386365187 (expected count 14),"no conflict — checked against 272 live handles (Admin snapshot 2026-07-21, collections_all.json; re-check at implementation time) and all proposals",N/A — collection does not exist yet; brand collection published to Online Store (Admin-verified),
442300629251,Skin Republic,skin-republic,2,Face Masks,12,9385384706307;8929407893763;8929388331267;8929363919107;8929336557827;8929336492291;8929336623363;9385414885635;8929407860995;8929391378691;8929336590595;8929336393987,none — no existing brand-specific collection matches this pill,no uniform productType — not constructible,new_collection (manual),YES,Skin Republic Face Masks,skin-republic-face-masks,manual,exact product IDs: 9385384706307;8929407893763;8929388331267;8929363919107;8929336557827;8929336492291;8929336623363;9385414885635;8929407860995;8929391378691;8929336590595;8929336393987 (expected count 12),"no conflict — checked against 272 live handles (Admin snapshot 2026-07-21, collections_all.json; re-check at implementation time) and all proposals",N/A — collection does not exist yet; brand collection published to Online Store (Admin-verified),
442300629251,Skin Republic,skin-republic,3,Moisturisers,3,9179660583171;8986690978051;8986702840067,none — no existing brand-specific collection matches this pill,no uniform productType — not constructible,new_collection (manual),YES,Skin Republic Moisturisers,skin-republic-moisturisers,manual,exact product IDs: 9179660583171;8986690978051;8986702840067 (expected count 3),"no conflict — checked against 272 live handles (Admin snapshot 2026-07-21, collections_all.json; re-check at implementation time) and all proposals",N/A — collection does not exist yet; brand collection published to Online Store (Admin-verified),
442300629251,Skin Republic,skin-republic,4,Eye Care,3,8929386725635;8929386627331;8929386660099,none — no existing brand-specific collection matches this pill,no uniform productType — not constructible,new_collection (manual),YES,Skin Republic Eye Care,skin-republic-eye-care,manual,exact product IDs: 8929386725635;8929386627331;8929386660099 (expected count 3),"no conflict — checked against 272 live handles (Admin snapshot 2026-07-21, collections_all.json; re-check at implementation time) and all proposals",N/A — collection does not exist yet; brand collection published to Online Store (Admin-verified),
442300629251,Skin Republic,skin-republic,5,Exfoliators,2,9182393925891;8929336492291,none — no existing brand-specific collection matches this pill,no uniform productType — not constructible,new_collection (manual),YES,Skin Republic Exfoliators,skin-republic-exfoliators,manual,exact product IDs: 9182393925891;8929336492291 (expected count 2),"no conflict — checked against 272 live handles (Admin snapshot 2026-07-21, collections_all.json; re-check at implementation time) and all proposals",N/A — collection does not exist yet; brand collection published to Online Store (Admin-verified),
442300629251,Skin Republic,skin-republic,6,Treatments,2,9182393925891;9179770814723,none — no existing brand-specific collection matches this pill,no uniform productType — not constructible,new_collection (manual),YES,Skin Republic Treatments,skin-republic-treatments,manual,exact product IDs: 9182393925891;9179770814723 (expected count 2),"no conflict — checked against 272 live handles (Admin snapshot 2026-07-21, collections_all.json; re-check at implementation time) and all proposals",N/A — collection does not exist yet; brand collection published to Online Store (Admin-verified),
442300629251,Skin Republic,skin-republic,7,Pimple Patches,2,9010874712323;8929407926531,none — no existing brand-specific collection matches this pill,no uniform productType — not constructible,new_collection (manual),YES,Skin Republic Pimple Patches,skin-republic-pimple-patches,manual,exact product IDs: 9010874712323;8929407926531 (expected count 2),"no conflict — checked against 272 live handles (Admin snapshot 2026-07-21, collections_all.json; re-check at implementation time) and all proposals",N/A — collection does not exist yet; brand collection published to Online Store (Admin-verified),
442300629251,Skin Republic,skin-republic,8,Brightening,2,8929336623363;8929386660099,none — no existing brand-specific collection matches this pill,no uniform productType — not constructible,new_collection (manual),YES,Skin Republic Brightening,skin-republic-brightening,manual,exact product IDs: 8929336623363;8929386660099 (expected count 2),"no conflict — checked against 272 live handles (Admin snapshot 2026-07-21, collections_all.json; re-check at implementation time) and all proposals",N/A — collection does not exist yet; brand collection published to Online Store (Admin-verified),
444471738627,SKIN1004,skin1004,1,Face Serums,6,9228256575747;9228249628931;8929377222915;8998951813379;8998938607875;8929377419523,none — no existing brand-specific collection matches this pill,no uniform productType — not constructible,new_collection (manual),YES,SKIN1004 Face Serums,skin1004-face-serums,manual,exact product IDs: 9228256575747;9228249628931;8929377222915;8998951813379;8998938607875;8929377419523 (expected count 6),"no conflict — checked against 272 live handles (Admin snapshot 2026-07-21, collections_all.json; re-check at implementation time) and all proposals",N/A — collection does not exist yet; brand collection published to Online Store (Admin-verified),
444471738627,SKIN1004,skin1004,2,Toners,3,8929377255683;8929377190147;8998820118787,none — no existing brand-specific collection matches this pill,no uniform productType — not constructible,new_collection (manual),YES,SKIN1004 Toners,skin1004-toners,manual,exact product IDs: 8929377255683;8929377190147;8998820118787 (expected count 3),"no conflict — checked against 272 live handles (Admin snapshot 2026-07-21, collections_all.json; re-check at implementation time) and all proposals",N/A — collection does not exist yet; brand collection published to Online Store (Admin-verified),
444471738627,SKIN1004,skin1004,3,Sunscreen,3,8998977929475;8998938607875;8929377353987,none — no existing brand-specific collection matches this pill,no uniform productType — not constructible,new_collection (manual),YES,SKIN1004 Sunscreen,skin1004-sunscreen,manual,exact product IDs: 8998977929475;8998938607875;8929377353987 (expected count 3),"no conflict — checked against 272 live handles (Admin snapshot 2026-07-21, collections_all.json; re-check at implementation time) and all proposals",N/A — collection does not exist yet; brand collection published to Online Store (Admin-verified),
444471738627,SKIN1004,skin1004,4,Cleansers,2,8929377321219;8929377288451,none — no existing brand-specific collection matches this pill,https://beautyontapp.com/collections/skin1004?filter.p.product_type=Cleanser — NOT VERIFIED: live HTTP blocked by Cloudflare; theme grids have show_filters:false; Search & Discovery filter config unverified,new_collection (manual),YES,SKIN1004 Cleansers,skin1004-cleansers,manual,exact product IDs: 8929377321219;8929377288451 (expected count 2),"no conflict — checked against 272 live handles (Admin snapshot 2026-07-21, collections_all.json; re-check at implementation time) and all proposals",N/A — collection does not exist yet; brand collection published to Online Store (Admin-verified),
444471738627,SKIN1004,skin1004,5,Brightening,3,8929377190147;9278562173187;8998820118787,none — no existing brand-specific collection matches this pill,no uniform productType — not constructible,new_collection (manual),YES,SKIN1004 Brightening,skin1004-brightening,manual,exact product IDs: 8929377190147;9278562173187;8998820118787 (expected count 3),"no conflict — checked against 272 live handles (Admin snapshot 2026-07-21, collections_all.json; re-check at implementation time) and all proposals",N/A — collection does not exist yet; brand collection published to Online Store (Admin-verified),
444471738627,SKIN1004,skin1004,6,Hydration,2,8998965510403;8998951813379,none — no existing brand-specific collection matches this pill,no uniform productType — not constructible,new_collection (manual),YES,SKIN1004 Hydration,skin1004-hydration,manual,exact product IDs: 8998965510403;8998951813379 (expected count 2),"no conflict — checked against 272 live handles (Admin snapshot 2026-07-21, collections_all.json; re-check at implementation time) and all proposals",N/A — collection does not exist yet; brand collection published to Online Store (Admin-verified),
444471738627,SKIN1004,skin1004,7,Acne Care,2,9228256575747;9228249628931,none — no existing brand-specific collection matches this pill,https://beautyontapp.com/collections/skin1004?filter.p.product_type=Acne+Treatment — NOT VERIFIED: live HTTP blocked by Cloudflare; theme grids have show_filters:false; Search & Discovery filter config unverified,new_collection (manual),YES,SKIN1004 Acne Care,skin1004-acne-care,manual,exact product IDs: 9228256575747;9228249628931 (expected count 2),"no conflict — checked against 272 live handles (Admin snapshot 2026-07-21, collections_all.json; re-check at implementation time) and all proposals",N/A — collection does not exist yet; brand collection published to Online Store (Admin-verified),
444471738627,SKIN1004,skin1004,8,Sets & Bundles,2,9278720147715;9278562173187,none — no existing brand-specific collection matches this pill,no uniform productType — not constructible,new_collection (manual),YES,SKIN1004 Sets & Bundles,skin1004-sets-bundles,manual,exact product IDs: 9278720147715;9278562173187 (expected count 2),"no conflict — checked against 272 live handles (Admin snapshot 2026-07-21, collections_all.json; re-check at implementation time) and all proposals",N/A — collection does not exist yet; brand collection published to Online Store (Admin-verified),
451342860547,Smooch,smooch,1,Face Serums,4,9053730373891;9053706682627;9053702455555;9053738172675,none — no existing brand-specific collection matches this pill,no uniform productType — not constructible,new_collection (manual),YES,Smooch Face Serums,smooch-face-serums,manual,exact product IDs: 9053730373891;9053706682627;9053702455555;9053738172675 (expected count 4),"no conflict — checked against 272 live handles (Admin snapshot 2026-07-21, collections_all.json; re-check at implementation time) and all proposals",N/A — collection does not exist yet; brand collection published to Online Store (Admin-verified),
451342860547,Smooch,smooch,2,Eye Care,2,9053739974915;9053738172675,none — no existing brand-specific collection matches this pill,no uniform productType — not constructible,new_collection (manual),YES,Smooch Eye Care,smooch-eye-care,manual,exact product IDs: 9053739974915;9053738172675 (expected count 2),"no conflict — checked against 272 live handles (Admin snapshot 2026-07-21, collections_all.json; re-check at implementation time) and all proposals",N/A — collection does not exist yet; brand collection published to Online Store (Admin-verified),
442300858627,Standard Beauty,standard-beauty,1,Face Serums,8,8929363755267;8929335181571;8929359397123;8929329086723;8929329119491;8929329217795;8929329348867;9172480852227,none — no existing brand-specific collection matches this pill,no uniform productType — not constructible,new_collection (manual),YES,Standard Beauty Face Serums,standard-beauty-face-serums,manual,exact product IDs: 8929363755267;8929335181571;8929359397123;8929329086723;8929329119491;8929329217795;8929329348867;9172480852227 (expected count 8),"no conflict — checked against 272 live handles (Admin snapshot 2026-07-21, collections_all.json; re-check at implementation time) and all proposals",N/A — collection does not exist yet; brand collection published to Online Store (Admin-verified),
442300858627,Standard Beauty,standard-beauty,2,Exfoliators,7,8929381384451;8929372471555;8929383874819;8929383842051;8929366180099;8929384268035;8929384235267,none — no existing brand-specific collection matches this pill,no uniform productType — not constructible,new_collection (manual),YES,Standard Beauty Exfoliators,standard-beauty-exfoliators,manual,exact product IDs: 8929381384451;8929372471555;8929383874819;8929383842051;8929366180099;8929384268035;8929384235267 (expected count 7),"no conflict — checked against 272 live handles (Admin snapshot 2026-07-21, collections_all.json; re-check at implementation time) and all proposals",N/A — collection does not exist yet; brand collection published to Online Store (Admin-verified),
442300858627,Standard Beauty,standard-beauty,3,Lip Makeup,6,8929381712131;8929381482755;8929381679363;8929381581059;8929381548291;8976573563139,none — no existing brand-specific collection matches this pill,https://beautyontapp.com/collections/standard-beauty?filter.p.product_type=Makeup — NOT VERIFIED: live HTTP blocked by Cloudflare; theme grids have show_filters:false; Search & Discovery filter config unverified,new_collection (manual),YES,Standard Beauty Lip Makeup,standard-beauty-lip-makeup,manual,exact product IDs: 8929381712131;8929381482755;8929381679363;8929381581059;8929381548291;8976573563139 (expected count 6),"no conflict — checked against 272 live handles (Admin snapshot 2026-07-21, collections_all.json; re-check at implementation time) and all proposals",N/A — collection does not exist yet; brand collection published to Online Store (Admin-verified),
442300858627,Standard Beauty,standard-beauty,4,Moisturisers,4,8929362379011;8929329676547;8929362346243;8929380630787,none — no existing brand-specific collection matches this pill,https://beautyontapp.com/collections/standard-beauty?filter.p.product_type=Moisturiser — NOT VERIFIED: live HTTP blocked by Cloudflare; theme grids have show_filters:false; Search & Discovery filter config unverified,new_collection (manual),YES,Standard Beauty Moisturisers,standard-beauty-moisturisers,manual,exact product IDs: 8929362379011;8929329676547;8929362346243;8929380630787 (expected count 4),"no conflict — checked against 272 live handles (Admin snapshot 2026-07-21, collections_all.json; re-check at implementation time) and all proposals",N/A — collection does not exist yet; brand collection published to Online Store (Admin-verified),
442300858627,Standard Beauty,standard-beauty,5,Hair Care,4,8929386070275;8929384628483;8929386103043;8929386135811,none — no existing brand-specific collection matches this pill,https://beautyontapp.com/collections/standard-beauty?filter.p.product_type=Hair+Care — NOT VERIFIED: live HTTP blocked by Cloudflare; theme grids have show_filters:false; Search & Discovery filter config unverified,new_collection (manual),YES,Standard Beauty Hair Care,standard-beauty-hair-care,manual,exact product IDs: 8929386070275;8929384628483;8929386103043;8929386135811 (expected count 4),"no conflict — checked against 272 live handles (Admin snapshot 2026-07-21, collections_all.json; re-check at implementation time) and all proposals",N/A — collection does not exist yet; brand collection published to Online Store (Admin-verified),
442300858627,Standard Beauty,standard-beauty,6,Cleansers,3,8929384202499;8929380598019;8929334460675,none — no existing brand-specific collection matches this pill,https://beautyontapp.com/collections/standard-beauty?filter.p.product_type=Cleanser — NOT VERIFIED: live HTTP blocked by Cloudflare; theme grids have show_filters:false; Search & Discovery filter config unverified,new_collection (manual),YES,Standard Beauty Cleansers,standard-beauty-cleansers,manual,exact product IDs: 8929384202499;8929380598019;8929334460675 (expected count 3),"no conflict — checked against 272 live handles (Admin snapshot 2026-07-21, collections_all.json; re-check at implementation time) and all proposals",N/A — collection does not exist yet; brand collection published to Online Store (Admin-verified),
442300858627,Standard Beauty,standard-beauty,7,Toners,3,8929359429891;8929329447171;8929361133827,none — no existing brand-specific collection matches this pill,https://beautyontapp.com/collections/standard-beauty?filter.p.product_type=Toner — NOT VERIFIED: live HTTP blocked by Cloudflare; theme grids have show_filters:false; Search & Discovery filter config unverified,new_collection (manual),YES,Standard Beauty Toners,standard-beauty-toners,manual,exact product IDs: 8929359429891;8929329447171;8929361133827 (expected count 3),"no conflict — checked against 272 live handles (Admin snapshot 2026-07-21, collections_all.json; re-check at implementation time) and all proposals",N/A — collection does not exist yet; brand collection published to Online Store (Admin-verified),
442300858627,Standard Beauty,standard-beauty,8,Face Masks,3,8929366180099;8929384300803;8929384169731,none — no existing brand-specific collection matches this pill,no uniform productType — not constructible,new_collection (manual),YES,Standard Beauty Face Masks,standard-beauty-face-masks,manual,exact product IDs: 8929366180099;8929384300803;8929384169731 (expected count 3),"no conflict — checked against 272 live handles (Admin snapshot 2026-07-21, collections_all.json; re-check at implementation time) and all proposals",N/A — collection does not exist yet; brand collection published to Online Store (Admin-verified),
442300891395,Swiitchbeauty,swiitchbeauty,1,Lip Makeup,8,8929364082947;8929375355139;8929475821827;8929375289603;8929375387907;8929375256835;8929375420675;8929471955203,none — no existing brand-specific collection matches this pill,https://beautyontapp.com/collections/swiitchbeauty?filter.p.product_type=Makeup — NOT VERIFIED: live HTTP blocked by Cloudflare; theme grids have show_filters:false; Search & Discovery filter config unverified,new_collection (manual),YES,Swiitchbeauty Lip Makeup,swiitchbeauty-lip-makeup,manual,exact product IDs: 8929364082947;8929375355139;8929475821827;8929375289603;8929375387907;8929375256835;8929375420675;8929471955203 (expected count 8),"no conflict — checked against 272 live handles (Admin snapshot 2026-07-21, collections_all.json; re-check at implementation time) and all proposals",N/A — collection does not exist yet; brand collection published to Online Store (Admin-verified),
442300891395,Swiitchbeauty,swiitchbeauty,2,Lip Care,7,8929383973123;8929364115715;8929393148163;8929393180931;8929393246467;8929393115395;8929393213699,none — no existing brand-specific collection matches this pill,no uniform productType — not constructible,new_collection (manual),YES,Swiitchbeauty Lip Care,swiitchbeauty-lip-care,manual,exact product IDs: 8929383973123;8929364115715;8929393148163;8929393180931;8929393246467;8929393115395;8929393213699 (expected count 7),"no conflict — checked against 272 live handles (Admin snapshot 2026-07-21, collections_all.json; re-check at implementation time) and all proposals",N/A — collection does not exist yet; brand collection published to Online Store (Admin-verified),
442300891395,Swiitchbeauty,swiitchbeauty,3,Treatments,5,8929393148163;8929393180931;8929393246467;8929393115395;8929393213699,none — no existing brand-specific collection matches this pill,https://beautyontapp.com/collections/swiitchbeauty?filter.p.product_type=Makeup — NOT VERIFIED: live HTTP blocked by Cloudflare; theme grids have show_filters:false; Search & Discovery filter config unverified,new_collection (manual),YES,Swiitchbeauty Treatments,swiitchbeauty-treatments,manual,exact product IDs: 8929393148163;8929393180931;8929393246467;8929393115395;8929393213699 (expected count 5),"no conflict — checked against 272 live handles (Admin snapshot 2026-07-21, collections_all.json; re-check at implementation time) and all proposals",N/A — collection does not exist yet; brand collection published to Online Store (Admin-verified),
442300891395,Swiitchbeauty,swiitchbeauty,4,Eye Makeup,4,8929388364035;8929471889667;9063081771267;8929404649731,none — no existing brand-specific collection matches this pill,https://beautyontapp.com/collections/swiitchbeauty?filter.p.product_type=Makeup — NOT VERIFIED: live HTTP blocked by Cloudflare; theme grids have show_filters:false; Search & Discovery filter config unverified,new_collection (manual),YES,Swiitchbeauty Eye Makeup,swiitchbeauty-eye-makeup,manual,exact product IDs: 8929388364035;8929471889667;9063081771267;8929404649731 (expected count 4),"no conflict — checked against 272 live handles (Admin snapshot 2026-07-21, collections_all.json; re-check at implementation time) and all proposals",N/A — collection does not exist yet; brand collection published to Online Store (Admin-verified),
442300891395,Swiitchbeauty,swiitchbeauty,5,Face Makeup,4,8929475494147;9121723252995;8929475854595;8929399177475,none — no existing brand-specific collection matches this pill,https://beautyontapp.com/collections/swiitchbeauty?filter.p.product_type=Makeup — NOT VERIFIED: live HTTP blocked by Cloudflare; theme grids have show_filters:false; Search & Discovery filter config unverified,new_collection (manual),YES,Swiitchbeauty Face Makeup,swiitchbeauty-face-makeup,manual,exact product IDs: 8929475494147;9121723252995;8929475854595;8929399177475 (expected count 4),"no conflict — checked against 272 live handles (Admin snapshot 2026-07-21, collections_all.json; re-check at implementation time) and all proposals",N/A — collection does not exist yet; brand collection published to Online Store (Admin-verified),
442300891395,Swiitchbeauty,swiitchbeauty,6,Accessories,3,8929335148803;9295939731715;8929404682499,none — no existing brand-specific collection matches this pill,no uniform productType — not constructible,new_collection (manual),YES,Swiitchbeauty Accessories,swiitchbeauty-accessories,manual,exact product IDs: 8929335148803;9295939731715;8929404682499 (expected count 3),"no conflict — checked against 272 live handles (Admin snapshot 2026-07-21, collections_all.json; re-check at implementation time) and all proposals",N/A — collection does not exist yet; brand collection published to Online Store (Admin-verified),
442300891395,Swiitchbeauty,swiitchbeauty,7,Face Serums,2,8929365328131;8929335083267,none — no existing brand-specific collection matches this pill,no uniform productType — not constructible,new_collection (manual),YES,Swiitchbeauty Face Serums,swiitchbeauty-face-serums,manual,exact product IDs: 8929365328131;8929335083267 (expected count 2),"no conflict — checked against 272 live handles (Admin snapshot 2026-07-21, collections_all.json; re-check at implementation time) and all proposals",N/A — collection does not exist yet; brand collection published to Online Store (Admin-verified),
442300891395,Swiitchbeauty,swiitchbeauty,8,Sunscreen,2,8929379942659;8929405436163,none — no existing brand-specific collection matches this pill,https://beautyontapp.com/collections/swiitchbeauty?filter.p.product_type=Sunscreen — NOT VERIFIED: live HTTP blocked by Cloudflare; theme grids have show_filters:false; Search & Discovery filter config unverified,new_collection (manual),YES,Swiitchbeauty Sunscreen,swiitchbeauty-sunscreen,manual,exact product IDs: 8929379942659;8929405436163 (expected count 2),"no conflict — checked against 272 live handles (Admin snapshot 2026-07-21, collections_all.json; re-check at implementation time) and all proposals",N/A — collection does not exist yet; brand collection published to Online Store (Admin-verified),
444463972611,Teaology,teaology,1,Face Serums,2,8929362608387;8929362575619,none — no existing brand-specific collection matches this pill,no uniform productType — not constructible,new_collection (manual),YES,Teaology Face Serums,teaology-face-serums,manual,exact product IDs: 8929362608387;8929362575619 (expected count 2),"no conflict — checked against 272 live handles (Admin snapshot 2026-07-21, collections_all.json; re-check at implementation time) and all proposals",N/A — collection does not exist yet; brand collection published to Online Store (Admin-verified),
447001198851,TIAM,tiam,1,Moisturisers,4,9205991342339;8994611069187;8994507030787;8994388410627,ON HOLD,ON HOLD,ON HOLD — TIAM removal/redirect state unresolved; do not create child collections or destinations,ON HOLD,,,,,,blocked by TIAM hold,7 of 18 collection products are DRAFT; resolve brand state first
447001198851,TIAM,tiam,2,Face Serums,3,8994379858179;8994692432131;8994529804547,ON HOLD,ON HOLD,ON HOLD — TIAM removal/redirect state unresolved; do not create child collections or destinations,ON HOLD,,,,,,blocked by TIAM hold,7 of 18 collection products are DRAFT; resolve brand state first
467210207491,Torriden,torriden,1,Cleansers,2,9344508625155;9344495190275,none — no existing brand-specific collection matches this pill,https://beautyontapp.com/collections/torriden?filter.p.product_type=Cleanser — NOT VERIFIED: live HTTP blocked by Cloudflare; theme grids have show_filters:false; Search & Discovery filter config unverified,new_collection (manual),YES,Torriden Cleansers,torriden-cleansers,manual,exact product IDs: 9344508625155;9344495190275 (expected count 2),"no conflict — checked against 272 live handles (Admin snapshot 2026-07-21, collections_all.json; re-check at implementation time) and all proposals",N/A — collection does not exist yet; brand collection published to Online Store (Admin-verified),
467210207491,Torriden,torriden,2,Toners,2,9352515485955;9344558891267,none — no existing brand-specific collection matches this pill,https://beautyontapp.com/collections/torriden?filter.p.product_type=Toner — NOT VERIFIED: live HTTP blocked by Cloudflare; theme grids have show_filters:false; Search & Discovery filter config unverified,new_collection (manual),YES,Torriden Toners,torriden-toners,manual,exact product IDs: 9352515485955;9344558891267 (expected count 2),"no conflict — checked against 272 live handles (Admin snapshot 2026-07-21, collections_all.json; re-check at implementation time) and all proposals",N/A — collection does not exist yet; brand collection published to Online Store (Admin-verified),
467210207491,Torriden,torriden,3,Moisturisers,2,9352514666755;9344541950211,none — no existing brand-specific collection matches this pill,no uniform productType — not constructible,new_collection (manual),YES,Torriden Moisturisers,torriden-moisturisers,manual,exact product IDs: 9352514666755;9344541950211 (expected count 2),"no conflict — checked against 272 live handles (Admin snapshot 2026-07-21, collections_all.json; re-check at implementation time) and all proposals",N/A — collection does not exist yet; brand collection published to Online Store (Admin-verified),
442301120771,Vichy,vichy,1,Cleansers,4,8929376960771;8929376928003;8929376895235;8929376764163,none — no existing brand-specific collection matches this pill,no uniform productType — not constructible,new_collection (manual),YES,Vichy Cleansers,vichy-cleansers,manual,exact product IDs: 8929376960771;8929376928003;8929376895235;8929376764163 (expected count 4),"no conflict — checked against 272 live handles (Admin snapshot 2026-07-21, collections_all.json; re-check at implementation time) and all proposals",N/A — collection does not exist yet; brand collection published to Online Store (Admin-verified),
442301120771,Vichy,vichy,2,Moisturisers,3,8929376829699;8929376796931;8929376731395,none — no existing brand-specific collection matches this pill,https://beautyontapp.com/collections/vichy?filter.p.product_type=Moisturiser — NOT VERIFIED: live HTTP blocked by Cloudflare; theme grids have show_filters:false; Search & Discovery filter config unverified,new_collection (manual),YES,Vichy Moisturisers,vichy-moisturisers,manual,exact product IDs: 8929376829699;8929376796931;8929376731395 (expected count 3),"no conflict — checked against 272 live handles (Admin snapshot 2026-07-21, collections_all.json; re-check at implementation time) and all proposals",N/A — collection does not exist yet; brand collection published to Online Store (Admin-verified),
442301120771,Vichy,vichy,3,Face Serums,2,8929377026307;8929376862467,none — no existing brand-specific collection matches this pill,no uniform productType — not constructible,new_collection (manual),YES,Vichy Face Serums,vichy-face-serums,manual,exact product IDs: 8929377026307;8929376862467 (expected count 2),"no conflict — checked against 272 live handles (Admin snapshot 2026-07-21, collections_all.json; re-check at implementation time) and all proposals",N/A — collection does not exist yet; brand collection published to Online Store (Admin-verified),
442301120771,Vichy,vichy,4,Shampoos,2,8929391182083;8929377157379,none — no existing brand-specific collection matches this pill,https://beautyontapp.com/collections/vichy?filter.p.product_type=Hair+Care — NOT VERIFIED: live HTTP blocked by Cloudflare; theme grids have show_filters:false; Search & Discovery filter config unverified,new_collection (manual),YES,Vichy Shampoos,vichy-shampoos,manual,exact product IDs: 8929391182083;8929377157379 (expected count 2),"no conflict — checked against 272 live handles (Admin snapshot 2026-07-21, collections_all.json; re-check at implementation time) and all proposals",N/A — collection does not exist yet; brand collection published to Online Store (Admin-verified),
442301120771,Vichy,vichy,5,Deodorants,2,8929377091843;8929376993539,none — no existing brand-specific collection matches this pill,https://beautyontapp.com/collections/vichy?filter.p.product_type=Deodorant — NOT VERIFIED: live HTTP blocked by Cloudflare; theme grids have show_filters:false; Search & Discovery filter config unverified,new_collection (manual),YES,Vichy Deodorants,vichy-deodorants,manual,exact product IDs: 8929377091843;8929376993539 (expected count 2),"no conflict — checked against 272 live handles (Admin snapshot 2026-07-21, collections_all.json; re-check at implementation time) and all proposals",N/A — collection does not exist yet; brand collection published to Online Store (Admin-verified),
442301120771,Vichy,vichy,6,Acne Care,2,8929376796931;8929376764163,none — no existing brand-specific collection matches this pill,no uniform productType — not constructible,new_collection (manual),YES,Vichy Acne Care,vichy-acne-care,manual,exact product IDs: 8929376796931;8929376764163 (expected count 2),"no conflict — checked against 272 live handles (Admin snapshot 2026-07-21, collections_all.json; re-check at implementation time) and all proposals",N/A — collection does not exist yet; brand collection published to Online Store (Admin-verified),
442301284611,Yearn Skin,yearn,1,Face Serums,7,8929394163971;8929394131203;8929394098435;8929371947267;8929390952707;8929380761859;8929371914499,none — no existing brand-specific collection matches this pill,no uniform productType — not constructible,new_collection (manual),YES,Yearn Skin Face Serums,yearn-skin-face-serums,manual,exact product IDs: 8929394163971;8929394131203;8929394098435;8929371947267;8929390952707;8929380761859;8929371914499 (expected count 7),"no conflict — checked against 272 live handles (Admin snapshot 2026-07-21, collections_all.json; re-check at implementation time) and all proposals",N/A — collection does not exist yet; brand collection published to Online Store (Admin-verified),
442301284611,Yearn Skin,yearn,2,Exfoliators,4,8929394065667;8929371783427;8929394032899;8929372143875,none — no existing brand-specific collection matches this pill,no uniform productType — not constructible,new_collection (manual),YES,Yearn Skin Exfoliators,yearn-skin-exfoliators,manual,exact product IDs: 8929394065667;8929371783427;8929394032899;8929372143875 (expected count 4),"no conflict — checked against 272 live handles (Admin snapshot 2026-07-21, collections_all.json; re-check at implementation time) and all proposals",N/A — collection does not exist yet; brand collection published to Online Store (Admin-verified),
442301284611,Yearn Skin,yearn,3,Cleansers,3,8929394065667;8929391018243;8929366507779,none — no existing brand-specific collection matches this pill,https://beautyontapp.com/collections/yearn?filter.p.product_type=Cleanser — NOT VERIFIED: live HTTP blocked by Cloudflare; theme grids have show_filters:false; Search & Discovery filter config unverified,new_collection (manual),YES,Yearn Skin Cleansers,yearn-skin-cleansers,manual,exact product IDs: 8929394065667;8929391018243;8929366507779 (expected count 3),"no conflict — checked against 272 live handles (Admin snapshot 2026-07-21, collections_all.json; re-check at implementation time) and all proposals",N/A — collection does not exist yet; brand collection published to Online Store (Admin-verified),
442301284611,Yearn Skin,yearn,4,Moisturisers,2,8929394000131;8929372012803,none — no existing brand-specific collection matches this pill,https://beautyontapp.com/collections/yearn?filter.p.product_type=Moisturiser — NOT VERIFIED: live HTTP blocked by Cloudflare; theme grids have show_filters:false; Search & Discovery filter config unverified,new_collection (manual),YES,Yearn Skin Moisturisers,yearn-skin-moisturisers,manual,exact product IDs: 8929394000131;8929372012803 (expected count 2),"no conflict — checked against 272 live handles (Admin snapshot 2026-07-21, collections_all.json; re-check at implementation time) and all proposals",N/A — collection does not exist yet; brand collection published to Online Store (Admin-verified),
442301284611,Yearn Skin,yearn,5,Face Masks,2,8929372111107;8929394032899,none — no existing brand-specific collection matches this pill,https://beautyontapp.com/collections/yearn?filter.p.product_type=Face+Mask — NOT VERIFIED: live HTTP blocked by Cloudflare; theme grids have show_filters:false; Search & Discovery filter config unverified,new_collection (manual),YES,Yearn Skin Face Masks,yearn-skin-face-masks,manual,exact product IDs: 8929372111107;8929394032899 (expected count 2),"no conflict — checked against 272 live handles (Admin snapshot 2026-07-21, collections_all.json; re-check at implementation time) and all proposals",N/A — collection does not exist yet; brand collection published to Online Store (Admin-verified),
442301284611,Yearn Skin,yearn,6,Brightening,10,8929405305091;8929394131203;8929394000131;8929372111107;8929372012803;9298802475267;8929405174019;8929394032899;8929372045571;8929371914499,none — no existing brand-specific collection matches this pill,no uniform productType — not constructible,new_collection (manual),YES,Yearn Skin Brightening,yearn-skin-brightening,manual,exact product IDs: 8929405305091;8929394131203;8929394000131;8929372111107;8929372012803;9298802475267;8929405174019;8929394032899;8929372045571;8929371914499 (expected count 10),"no conflict — checked against 272 live handles (Admin snapshot 2026-07-21, collections_all.json; re-check at implementation time) and all proposals",N/A — collection does not exist yet; brand collection published to Online Store (Admin-verified),
442301284611,Yearn Skin,yearn,7,Hyperpigmentation,7,8929405337859;8929394163971;8929394098435;9331670417667;8929405272323;8929405239555;8929405174019,none — no existing brand-specific collection matches this pill,no uniform productType — not constructible,new_collection (manual),YES,Yearn Skin Hyperpigmentation,yearn-skin-hyperpigmentation,manual,exact product IDs: 8929405337859;8929394163971;8929394098435;9331670417667;8929405272323;8929405239555;8929405174019 (expected count 7),"no conflict — checked against 272 live handles (Admin snapshot 2026-07-21, collections_all.json; re-check at implementation time) and all proposals",N/A — collection does not exist yet; brand collection published to Online Store (Admin-verified),
442301284611,Yearn Skin,yearn,8,Acne Care,3,9298793758979;8929405370627;8929390952707,"none — no existing brand-specific collection matches this pill (near-match 'beauty-offer-yearn-skincare' rejected: promotional offer collection (2 products), not an Acne Care collection)",no uniform productType — not constructible,new_collection (manual),YES,Yearn Skin Acne Care,yearn-skin-acne-care,manual,exact product IDs: 9298793758979;8929405370627;8929390952707 (expected count 3),"no conflict — checked against 272 live handles (Admin snapshot 2026-07-21, collections_all.json; re-check at implementation time) and all proposals",N/A — collection does not exist yet; brand collection published to Online Store (Admin-verified),
469380727043,Dr. Althea,dr-althea,1,Moisturisers,5,9367724753155;9367704043779;9367700046083;9367685792003;9367676780803,none — no existing brand-specific collection matches this pill,no uniform productType — not constructible,new_collection (manual),YES,Dr. Althea Moisturisers,dr-althea-moisturisers,manual,exact product IDs: 9367724753155;9367704043779;9367700046083;9367685792003;9367676780803 (expected count 5),"no conflict — checked against 272 live handles (Admin snapshot 2026-07-21, collections_all.json; re-check at implementation time) and all proposals",N/A — collection does not exist yet; brand collection published to Online Store (Admin-verified),
469380727043,Dr. Althea,dr-althea,2,Cleansers,2,9367700111619;9367697195267,none — no existing brand-specific collection matches this pill,https://beautyontapp.com/collections/dr-althea?filter.p.product_type=Cleanser — NOT VERIFIED: live HTTP blocked by Cloudflare; theme grids have show_filters:false; Search & Discovery filter config unverified,new_collection (manual),YES,Dr. Althea Cleansers,dr-althea-cleansers,manual,exact product IDs: 9367700111619;9367697195267 (expected count 2),"no conflict — checked against 272 live handles (Admin snapshot 2026-07-21, collections_all.json; re-check at implementation time) and all proposals",N/A — collection does not exist yet; brand collection published to Online Store (Admin-verified),
469380727043,Dr. Althea,dr-althea,3,Face Mists,2,9367704043779;9367737172227,none — no existing brand-specific collection matches this pill,no uniform productType — not constructible,new_collection (manual),YES,Dr. Althea Face Mists,dr-althea-face-mists,manual,exact product IDs: 9367704043779;9367737172227 (expected count 2),"no conflict — checked against 272 live handles (Admin snapshot 2026-07-21, collections_all.json; re-check at implementation time) and all proposals",N/A — collection does not exist yet; brand collection published to Online Store (Admin-verified),
470480748803,ARENCIA,arencia,1,Cleansers,5,9406691705091;9394981830915;9394969116931;9394816286979;9394762383619,none — no existing brand-specific collection matches this pill,no uniform productType — not constructible,new_collection (manual),YES,ARENCIA Cleansers,arencia-cleansers,manual,exact product IDs: 9406691705091;9394981830915;9394969116931;9394816286979;9394762383619 (expected count 5),"no conflict — checked against 272 live handles (Admin snapshot 2026-07-21, collections_all.json; re-check at implementation time) and all proposals",N/A — collection does not exist yet; brand collection published to Online Store (Admin-verified),
470480748803,ARENCIA,arencia,2,Face Serums,4,9394957385987;9395177095427;9395163857155;9395048251651,none — no existing brand-specific collection matches this pill,no uniform productType — not constructible,new_collection (manual),YES,ARENCIA Face Serums,arencia-face-serums,manual,exact product IDs: 9394957385987;9395177095427;9395163857155;9395048251651 (expected count 4),"no conflict — checked against 272 live handles (Admin snapshot 2026-07-21, collections_all.json; re-check at implementation time) and all proposals",N/A — collection does not exist yet; brand collection published to Online Store (Admin-verified),
