campaign_id,campaign,ad_group_id,ad_group,search_term,stv_status,matched_keyword,keyword_match_type,search_term_match_type,impressions,clicks,cost_zar,conversions,conversions_value,all_conversions,source
23660059123,Pastry_Brand_Search,195867018204,Ad group 1,pastry skincare,ADDED,pastry skincare,EXACT,EXACT,8054,3324,5029.717074,182.4737,131501.9,8476.6836,"raw/40_search_term_view_28d_enabled.json (552 rows, uncapped)"
23660059123,Pastry_Brand_Search,195867018204,Ad group 1,pastry body wash,ADDED,pastry body wash,EXACT,EXACT,753,294,443.11927,9.8118,6649.97,643.0025,"raw/40_search_term_view_28d_enabled.json (552 rows, uncapped)"
23660059123,Pastry_Brand_Search,195867018204,Ad group 1,pastry hand cream,ADDED,pastry hand cream,EXACT,EXACT,938,238,180.828539,6,7103.5,431.4708,"raw/40_search_term_view_28d_enabled.json (552 rows, uncapped)"
24142894204,Pastry | Search | Product High Intent | 2026-08-14,197968133406,Product | Mandelic Body Wash,mandelic acid body wash,ADDED,mandelic acid body wash,EXACT,EXACT,253,38,110.6,0,0,57.5,"raw/40_search_term_view_28d_enabled.json (552 rows, uncapped)"
24142894204,Pastry | Search | Product High Intent | 2026-08-14,197968132966,Product | Glycolic Body Wash,glycolic acid body wash,ADDED,glycolic acid body wash,EXACT,EXACT,523,37,107.17,1,622.25,122.5,"raw/40_search_term_view_28d_enabled.json (552 rows, uncapped)"
24142894204,Pastry | Search | Product High Intent | 2026-08-14,197968132526,Product | Anti-Pigment Hand Cream,pastry anti pigment hand cream,NONE,anti pigment hand cream,PHRASE,PHRASE,103,35,95.95,2,550,56.6934,"raw/40_search_term_view_28d_enabled.json (552 rows, uncapped)"
24142894204,Pastry | Search | Product High Intent | 2026-08-14,197968133486,Product | Niacinamide Body Lotion,pastry niacinamide body lotion,NONE,niacinamide body lotion,PHRASE,PHRASE,75,33,94.413494,2,966.75,81,"raw/40_search_term_view_28d_enabled.json (552 rows, uncapped)"
23660059123,Pastry_Brand_Search,195867018204,Ad group 1,pastry skin,ADDED,pastry skin,EXACT,EXACT,119,49,73.690263,1,999,143.2042,"raw/40_search_term_view_28d_enabled.json (552 rows, uncapped)"
23660059123,Pastry_Brand_Search,195867018204,Ad group 1,pastry body lotion,ADDED,pastry body lotion,EXACT,EXACT,186,70,67.158207,0,0,89.9633,"raw/40_search_term_view_28d_enabled.json (552 rows, uncapped)"
24142894204,Pastry | Search | Product High Intent | 2026-08-14,197968132966,Product | Glycolic Body Wash,pastry glycolic acid body wash,NONE,glycolic body wash,PHRASE,PHRASE,87,22,63.92,0,0,50.987,"raw/40_search_term_view_28d_enabled.json (552 rows, uncapped)"
23660059123,Pastry_Brand_Search,195867018204,Ad group 1,pastry skin care,ADDED,pastry skin care,EXACT,EXACT,141,68,62.815405,4,2759,211.0927,"raw/40_search_term_view_28d_enabled.json (552 rows, uncapped)"
23660059123,Pastry_Brand_Search,195867018204,Ad group 1,pastry lotion,ADDED,pastry lotion,EXACT,EXACT,134,48,59.473587,0,0,97,"raw/40_search_term_view_28d_enabled.json (552 rows, uncapped)"
23660059123,Pastry_Brand_Search,195867018204,Ad group 1,pastry products,ADDED,pastry products,EXACT,EXACT,206,54,56.431256,1,925,91.297,"raw/40_search_term_view_28d_enabled.json (552 rows, uncapped)"
24142894204,Pastry | Search | Product High Intent | 2026-08-14,197968133886,Product | Salicylic Body Wash,pastry salicylic acid body wash,NONE,salicylic acid body wash,PHRASE,PHRASE,63,19,54.44,0,0,50.5,"raw/40_search_term_view_28d_enabled.json (552 rows, uncapped)"
24142894204,Pastry | Search | Product High Intent | 2026-08-14,197968132966,Product | Glycolic Body Wash,pastry glycolic body wash,NONE,glycolic body wash,PHRASE,PHRASE,74,18,46.44,0,0,42,"raw/40_search_term_view_28d_enabled.json (552 rows, uncapped)"
24142894204,Pastry | Search | Product High Intent | 2026-08-14,197968132966,Product | Glycolic Body Wash,glycolic body wash,ADDED,glycolic body wash,EXACT,EXACT,90,10,29.17,0,0,20.5,"raw/40_search_term_view_28d_enabled.json (552 rows, uncapped)"
24142894204,Pastry | Search | Product High Intent | 2026-08-14,197968133886,Product | Salicylic Body Wash,salicylic acid body wash,ADDED,salicylic acid body wash,EXACT,EXACT,299,8,23.17,0,0,15,"raw/40_search_term_view_28d_enabled.json (552 rows, uncapped)"
23660059123,Pastry_Brand_Search,195867018204,Ad group 1,pantry body wash,NONE,pastry body wash,EXACT,NEAR_EXACT,45,21,22.329419,0,0,44,"raw/40_search_term_view_28d_enabled.json (552 rows, uncapped)"
23660059123,Pastry_Brand_Search,195867018204,Ad group 1,pantry skincare,NONE,pastry skin care,BROAD,BROAD,35,14,20.29,1,345,28.1407,"raw/40_search_term_view_28d_enabled.json (552 rows, uncapped)"
23660059123,Pastry_Brand_Search,195867018204,Ad group 1,pastry hand lotion,NONE,pastry hand cream,EXACT,NEAR_EXACT,85,24,18.516563,0,0,39,"raw/40_search_term_view_28d_enabled.json (552 rows, uncapped)"
23660059123,Pastry_Brand_Search,195867018204,Ad group 1,pastry cosmetics,NONE,pastry skin,EXACT,NEAR_EXACT,28,15,17.31,0.9898,1197.72,22.9898,"raw/40_search_term_view_28d_enabled.json (552 rows, uncapped)"
23660059123,Pastry_Brand_Search,195867018204,Ad group 1,pastry body oil,ADDED,pastry body oil,EXACT,EXACT,63,16,15.662013,0,0,17.0,"raw/40_search_term_view_28d_enabled.json (552 rows, uncapped)"
23660059123,Pastry_Brand_Search,195867018204,Ad group 1,pastry roll on,ADDED,pastry roll on,EXACT,EXACT,91,12,13.637782,0,0,22,"raw/40_search_term_view_28d_enabled.json (552 rows, uncapped)"
23660059123,Pastry_Brand_Search,195867018204,Ad group 1,www pastryskincare co za,NONE,pastry skin,PHRASE,NEAR_PHRASE,12,7,13.2,0,0,7,"raw/40_search_term_view_28d_enabled.json (552 rows, uncapped)"
23660059123,Pastry_Brand_Search,195867018204,Ad group 1,pastry skincare hand cream,NONE,pastry hand cream,EXACT,NEAR_EXACT,21,7,12.315362,1,345,24.9866,"raw/40_search_term_view_28d_enabled.json (552 rows, uncapped)"
23660059123,Pastry_Brand_Search,195867018204,Ad group 1,pasty skin,NONE,pastry skin,EXACT,NEAR_EXACT,25,5,12.11,1,1470,18,"raw/40_search_term_view_28d_enabled.json (552 rows, uncapped)"
24142894204,Pastry | Search | Product High Intent | 2026-08-14,197968133486,Product | Niacinamide Body Lotion,niacinamide body lotion,ADDED,niacinamide body lotion,EXACT,EXACT,72,4,11.8,0,0,14,"raw/40_search_term_view_28d_enabled.json (552 rows, uncapped)"
24142894204,Pastry | Search | Product High Intent | 2026-08-14,197968133886,Product | Salicylic Body Wash,salicylic body wash,NONE,salicylic acid body wash,EXACT,NEAR_EXACT,30,4,11.54,0,0,8.5,"raw/40_search_term_view_28d_enabled.json (552 rows, uncapped)"
23660059123,Pastry_Brand_Search,195867018204,Ad group 1,pasty skincare,NONE,pastry skin care,BROAD,BROAD,11,6,10.179406,0,0,19,"raw/40_search_term_view_28d_enabled.json (552 rows, uncapped)"
24142894204,Pastry | Search | Product High Intent | 2026-08-14,197968133486,Product | Niacinamide Body Lotion,pastry niacinamide lotion,NONE,niacinamide body lotion,PHRASE,NEAR_PHRASE,13,3,8.88,2,1818.5,35,"raw/40_search_term_view_28d_enabled.json (552 rows, uncapped)"
24142894204,Pastry | Search | Product High Intent | 2026-08-14,197968133246,Product | Lactic Body Wash,lactic acid body wash,ADDED,lactic acid body wash,EXACT,EXACT,39,3,8.78,0,0,2,"raw/40_search_term_view_28d_enabled.json (552 rows, uncapped)"
24142894204,Pastry | Search | Product High Intent | 2026-08-14,197968133486,Product | Niacinamide Body Lotion,pastry skincare niacinamide body lotion,NONE,niacinamide body lotion,PHRASE,PHRASE,13,3,8.74,0,0,4,"raw/40_search_term_view_28d_enabled.json (552 rows, uncapped)"
24142894204,Pastry | Search | Product High Intent | 2026-08-14,197968133886,Product | Salicylic Body Wash,pastry salicylic body wash,NONE,salicylic acid body wash,PHRASE,NEAR_PHRASE,12,3,8.62,0,0,3,"raw/40_search_term_view_28d_enabled.json (552 rows, uncapped)"
23660059123,Pastry_Brand_Search,195867018204,Ad group 1,www pastryskincare co za,NONE,pastry skin care,BROAD,PHRASE,12,6,8.13,0,0,5,"raw/40_search_term_view_28d_enabled.json (552 rows, uncapped)"
23660059123,Pastry_Brand_Search,195867018204,Ad group 1,pastry skin,ADDED,pastry skincare products,EXACT,NEAR_EXACT,29,6,7.84,1,622.25,9,"raw/40_search_term_view_28d_enabled.json (552 rows, uncapped)"
23660059123,Pastry_Brand_Search,195867018204,Ad group 1,pastry skincare clicks,NONE,pastry skincare,BROAD,PHRASE,60,14,7.34,1,345,29.9684,"raw/40_search_term_view_28d_enabled.json (552 rows, uncapped)"
23660059123,Pastry_Brand_Search,195867018204,Ad group 1,pastry skin products,NONE,pastry skin,EXACT,NEAR_EXACT,35,14,7.020134,0.9954,333.71,25.1244,"raw/40_search_term_view_28d_enabled.json (552 rows, uncapped)"
23660059123,Pastry_Brand_Search,195867018204,Ad group 1,pastry skincare south africa,ADDED,pastry skincare south africa,EXACT,EXACT,17,6,6.99,1,631.75,7,"raw/40_search_term_view_28d_enabled.json (552 rows, uncapped)"
23660059123,Pastry_Brand_Search,195867018204,Ad group 1,pastry skincare cape town,ADDED,pastry skincare cape town,EXACT,EXACT,13,4,6.714897,0,0,3,"raw/40_search_term_view_28d_enabled.json (552 rows, uncapped)"
23660059123,Pastry_Brand_Search,195867018204,Ad group 1,pastry sunscreen,ADDED,pastry sunscreen,EXACT,EXACT,37,9,6.539971,0,0,5,"raw/40_search_term_view_28d_enabled.json (552 rows, uncapped)"
23660059123,Pastry_Brand_Search,195867018204,Ad group 1,pastry skincare dischem,NONE,pastry skincare,BROAD,PHRASE,41,4,6.51,0,0,4,"raw/40_search_term_view_28d_enabled.json (552 rows, uncapped)"
23660059123,Pastry_Brand_Search,195867018204,Ad group 1,pastry brightening body oil,NONE,pastry body oil,EXACT,NEAR_EXACT,26,5,6.14,0,0,4,"raw/40_search_term_view_28d_enabled.json (552 rows, uncapped)"
23660059123,Pastry_Brand_Search,195867018204,Ad group 1,the pastry skincare,ADDED,the pastry skincare,EXACT,EXACT,10,5,6.076101,0,0,17,"raw/40_search_term_view_28d_enabled.json (552 rows, uncapped)"
24142894204,Pastry | Search | Product High Intent | 2026-08-14,197968132686,Product | BHA Body Balm,pastry overnight body balm,NONE,bha overnight body balm,EXACT,NEAR_EXACT,4,2,5.98,0,0,2,"raw/40_search_term_view_28d_enabled.json (552 rows, uncapped)"
24142894204,Pastry | Search | Product High Intent | 2026-08-14,197968133646,Product | Niacinamide Body Mist,niacinamide mist spray,NONE,niacinamide body mist,EXACT,NEAR_EXACT,1,2,5.98,0,0,2,"raw/40_search_term_view_28d_enabled.json (552 rows, uncapped)"
24142894204,Pastry | Search | Product High Intent | 2026-08-14,197968132526,Product | Anti-Pigment Hand Cream,anti pigment hand cream,ADDED,anti pigment hand cream,EXACT,EXACT,24,2,5.96,0,0,3,"raw/40_search_term_view_28d_enabled.json (552 rows, uncapped)"
24142894204,Pastry | Search | Product High Intent | 2026-08-14,197968133486,Product | Niacinamide Body Lotion,niacinamide lotion,NONE,niacinamide body lotion,EXACT,NEAR_EXACT,20,2,5.94,0,0,3,"raw/40_search_term_view_28d_enabled.json (552 rows, uncapped)"
24142894204,Pastry | Search | Product High Intent | 2026-08-14,197968133886,Product | Salicylic Body Wash,standard beauty salicylic acid body wash,NONE,salicylic acid body wash,PHRASE,PHRASE,5,2,5.94,0,0,3,"raw/40_search_term_view_28d_enabled.json (552 rows, uncapped)"
24142894204,Pastry | Search | Product High Intent | 2026-08-14,197968132766,Product | Barrier Repair Serum,barrier repair serum,ADDED,barrier repair serum,EXACT,EXACT,6,2,5.93,0,0,4,"raw/40_search_term_view_28d_enabled.json (552 rows, uncapped)"
24142894204,Pastry | Search | Product High Intent | 2026-08-14,197968133886,Product | Salicylic Body Wash,pastry skincare salicylic acid body wash,NONE,salicylic acid body wash,PHRASE,PHRASE,7,2,5.88,0,0,7.9674,"raw/40_search_term_view_28d_enabled.json (552 rows, uncapped)"
24142894204,Pastry | Search | Product High Intent | 2026-08-14,197968132966,Product | Glycolic Body Wash,glycolic acid wash,NONE,glycolic body wash,EXACT,NEAR_EXACT,15,2,5.76,0,0,1.5126,"raw/40_search_term_view_28d_enabled.json (552 rows, uncapped)"
23660059123,Pastry_Brand_Search,195867018204,Ad group 1,pantry skin products,NONE,pastry skin,PHRASE,NEAR_PHRASE,19,7,5.483998,0,0,8,"raw/40_search_term_view_28d_enabled.json (552 rows, uncapped)"
23660059123,Pastry_Brand_Search,195867018204,Ad group 1,skin pantry,NONE,pastry skin care,BROAD,BROAD,4,2,5.41,0,0,0,"raw/40_search_term_view_28d_enabled.json (552 rows, uncapped)"
23660059123,Pastry_Brand_Search,195867018204,Ad group 1,pastry skincare reviews,ADDED,pastry skincare reviews,EXACT,EXACT,10,2,5.35,0,0,2,"raw/40_search_term_view_28d_enabled.json (552 rows, uncapped)"
23660059123,Pastry_Brand_Search,195867018204,Ad group 1,pastry body care,NONE,pastry skin,EXACT,NEAR_EXACT,8,1,4.9,0,0,4,"raw/40_search_term_view_28d_enabled.json (552 rows, uncapped)"
23660059123,Pastry_Brand_Search,195867018204,Ad group 1,pastry skincare takealot,NONE,pastry skincare,BROAD,PHRASE,21,6,4.41,0,0,21,"raw/40_search_term_view_28d_enabled.json (552 rows, uncapped)"
23660059123,Pastry_Brand_Search,195867018204,Ad group 1,pastry body products,NONE,pastry skin,EXACT,NEAR_EXACT,11,6,4.25,0,0,29.9348,"raw/40_search_term_view_28d_enabled.json (552 rows, uncapped)"
23660059123,Pastry_Brand_Search,195867018204,Ad group 1,pantry skin products,NONE,pastry skin care,BROAD,NEAR_PHRASE,4,3,4.12,0,0,1.0438,"raw/40_search_term_view_28d_enabled.json (552 rows, uncapped)"
23660059123,Pastry_Brand_Search,195867018204,Ad group 1,pastry skincare store,NONE,pastry skincare,EXACT,NEAR_EXACT,3,1,4.05,0,0,0.2,"raw/40_search_term_view_28d_enabled.json (552 rows, uncapped)"
23660059123,Pastry_Brand_Search,195867018204,Ad group 1,pantry skin care,NONE,pastry skin care,EXACT,NEAR_EXACT,3,1,3.965489,0,0,0,"raw/40_search_term_view_28d_enabled.json (552 rows, uncapped)"
23660059123,Pastry_Brand_Search,195867018204,Ad group 1,pastry skincare gateway,ADDED,pastry skincare gateway,EXACT,EXACT,27,6,3.894811,0,0,2,"raw/40_search_term_view_28d_enabled.json (552 rows, uncapped)"
23660059123,Pastry_Brand_Search,195867018204,Ad group 1,pastry beauty,NONE,pastry skin,EXACT,NEAR_EXACT,4,3,3.77,0,0,25.0681,"raw/40_search_term_view_28d_enabled.json (552 rows, uncapped)"
23660059123,Pastry_Brand_Search,195867018204,Ad group 1,pantry skin care,NONE,pastry skincare products,EXACT,NEAR_EXACT,2,1,3.77,0,0,1,"raw/40_search_term_view_28d_enabled.json (552 rows, uncapped)"
23660059123,Pastry_Brand_Search,195867018204,Ad group 1,pastry niacinamide,NONE,pastry skin,PHRASE,NEAR_PHRASE,12,5,3.661638,0,0,7,"raw/40_search_term_view_28d_enabled.json (552 rows, uncapped)"
23660059123,Pastry_Brand_Search,195867018204,Ad group 1,oil based body lotion,NONE,pastry skin care,BROAD,BROAD,1,1,3.62,0,0,1,"raw/40_search_term_view_28d_enabled.json (552 rows, uncapped)"
23660059123,Pastry_Brand_Search,195867018204,Ad group 1,pastry products at clicks,NONE,pastry skin care,BROAD,NEAR_PHRASE,3,1,3.47,0,0,0,"raw/40_search_term_view_28d_enabled.json (552 rows, uncapped)"
23660059123,Pastry_Brand_Search,195867018204,Ad group 1,pantry lotion,NONE,pastry lotion,EXACT,NEAR_EXACT,16,5,3.46,0,0,27,"raw/40_search_term_view_28d_enabled.json (552 rows, uncapped)"
23660059123,Pastry_Brand_Search,195867018204,Ad group 1,pastry skincare shop near me,NONE,pastry skincare near me,EXACT,NEAR_EXACT,82,7,3.457578,0,0,6,"raw/40_search_term_view_28d_enabled.json (552 rows, uncapped)"
23660059123,Pastry_Brand_Search,195867018204,Ad group 1,pastry salicylic acid body wash,NONE,pastry skin care,BROAD,NEAR_PHRASE,10,2,3.45,0,0,1,"raw/40_search_term_view_28d_enabled.json (552 rows, uncapped)"
23660059123,Pastry_Brand_Search,195867018204,Ad group 1,pastry skincare durban,NONE,pastry skincare,BROAD,PHRASE,21,2,3.368501,0,0,2,"raw/40_search_term_view_28d_enabled.json (552 rows, uncapped)"
23660059123,Pastry_Brand_Search,195867018204,Ad group 1,skin pastry,NONE,pastry skin,EXACT,NEAR_EXACT,8,4,3.32,0,0,2.9854,"raw/40_search_term_view_28d_enabled.json (552 rows, uncapped)"
23660059123,Pastry_Brand_Search,195867018204,Ad group 1,pastry skincare body wash,NONE,pastry body wash,EXACT,NEAR_EXACT,11,3,3.27,0,0,2,"raw/40_search_term_view_28d_enabled.json (552 rows, uncapped)"
23660059123,Pastry_Brand_Search,195867018204,Ad group 1,pastry body,NONE,pastry skin,EXACT,NEAR_EXACT,5,2,3.19,0,0,11.0761,"raw/40_search_term_view_28d_enabled.json (552 rows, uncapped)"
23660059123,Pastry_Brand_Search,195867018204,Ad group 1,glycolic acid pastry,NONE,pastry skin care,BROAD,NEAR_PHRASE,3,1,3.1,0,0,3,"raw/40_search_term_view_28d_enabled.json (552 rows, uncapped)"
23660059123,Pastry_Brand_Search,195867018204,Ad group 1,pastry shower gel,NONE,pastry body wash,EXACT,NEAR_EXACT,19,4,3.09,0,0,6,"raw/40_search_term_view_28d_enabled.json (552 rows, uncapped)"
23660059123,Pastry_Brand_Search,195867018204,Ad group 1,pastry deodorant,ADDED,pastry deodorant,EXACT,EXACT,22,4,3.07,0,0,4,"raw/40_search_term_view_28d_enabled.json (552 rows, uncapped)"
23660059123,Pastry_Brand_Search,195867018204,Ad group 1,the pastry,NONE,pastry skin care,BROAD,NEAR_PHRASE,3,2,3.059902,0,0,7,"raw/40_search_term_view_28d_enabled.json (552 rows, uncapped)"
24142894204,Pastry | Search | Product High Intent | 2026-08-14,197968132966,Product | Glycolic Body Wash,glycolic body scrub,NONE,glycolic acid body cleanser,EXACT,NEAR_EXACT,6,1,2.99,0,0,7.0134,"raw/40_search_term_view_28d_enabled.json (552 rows, uncapped)"
24142894204,Pastry | Search | Product High Intent | 2026-08-14,197968133886,Product | Salicylic Body Wash,glycolic or salicylic acid body wash,NONE,salicylic acid body wash,PHRASE,PHRASE,2,1,2.99,0,0,7,"raw/40_search_term_view_28d_enabled.json (552 rows, uncapped)"
24142894204,Pastry | Search | Product High Intent | 2026-08-14,197968133966,Product | Vitamin C Body Cream,vitamin c body lotion,NONE,body cream vitamin c,EXACT,NEAR_EXACT,15,1,2.99,0,0,1,"raw/40_search_term_view_28d_enabled.json (552 rows, uncapped)"
23660059123,Pastry_Brand_Search,195867018204,Ad group 1,pastry skin care products,NONE,pastry skin,EXACT,NEAR_EXACT,11,4,2.97,1,622.25,10,"raw/40_search_term_view_28d_enabled.json (552 rows, uncapped)"
23660059123,Pastry_Brand_Search,195867018204,Ad group 1,the pastry,NONE,pastry skin,EXACT,NEAR_EXACT,5,3,2.96,0,0,4,"raw/40_search_term_view_28d_enabled.json (552 rows, uncapped)"
24142894204,Pastry | Search | Product High Intent | 2026-08-14,197968133886,Product | Salicylic Body Wash,2 salicylic acid body wash,NONE,salicylic acid body wash,EXACT,NEAR_EXACT,7,1,2.96,0,0,2,"raw/40_search_term_view_28d_enabled.json (552 rows, uncapped)"
24142894204,Pastry | Search | Product High Intent | 2026-08-14,197968133886,Product | Salicylic Body Wash,salicylic acid cleanser for back,NONE,salicylic acid body wash,EXACT,NEAR_EXACT,2,1,2.96,0,0,8,"raw/40_search_term_view_28d_enabled.json (552 rows, uncapped)"
24142894204,Pastry | Search | Product High Intent | 2026-08-14,197968132966,Product | Glycolic Body Wash,glycolic and lactic acid body wash,NONE,glycolic body wash,PHRASE,PHRASE,2,1,2.95,0,0,3,"raw/40_search_term_view_28d_enabled.json (552 rows, uncapped)"
24142894204,Pastry | Search | Product High Intent | 2026-08-14,197968133486,Product | Niacinamide Body Lotion,body lotion niacinamide,NONE,niacinamide body lotion,EXACT,NEAR_EXACT,1,1,2.95,0,0,0,"raw/40_search_term_view_28d_enabled.json (552 rows, uncapped)"
24142894204,Pastry | Search | Product High Intent | 2026-08-14,197968133486,Product | Niacinamide Body Lotion,niacinamide body care,NONE,niacinamide body lotion,EXACT,NEAR_EXACT,2,1,2.95,0,0,7,"raw/40_search_term_view_28d_enabled.json (552 rows, uncapped)"
24142894204,Pastry | Search | Product High Intent | 2026-08-14,197968133486,Product | Niacinamide Body Lotion,aplb glutathione niacinamide body lotion,NONE,niacinamide body lotion,PHRASE,PHRASE,1,1,2.95,0,0,1,"raw/40_search_term_view_28d_enabled.json (552 rows, uncapped)"
24142894204,Pastry | Search | Product High Intent | 2026-08-14,197968133966,Product | Vitamin C Body Cream,vitamin c body cream,ADDED,vitamin c body cream,EXACT,EXACT,2,1,2.94,0,0,2,"raw/40_search_term_view_28d_enabled.json (552 rows, uncapped)"
24142894204,Pastry | Search | Product High Intent | 2026-08-14,197968133206,Product | Hyaluronic Body Lotion,body hyaluronic acid,NONE,hyaluronic acid body lotion,EXACT,NEAR_EXACT,1,1,2.9,0,0,1,"raw/40_search_term_view_28d_enabled.json (552 rows, uncapped)"
24142894204,Pastry | Search | Product High Intent | 2026-08-14,197968132966,Product | Glycolic Body Wash,glycolic acid shower,NONE,glycolic body wash,EXACT,NEAR_EXACT,2,1,2.89,0,0,0,"raw/40_search_term_view_28d_enabled.json (552 rows, uncapped)"
24142894204,Pastry | Search | Product High Intent | 2026-08-14,197968132966,Product | Glycolic Body Wash,glycolic acid pastry,NONE,glycolic acid body cleanser,PHRASE,NEAR_PHRASE,2,1,2.89,0,0,0,"raw/40_search_term_view_28d_enabled.json (552 rows, uncapped)"
23660059123,Pastry_Brand_Search,195867018204,Ad group 1,pastry overnight body balm,NONE,pastry skin,PHRASE,NEAR_PHRASE,20,3,2.87,0,0,9,"raw/40_search_term_view_28d_enabled.json (552 rows, uncapped)"
23660059123,Pastry_Brand_Search,195867018204,Ad group 1,pantry lotion,NONE,pastry skin,PHRASE,NEAR_PHRASE,8,4,2.857086,0,0,5,"raw/40_search_term_view_28d_enabled.json (552 rows, uncapped)"
24142894204,Pastry | Search | Product High Intent | 2026-08-14,197968133886,Product | Salicylic Body Wash,salicylic acid shower gel,NONE,salicylic acid body wash,EXACT,NEAR_EXACT,7,1,2.85,0,0,0.2397,"raw/40_search_term_view_28d_enabled.json (552 rows, uncapped)"
24142894204,Pastry | Search | Product High Intent | 2026-08-14,197968133686,Product | Niacinamide SPF50,niacinamide sunscreen,NONE,niacinamide spf50 sunscreen,EXACT,NEAR_EXACT,2,1,2.79,0,0,1,"raw/40_search_term_view_28d_enabled.json (552 rows, uncapped)"
24142894204,Pastry | Search | Product High Intent | 2026-08-14,197968132966,Product | Glycolic Body Wash,glycolic acid body wash south africa,NONE,glycolic body wash,PHRASE,PHRASE,2,1,2.72,0,0,1,"raw/40_search_term_view_28d_enabled.json (552 rows, uncapped)"
23660059123,Pastry_Brand_Search,195867018204,Ad group 1,www pastry,NONE,pastry skin,PHRASE,NEAR_PHRASE,2,1,2.7,0,0,0,"raw/40_search_term_view_28d_enabled.json (552 rows, uncapped)"
23660059123,Pastry_Brand_Search,195867018204,Ad group 1,pastry skincare sandton city,NONE,pastry skincare sandton,EXACT,NEAR_EXACT,25,5,2.67,0,0,11.9799,"raw/40_search_term_view_28d_enabled.json (552 rows, uncapped)"
23660059123,Pastry_Brand_Search,195867018204,Ad group 1,pastry skincare near me,ADDED,pastry skincare near me,EXACT,EXACT,16,1,2.53,0,0,0,"raw/40_search_term_view_28d_enabled.json (552 rows, uncapped)"
23660059123,Pastry_Brand_Search,195867018204,Ad group 1,pastry anti pigment hand cream,NONE,pastry hand cream,EXACT,NEAR_EXACT,19,2,2.48,0,0,1,"raw/40_search_term_view_28d_enabled.json (552 rows, uncapped)"
23660059123,Pastry_Brand_Search,195867018204,Ad group 1,pastry body butter,ADDED,pastry body butter,EXACT,EXACT,25,3,2.470078,0,0,1.9733,"raw/40_search_term_view_28d_enabled.json (552 rows, uncapped)"
23660059123,Pastry_Brand_Search,195867018204,Ad group 1,the pastry,NONE,pastry skin,PHRASE,NEAR_PHRASE,4,2,2.31,0,0,1,"raw/40_search_term_view_28d_enabled.json (552 rows, uncapped)"
23660059123,Pastry_Brand_Search,195867018204,Ad group 1,pastry skin products,NONE,pastry skincare products,EXACT,NEAR_EXACT,9,2,2.3,0,0,18.5068,"raw/40_search_term_view_28d_enabled.json (552 rows, uncapped)"
23660059123,Pastry_Brand_Search,195867018204,Ad group 1,pastry niacinamide body lotion,NONE,pastry skin care,BROAD,NEAR_PHRASE,15,1,2.25,0,0,0,"raw/40_search_term_view_28d_enabled.json (552 rows, uncapped)"
23660059123,Pastry_Brand_Search,195867018204,Ad group 1,pantry hand cream,NONE,pastry hand cream,EXACT,NEAR_EXACT,7,3,2.109828,0,0,0,"raw/40_search_term_view_28d_enabled.json (552 rows, uncapped)"
23660059123,Pastry_Brand_Search,195867018204,Ad group 1,pastry body cream,NONE,pastry lotion,EXACT,NEAR_EXACT,8,3,2.1,0,0,5,"raw/40_search_term_view_28d_enabled.json (552 rows, uncapped)"
23660059123,Pastry_Brand_Search,195867018204,Ad group 1,pastry body mist,NONE,pastry skin care,BROAD,NEAR_PHRASE,1,1,1.91,0,0,0,"raw/40_search_term_view_28d_enabled.json (552 rows, uncapped)"
23660059123,Pastry_Brand_Search,195867018204,Ad group 1,pantry lotion,NONE,pastry skin care,BROAD,NEAR_PHRASE,5,2,1.82,0,0,0,"raw/40_search_term_view_28d_enabled.json (552 rows, uncapped)"
23660059123,Pastry_Brand_Search,195867018204,Ad group 1,pastry products at clicks,NONE,pastry skin,PHRASE,NEAR_PHRASE,18,3,1.77,0,0,4,"raw/40_search_term_view_28d_enabled.json (552 rows, uncapped)"
23660059123,Pastry_Brand_Search,195867018204,Ad group 1,pantry body products,NONE,pastry skin,PHRASE,NEAR_PHRASE,16,4,1.75,0,0,6,"raw/40_search_term_view_28d_enabled.json (552 rows, uncapped)"
23660059123,Pastry_Brand_Search,195867018204,Ad group 1,pantry body wash,NONE,pastry skin,PHRASE,NEAR_PHRASE,2,1,1.69,0,0,1,"raw/40_search_term_view_28d_enabled.json (552 rows, uncapped)"
23660059123,Pastry_Brand_Search,195867018204,Ad group 1,pastry glycolic body wash,NONE,pastry body wash,EXACT,NEAR_EXACT,12,1,1.68,0,0,0,"raw/40_search_term_view_28d_enabled.json (552 rows, uncapped)"
23660059123,Pastry_Brand_Search,195867018204,Ad group 1,pastry face products,NONE,pastry skincare products,EXACT,NEAR_EXACT,12,2,1.68,0,0,0,"raw/40_search_term_view_28d_enabled.json (552 rows, uncapped)"
23660059123,Pastry_Brand_Search,195867018204,Ad group 1,pastry hand cream price,NONE,pastry hand cream,EXACT,NEAR_EXACT,14,1,1.65,0,0,2,"raw/40_search_term_view_28d_enabled.json (552 rows, uncapped)"
23660059123,Pastry_Brand_Search,195867018204,Ad group 1,pastry skin care products,NONE,pastry skincare products,EXACT,NEAR_EXACT,1,1,1.65,0,0,0,"raw/40_search_term_view_28d_enabled.json (552 rows, uncapped)"
23660059123,Pastry_Brand_Search,195867018204,Ad group 1,pantry skin products,NONE,pastry skincare products,EXACT,NEAR_EXACT,3,1,1.64,0,0,3,"raw/40_search_term_view_28d_enabled.json (552 rows, uncapped)"
23660059123,Pastry_Brand_Search,195867018204,Ad group 1,pastry products near me,NONE,pastry skincare near me,EXACT,NEAR_EXACT,6,2,1.61,0,0,7,"raw/40_search_term_view_28d_enabled.json (552 rows, uncapped)"
24142894204,Pastry | Search | Product High Intent | 2026-08-14,197968132966,Product | Glycolic Body Wash,glycolic acid pastry,NONE,glycolic body wash,PHRASE,NEAR_PHRASE,2,1,1.58,0,0,0,"raw/40_search_term_view_28d_enabled.json (552 rows, uncapped)"
23660059123,Pastry_Brand_Search,195867018204,Ad group 1,pastry body scrub,ADDED,pastry body scrub,EXACT,EXACT,4,2,1.5,0,0,0,"raw/40_search_term_view_28d_enabled.json (552 rows, uncapped)"
23660059123,Pastry_Brand_Search,195867018204,Ad group 1,where can i buy pastry skincare,NONE,buy pastry skincare,EXACT,NEAR_EXACT,9,1,1.5,0,0,2,"raw/40_search_term_view_28d_enabled.json (552 rows, uncapped)"
23660059123,Pastry_Brand_Search,195867018204,Ad group 1,pastry lotion price,NONE,pastry lotion,EXACT,NEAR_EXACT,12,4,1.373989,0,0,5,"raw/40_search_term_view_28d_enabled.json (552 rows, uncapped)"
23660059123,Pastry_Brand_Search,195867018204,Ad group 1,pastry anti pigmentation deodorant,NONE,pastry skin care,BROAD,NEAR_PHRASE,1,1,1.32,0,0,0,"raw/40_search_term_view_28d_enabled.json (552 rows, uncapped)"
23660059123,Pastry_Brand_Search,195867018204,Ad group 1,pastry lotion price at clicks,NONE,pastry skin,PHRASE,NEAR_PHRASE,1,1,1.31,0,0,15,"raw/40_search_term_view_28d_enabled.json (552 rows, uncapped)"
23660059123,Pastry_Brand_Search,195867018204,Ad group 1,pastry online,NONE,pastry skin care,BROAD,BROAD,12,6,1.29,1,295,6,"raw/40_search_term_view_28d_enabled.json (552 rows, uncapped)"
23660059123,Pastry_Brand_Search,195867018204,Ad group 1,pastry face products,NONE,pastry skin,EXACT,NEAR_EXACT,7,3,1.28,0,0,1,"raw/40_search_term_view_28d_enabled.json (552 rows, uncapped)"
23660059123,Pastry_Brand_Search,195867018204,Ad group 1,pastry body products,NONE,pastry skincare products,EXACT,NEAR_EXACT,2,2,1.21,0,0,1,"raw/40_search_term_view_28d_enabled.json (552 rows, uncapped)"
23660059123,Pastry_Brand_Search,195867018204,Ad group 1,pantry hand cream,NONE,pastry skin care,BROAD,BROAD,1,1,1.18,0,0,1,"raw/40_search_term_view_28d_enabled.json (552 rows, uncapped)"
23660059123,Pastry_Brand_Search,195867018204,Ad group 1,the pastry,NONE,pastry skin care,BROAD,BROAD,2,1,1.16,0,0,2.0434,"raw/40_search_term_view_28d_enabled.json (552 rows, uncapped)"
23660059123,Pastry_Brand_Search,195867018204,Ad group 1,pastry skincare products,ADDED,pastry skincare products,EXACT,EXACT,9,2,1.15,0,0,15,"raw/40_search_term_view_28d_enabled.json (552 rows, uncapped)"
23660059123,Pastry_Brand_Search,195867018204,Ad group 1,pastry skincare woolworths,NONE,pastry skincare,BROAD,PHRASE,16,2,1.09,0,0,3,"raw/40_search_term_view_28d_enabled.json (552 rows, uncapped)"
23660059123,Pastry_Brand_Search,195867018204,Ad group 1,pastry skincare shop,NONE,where to buy pastry skincare,EXACT,NEAR_EXACT,2,1,1.07,0,0,0.8335,"raw/40_search_term_view_28d_enabled.json (552 rows, uncapped)"
23660059123,Pastry_Brand_Search,195867018204,Ad group 1,pastry serum,ADDED,pastry serum,EXACT,EXACT,16,3,1.05,0,0,4,"raw/40_search_term_view_28d_enabled.json (552 rows, uncapped)"
23660059123,Pastry_Brand_Search,195867018204,Ad group 1,pastry body cream,NONE,pastry body lotion,EXACT,NEAR_EXACT,1,1,1.04,0,0,0,"raw/40_search_term_view_28d_enabled.json (552 rows, uncapped)"
23660059123,Pastry_Brand_Search,195867018204,Ad group 1,pastry menlyn,NONE,pastry skin,PHRASE,NEAR_PHRASE,18,2,1.030525,0,0,2.5,"raw/40_search_term_view_28d_enabled.json (552 rows, uncapped)"
23660059123,Pastry_Brand_Search,195867018204,Ad group 1,pantry skin products,NONE,pastry skin,EXACT,NEAR_EXACT,2,1,0.99,0,0,1,"raw/40_search_term_view_28d_enabled.json (552 rows, uncapped)"
23660059123,Pastry_Brand_Search,195867018204,Ad group 1,pastry hyperpigmentation,NONE,pastry skin,PHRASE,NEAR_PHRASE,3,2,0.97,0,0,1,"raw/40_search_term_view_28d_enabled.json (552 rows, uncapped)"
23660059123,Pastry_Brand_Search,195867018204,Ad group 1,pastry skincare location,NONE,pastry skincare near me,EXACT,NEAR_EXACT,5,1,0.93,0,0,0,"raw/40_search_term_view_28d_enabled.json (552 rows, uncapped)"
23660059123,Pastry_Brand_Search,195867018204,Ad group 1,pastry skincare in durban,NONE,pastry skincare,BROAD,PHRASE,2,1,0.91,0,0,1.9708,"raw/40_search_term_view_28d_enabled.json (552 rows, uncapped)"
23660059123,Pastry_Brand_Search,195867018204,Ad group 1,pastry store,NONE,pastry skin care,BROAD,BROAD,1,1,0.87,0,0,0,"raw/40_search_term_view_28d_enabled.json (552 rows, uncapped)"
23660059123,Pastry_Brand_Search,195867018204,Ad group 1,pastry online shop,NONE,pastry skin care,BROAD,BROAD,3,3,0.82,0,0,35.8747,"raw/40_search_term_view_28d_enabled.json (552 rows, uncapped)"
23660059123,Pastry_Brand_Search,195867018204,Ad group 1,pastry deodorant clicks,NONE,pastry skin care,BROAD,NEAR_PHRASE,1,1,0.71,0,0,1,"raw/40_search_term_view_28d_enabled.json (552 rows, uncapped)"
23660059123,Pastry_Brand_Search,195867018204,Ad group 1,pastry lotion price at clicks,NONE,pastry lotion,PHRASE,PHRASE,11,6,0.67,0,0,9,"raw/40_search_term_view_28d_enabled.json (552 rows, uncapped)"
23660059123,Pastry_Brand_Search,195867018204,Ad group 1,pastry product,NONE,pastry products,EXACT,NEAR_EXACT,3,1,0.66,0,0,4,"raw/40_search_term_view_28d_enabled.json (552 rows, uncapped)"
23660059123,Pastry_Brand_Search,195867018204,Ad group 1,pastry underarm,NONE,pastry deodorant,EXACT,NEAR_EXACT,1,1,0.63,0,0,2,"raw/40_search_term_view_28d_enabled.json (552 rows, uncapped)"
23660059123,Pastry_Brand_Search,195867018204,Ad group 1,pastry body care,NONE,pastry skincare products,EXACT,NEAR_EXACT,2,1,0.61,0,0,3,"raw/40_search_term_view_28d_enabled.json (552 rows, uncapped)"
23660059123,Pastry_Brand_Search,195867018204,Ad group 1,pastry face mask,ADDED,pastry skin,PHRASE,NEAR_PHRASE,2,1,0.59,0,0,2,"raw/40_search_term_view_28d_enabled.json (552 rows, uncapped)"
23660059123,Pastry_Brand_Search,195867018204,Ad group 1,pasty skin,NONE,pastry skin care,EXACT,NEAR_EXACT,2,1,0.58,0,0,3,"raw/40_search_term_view_28d_enabled.json (552 rows, uncapped)"
23660059123,Pastry_Brand_Search,195867018204,Ad group 1,pastry skincare near me,ADDED,where to buy pastry skincare,EXACT,NEAR_EXACT,1,1,0.58,0,0,0,"raw/40_search_term_view_28d_enabled.json (552 rows, uncapped)"
23660059123,Pastry_Brand_Search,195867018204,Ad group 1,pastry south africa,NONE,pastry skin,PHRASE,NEAR_PHRASE,1,1,0.49,0,0,0,"raw/40_search_term_view_28d_enabled.json (552 rows, uncapped)"
23660059123,Pastry_Brand_Search,195867018204,Ad group 1,pastry skincare mall of africa,ADDED,pastry skincare mall of africa,EXACT,EXACT,17,1,0.44,0,0,1,"raw/40_search_term_view_28d_enabled.json (552 rows, uncapped)"
23660059123,Pastry_Brand_Search,195867018204,Ad group 1,pastry hand cream where to buy,NONE,pastry hand cream,EXACT,NEAR_EXACT,11,1,0.39,0,0,1,"raw/40_search_term_view_28d_enabled.json (552 rows, uncapped)"
23660059123,Pastry_Brand_Search,195867018204,Ad group 1,pastry lotion price at clicks,NONE,pastry skin care,BROAD,NEAR_PHRASE,2,2,0.39,0,0,1,"raw/40_search_term_view_28d_enabled.json (552 rows, uncapped)"
23660059123,Pastry_Brand_Search,195867018204,Ad group 1,pantry body lotion,NONE,pastry lotion,EXACT,NEAR_EXACT,1,1,0.36,0,0,1,"raw/40_search_term_view_28d_enabled.json (552 rows, uncapped)"
23660059123,Pastry_Brand_Search,195867018204,Ad group 1,pastry anti pigmentation deodorant,NONE,pastry skin,PHRASE,NEAR_PHRASE,10,1,0.36,0,0,1,"raw/40_search_term_view_28d_enabled.json (552 rows, uncapped)"
23660059123,Pastry_Brand_Search,195867018204,Ad group 1,pastry skin care near me,NONE,pastry skincare near me,EXACT,NEAR_EXACT,7,1,0.36,0,0,1,"raw/40_search_term_view_28d_enabled.json (552 rows, uncapped)"
23660059123,Pastry_Brand_Search,195867018204,Ad group 1,where can i buy pastry skincare,NONE,pastry skincare,EXACT,NEAR_EXACT,7,1,0.33368,0,0,0.1265,"raw/40_search_term_view_28d_enabled.json (552 rows, uncapped)"
23660059123,Pastry_Brand_Search,195867018204,Ad group 1,pastry sa,NONE,pastry skin care,BROAD,NEAR_PHRASE,1,1,0.3,0,0,0,"raw/40_search_term_view_28d_enabled.json (552 rows, uncapped)"
23660059123,Pastry_Brand_Search,195867018204,Ad group 1,pastry sandton city,NONE,pastry skin,PHRASE,NEAR_PHRASE,1,1,0.26,0,0,1,"raw/40_search_term_view_28d_enabled.json (552 rows, uncapped)"
23660059123,Pastry_Brand_Search,195867018204,Ad group 1,pastry body wash price,NONE,pastry body wash,EXACT,NEAR_EXACT,9,3,0.23,0,0,1,"raw/40_search_term_view_28d_enabled.json (552 rows, uncapped)"
23660059123,Pastry_Brand_Search,195867018204,Ad group 1,pastry skincare price,NONE,buy pastry skincare,EXACT,NEAR_EXACT,6,1,0.17,0,0,7,"raw/40_search_term_view_28d_enabled.json (552 rows, uncapped)"
23660059123,Pastry_Brand_Search,195867018204,Ad group 1,pastry skincare menlyn,ADDED,pastry skincare menlyn,EXACT,EXACT,16,1,0.13,0,0,0,"raw/40_search_term_view_28d_enabled.json (552 rows, uncapped)"
23660059123,Pastry_Brand_Search,195867018204,Ad group 1,pastry skincare shop near me,NONE,where to buy pastry skincare,EXACT,NEAR_EXACT,5,1,0.13,0,0,0,"raw/40_search_term_view_28d_enabled.json (552 rows, uncapped)"
23660059123,Pastry_Brand_Search,195867018204,Ad group 1,pastry menlyn,NONE,pastry skin care,BROAD,NEAR_PHRASE,7,1,0.11,0,0,1,"raw/40_search_term_view_28d_enabled.json (552 rows, uncapped)"
23660059123,Pastry_Brand_Search,195867018204,Ad group 1,pantry body products,NONE,pastry skin care,BROAD,NEAR_PHRASE,7,2,0.1,0,0,0,"raw/40_search_term_view_28d_enabled.json (552 rows, uncapped)"
23660059123,Pastry_Brand_Search,195867018204,Ad group 1,pastry body lotion price,NONE,pastry skin,PHRASE,NEAR_PHRASE,6,1,0.1,0,0,1,"raw/40_search_term_view_28d_enabled.json (552 rows, uncapped)"
23660059123,Pastry_Brand_Search,195867018204,Ad group 1,pastry cosmetics,NONE,pastry skincare products,EXACT,NEAR_EXACT,7,1,0.07,0,0,2,"raw/40_search_term_view_28d_enabled.json (552 rows, uncapped)"
23660059123,Pastry_Brand_Search,195867018204,Ad group 1,pasty skincare,NONE,pastry skincare,BROAD,PHRASE,2,1,0.06,0,0,0,"raw/40_search_term_view_28d_enabled.json (552 rows, uncapped)"
23660059123,Pastry_Brand_Search,195867018204,Ad group 1,pastry body,NONE,pastry skin,PHRASE,NEAR_PHRASE,4,1,0.04,0,0,10,"raw/40_search_term_view_28d_enabled.json (552 rows, uncapped)"
23660059123,Pastry_Brand_Search,195867018204,Ad group 1,pantry skin care,NONE,pastry skin,EXACT,NEAR_EXACT,1,0,0.0,0,0,0,"raw/40_search_term_view_28d_enabled.json (552 rows, uncapped)"
23660059123,Pastry_Brand_Search,195867018204,Ad group 1,pastry skincare shop,NONE,pastry skin,EXACT,NEAR_EXACT,1,0,0.0,0,0,0,"raw/40_search_term_view_28d_enabled.json (552 rows, uncapped)"
23660059123,Pastry_Brand_Search,195867018204,Ad group 1,pastry hand cream near me,NONE,pastry hand cream,EXACT,NEAR_EXACT,1,0,0.0,0,0,0,"raw/40_search_term_view_28d_enabled.json (552 rows, uncapped)"
23660059123,Pastry_Brand_Search,195867018204,Ad group 1,beauty in tapp,NONE,pastry skin care,BROAD,BROAD,1,0,0.0,0,0,0,"raw/40_search_term_view_28d_enabled.json (552 rows, uncapped)"
23660059123,Pastry_Brand_Search,195867018204,Ad group 1,beautyon tapp,NONE,pastry skin care,BROAD,BROAD,1,0,0.0,0,0,0,"raw/40_search_term_view_28d_enabled.json (552 rows, uncapped)"
23660059123,Pastry_Brand_Search,195867018204,Ad group 1,body cream,NONE,pastry skin care,BROAD,BROAD,1,0,0.0,0,0,0,"raw/40_search_term_view_28d_enabled.json (552 rows, uncapped)"
23660059123,Pastry_Brand_Search,195867018204,Ad group 1,body exfoliant,NONE,pastry skin care,BROAD,BROAD,1,0,0.0,0,0,0,"raw/40_search_term_view_28d_enabled.json (552 rows, uncapped)"
23660059123,Pastry_Brand_Search,195867018204,Ad group 1,body exfoliator,NONE,pastry skin care,BROAD,BROAD,1,0,0.0,0,0,0,"raw/40_search_term_view_28d_enabled.json (552 rows, uncapped)"
23660059123,Pastry_Brand_Search,195867018204,Ad group 1,body lotion,NONE,pastry skin care,BROAD,BROAD,1,0,0.0,0,0,0,"raw/40_search_term_view_28d_enabled.json (552 rows, uncapped)"
23660059123,Pastry_Brand_Search,195867018204,Ad group 1,body lush,NONE,pastry skin care,BROAD,BROAD,1,0,0.0,0,0,0,"raw/40_search_term_view_28d_enabled.json (552 rows, uncapped)"
23660059123,Pastry_Brand_Search,195867018204,Ad group 1,body oil,NONE,pastry skin care,BROAD,BROAD,1,0,0.0,0,0,0,"raw/40_search_term_view_28d_enabled.json (552 rows, uncapped)"
23660059123,Pastry_Brand_Search,195867018204,Ad group 1,body scrub base,NONE,pastry skin care,BROAD,BROAD,1,0,0.0,0,0,0,"raw/40_search_term_view_28d_enabled.json (552 rows, uncapped)"
23660059123,Pastry_Brand_Search,195867018204,Ad group 1,body serums,NONE,pastry skin care,BROAD,BROAD,1,0,0.0,0,0,0,"raw/40_search_term_view_28d_enabled.json (552 rows, uncapped)"
23660059123,Pastry_Brand_Search,195867018204,Ad group 1,body skincare,NONE,pastry skin care,BROAD,BROAD,1,0,0.0,0,0,0,"raw/40_search_term_view_28d_enabled.json (552 rows, uncapped)"
23660059123,Pastry_Brand_Search,195867018204,Ad group 1,brightening body wash,NONE,pastry skin care,BROAD,BROAD,1,0,0.0,0,0,0,"raw/40_search_term_view_28d_enabled.json (552 rows, uncapped)"
23660059123,Pastry_Brand_Search,195867018204,Ad group 1,clrs products,NONE,pastry skin care,BROAD,BROAD,2,0,0.0,0,0,0,"raw/40_search_term_view_28d_enabled.json (552 rows, uncapped)"
23660059123,Pastry_Brand_Search,195867018204,Ad group 1,combination skin cleanser,NONE,pastry skin care,BROAD,BROAD,1,0,0.0,0,0,0,"raw/40_search_term_view_28d_enabled.json (552 rows, uncapped)"
23660059123,Pastry_Brand_Search,195867018204,Ad group 1,exfoliating body wash,NONE,pastry skin care,BROAD,BROAD,1,0,0.0,0,0,0,"raw/40_search_term_view_28d_enabled.json (552 rows, uncapped)"
23660059123,Pastry_Brand_Search,195867018204,Ad group 1,eye patches,NONE,pastry skin care,BROAD,BROAD,2,0,0.0,0,0,0,"raw/40_search_term_view_28d_enabled.json (552 rows, uncapped)"
23660059123,Pastry_Brand_Search,195867018204,Ad group 1,eye serum,NONE,pastry skin care,BROAD,BROAD,1,0,0.0,0,0,0,"raw/40_search_term_view_28d_enabled.json (552 rows, uncapped)"
23660059123,Pastry_Brand_Search,195867018204,Ad group 1,glycolic acid,NONE,pastry skin care,BROAD,BROAD,1,0,0.0,0,0,0,"raw/40_search_term_view_28d_enabled.json (552 rows, uncapped)"
23660059123,Pastry_Brand_Search,195867018204,Ad group 1,glycolic acid body wash,NONE,pastry skin care,BROAD,BROAD,5,0,0.0,0,0,0,"raw/40_search_term_view_28d_enabled.json (552 rows, uncapped)"
23660059123,Pastry_Brand_Search,195867018204,Ad group 1,hyaluronic acid shower gel,NONE,pastry skin care,BROAD,BROAD,1,0,0.0,0,0,0,"raw/40_search_term_view_28d_enabled.json (552 rows, uncapped)"
23660059123,Pastry_Brand_Search,195867018204,Ad group 1,hypoallergenic body wash,NONE,pastry skin care,BROAD,BROAD,1,0,0.0,0,0,0,"raw/40_search_term_view_28d_enabled.json (552 rows, uncapped)"
23660059123,Pastry_Brand_Search,195867018204,Ad group 1,iq sunscreen,NONE,pastry skin care,BROAD,BROAD,1,0,0.0,0,0,0,"raw/40_search_term_view_28d_enabled.json (552 rows, uncapped)"
23660059123,Pastry_Brand_Search,195867018204,Ad group 1,kojic acid body wash,NONE,pastry skin care,BROAD,BROAD,1,0,0.0,0,0,0,"raw/40_search_term_view_28d_enabled.json (552 rows, uncapped)"
23660059123,Pastry_Brand_Search,195867018204,Ad group 1,korean beauty products in south africa,NONE,pastry skin care,BROAD,BROAD,1,0,0.0,0,0,0,"raw/40_search_term_view_28d_enabled.json (552 rows, uncapped)"
23660059123,Pastry_Brand_Search,195867018204,Ad group 1,lip spf,NONE,pastry skin care,BROAD,BROAD,1,0,0.0,0,0,0,"raw/40_search_term_view_28d_enabled.json (552 rows, uncapped)"
23660059123,Pastry_Brand_Search,195867018204,Ad group 1,mandelic acid,NONE,pastry skin care,BROAD,BROAD,1,0,0.0,0,0,0,"raw/40_search_term_view_28d_enabled.json (552 rows, uncapped)"
23660059123,Pastry_Brand_Search,195867018204,Ad group 1,mandelic acid body wash,NONE,pastry skin care,BROAD,BROAD,1,0,0.0,0,0,0,"raw/40_search_term_view_28d_enabled.json (552 rows, uncapped)"
23660059123,Pastry_Brand_Search,195867018204,Ad group 1,medicube body wash,NONE,pastry skin care,BROAD,BROAD,1,0,0.0,0,0,0,"raw/40_search_term_view_28d_enabled.json (552 rows, uncapped)"
23660059123,Pastry_Brand_Search,195867018204,Ad group 1,moisturising hand cream,NONE,pastry skin care,BROAD,BROAD,1,0,0.0,0,0,0,"raw/40_search_term_view_28d_enabled.json (552 rows, uncapped)"
23660059123,Pastry_Brand_Search,195867018204,Ad group 1,mombod,NONE,pastry skin care,BROAD,BROAD,2,0,0.0,0,0,0,"raw/40_search_term_view_28d_enabled.json (552 rows, uncapped)"
23660059123,Pastry_Brand_Search,195867018204,Ad group 1,palmers body wash,NONE,pastry skin care,BROAD,BROAD,2,0,0.0,0,0,0,"raw/40_search_term_view_28d_enabled.json (552 rows, uncapped)"
23660059123,Pastry_Brand_Search,195867018204,Ad group 1,pantry cosmetics,NONE,pastry skin care,BROAD,BROAD,1,0,0.0,0,0,0,"raw/40_search_term_view_28d_enabled.json (552 rows, uncapped)"
23660059123,Pastry_Brand_Search,195867018204,Ad group 1,pantry skin care,NONE,pastry skin care,BROAD,BROAD,1,0,0.0,0,0,0,"raw/40_search_term_view_28d_enabled.json (552 rows, uncapped)"
23660059123,Pastry_Brand_Search,195867018204,Ad group 1,pastry,NONE,pastry skin care,BROAD,BROAD,1,0,0.0,0,0,0,"raw/40_search_term_view_28d_enabled.json (552 rows, uncapped)"
23660059123,Pastry_Brand_Search,195867018204,Ad group 1,pdrn body lotion,NONE,pastry skin care,BROAD,BROAD,1,0,0.0,0,0,0,"raw/40_search_term_view_28d_enabled.json (552 rows, uncapped)"
23660059123,Pastry_Brand_Search,195867018204,Ad group 1,pstry,NONE,pastry skin care,BROAD,BROAD,1,0,0.0,0,0,0,"raw/40_search_term_view_28d_enabled.json (552 rows, uncapped)"
23660059123,Pastry_Brand_Search,195867018204,Ad group 1,salicylic acid body wash,NONE,pastry skin care,BROAD,BROAD,1,0,0.0,0,0,0,"raw/40_search_term_view_28d_enabled.json (552 rows, uncapped)"
23660059123,Pastry_Brand_Search,195867018204,Ad group 1,salicylic acid serum,NONE,pastry skin care,BROAD,BROAD,1,0,0.0,0,0,0,"raw/40_search_term_view_28d_enabled.json (552 rows, uncapped)"
23660059123,Pastry_Brand_Search,195867018204,Ad group 1,skincare collection,NONE,pastry skin care,BROAD,BROAD,1,0,0.0,0,0,0,"raw/40_search_term_view_28d_enabled.json (552 rows, uncapped)"
23660059123,Pastry_Brand_Search,195867018204,Ad group 1,skins body oil,NONE,pastry skin care,BROAD,BROAD,1,0,0.0,0,0,0,"raw/40_search_term_view_28d_enabled.json (552 rows, uncapped)"
23660059123,Pastry_Brand_Search,195867018204,Ad group 1,sunscreen,NONE,pastry skin care,BROAD,BROAD,1,0,0.0,0,0,0,"raw/40_search_term_view_28d_enabled.json (552 rows, uncapped)"
23660059123,Pastry_Brand_Search,195867018204,Ad group 1,the ordinary body wash,NONE,pastry skin care,BROAD,BROAD,1,0,0.0,0,0,0,"raw/40_search_term_view_28d_enabled.json (552 rows, uncapped)"
23660059123,Pastry_Brand_Search,195867018204,Ad group 1,the ordinary south africa,NONE,pastry skin care,BROAD,BROAD,1,0,0.0,0,0,0,"raw/40_search_term_view_28d_enabled.json (552 rows, uncapped)"
23660059123,Pastry_Brand_Search,195867018204,Ad group 1,tissue oil,NONE,pastry skin care,BROAD,BROAD,2,0,0.0,0,0,0,"raw/40_search_term_view_28d_enabled.json (552 rows, uncapped)"
23660059123,Pastry_Brand_Search,195867018204,Ad group 1,vitamin c body wash,NONE,pastry skin care,BROAD,BROAD,1,0,0.0,0,0,0,"raw/40_search_term_view_28d_enabled.json (552 rows, uncapped)"
23660059123,Pastry_Brand_Search,195867018204,Ad group 1,pantry body lotion,NONE,pastry skin care,BROAD,NEAR_PHRASE,1,0,0.0,0,0,0,"raw/40_search_term_view_28d_enabled.json (552 rows, uncapped)"
23660059123,Pastry_Brand_Search,195867018204,Ad group 1,pastry body,NONE,pastry skin care,BROAD,NEAR_PHRASE,1,0,0.0,0,0,0,"raw/40_search_term_view_28d_enabled.json (552 rows, uncapped)"
23660059123,Pastry_Brand_Search,195867018204,Ad group 1,pastry deodorant roll on,NONE,pastry skin care,BROAD,NEAR_PHRASE,1,0,0.0,0,0,0,"raw/40_search_term_view_28d_enabled.json (552 rows, uncapped)"
23660059123,Pastry_Brand_Search,195867018204,Ad group 1,pastry face mask,ADDED,pastry skin care,BROAD,NEAR_PHRASE,1,0,0.0,0,0,0,"raw/40_search_term_view_28d_enabled.json (552 rows, uncapped)"
23660059123,Pastry_Brand_Search,195867018204,Ad group 1,pastry glycolic acid body wash,NONE,pastry skin care,BROAD,NEAR_PHRASE,1,0,0.0,0,0,0,"raw/40_search_term_view_28d_enabled.json (552 rows, uncapped)"
23660059123,Pastry_Brand_Search,195867018204,Ad group 1,pastry mall of africa,NONE,pastry skin care,BROAD,NEAR_PHRASE,1,0,0.0,0,0,0,"raw/40_search_term_view_28d_enabled.json (552 rows, uncapped)"
23660059123,Pastry_Brand_Search,195867018204,Ad group 1,pastry niacinamide,NONE,pastry skin care,BROAD,NEAR_PHRASE,2,0,0.0,0,0,0,"raw/40_search_term_view_28d_enabled.json (552 rows, uncapped)"
23660059123,Pastry_Brand_Search,195867018204,Ad group 1,pastry niacinamide lotion,NONE,pastry skin care,BROAD,NEAR_PHRASE,1,0,0.0,0,0,0,"raw/40_search_term_view_28d_enabled.json (552 rows, uncapped)"
23660059123,Pastry_Brand_Search,195867018204,Ad group 1,pastry overnight body balm,NONE,pastry skin care,BROAD,NEAR_PHRASE,6,0,0.0,0,0,0,"raw/40_search_term_view_28d_enabled.json (552 rows, uncapped)"
23660059123,Pastry_Brand_Search,195867018204,Ad group 1,pastry pigmentation serum,NONE,pastry skin care,BROAD,NEAR_PHRASE,1,0,0.0,0,0,0,"raw/40_search_term_view_28d_enabled.json (552 rows, uncapped)"
23660059123,Pastry_Brand_Search,195867018204,Ad group 1,where to buy pastry products,NONE,pastry skin care,BROAD,NEAR_PHRASE,2,0,0.0,0,0,0,"raw/40_search_term_view_28d_enabled.json (552 rows, uncapped)"
23660059123,Pastry_Brand_Search,195867018204,Ad group 1,pastry beauty,NONE,pastry skin care,EXACT,NEAR_EXACT,1,0,0.0,0,0,0,"raw/40_search_term_view_28d_enabled.json (552 rows, uncapped)"
23660059123,Pastry_Brand_Search,195867018204,Ad group 1,pastry skin care near me,NONE,pastry skin care,EXACT,NEAR_EXACT,7,0,0.0,0,0,0,"raw/40_search_term_view_28d_enabled.json (552 rows, uncapped)"
23660059123,Pastry_Brand_Search,195867018204,Ad group 1,pastry body lotion price,NONE,pastry lotion,EXACT,NEAR_EXACT,3,0,0.0,0,0,0,"raw/40_search_term_view_28d_enabled.json (552 rows, uncapped)"
23660059123,Pastry_Brand_Search,195867018204,Ad group 1,pastry skincare shop,NONE,pastry skincare,EXACT,NEAR_EXACT,10,0,0.0,0,0,0,"raw/40_search_term_view_28d_enabled.json (552 rows, uncapped)"
23660059123,Pastry_Brand_Search,195867018204,Ad group 1,pastry skincare stores,NONE,pastry skincare,EXACT,NEAR_EXACT,3,0,0.0,0,0,0,"raw/40_search_term_view_28d_enabled.json (552 rows, uncapped)"
23660059123,Pastry_Brand_Search,195867018204,Ad group 1,pastry body lotion price,NONE,pastry body lotion,EXACT,NEAR_EXACT,4,0,0.0,0,0,0,"raw/40_search_term_view_28d_enabled.json (552 rows, uncapped)"
23660059123,Pastry_Brand_Search,195867018204,Ad group 1,pastry pigmentation serum,NONE,pastry serum,EXACT,NEAR_EXACT,5,0,0.0,0,0,0,"raw/40_search_term_view_28d_enabled.json (552 rows, uncapped)"
23660059123,Pastry_Brand_Search,195867018204,Ad group 1,pastry skincare anti pigmentation deodorant,NONE,pastry skincare,BROAD,PHRASE,5,0,0.0,0,0,0,"raw/40_search_term_view_28d_enabled.json (552 rows, uncapped)"
23660059123,Pastry_Brand_Search,195867018204,Ad group 1,pastry skincare for stretch marks,NONE,pastry skincare,BROAD,PHRASE,6,0,0.0,0,0,0,"raw/40_search_term_view_28d_enabled.json (552 rows, uncapped)"
23660059123,Pastry_Brand_Search,195867018204,Ad group 1,pastry skincare hand cream,NONE,pastry skincare,BROAD,PHRASE,2,0,0.0,0,0,0,"raw/40_search_term_view_28d_enabled.json (552 rows, uncapped)"
23660059123,Pastry_Brand_Search,195867018204,Ad group 1,pastry skincare hyaluronic acid body lotion,NONE,pastry skincare,BROAD,PHRASE,1,0,0.0,0,0,0,"raw/40_search_term_view_28d_enabled.json (552 rows, uncapped)"
23660059123,Pastry_Brand_Search,195867018204,Ad group 1,pastry skincare price,NONE,pastry skincare,BROAD,PHRASE,2,0,0.0,0,0,0,"raw/40_search_term_view_28d_enabled.json (552 rows, uncapped)"
23660059123,Pastry_Brand_Search,195867018204,Ad group 1,pastry skincare reviews south africa,NONE,pastry skincare,BROAD,PHRASE,1,0,0.0,0,0,0,"raw/40_search_term_view_28d_enabled.json (552 rows, uncapped)"
23660059123,Pastry_Brand_Search,195867018204,Ad group 1,pastry skincare rosebank,NONE,pastry skincare,BROAD,PHRASE,1,0,0.0,0,0,0,"raw/40_search_term_view_28d_enabled.json (552 rows, uncapped)"
23660059123,Pastry_Brand_Search,195867018204,Ad group 1,pastry skincare salicylic acid body wash,NONE,pastry skincare,BROAD,PHRASE,1,0,0.0,0,0,0,"raw/40_search_term_view_28d_enabled.json (552 rows, uncapped)"
23660059123,Pastry_Brand_Search,195867018204,Ad group 1,pastry skincare sandton city,NONE,pastry skincare,BROAD,PHRASE,1,0,0.0,0,0,0,"raw/40_search_term_view_28d_enabled.json (552 rows, uncapped)"
23660059123,Pastry_Brand_Search,195867018204,Ad group 1,pastry skincare shop,NONE,pastry skincare,BROAD,PHRASE,1,0,0.0,0,0,0,"raw/40_search_term_view_28d_enabled.json (552 rows, uncapped)"
23660059123,Pastry_Brand_Search,195867018204,Ad group 1,pastry skincare shop near me,NONE,pastry skincare,BROAD,PHRASE,7,0,0.0,0,0,0,"raw/40_search_term_view_28d_enabled.json (552 rows, uncapped)"
23660059123,Pastry_Brand_Search,195867018204,Ad group 1,pastry skincare store near me,NONE,pastry skincare,BROAD,PHRASE,3,0,0.0,0,0,0,"raw/40_search_term_view_28d_enabled.json (552 rows, uncapped)"
23660059123,Pastry_Brand_Search,195867018204,Ad group 1,pastry skincare woolworths south africa,NONE,pastry skincare,BROAD,PHRASE,4,0,0.0,0,0,0,"raw/40_search_term_view_28d_enabled.json (552 rows, uncapped)"
23660059123,Pastry_Brand_Search,195867018204,Ad group 1,pastry online shop,NONE,pastry skincare,BROAD,BROAD,2,0,0.0,0,0,0,"raw/40_search_term_view_28d_enabled.json (552 rows, uncapped)"
23660059123,Pastry_Brand_Search,195867018204,Ad group 1,pastry beauty,NONE,pastry skincare products,EXACT,NEAR_EXACT,3,0,0.0,0,0,0,"raw/40_search_term_view_28d_enabled.json (552 rows, uncapped)"
23660059123,Pastry_Brand_Search,195867018204,Ad group 1,where to buy pastry products,NONE,pastry skincare products,EXACT,NEAR_EXACT,1,0,0.0,0,0,0,"raw/40_search_term_view_28d_enabled.json (552 rows, uncapped)"
23660059123,Pastry_Brand_Search,195867018204,Ad group 1,pastry oil,NONE,pastry body oil,EXACT,NEAR_EXACT,1,0,0.0,0,0,0,"raw/40_search_term_view_28d_enabled.json (552 rows, uncapped)"
23660059123,Pastry_Brand_Search,195867018204,Ad group 1,pastry hand lotion,NONE,pastry lotion,PHRASE,PHRASE,1,0,0.0,0,0,0,"raw/40_search_term_view_28d_enabled.json (552 rows, uncapped)"
23660059123,Pastry_Brand_Search,195867018204,Ad group 1,pantry body lotion,NONE,pastry lotion,PHRASE,NEAR_PHRASE,2,0,0.0,0,0,0,"raw/40_search_term_view_28d_enabled.json (552 rows, uncapped)"
23660059123,Pastry_Brand_Search,195867018204,Ad group 1,pastry skincare sunscreen,NONE,pastry sunscreen,EXACT,NEAR_EXACT,2,0,0.0,0,0,0,"raw/40_search_term_view_28d_enabled.json (552 rows, uncapped)"
23660059123,Pastry_Brand_Search,195867018204,Ad group 1,pantry body lotion,NONE,pastry skin,PHRASE,NEAR_PHRASE,1,0,0.0,0,0,0,"raw/40_search_term_view_28d_enabled.json (552 rows, uncapped)"
23660059123,Pastry_Brand_Search,195867018204,Ad group 1,pastry anti pigment hand cream,NONE,pastry skin,PHRASE,NEAR_PHRASE,1,0,0.0,0,0,0,"raw/40_search_term_view_28d_enabled.json (552 rows, uncapped)"
23660059123,Pastry_Brand_Search,195867018204,Ad group 1,pastry anti pigment roll on,NONE,pastry skin,PHRASE,NEAR_PHRASE,1,0,0.0,0,0,0,"raw/40_search_term_view_28d_enabled.json (552 rows, uncapped)"
23660059123,Pastry_Brand_Search,195867018204,Ad group 1,pastry bha body gel,NONE,pastry skin,PHRASE,NEAR_PHRASE,1,0,0.0,0,0,0,"raw/40_search_term_view_28d_enabled.json (552 rows, uncapped)"
23660059123,Pastry_Brand_Search,195867018204,Ad group 1,pastry body mist,NONE,pastry skin,PHRASE,NEAR_PHRASE,2,0,0.0,0,0,0,"raw/40_search_term_view_28d_enabled.json (552 rows, uncapped)"
23660059123,Pastry_Brand_Search,195867018204,Ad group 1,pastry clicks,NONE,pastry skin,PHRASE,NEAR_PHRASE,2,0,0.0,0,0,0,"raw/40_search_term_view_28d_enabled.json (552 rows, uncapped)"
23660059123,Pastry_Brand_Search,195867018204,Ad group 1,pastry mall of africa,NONE,pastry skin,PHRASE,NEAR_PHRASE,16,0,0.0,0,0,0,"raw/40_search_term_view_28d_enabled.json (552 rows, uncapped)"
23660059123,Pastry_Brand_Search,195867018204,Ad group 1,pastry niacinamide body lotion,NONE,pastry skin,PHRASE,NEAR_PHRASE,1,0,0.0,0,0,0,"raw/40_search_term_view_28d_enabled.json (552 rows, uncapped)"
23660059123,Pastry_Brand_Search,195867018204,Ad group 1,pastry online shop,NONE,pastry skin,PHRASE,NEAR_PHRASE,3,0,0.0,0,0,0,"raw/40_search_term_view_28d_enabled.json (552 rows, uncapped)"
23660059123,Pastry_Brand_Search,195867018204,Ad group 1,pastry pigmentation serum,NONE,pastry skin,PHRASE,NEAR_PHRASE,7,0,0.0,0,0,0,"raw/40_search_term_view_28d_enabled.json (552 rows, uncapped)"
23660059123,Pastry_Brand_Search,195867018204,Ad group 1,pastry products near me,NONE,pastry skin,PHRASE,NEAR_PHRASE,1,0,0.0,0,0,0,"raw/40_search_term_view_28d_enabled.json (552 rows, uncapped)"
23660059123,Pastry_Brand_Search,195867018204,Ad group 1,pastry sandton,NONE,pastry skin,PHRASE,NEAR_PHRASE,2,0,0.0,0,0,0,"raw/40_search_term_view_28d_enabled.json (552 rows, uncapped)"
23660059123,Pastry_Brand_Search,195867018204,Ad group 1,pastry shower gel,NONE,pastry skin,PHRASE,NEAR_PHRASE,3,0,0.0,0,0,0,"raw/40_search_term_view_28d_enabled.json (552 rows, uncapped)"
23660059123,Pastry_Brand_Search,195867018204,Ad group 1,where to buy pastry products,NONE,pastry skin,PHRASE,NEAR_PHRASE,5,0,0.0,0,0,0,"raw/40_search_term_view_28d_enabled.json (552 rows, uncapped)"
23660059123,Pastry_Brand_Search,195867018204,Ad group 1,pastry deodorant roll on,NONE,pastry deodorant,EXACT,NEAR_EXACT,1,0,0.0,0,0,0,"raw/40_search_term_view_28d_enabled.json (552 rows, uncapped)"
23660059123,Pastry_Brand_Search,195867018204,Ad group 1,pastry deodorant roll on,NONE,pastry roll on,EXACT,NEAR_EXACT,2,0,0.0,0,0,0,"raw/40_search_term_view_28d_enabled.json (552 rows, uncapped)"
23660059123,Pastry_Brand_Search,195867018204,Ad group 1,pastry skin care roll on,NONE,pastry roll on,EXACT,NEAR_EXACT,1,0,0.0,0,0,0,"raw/40_search_term_view_28d_enabled.json (552 rows, uncapped)"
23660059123,Pastry_Brand_Search,195867018204,Ad group 1,pastry skin roll on,NONE,pastry roll on,EXACT,NEAR_EXACT,5,0,0.0,0,0,0,"raw/40_search_term_view_28d_enabled.json (552 rows, uncapped)"
23660059123,Pastry_Brand_Search,195867018204,Ad group 1,pastry skincare roll on,NONE,pastry roll on,EXACT,NEAR_EXACT,1,0,0.0,0,0,0,"raw/40_search_term_view_28d_enabled.json (552 rows, uncapped)"
23660059123,Pastry_Brand_Search,195867018204,Ad group 1,pastry underarm roll on,NONE,pastry roll on,EXACT,NEAR_EXACT,4,0,0.0,0,0,0,"raw/40_search_term_view_28d_enabled.json (552 rows, uncapped)"
23660059123,Pastry_Brand_Search,195867018204,Ad group 1,pastry body wash price,NONE,pastry body wash,PHRASE,PHRASE,3,0,0.0,0,0,0,"raw/40_search_term_view_28d_enabled.json (552 rows, uncapped)"
23660059123,Pastry_Brand_Search,195867018204,Ad group 1,pastry niacinamide body wash,NONE,pastry body wash,PHRASE,PHRASE,1,0,0.0,0,0,0,"raw/40_search_term_view_28d_enabled.json (552 rows, uncapped)"
23660059123,Pastry_Brand_Search,195867018204,Ad group 1,pastry salicylic acid body wash,NONE,pastry body wash,PHRASE,PHRASE,1,0,0.0,0,0,0,"raw/40_search_term_view_28d_enabled.json (552 rows, uncapped)"
23660059123,Pastry_Brand_Search,195867018204,Ad group 1,where to buy pastry skincare,ADDED,where to buy pastry skincare,EXACT,EXACT,11,0,0.0,0,0,0,"raw/40_search_term_view_28d_enabled.json (552 rows, uncapped)"
23660059123,Pastry_Brand_Search,195867018204,Ad group 1,pastry skincare store,NONE,where to buy pastry skincare,EXACT,NEAR_EXACT,1,0,0.0,0,0,0,"raw/40_search_term_view_28d_enabled.json (552 rows, uncapped)"
23660059123,Pastry_Brand_Search,195867018204,Ad group 1,where can i buy pastry skincare,NONE,where to buy pastry skincare,EXACT,NEAR_EXACT,1,0,0.0,0,0,0,"raw/40_search_term_view_28d_enabled.json (552 rows, uncapped)"
23660059123,Pastry_Brand_Search,195867018204,Ad group 1,pastry skincare store near me,NONE,pastry skincare near me,EXACT,NEAR_EXACT,19,0,0.0,0,0,0,"raw/40_search_term_view_28d_enabled.json (552 rows, uncapped)"
23660059123,Pastry_Brand_Search,195867018204,Ad group 1,pastry skincare stores,NONE,pastry skincare near me,EXACT,NEAR_EXACT,1,0,0.0,0,0,0,"raw/40_search_term_view_28d_enabled.json (552 rows, uncapped)"
23660059123,Pastry_Brand_Search,195867018204,Ad group 1,where can i buy pastry skincare,NONE,pastry skincare near me,EXACT,NEAR_EXACT,3,0,0.0,0,0,0,"raw/40_search_term_view_28d_enabled.json (552 rows, uncapped)"
23660059123,Pastry_Brand_Search,195867018204,Ad group 1,where to buy pastry skincare near me,NONE,pastry skincare near me,EXACT,NEAR_EXACT,3,0,0.0,0,0,0,"raw/40_search_term_view_28d_enabled.json (552 rows, uncapped)"
23660059123,Pastry_Brand_Search,195867018204,Ad group 1,pastry skincare shop,NONE,pastry skincare online,EXACT,NEAR_EXACT,1,0,0.0,0,0,0,"raw/40_search_term_view_28d_enabled.json (552 rows, uncapped)"
23660059123,Pastry_Brand_Search,195867018204,Ad group 1,pastry skincare fourways mall,NONE,pastry skincare fourways,EXACT,NEAR_EXACT,5,0,0.0,0,0,0,"raw/40_search_term_view_28d_enabled.json (552 rows, uncapped)"
24142894204,Pastry | Search | Product High Intent | 2026-08-14,197968132486,Product | Anti-Pigment Deodorant,anti pigmentation deodorant,ADDED,anti pigmentation deodorant,EXACT,EXACT,8,0,0.0,0,0,0,"raw/40_search_term_view_28d_enabled.json (552 rows, uncapped)"
24142894204,Pastry | Search | Product High Intent | 2026-08-14,197968132486,Product | Anti-Pigment Deodorant,anti pigment deodorant,NONE,anti pigmentation deodorant,EXACT,NEAR_EXACT,5,0,0.0,0,0,0,"raw/40_search_term_view_28d_enabled.json (552 rows, uncapped)"
24142894204,Pastry | Search | Product High Intent | 2026-08-14,197968132486,Product | Anti-Pigment Deodorant,best deodorant for black underarms,NONE,anti pigmentation deodorant,EXACT,NEAR_EXACT,1,0,0.0,0,0,0,"raw/40_search_term_view_28d_enabled.json (552 rows, uncapped)"
24142894204,Pastry | Search | Product High Intent | 2026-08-14,197968132486,Product | Anti-Pigment Deodorant,brightening deodorant,NONE,anti pigmentation deodorant,EXACT,NEAR_EXACT,2,0,0.0,0,0,0,"raw/40_search_term_view_28d_enabled.json (552 rows, uncapped)"
24142894204,Pastry | Search | Product High Intent | 2026-08-14,197968132486,Product | Anti-Pigment Deodorant,deodorant for dark armpits,NONE,anti pigmentation deodorant,EXACT,NEAR_EXACT,1,0,0.0,0,0,0,"raw/40_search_term_view_28d_enabled.json (552 rows, uncapped)"
24142894204,Pastry | Search | Product High Intent | 2026-08-14,197968132486,Product | Anti-Pigment Deodorant,deodorant for dark spots,NONE,anti pigmentation deodorant,EXACT,NEAR_EXACT,1,0,0.0,0,0,0,"raw/40_search_term_view_28d_enabled.json (552 rows, uncapped)"
24142894204,Pastry | Search | Product High Intent | 2026-08-14,197968132486,Product | Anti-Pigment Deodorant,deodorant to reduce dark underarms,NONE,anti pigmentation deodorant,EXACT,NEAR_EXACT,1,0,0.0,0,0,0,"raw/40_search_term_view_28d_enabled.json (552 rows, uncapped)"
24142894204,Pastry | Search | Product High Intent | 2026-08-14,197968132486,Product | Anti-Pigment Deodorant,deodorant with brightening,NONE,anti pigmentation deodorant,EXACT,NEAR_EXACT,2,0,0.0,0,0,0,"raw/40_search_term_view_28d_enabled.json (552 rows, uncapped)"
24142894204,Pastry | Search | Product High Intent | 2026-08-14,197968132486,Product | Anti-Pigment Deodorant,hyperpigmentation deodorant,NONE,anti pigmentation deodorant,EXACT,NEAR_EXACT,1,0,0.0,0,0,0,"raw/40_search_term_view_28d_enabled.json (552 rows, uncapped)"
24142894204,Pastry | Search | Product High Intent | 2026-08-14,197968132486,Product | Anti-Pigment Deodorant,lightening deodorant,NONE,anti pigmentation deodorant,EXACT,NEAR_EXACT,2,0,0.0,0,0,0,"raw/40_search_term_view_28d_enabled.json (552 rows, uncapped)"
24142894204,Pastry | Search | Product High Intent | 2026-08-14,197968132486,Product | Anti-Pigment Deodorant,pigmentation deodorant,NONE,anti pigmentation deodorant,EXACT,NEAR_EXACT,1,0,0.0,0,0,0,"raw/40_search_term_view_28d_enabled.json (552 rows, uncapped)"
24142894204,Pastry | Search | Product High Intent | 2026-08-14,197968132486,Product | Anti-Pigment Deodorant,roll on for dark underarms,NONE,anti pigmentation deodorant,EXACT,NEAR_EXACT,2,0,0.0,0,0,0,"raw/40_search_term_view_28d_enabled.json (552 rows, uncapped)"
24142894204,Pastry | Search | Product High Intent | 2026-08-14,197968132486,Product | Anti-Pigment Deodorant,roll on that helps with dark underarms,NONE,anti pigmentation deodorant,EXACT,NEAR_EXACT,2,0,0.0,0,0,0,"raw/40_search_term_view_28d_enabled.json (552 rows, uncapped)"
24142894204,Pastry | Search | Product High Intent | 2026-08-14,197968132486,Product | Anti-Pigment Deodorant,skin brightening deodorant,NONE,anti pigmentation deodorant,EXACT,NEAR_EXACT,1,0,0.0,0,0,0,"raw/40_search_term_view_28d_enabled.json (552 rows, uncapped)"
24142894204,Pastry | Search | Product High Intent | 2026-08-14,197968132486,Product | Anti-Pigment Deodorant,underarm roll for pigmentation,NONE,anti pigmentation deodorant,EXACT,NEAR_EXACT,1,0,0.0,0,0,0,"raw/40_search_term_view_28d_enabled.json (552 rows, uncapped)"
24142894204,Pastry | Search | Product High Intent | 2026-08-14,197968132486,Product | Anti-Pigment Deodorant,which deodorant is best for dark underarms,NONE,anti pigmentation deodorant,EXACT,NEAR_EXACT,2,0,0.0,0,0,0,"raw/40_search_term_view_28d_enabled.json (552 rows, uncapped)"
24142894204,Pastry | Search | Product High Intent | 2026-08-14,197968132486,Product | Anti-Pigment Deodorant,which roll on is best for dark underarms,NONE,anti pigmentation deodorant,EXACT,NEAR_EXACT,1,0,0.0,0,0,0,"raw/40_search_term_view_28d_enabled.json (552 rows, uncapped)"
24142894204,Pastry | Search | Product High Intent | 2026-08-14,197968132526,Product | Anti-Pigment Hand Cream,anti pigment hand cream spf 30,NONE,anti pigment hand cream,PHRASE,PHRASE,5,0,0.0,0,0,0,"raw/40_search_term_view_28d_enabled.json (552 rows, uncapped)"
24142894204,Pastry | Search | Product High Intent | 2026-08-14,197968132726,Product | BHA Body Gel,bha body,NONE,bha body gel,EXACT,NEAR_EXACT,2,0,0.0,0,0,0,"raw/40_search_term_view_28d_enabled.json (552 rows, uncapped)"
24142894204,Pastry | Search | Product High Intent | 2026-08-14,197968132726,Product | BHA Body Gel,bha gel,NONE,bha body gel,EXACT,NEAR_EXACT,2,0,0.0,0,0,0,"raw/40_search_term_view_28d_enabled.json (552 rows, uncapped)"
24142894204,Pastry | Search | Product High Intent | 2026-08-14,197968132766,Product | Barrier Repair Serum,barrier protecting serum,NONE,barrier repair serum,EXACT,NEAR_EXACT,1,0,0.0,0,0,0,"raw/40_search_term_view_28d_enabled.json (552 rows, uncapped)"
24142894204,Pastry | Search | Product High Intent | 2026-08-14,197968132766,Product | Barrier Repair Serum,barrier serum,NONE,barrier repair serum,EXACT,NEAR_EXACT,10,0,0.0,0,0,0,"raw/40_search_term_view_28d_enabled.json (552 rows, uncapped)"
24142894204,Pastry | Search | Product High Intent | 2026-08-14,197968132766,Product | Barrier Repair Serum,barrier strengthening serum,NONE,barrier repair serum,EXACT,NEAR_EXACT,1,0,0.0,0,0,0,"raw/40_search_term_view_28d_enabled.json (552 rows, uncapped)"
24142894204,Pastry | Search | Product High Intent | 2026-08-14,197968132766,Product | Barrier Repair Serum,barrier support serum,NONE,barrier repair serum,EXACT,NEAR_EXACT,1,0,0.0,0,0,0,"raw/40_search_term_view_28d_enabled.json (552 rows, uncapped)"
24142894204,Pastry | Search | Product High Intent | 2026-08-14,197968132766,Product | Barrier Repair Serum,serum for skin barrier repair,NONE,barrier repair serum,EXACT,NEAR_EXACT,1,0,0.0,0,0,0,"raw/40_search_term_view_28d_enabled.json (552 rows, uncapped)"
24142894204,Pastry | Search | Product High Intent | 2026-08-14,197968132766,Product | Barrier Repair Serum,skin barrier repair serum,NONE,barrier repair serum,EXACT,NEAR_EXACT,2,0,0.0,0,0,0,"raw/40_search_term_view_28d_enabled.json (552 rows, uncapped)"
24142894204,Pastry | Search | Product High Intent | 2026-08-14,197968132766,Product | Barrier Repair Serum,skin barrier serum,NONE,barrier repair serum,EXACT,NEAR_EXACT,3,0,0.0,0,0,0,"raw/40_search_term_view_28d_enabled.json (552 rows, uncapped)"
24142894204,Pastry | Search | Product High Intent | 2026-08-14,197968132966,Product | Glycolic Body Wash,body glycolic acid,NONE,glycolic body wash,EXACT,NEAR_EXACT,2,0,0.0,0,0,0,"raw/40_search_term_view_28d_enabled.json (552 rows, uncapped)"
24142894204,Pastry | Search | Product High Intent | 2026-08-14,197968132966,Product | Glycolic Body Wash,glycolic acid body,NONE,glycolic body wash,EXACT,NEAR_EXACT,5,0,0.0,0,0,0,"raw/40_search_term_view_28d_enabled.json (552 rows, uncapped)"
24142894204,Pastry | Search | Product High Intent | 2026-08-14,197968132966,Product | Glycolic Body Wash,glycolic acid body products,NONE,glycolic body wash,EXACT,NEAR_EXACT,1,0,0.0,0,0,0,"raw/40_search_term_view_28d_enabled.json (552 rows, uncapped)"
24142894204,Pastry | Search | Product High Intent | 2026-08-14,197968132966,Product | Glycolic Body Wash,glycolic acid for body,NONE,glycolic body wash,EXACT,NEAR_EXACT,7,0,0.0,0,0,0,"raw/40_search_term_view_28d_enabled.json (552 rows, uncapped)"
24142894204,Pastry | Search | Product High Intent | 2026-08-14,197968132966,Product | Glycolic Body Wash,glycolic body,NONE,glycolic body wash,EXACT,NEAR_EXACT,1,0,0.0,0,0,0,"raw/40_search_term_view_28d_enabled.json (552 rows, uncapped)"
24142894204,Pastry | Search | Product High Intent | 2026-08-14,197968132966,Product | Glycolic Body Wash,glycolic serum body wash,NONE,glycolic body wash,EXACT,NEAR_EXACT,1,0,0.0,0,0,0,"raw/40_search_term_view_28d_enabled.json (552 rows, uncapped)"
24142894204,Pastry | Search | Product High Intent | 2026-08-14,197968132966,Product | Glycolic Body Wash,10 glycolic acid body wash,NONE,glycolic acid body wash,EXACT,NEAR_EXACT,2,0,0.0,0,0,0,"raw/40_search_term_view_28d_enabled.json (552 rows, uncapped)"
24142894204,Pastry | Search | Product High Intent | 2026-08-14,197968132966,Product | Glycolic Body Wash,body glycolic acid,NONE,glycolic acid body wash,EXACT,NEAR_EXACT,1,0,0.0,0,0,0,"raw/40_search_term_view_28d_enabled.json (552 rows, uncapped)"
24142894204,Pastry | Search | Product High Intent | 2026-08-14,197968132966,Product | Glycolic Body Wash,body wash glycolic acid,NONE,glycolic acid body wash,EXACT,NEAR_EXACT,1,0,0.0,0,0,0,"raw/40_search_term_view_28d_enabled.json (552 rows, uncapped)"
24142894204,Pastry | Search | Product High Intent | 2026-08-14,197968132966,Product | Glycolic Body Wash,body wash with glycolic acid,NONE,glycolic acid body wash,EXACT,NEAR_EXACT,14,0,0.0,0,0,0,"raw/40_search_term_view_28d_enabled.json (552 rows, uncapped)"
24142894204,Pastry | Search | Product High Intent | 2026-08-14,197968132966,Product | Glycolic Body Wash,glycolic acid body,NONE,glycolic acid body wash,EXACT,NEAR_EXACT,3,0,0.0,0,0,0,"raw/40_search_term_view_28d_enabled.json (552 rows, uncapped)"
24142894204,Pastry | Search | Product High Intent | 2026-08-14,197968132966,Product | Glycolic Body Wash,glycolic acid body scrub,NONE,glycolic acid body wash,EXACT,NEAR_EXACT,1,0,0.0,0,0,0,"raw/40_search_term_view_28d_enabled.json (552 rows, uncapped)"
24142894204,Pastry | Search | Product High Intent | 2026-08-14,197968132966,Product | Glycolic Body Wash,glycolic acid body soap,NONE,glycolic acid body wash,EXACT,NEAR_EXACT,1,0,0.0,0,0,0,"raw/40_search_term_view_28d_enabled.json (552 rows, uncapped)"
24142894204,Pastry | Search | Product High Intent | 2026-08-14,197968132966,Product | Glycolic Body Wash,glycolic acid body wash 10,NONE,glycolic acid body wash,EXACT,NEAR_EXACT,2,0,0.0,0,0,0,"raw/40_search_term_view_28d_enabled.json (552 rows, uncapped)"
24142894204,Pastry | Search | Product High Intent | 2026-08-14,197968132966,Product | Glycolic Body Wash,glycolic acid body wash near me,NONE,glycolic acid body wash,EXACT,NEAR_EXACT,2,0,0.0,0,0,0,"raw/40_search_term_view_28d_enabled.json (552 rows, uncapped)"
24142894204,Pastry | Search | Product High Intent | 2026-08-14,197968132966,Product | Glycolic Body Wash,glycolic acid body washes,NONE,glycolic acid body wash,EXACT,NEAR_EXACT,1,0,0.0,0,0,0,"raw/40_search_term_view_28d_enabled.json (552 rows, uncapped)"
24142894204,Pastry | Search | Product High Intent | 2026-08-14,197968132966,Product | Glycolic Body Wash,glycolic acid for body,NONE,glycolic acid body wash,EXACT,NEAR_EXACT,3,0,0.0,0,0,0,"raw/40_search_term_view_28d_enabled.json (552 rows, uncapped)"
24142894204,Pastry | Search | Product High Intent | 2026-08-14,197968132966,Product | Glycolic Body Wash,glycolic acid for the body,NONE,glycolic acid body wash,EXACT,NEAR_EXACT,2,0,0.0,0,0,0,"raw/40_search_term_view_28d_enabled.json (552 rows, uncapped)"
24142894204,Pastry | Search | Product High Intent | 2026-08-14,197968132966,Product | Glycolic Body Wash,glycolic acid wash,NONE,glycolic acid body wash,EXACT,NEAR_EXACT,4,0,0.0,0,0,0,"raw/40_search_term_view_28d_enabled.json (552 rows, uncapped)"
24142894204,Pastry | Search | Product High Intent | 2026-08-14,197968132966,Product | Glycolic Body Wash,glycolic acid wash for body,NONE,glycolic acid body wash,EXACT,NEAR_EXACT,4,0,0.0,0,0,0,"raw/40_search_term_view_28d_enabled.json (552 rows, uncapped)"
24142894204,Pastry | Search | Product High Intent | 2026-08-14,197968132966,Product | Glycolic Body Wash,glycolic body scrub,NONE,glycolic acid body wash,EXACT,NEAR_EXACT,1,0,0.0,0,0,0,"raw/40_search_term_view_28d_enabled.json (552 rows, uncapped)"
24142894204,Pastry | Search | Product High Intent | 2026-08-14,197968132966,Product | Glycolic Body Wash,the smoother glycolic acid body wash,NONE,glycolic acid body wash,EXACT,NEAR_EXACT,1,0,0.0,0,0,0,"raw/40_search_term_view_28d_enabled.json (552 rows, uncapped)"
24142894204,Pastry | Search | Product High Intent | 2026-08-14,197968132966,Product | Glycolic Body Wash,best glycolic acid body wash,ADDED,best glycolic acid body wash,EXACT,EXACT,2,0,0.0,0,0,0,"raw/40_search_term_view_28d_enabled.json (552 rows, uncapped)"
24142894204,Pastry | Search | Product High Intent | 2026-08-14,197968132966,Product | Glycolic Body Wash,glycolic acid shower gel,ADDED,glycolic acid shower gel,EXACT,EXACT,12,0,0.0,0,0,0,"raw/40_search_term_view_28d_enabled.json (552 rows, uncapped)"
24142894204,Pastry | Search | Product High Intent | 2026-08-14,197968132966,Product | Glycolic Body Wash,pastry glycolic body wash,NONE,glycolic acid body wash,PHRASE,NEAR_PHRASE,1,0,0.0,0,0,0,"raw/40_search_term_view_28d_enabled.json (552 rows, uncapped)"
24142894204,Pastry | Search | Product High Intent | 2026-08-14,197968132966,Product | Glycolic Body Wash,10 glycolic acid body wash,NONE,glycolic body wash,PHRASE,PHRASE,1,0,0.0,0,0,0,"raw/40_search_term_view_28d_enabled.json (552 rows, uncapped)"
24142894204,Pastry | Search | Product High Intent | 2026-08-14,197968132966,Product | Glycolic Body Wash,body lab glycolic acid body wash,NONE,glycolic body wash,PHRASE,PHRASE,3,0,0.0,0,0,0,"raw/40_search_term_view_28d_enabled.json (552 rows, uncapped)"
24142894204,Pastry | Search | Product High Intent | 2026-08-14,197968132966,Product | Glycolic Body Wash,bodylab glycolic acid body wash,NONE,glycolic body wash,PHRASE,PHRASE,2,0,0.0,0,0,0,"raw/40_search_term_view_28d_enabled.json (552 rows, uncapped)"
24142894204,Pastry | Search | Product High Intent | 2026-08-14,197968132966,Product | Glycolic Body Wash,glycolic acid and lactic acid body wash,NONE,glycolic body wash,PHRASE,PHRASE,2,0,0.0,0,0,0,"raw/40_search_term_view_28d_enabled.json (552 rows, uncapped)"
24142894204,Pastry | Search | Product High Intent | 2026-08-14,197968132966,Product | Glycolic Body Wash,glycolic acid and salicylic acid body wash,NONE,glycolic body wash,PHRASE,PHRASE,1,0,0.0,0,0,0,"raw/40_search_term_view_28d_enabled.json (552 rows, uncapped)"
24142894204,Pastry | Search | Product High Intent | 2026-08-14,197968132966,Product | Glycolic Body Wash,glycolic acid body wash benefits,NONE,glycolic body wash,PHRASE,PHRASE,4,0,0.0,0,0,0,"raw/40_search_term_view_28d_enabled.json (552 rows, uncapped)"
24142894204,Pastry | Search | Product High Intent | 2026-08-14,197968132966,Product | Glycolic Body Wash,glycolic acid body wash clicks,NONE,glycolic body wash,PHRASE,PHRASE,5,0,0.0,0,0,0,"raw/40_search_term_view_28d_enabled.json (552 rows, uncapped)"
24142894204,Pastry | Search | Product High Intent | 2026-08-14,197968132966,Product | Glycolic Body Wash,glycolic acid body wash dischem,NONE,glycolic body wash,PHRASE,PHRASE,16,0,0.0,0,0,0,"raw/40_search_term_view_28d_enabled.json (552 rows, uncapped)"
24142894204,Pastry | Search | Product High Intent | 2026-08-14,197968132966,Product | Glycolic Body Wash,glycolic acid salicylic acid body wash,NONE,glycolic body wash,PHRASE,PHRASE,1,0,0.0,0,0,0,"raw/40_search_term_view_28d_enabled.json (552 rows, uncapped)"
24142894204,Pastry | Search | Product High Intent | 2026-08-14,197968132966,Product | Glycolic Body Wash,glytone glycolic acid body wash,NONE,glycolic body wash,PHRASE,PHRASE,1,0,0.0,0,0,0,"raw/40_search_term_view_28d_enabled.json (552 rows, uncapped)"
24142894204,Pastry | Search | Product High Intent | 2026-08-14,197968132966,Product | Glycolic Body Wash,inkey lab glycolic acid body wash,NONE,glycolic body wash,PHRASE,PHRASE,1,0,0.0,0,0,0,"raw/40_search_term_view_28d_enabled.json (552 rows, uncapped)"
24142894204,Pastry | Search | Product High Intent | 2026-08-14,197968132966,Product | Glycolic Body Wash,kojic acid glycolic acid body wash,NONE,glycolic body wash,PHRASE,PHRASE,1,0,0.0,0,0,0,"raw/40_search_term_view_28d_enabled.json (552 rows, uncapped)"
24142894204,Pastry | Search | Product High Intent | 2026-08-14,197968132966,Product | Glycolic Body Wash,medix glycolic and lactic acid body wash,NONE,glycolic body wash,PHRASE,PHRASE,1,0,0.0,0,0,0,"raw/40_search_term_view_28d_enabled.json (552 rows, uncapped)"
24142894204,Pastry | Search | Product High Intent | 2026-08-14,197968132966,Product | Glycolic Body Wash,naturium body wash glycolic,NONE,glycolic body wash,PHRASE,PHRASE,1,0,0.0,0,0,0,"raw/40_search_term_view_28d_enabled.json (552 rows, uncapped)"
24142894204,Pastry | Search | Product High Intent | 2026-08-14,197968132966,Product | Glycolic Body Wash,naturium glycolic acid body wash,NONE,glycolic body wash,PHRASE,PHRASE,9,0,0.0,0,0,0,"raw/40_search_term_view_28d_enabled.json (552 rows, uncapped)"
24142894204,Pastry | Search | Product High Intent | 2026-08-14,197968132966,Product | Glycolic Body Wash,naturium glycolic body wash,NONE,glycolic body wash,PHRASE,PHRASE,13,0,0.0,0,0,0,"raw/40_search_term_view_28d_enabled.json (552 rows, uncapped)"
24142894204,Pastry | Search | Product High Intent | 2026-08-14,197968132966,Product | Glycolic Body Wash,naturium the smoother glycolic acid body wash,NONE,glycolic body wash,PHRASE,PHRASE,1,0,0.0,0,0,0,"raw/40_search_term_view_28d_enabled.json (552 rows, uncapped)"
24142894204,Pastry | Search | Product High Intent | 2026-08-14,197968132966,Product | Glycolic Body Wash,naturium the smoother glycolic acid exfoliating body wash,NONE,glycolic body wash,PHRASE,PHRASE,3,0,0.0,0,0,0,"raw/40_search_term_view_28d_enabled.json (552 rows, uncapped)"
24142894204,Pastry | Search | Product High Intent | 2026-08-14,197968132966,Product | Glycolic Body Wash,salicylic acid glycolic acid body wash,NONE,glycolic body wash,PHRASE,PHRASE,1,0,0.0,0,0,0,"raw/40_search_term_view_28d_enabled.json (552 rows, uncapped)"
24142894204,Pastry | Search | Product High Intent | 2026-08-14,197968132966,Product | Glycolic Body Wash,the ordinary glycolic acid body wash,NONE,glycolic body wash,PHRASE,PHRASE,1,0,0.0,0,0,0,"raw/40_search_term_view_28d_enabled.json (552 rows, uncapped)"
24142894204,Pastry | Search | Product High Intent | 2026-08-14,197968132966,Product | Glycolic Body Wash,glytone exfoliating body wash,NONE,glycolic body wash,PHRASE,NEAR_PHRASE,1,0,0.0,0,0,0,"raw/40_search_term_view_28d_enabled.json (552 rows, uncapped)"
24142894204,Pastry | Search | Product High Intent | 2026-08-14,197968132966,Product | Glycolic Body Wash,body lab glycolic acid,NONE,glycolic acid body cleanser,PHRASE,NEAR_PHRASE,1,0,0.0,0,0,0,"raw/40_search_term_view_28d_enabled.json (552 rows, uncapped)"
24142894204,Pastry | Search | Product High Intent | 2026-08-14,197968132966,Product | Glycolic Body Wash,body scrub with glycolic acid,NONE,glycolic acid body cleanser,PHRASE,NEAR_PHRASE,1,0,0.0,0,0,0,"raw/40_search_term_view_28d_enabled.json (552 rows, uncapped)"
24142894204,Pastry | Search | Product High Intent | 2026-08-14,197968132966,Product | Glycolic Body Wash,glycolic acid bar soap,NONE,glycolic acid body cleanser,PHRASE,NEAR_PHRASE,2,0,0.0,0,0,0,"raw/40_search_term_view_28d_enabled.json (552 rows, uncapped)"
24142894204,Pastry | Search | Product High Intent | 2026-08-14,197968132966,Product | Glycolic Body Wash,glycolic acid soap clicks,NONE,glycolic acid body cleanser,PHRASE,NEAR_PHRASE,1,0,0.0,0,0,0,"raw/40_search_term_view_28d_enabled.json (552 rows, uncapped)"
24142894204,Pastry | Search | Product High Intent | 2026-08-14,197968132966,Product | Glycolic Body Wash,glycolic body scrub,NONE,glycolic acid body cleanser,PHRASE,NEAR_PHRASE,2,0,0.0,0,0,0,"raw/40_search_term_view_28d_enabled.json (552 rows, uncapped)"
24142894204,Pastry | Search | Product High Intent | 2026-08-14,197968132966,Product | Glycolic Body Wash,glytone exfoliating body wash,NONE,glycolic acid body cleanser,PHRASE,NEAR_PHRASE,1,0,0.0,0,0,0,"raw/40_search_term_view_28d_enabled.json (552 rows, uncapped)"
24142894204,Pastry | Search | Product High Intent | 2026-08-14,197968132966,Product | Glycolic Body Wash,standard beauty glycolic acid,NONE,glycolic acid body cleanser,PHRASE,NEAR_PHRASE,1,0,0.0,0,0,0,"raw/40_search_term_view_28d_enabled.json (552 rows, uncapped)"
24142894204,Pastry | Search | Product High Intent | 2026-08-14,197968132966,Product | Glycolic Body Wash,shower gel with glycolic acid,ADDED,shower gel with glycolic acid,EXACT,EXACT,5,0,0.0,0,0,0,"raw/40_search_term_view_28d_enabled.json (552 rows, uncapped)"
24142894204,Pastry | Search | Product High Intent | 2026-08-14,197968132966,Product | Glycolic Body Wash,glycolic acid wash,NONE,shower gel with glycolic acid,EXACT,NEAR_EXACT,5,0,0.0,0,0,0,"raw/40_search_term_view_28d_enabled.json (552 rows, uncapped)"
24142894204,Pastry | Search | Product High Intent | 2026-08-14,197968132966,Product | Glycolic Body Wash,glycolic acid body scrub,NONE,glycolic acid body cleanser,EXACT,NEAR_EXACT,1,0,0.0,0,0,0,"raw/40_search_term_view_28d_enabled.json (552 rows, uncapped)"
24142894204,Pastry | Search | Product High Intent | 2026-08-14,197968132966,Product | Glycolic Body Wash,glycolic shower gel,ADDED,glycolic shower gel,EXACT,EXACT,2,0,0.0,0,0,0,"raw/40_search_term_view_28d_enabled.json (552 rows, uncapped)"
24142894204,Pastry | Search | Product High Intent | 2026-08-14,197968132966,Product | Glycolic Body Wash,shower gel glycolic acid,NONE,glycolic shower gel,EXACT,NEAR_EXACT,1,0,0.0,0,0,0,"raw/40_search_term_view_28d_enabled.json (552 rows, uncapped)"
24142894204,Pastry | Search | Product High Intent | 2026-08-14,197968132966,Product | Glycolic Body Wash,pastry glycolic body wash,NONE,shower gel with glycolic acid,PHRASE,NEAR_PHRASE,1,0,0.0,0,0,0,"raw/40_search_term_view_28d_enabled.json (552 rows, uncapped)"
24142894204,Pastry | Search | Product High Intent | 2026-08-14,197968133206,Product | Hyaluronic Body Lotion,hyaluronic acid body lotion,ADDED,hyaluronic acid body lotion,EXACT,EXACT,5,0,0.0,0,0,0,"raw/40_search_term_view_28d_enabled.json (552 rows, uncapped)"
24142894204,Pastry | Search | Product High Intent | 2026-08-14,197968133206,Product | Hyaluronic Body Lotion,body cream hyaluronic acid,NONE,hyaluronic acid body lotion,EXACT,NEAR_EXACT,1,0,0.0,0,0,0,"raw/40_search_term_view_28d_enabled.json (552 rows, uncapped)"
24142894204,Pastry | Search | Product High Intent | 2026-08-14,197968133206,Product | Hyaluronic Body Lotion,body cream with hyaluronic acid,NONE,hyaluronic acid body lotion,EXACT,NEAR_EXACT,1,0,0.0,0,0,0,"raw/40_search_term_view_28d_enabled.json (552 rows, uncapped)"
24142894204,Pastry | Search | Product High Intent | 2026-08-14,197968133206,Product | Hyaluronic Body Lotion,body lotion with hyaluronic acid,NONE,hyaluronic acid body lotion,EXACT,NEAR_EXACT,1,0,0.0,0,0,0,"raw/40_search_term_view_28d_enabled.json (552 rows, uncapped)"
24142894204,Pastry | Search | Product High Intent | 2026-08-14,197968133206,Product | Hyaluronic Body Lotion,hyaluronic acid body cream,NONE,hyaluronic acid body lotion,EXACT,NEAR_EXACT,1,0,0.0,0,0,0,"raw/40_search_term_view_28d_enabled.json (552 rows, uncapped)"
24142894204,Pastry | Search | Product High Intent | 2026-08-14,197968133206,Product | Hyaluronic Body Lotion,hyaluronic acid for body,NONE,hyaluronic acid body lotion,EXACT,NEAR_EXACT,1,0,0.0,0,0,0,"raw/40_search_term_view_28d_enabled.json (552 rows, uncapped)"
24142894204,Pastry | Search | Product High Intent | 2026-08-14,197968133206,Product | Hyaluronic Body Lotion,hyaluronic acid lotion,NONE,hyaluronic acid body lotion,EXACT,NEAR_EXACT,3,0,0.0,0,0,0,"raw/40_search_term_view_28d_enabled.json (552 rows, uncapped)"
24142894204,Pastry | Search | Product High Intent | 2026-08-14,197968133206,Product | Hyaluronic Body Lotion,hyaluronic acid lotion for body,NONE,hyaluronic acid body lotion,EXACT,NEAR_EXACT,2,0,0.0,0,0,0,"raw/40_search_term_view_28d_enabled.json (552 rows, uncapped)"
24142894204,Pastry | Search | Product High Intent | 2026-08-14,197968133246,Product | Lactic Body Wash,lactic acid body scrub,NONE,lactic acid body wash,EXACT,NEAR_EXACT,1,0,0.0,0,0,0,"raw/40_search_term_view_28d_enabled.json (552 rows, uncapped)"
24142894204,Pastry | Search | Product High Intent | 2026-08-14,197968133246,Product | Lactic Body Wash,lactic acid shower gel,NONE,lactic acid body wash,EXACT,NEAR_EXACT,3,0,0.0,0,0,0,"raw/40_search_term_view_28d_enabled.json (552 rows, uncapped)"
24142894204,Pastry | Search | Product High Intent | 2026-08-14,197968133246,Product | Lactic Body Wash,lactic acid wash,NONE,lactic acid body wash,EXACT,NEAR_EXACT,2,0,0.0,0,0,0,"raw/40_search_term_view_28d_enabled.json (552 rows, uncapped)"
24142894204,Pastry | Search | Product High Intent | 2026-08-14,197968133246,Product | Lactic Body Wash,lactic body wash,NONE,lactic acid body wash,EXACT,NEAR_EXACT,1,0,0.0,0,0,0,"raw/40_search_term_view_28d_enabled.json (552 rows, uncapped)"
24142894204,Pastry | Search | Product High Intent | 2026-08-14,197968133246,Product | Lactic Body Wash,body wash with urea and lactic acid,NONE,lactic acid body wash,PHRASE,PHRASE,1,0,0.0,0,0,0,"raw/40_search_term_view_28d_enabled.json (552 rows, uncapped)"
24142894204,Pastry | Search | Product High Intent | 2026-08-14,197968133246,Product | Lactic Body Wash,glycolic acid and lactic acid body wash,NONE,lactic acid body wash,PHRASE,PHRASE,1,0,0.0,0,0,0,"raw/40_search_term_view_28d_enabled.json (552 rows, uncapped)"
24142894204,Pastry | Search | Product High Intent | 2026-08-14,197968133246,Product | Lactic Body Wash,lactic acid body wash benefits,NONE,lactic acid body wash,PHRASE,PHRASE,1,0,0.0,0,0,0,"raw/40_search_term_view_28d_enabled.json (552 rows, uncapped)"
24142894204,Pastry | Search | Product High Intent | 2026-08-14,197968133246,Product | Lactic Body Wash,medix glycolic and lactic acid body wash,NONE,lactic acid body wash,PHRASE,PHRASE,1,0,0.0,0,0,0,"raw/40_search_term_view_28d_enabled.json (552 rows, uncapped)"
24142894204,Pastry | Search | Product High Intent | 2026-08-14,197968133246,Product | Lactic Body Wash,chemist at play body wash,NONE,lactic acid body wash,PHRASE,NEAR_PHRASE,1,0,0.0,0,0,0,"raw/40_search_term_view_28d_enabled.json (552 rows, uncapped)"
24142894204,Pastry | Search | Product High Intent | 2026-08-14,197968133406,Product | Mandelic Body Wash,body wash with mandelic acid,NONE,mandelic acid body wash,EXACT,NEAR_EXACT,3,0,0.0,0,0,0,"raw/40_search_term_view_28d_enabled.json (552 rows, uncapped)"
24142894204,Pastry | Search | Product High Intent | 2026-08-14,197968133406,Product | Mandelic Body Wash,mandelic acid body,NONE,mandelic acid body wash,EXACT,NEAR_EXACT,2,0,0.0,0,0,0,"raw/40_search_term_view_28d_enabled.json (552 rows, uncapped)"
24142894204,Pastry | Search | Product High Intent | 2026-08-14,197968133406,Product | Mandelic Body Wash,mandelic acid for body,NONE,mandelic acid body wash,EXACT,NEAR_EXACT,4,0,0.0,0,0,0,"raw/40_search_term_view_28d_enabled.json (552 rows, uncapped)"
24142894204,Pastry | Search | Product High Intent | 2026-08-14,197968133406,Product | Mandelic Body Wash,mandelic acid soap,NONE,mandelic acid body wash,EXACT,NEAR_EXACT,1,0,0.0,0,0,0,"raw/40_search_term_view_28d_enabled.json (552 rows, uncapped)"
24142894204,Pastry | Search | Product High Intent | 2026-08-14,197968133406,Product | Mandelic Body Wash,mandelic body wash,NONE,mandelic acid body wash,EXACT,NEAR_EXACT,5,0,0.0,0,0,0,"raw/40_search_term_view_28d_enabled.json (552 rows, uncapped)"
24142894204,Pastry | Search | Product High Intent | 2026-08-14,197968133446,Product | Niacinamide Body Butter,niacinamide body butter,ADDED,niacinamide body butter,EXACT,EXACT,10,0,0.0,0,0,0,"raw/40_search_term_view_28d_enabled.json (552 rows, uncapped)"
24142894204,Pastry | Search | Product High Intent | 2026-08-14,197968133446,Product | Niacinamide Body Butter,body lotion with niacinamide,NONE,niacinamide body butter,EXACT,NEAR_EXACT,1,0,0.0,0,0,0,"raw/40_search_term_view_28d_enabled.json (552 rows, uncapped)"
24142894204,Pastry | Search | Product High Intent | 2026-08-14,197968133446,Product | Niacinamide Body Butter,body moisturizer with niacinamide,NONE,niacinamide body butter,EXACT,NEAR_EXACT,1,0,0.0,0,0,0,"raw/40_search_term_view_28d_enabled.json (552 rows, uncapped)"
24142894204,Pastry | Search | Product High Intent | 2026-08-14,197968133446,Product | Niacinamide Body Butter,niacinamide body cream,NONE,niacinamide body butter,EXACT,NEAR_EXACT,3,0,0.0,0,0,0,"raw/40_search_term_view_28d_enabled.json (552 rows, uncapped)"
24142894204,Pastry | Search | Product High Intent | 2026-08-14,197968133486,Product | Niacinamide Body Lotion,best niacinamide body lotion,NONE,niacinamide body lotion,EXACT,NEAR_EXACT,2,0,0.0,0,0,0,"raw/40_search_term_view_28d_enabled.json (552 rows, uncapped)"
24142894204,Pastry | Search | Product High Intent | 2026-08-14,197968133486,Product | Niacinamide Body Lotion,body lotion with niacinamide,NONE,niacinamide body lotion,EXACT,NEAR_EXACT,6,0,0.0,0,0,0,"raw/40_search_term_view_28d_enabled.json (552 rows, uncapped)"
24142894204,Pastry | Search | Product High Intent | 2026-08-14,197968133486,Product | Niacinamide Body Lotion,body niacinamide,NONE,niacinamide body lotion,EXACT,NEAR_EXACT,2,0,0.0,0,0,0,"raw/40_search_term_view_28d_enabled.json (552 rows, uncapped)"
24142894204,Pastry | Search | Product High Intent | 2026-08-14,197968133486,Product | Niacinamide Body Lotion,lotion with niacinamide,NONE,niacinamide body lotion,EXACT,NEAR_EXACT,4,0,0.0,0,0,0,"raw/40_search_term_view_28d_enabled.json (552 rows, uncapped)"
24142894204,Pastry | Search | Product High Intent | 2026-08-14,197968133486,Product | Niacinamide Body Lotion,lotions with niacinamide,NONE,niacinamide body lotion,EXACT,NEAR_EXACT,1,0,0.0,0,0,0,"raw/40_search_term_view_28d_enabled.json (552 rows, uncapped)"
24142894204,Pastry | Search | Product High Intent | 2026-08-14,197968133486,Product | Niacinamide Body Lotion,niacinamide body,NONE,niacinamide body lotion,EXACT,NEAR_EXACT,3,0,0.0,0,0,0,"raw/40_search_term_view_28d_enabled.json (552 rows, uncapped)"
24142894204,Pastry | Search | Product High Intent | 2026-08-14,197968133486,Product | Niacinamide Body Lotion,niacinamide body cream,NONE,niacinamide body lotion,EXACT,NEAR_EXACT,2,0,0.0,0,0,0,"raw/40_search_term_view_28d_enabled.json (552 rows, uncapped)"
24142894204,Pastry | Search | Product High Intent | 2026-08-14,197968133486,Product | Niacinamide Body Lotion,niacinamide body lotions,NONE,niacinamide body lotion,EXACT,NEAR_EXACT,1,0,0.0,0,0,0,"raw/40_search_term_view_28d_enabled.json (552 rows, uncapped)"
24142894204,Pastry | Search | Product High Intent | 2026-08-14,197968133486,Product | Niacinamide Body Lotion,niacinamide for the body,NONE,niacinamide body lotion,EXACT,NEAR_EXACT,1,0,0.0,0,0,0,"raw/40_search_term_view_28d_enabled.json (552 rows, uncapped)"
24142894204,Pastry | Search | Product High Intent | 2026-08-14,197968133486,Product | Niacinamide Body Lotion,niacinamide lotion for body,NONE,niacinamide body lotion,EXACT,NEAR_EXACT,3,0,0.0,0,0,0,"raw/40_search_term_view_28d_enabled.json (552 rows, uncapped)"
24142894204,Pastry | Search | Product High Intent | 2026-08-14,197968133486,Product | Niacinamide Body Lotion,5 niacinamide body lotion,NONE,niacinamide body lotion,PHRASE,PHRASE,1,0,0.0,0,0,0,"raw/40_search_term_view_28d_enabled.json (552 rows, uncapped)"
24142894204,Pastry | Search | Product High Intent | 2026-08-14,197968133486,Product | Niacinamide Body Lotion,baren vita capsule niacinamide 5 brightening body lotion,NONE,niacinamide body lotion,PHRASE,PHRASE,1,0,0.0,0,0,0,"raw/40_search_term_view_28d_enabled.json (552 rows, uncapped)"
24142894204,Pastry | Search | Product High Intent | 2026-08-14,197968133486,Product | Niacinamide Body Lotion,being kind niacinamide body lotion,NONE,niacinamide body lotion,PHRASE,PHRASE,4,0,0.0,0,0,0,"raw/40_search_term_view_28d_enabled.json (552 rows, uncapped)"
24142894204,Pastry | Search | Product High Intent | 2026-08-14,197968133486,Product | Niacinamide Body Lotion,benefits of niacinamide body lotion,NONE,niacinamide body lotion,PHRASE,PHRASE,1,0,0.0,0,0,0,"raw/40_search_term_view_28d_enabled.json (552 rows, uncapped)"
24142894204,Pastry | Search | Product High Intent | 2026-08-14,197968133486,Product | Niacinamide Body Lotion,body lotion with niacinamide and vitamin c,NONE,niacinamide body lotion,PHRASE,PHRASE,7,0,0.0,0,0,0,"raw/40_search_term_view_28d_enabled.json (552 rows, uncapped)"
24142894204,Pastry | Search | Product High Intent | 2026-08-14,197968133486,Product | Niacinamide Body Lotion,body lotion with vitamin c and niacinamide,NONE,niacinamide body lotion,PHRASE,PHRASE,1,0,0.0,0,0,0,"raw/40_search_term_view_28d_enabled.json (552 rows, uncapped)"
24142894204,Pastry | Search | Product High Intent | 2026-08-14,197968133486,Product | Niacinamide Body Lotion,glutathione and niacinamide body lotion,NONE,niacinamide body lotion,PHRASE,PHRASE,3,0,0.0,0,0,0,"raw/40_search_term_view_28d_enabled.json (552 rows, uncapped)"
24142894204,Pastry | Search | Product High Intent | 2026-08-14,197968133486,Product | Niacinamide Body Lotion,glutathione niacinamide body lotion,NONE,niacinamide body lotion,PHRASE,PHRASE,14,0,0.0,0,0,0,"raw/40_search_term_view_28d_enabled.json (552 rows, uncapped)"
24142894204,Pastry | Search | Product High Intent | 2026-08-14,197968133486,Product | Niacinamide Body Lotion,glutathione niacinamide body lotion price,NONE,niacinamide body lotion,PHRASE,PHRASE,1,0,0.0,0,0,0,"raw/40_search_term_view_28d_enabled.json (552 rows, uncapped)"
24142894204,Pastry | Search | Product High Intent | 2026-08-14,197968133486,Product | Niacinamide Body Lotion,hey you body lotion with niacinamide,NONE,niacinamide body lotion,PHRASE,PHRASE,3,0,0.0,0,0,0,"raw/40_search_term_view_28d_enabled.json (552 rows, uncapped)"
24142894204,Pastry | Search | Product High Intent | 2026-08-14,197968133486,Product | Niacinamide Body Lotion,mixa niacinamide bright body lotion,NONE,niacinamide body lotion,PHRASE,PHRASE,1,0,0.0,0,0,0,"raw/40_search_term_view_28d_enabled.json (552 rows, uncapped)"
24142894204,Pastry | Search | Product High Intent | 2026-08-14,197968133486,Product | Niacinamide Body Lotion,niacinamide and glutathione body lotion,NONE,niacinamide body lotion,PHRASE,PHRASE,1,0,0.0,0,0,0,"raw/40_search_term_view_28d_enabled.json (552 rows, uncapped)"
24142894204,Pastry | Search | Product High Intent | 2026-08-14,197968133486,Product | Niacinamide Body Lotion,niacinamide and vitamin c body lotion,NONE,niacinamide body lotion,PHRASE,PHRASE,2,0,0.0,0,0,0,"raw/40_search_term_view_28d_enabled.json (552 rows, uncapped)"
24142894204,Pastry | Search | Product High Intent | 2026-08-14,197968133486,Product | Niacinamide Body Lotion,niacinamide body lotion benefits,NONE,niacinamide body lotion,PHRASE,PHRASE,3,0,0.0,0,0,0,"raw/40_search_term_view_28d_enabled.json (552 rows, uncapped)"
24142894204,Pastry | Search | Product High Intent | 2026-08-14,197968133486,Product | Niacinamide Body Lotion,niacinamide body lotion clicks,NONE,niacinamide body lotion,PHRASE,PHRASE,4,0,0.0,0,0,0,"raw/40_search_term_view_28d_enabled.json (552 rows, uncapped)"
24142894204,Pastry | Search | Product High Intent | 2026-08-14,197968133486,Product | Niacinamide Body Lotion,niacinamide body lotion dischem,NONE,niacinamide body lotion,PHRASE,PHRASE,2,0,0.0,0,0,0,"raw/40_search_term_view_28d_enabled.json (552 rows, uncapped)"
24142894204,Pastry | Search | Product High Intent | 2026-08-14,197968133486,Product | Niacinamide Body Lotion,vaseline body lotion with niacinamide,NONE,niacinamide body lotion,PHRASE,PHRASE,1,0,0.0,0,0,0,"raw/40_search_term_view_28d_enabled.json (552 rows, uncapped)"
24142894204,Pastry | Search | Product High Intent | 2026-08-14,197968133486,Product | Niacinamide Body Lotion,vitamin c and niacinamide body lotion,NONE,niacinamide body lotion,PHRASE,PHRASE,1,0,0.0,0,0,0,"raw/40_search_term_view_28d_enabled.json (552 rows, uncapped)"
24142894204,Pastry | Search | Product High Intent | 2026-08-14,197968133486,Product | Niacinamide Body Lotion,dove niacinamide lotion,NONE,niacinamide body lotion,PHRASE,NEAR_PHRASE,2,0,0.0,0,0,0,"raw/40_search_term_view_28d_enabled.json (552 rows, uncapped)"
24142894204,Pastry | Search | Product High Intent | 2026-08-14,197968133486,Product | Niacinamide Body Lotion,niacinamide hand lotion,NONE,niacinamide body lotion,PHRASE,NEAR_PHRASE,2,0,0.0,0,0,0,"raw/40_search_term_view_28d_enabled.json (552 rows, uncapped)"
24142894204,Pastry | Search | Product High Intent | 2026-08-14,197968133486,Product | Niacinamide Body Lotion,niacinamide lotion benefits,NONE,niacinamide body lotion,PHRASE,NEAR_PHRASE,1,0,0.0,0,0,0,"raw/40_search_term_view_28d_enabled.json (552 rows, uncapped)"
24142894204,Pastry | Search | Product High Intent | 2026-08-14,197968133486,Product | Niacinamide Body Lotion,niacinamide lotion benefits for skin,NONE,niacinamide body lotion,PHRASE,NEAR_PHRASE,1,0,0.0,0,0,0,"raw/40_search_term_view_28d_enabled.json (552 rows, uncapped)"
24142894204,Pastry | Search | Product High Intent | 2026-08-14,197968133486,Product | Niacinamide Body Lotion,some by mi yuja niacin body lotion,NONE,niacinamide body lotion,PHRASE,NEAR_PHRASE,2,0,0.0,0,0,0,"raw/40_search_term_view_28d_enabled.json (552 rows, uncapped)"
24142894204,Pastry | Search | Product High Intent | 2026-08-14,197968133486,Product | Niacinamide Body Lotion,vaseline niacinamide lotion,NONE,niacinamide body lotion,PHRASE,NEAR_PHRASE,1,0,0.0,0,0,0,"raw/40_search_term_view_28d_enabled.json (552 rows, uncapped)"
24142894204,Pastry | Search | Product High Intent | 2026-08-14,197968133646,Product | Niacinamide Body Mist,niacinamide body mist,ADDED,niacinamide body mist,EXACT,EXACT,2,0,0.0,0,0,0,"raw/40_search_term_view_28d_enabled.json (552 rows, uncapped)"
24142894204,Pastry | Search | Product High Intent | 2026-08-14,197968133646,Product | Niacinamide Body Mist,niacinamide body spray,NONE,niacinamide body mist,EXACT,NEAR_EXACT,1,0,0.0,0,0,0,"raw/40_search_term_view_28d_enabled.json (552 rows, uncapped)"
24142894204,Pastry | Search | Product High Intent | 2026-08-14,197968133686,Product | Niacinamide SPF50,niacinamide sunscreen spf 50,NONE,niacinamide spf50 sunscreen,EXACT,NEAR_EXACT,1,0,0.0,0,0,0,"raw/40_search_term_view_28d_enabled.json (552 rows, uncapped)"
24142894204,Pastry | Search | Product High Intent | 2026-08-14,197968133726,Product | Pigmentation Serum,anti pigment serum,NONE,pigmentation correction serum,EXACT,NEAR_EXACT,1,0,0.0,0,0,0,"raw/40_search_term_view_28d_enabled.json (552 rows, uncapped)"
24142894204,Pastry | Search | Product High Intent | 2026-08-14,197968133726,Product | Pigmentation Serum,anti pigmentation serum,NONE,pigmentation correction serum,EXACT,NEAR_EXACT,1,0,0.0,0,0,0,"raw/40_search_term_view_28d_enabled.json (552 rows, uncapped)"
24142894204,Pastry | Search | Product High Intent | 2026-08-14,197968133726,Product | Pigmentation Serum,anti pigmentation serums,NONE,pigmentation correction serum,EXACT,NEAR_EXACT,1,0,0.0,0,0,0,"raw/40_search_term_view_28d_enabled.json (552 rows, uncapped)"
24142894204,Pastry | Search | Product High Intent | 2026-08-14,197968133726,Product | Pigmentation Serum,best serum for hyperpigmentation,NONE,pigmentation correction serum,EXACT,NEAR_EXACT,3,0,0.0,0,0,0,"raw/40_search_term_view_28d_enabled.json (552 rows, uncapped)"
24142894204,Pastry | Search | Product High Intent | 2026-08-14,197968133726,Product | Pigmentation Serum,best serum for hyperpigmentation on face,NONE,pigmentation correction serum,EXACT,NEAR_EXACT,4,0,0.0,0,0,0,"raw/40_search_term_view_28d_enabled.json (552 rows, uncapped)"
24142894204,Pastry | Search | Product High Intent | 2026-08-14,197968133726,Product | Pigmentation Serum,best serum for pigmentation on face,NONE,pigmentation correction serum,EXACT,NEAR_EXACT,1,0,0.0,0,0,0,"raw/40_search_term_view_28d_enabled.json (552 rows, uncapped)"
24142894204,Pastry | Search | Product High Intent | 2026-08-14,197968133726,Product | Pigmentation Serum,correcting dark spot serum,NONE,pigmentation correction serum,EXACT,NEAR_EXACT,1,0,0.0,0,0,0,"raw/40_search_term_view_28d_enabled.json (552 rows, uncapped)"
24142894204,Pastry | Search | Product High Intent | 2026-08-14,197968133726,Product | Pigmentation Serum,dark spot correcting brightening serum,NONE,pigmentation correction serum,EXACT,NEAR_EXACT,1,0,0.0,0,0,0,"raw/40_search_term_view_28d_enabled.json (552 rows, uncapped)"
24142894204,Pastry | Search | Product High Intent | 2026-08-14,197968133726,Product | Pigmentation Serum,dark spot remover serum for face,NONE,pigmentation correction serum,EXACT,NEAR_EXACT,1,0,0.0,0,0,0,"raw/40_search_term_view_28d_enabled.json (552 rows, uncapped)"
24142894204,Pastry | Search | Product High Intent | 2026-08-14,197968133726,Product | Pigmentation Serum,discoloration correcting serum,NONE,pigmentation correction serum,EXACT,NEAR_EXACT,6,0,0.0,0,0,0,"raw/40_search_term_view_28d_enabled.json (552 rows, uncapped)"
24142894204,Pastry | Search | Product High Intent | 2026-08-14,197968133726,Product | Pigmentation Serum,face serum for dark spots,NONE,pigmentation correction serum,EXACT,NEAR_EXACT,1,0,0.0,0,0,0,"raw/40_search_term_view_28d_enabled.json (552 rows, uncapped)"
24142894204,Pastry | Search | Product High Intent | 2026-08-14,197968133726,Product | Pigmentation Serum,hyperpigmentation serum,NONE,pigmentation correction serum,EXACT,NEAR_EXACT,1,0,0.0,0,0,0,"raw/40_search_term_view_28d_enabled.json (552 rows, uncapped)"
24142894204,Pastry | Search | Product High Intent | 2026-08-14,197968133726,Product | Pigmentation Serum,pigment correcting serum,NONE,pigmentation correction serum,EXACT,NEAR_EXACT,2,0,0.0,0,0,0,"raw/40_search_term_view_28d_enabled.json (552 rows, uncapped)"
24142894204,Pastry | Search | Product High Intent | 2026-08-14,197968133726,Product | Pigmentation Serum,pigmentation serum,NONE,pigmentation correction serum,EXACT,NEAR_EXACT,1,0,0.0,0,0,0,"raw/40_search_term_view_28d_enabled.json (552 rows, uncapped)"
24142894204,Pastry | Search | Product High Intent | 2026-08-14,197968133726,Product | Pigmentation Serum,pigmentation serums,NONE,pigmentation correction serum,EXACT,NEAR_EXACT,1,0,0.0,0,0,0,"raw/40_search_term_view_28d_enabled.json (552 rows, uncapped)"
24142894204,Pastry | Search | Product High Intent | 2026-08-14,197968133726,Product | Pigmentation Serum,serum for dark spots,NONE,pigmentation correction serum,EXACT,NEAR_EXACT,1,0,0.0,0,0,0,"raw/40_search_term_view_28d_enabled.json (552 rows, uncapped)"
24142894204,Pastry | Search | Product High Intent | 2026-08-14,197968133726,Product | Pigmentation Serum,serum to reduce dark spots and pigmentation,NONE,pigmentation correction serum,EXACT,NEAR_EXACT,1,0,0.0,0,0,0,"raw/40_search_term_view_28d_enabled.json (552 rows, uncapped)"
24142894204,Pastry | Search | Product High Intent | 2026-08-14,197968133726,Product | Pigmentation Serum,serum to remove melasma,NONE,pigmentation correction serum,EXACT,NEAR_EXACT,1,0,0.0,0,0,0,"raw/40_search_term_view_28d_enabled.json (552 rows, uncapped)"
24142894204,Pastry | Search | Product High Intent | 2026-08-14,197968133726,Product | Pigmentation Serum,serums for hyperpigmentation and dark spots,NONE,pigmentation correction serum,EXACT,NEAR_EXACT,1,0,0.0,0,0,0,"raw/40_search_term_view_28d_enabled.json (552 rows, uncapped)"
24142894204,Pastry | Search | Product High Intent | 2026-08-14,197968133726,Product | Pigmentation Serum,skin discoloration serum,NONE,pigmentation correction serum,EXACT,NEAR_EXACT,1,0,0.0,0,0,0,"raw/40_search_term_view_28d_enabled.json (552 rows, uncapped)"
24142894204,Pastry | Search | Product High Intent | 2026-08-14,197968133726,Product | Pigmentation Serum,spot serum,NONE,pigmentation correction serum,EXACT,NEAR_EXACT,1,0,0.0,0,0,0,"raw/40_search_term_view_28d_enabled.json (552 rows, uncapped)"
24142894204,Pastry | Search | Product High Intent | 2026-08-14,197968133726,Product | Pigmentation Serum,stubborn pigmentation serum,NONE,pigmentation correction serum,EXACT,NEAR_EXACT,1,0,0.0,0,0,0,"raw/40_search_term_view_28d_enabled.json (552 rows, uncapped)"
24142894204,Pastry | Search | Product High Intent | 2026-08-14,197968133726,Product | Pigmentation Serum,uneven skin tone serum,NONE,pigmentation correction serum,EXACT,NEAR_EXACT,1,0,0.0,0,0,0,"raw/40_search_term_view_28d_enabled.json (552 rows, uncapped)"
24142894204,Pastry | Search | Product High Intent | 2026-08-14,197968133726,Product | Pigmentation Serum,what is the best serum for dark spots,NONE,pigmentation correction serum,EXACT,NEAR_EXACT,1,0,0.0,0,0,0,"raw/40_search_term_view_28d_enabled.json (552 rows, uncapped)"
24142894204,Pastry | Search | Product High Intent | 2026-08-14,197968133726,Product | Pigmentation Serum,what is the best serum for hyperpigmentation,NONE,pigmentation correction serum,EXACT,NEAR_EXACT,1,0,0.0,0,0,0,"raw/40_search_term_view_28d_enabled.json (552 rows, uncapped)"
24142894204,Pastry | Search | Product High Intent | 2026-08-14,197968133726,Product | Pigmentation Serum,which serum is good for pigmentation,NONE,pigmentation correction serum,EXACT,NEAR_EXACT,1,0,0.0,0,0,0,"raw/40_search_term_view_28d_enabled.json (552 rows, uncapped)"
24142894204,Pastry | Search | Product High Intent | 2026-08-14,197968133886,Product | Salicylic Body Wash,1 salicylic acid body wash,NONE,salicylic acid body wash,EXACT,NEAR_EXACT,1,0,0.0,0,0,0,"raw/40_search_term_view_28d_enabled.json (552 rows, uncapped)"
24142894204,Pastry | Search | Product High Intent | 2026-08-14,197968133886,Product | Salicylic Body Wash,acid body wash,NONE,salicylic acid body wash,EXACT,NEAR_EXACT,1,0,0.0,0,0,0,"raw/40_search_term_view_28d_enabled.json (552 rows, uncapped)"
24142894204,Pastry | Search | Product High Intent | 2026-08-14,197968133886,Product | Salicylic Body Wash,best salicylic acid body wash,NONE,salicylic acid body wash,EXACT,NEAR_EXACT,3,0,0.0,0,0,0,"raw/40_search_term_view_28d_enabled.json (552 rows, uncapped)"
24142894204,Pastry | Search | Product High Intent | 2026-08-14,197968133886,Product | Salicylic Body Wash,best salicylic acid for body,NONE,salicylic acid body wash,EXACT,NEAR_EXACT,2,0,0.0,0,0,0,"raw/40_search_term_view_28d_enabled.json (552 rows, uncapped)"
24142894204,Pastry | Search | Product High Intent | 2026-08-14,197968133886,Product | Salicylic Body Wash,body salicylic acid,NONE,salicylic acid body wash,EXACT,NEAR_EXACT,1,0,0.0,0,0,0,"raw/40_search_term_view_28d_enabled.json (552 rows, uncapped)"
24142894204,Pastry | Search | Product High Intent | 2026-08-14,197968133886,Product | Salicylic Body Wash,body scrub salicylic acid,NONE,salicylic acid body wash,EXACT,NEAR_EXACT,1,0,0.0,0,0,0,"raw/40_search_term_view_28d_enabled.json (552 rows, uncapped)"
24142894204,Pastry | Search | Product High Intent | 2026-08-14,197968133886,Product | Salicylic Body Wash,body wash gel with salicylic acid,NONE,salicylic acid body wash,EXACT,NEAR_EXACT,1,0,0.0,0,0,0,"raw/40_search_term_view_28d_enabled.json (552 rows, uncapped)"
24142894204,Pastry | Search | Product High Intent | 2026-08-14,197968133886,Product | Salicylic Body Wash,body wash salicylic acid,NONE,salicylic acid body wash,EXACT,NEAR_EXACT,1,0,0.0,0,0,0,"raw/40_search_term_view_28d_enabled.json (552 rows, uncapped)"
24142894204,Pastry | Search | Product High Intent | 2026-08-14,197968133886,Product | Salicylic Body Wash,body wash that contains salicylic acid,NONE,salicylic acid body wash,EXACT,NEAR_EXACT,1,0,0.0,0,0,0,"raw/40_search_term_view_28d_enabled.json (552 rows, uncapped)"
24142894204,Pastry | Search | Product High Intent | 2026-08-14,197968133886,Product | Salicylic Body Wash,body wash with salicylic acid,NONE,salicylic acid body wash,EXACT,NEAR_EXACT,23,0,0.0,0,0,0,"raw/40_search_term_view_28d_enabled.json (552 rows, uncapped)"
24142894204,Pastry | Search | Product High Intent | 2026-08-14,197968133886,Product | Salicylic Body Wash,body washes containing salicylic acid,NONE,salicylic acid body wash,EXACT,NEAR_EXACT,1,0,0.0,0,0,0,"raw/40_search_term_view_28d_enabled.json (552 rows, uncapped)"
24142894204,Pastry | Search | Product High Intent | 2026-08-14,197968133886,Product | Salicylic Body Wash,exfoliating body wash with salicylic acid,NONE,salicylic acid body wash,EXACT,NEAR_EXACT,1,0,0.0,0,0,0,"raw/40_search_term_view_28d_enabled.json (552 rows, uncapped)"
24142894204,Pastry | Search | Product High Intent | 2026-08-14,197968133886,Product | Salicylic Body Wash,salicylic acid bha body wash,NONE,salicylic acid body wash,EXACT,NEAR_EXACT,2,0,0.0,0,0,0,"raw/40_search_term_view_28d_enabled.json (552 rows, uncapped)"
24142894204,Pastry | Search | Product High Intent | 2026-08-14,197968133886,Product | Salicylic Body Wash,salicylic acid body care,NONE,salicylic acid body wash,EXACT,NEAR_EXACT,1,0,0.0,0,0,0,"raw/40_search_term_view_28d_enabled.json (552 rows, uncapped)"
24142894204,Pastry | Search | Product High Intent | 2026-08-14,197968133886,Product | Salicylic Body Wash,salicylic acid body cleanser,NONE,salicylic acid body wash,EXACT,NEAR_EXACT,2,0,0.0,0,0,0,"raw/40_search_term_view_28d_enabled.json (552 rows, uncapped)"
24142894204,Pastry | Search | Product High Intent | 2026-08-14,197968133886,Product | Salicylic Body Wash,salicylic acid body soap,NONE,salicylic acid body wash,EXACT,NEAR_EXACT,1,0,0.0,0,0,0,"raw/40_search_term_view_28d_enabled.json (552 rows, uncapped)"
24142894204,Pastry | Search | Product High Intent | 2026-08-14,197968133886,Product | Salicylic Body Wash,salicylic acid body washes,NONE,salicylic acid body wash,EXACT,NEAR_EXACT,1,0,0.0,0,0,0,"raw/40_search_term_view_28d_enabled.json (552 rows, uncapped)"
24142894204,Pastry | Search | Product High Intent | 2026-08-14,197968133886,Product | Salicylic Body Wash,salicylic acid for body,NONE,salicylic acid body wash,EXACT,NEAR_EXACT,2,0,0.0,0,0,0,"raw/40_search_term_view_28d_enabled.json (552 rows, uncapped)"
24142894204,Pastry | Search | Product High Intent | 2026-08-14,197968133886,Product | Salicylic Body Wash,salicylic acid for body acne,NONE,salicylic acid body wash,EXACT,NEAR_EXACT,3,0,0.0,0,0,0,"raw/40_search_term_view_28d_enabled.json (552 rows, uncapped)"
24142894204,Pastry | Search | Product High Intent | 2026-08-14,197968133886,Product | Salicylic Body Wash,salicylic acid for body skin,NONE,salicylic acid body wash,EXACT,NEAR_EXACT,1,0,0.0,0,0,0,"raw/40_search_term_view_28d_enabled.json (552 rows, uncapped)"
24142894204,Pastry | Search | Product High Intent | 2026-08-14,197968133886,Product | Salicylic Body Wash,salicylic acid for body wash,NONE,salicylic acid body wash,EXACT,NEAR_EXACT,2,0,0.0,0,0,0,"raw/40_search_term_view_28d_enabled.json (552 rows, uncapped)"
24142894204,Pastry | Search | Product High Intent | 2026-08-14,197968133886,Product | Salicylic Body Wash,salicylic acid scrub body,NONE,salicylic acid body wash,EXACT,NEAR_EXACT,1,0,0.0,0,0,0,"raw/40_search_term_view_28d_enabled.json (552 rows, uncapped)"
24142894204,Pastry | Search | Product High Intent | 2026-08-14,197968133886,Product | Salicylic Body Wash,salicylic acid wash,NONE,salicylic acid body wash,EXACT,NEAR_EXACT,1,0,0.0,0,0,0,"raw/40_search_term_view_28d_enabled.json (552 rows, uncapped)"
24142894204,Pastry | Search | Product High Intent | 2026-08-14,197968133886,Product | Salicylic Body Wash,salicylic acid wash for body,NONE,salicylic acid body wash,EXACT,NEAR_EXACT,5,0,0.0,0,0,0,"raw/40_search_term_view_28d_enabled.json (552 rows, uncapped)"
24142894204,Pastry | Search | Product High Intent | 2026-08-14,197968133886,Product | Salicylic Body Wash,salicylic shower gel,NONE,salicylic acid body wash,EXACT,NEAR_EXACT,1,0,0.0,0,0,0,"raw/40_search_term_view_28d_enabled.json (552 rows, uncapped)"
24142894204,Pastry | Search | Product High Intent | 2026-08-14,197968133886,Product | Salicylic Body Wash,shower gel containing salicylic acid,NONE,salicylic acid body wash,EXACT,NEAR_EXACT,1,0,0.0,0,0,0,"raw/40_search_term_view_28d_enabled.json (552 rows, uncapped)"
24142894204,Pastry | Search | Product High Intent | 2026-08-14,197968133886,Product | Salicylic Body Wash,shower gel with salicylic acid,NONE,salicylic acid body wash,EXACT,NEAR_EXACT,3,0,0.0,0,0,0,"raw/40_search_term_view_28d_enabled.json (552 rows, uncapped)"
24142894204,Pastry | Search | Product High Intent | 2026-08-14,197968133886,Product | Salicylic Body Wash,silicic acid body wash,NONE,salicylic acid body wash,EXACT,NEAR_EXACT,1,0,0.0,0,0,0,"raw/40_search_term_view_28d_enabled.json (552 rows, uncapped)"
24142894204,Pastry | Search | Product High Intent | 2026-08-14,197968133886,Product | Salicylic Body Wash,the best salicylic acid body wash,NONE,salicylic acid body wash,EXACT,NEAR_EXACT,2,0,0.0,0,0,0,"raw/40_search_term_view_28d_enabled.json (552 rows, uncapped)"
24142894204,Pastry | Search | Product High Intent | 2026-08-14,197968133886,Product | Salicylic Body Wash,2 salicylic acid body wash,NONE,salicylic acid body wash,PHRASE,PHRASE,5,0,0.0,0,0,0,"raw/40_search_term_view_28d_enabled.json (552 rows, uncapped)"
24142894204,Pastry | Search | Product High Intent | 2026-08-14,197968133886,Product | Salicylic Body Wash,being kind salicylic acid body wash,NONE,salicylic acid body wash,PHRASE,PHRASE,10,0,0.0,0,0,0,"raw/40_search_term_view_28d_enabled.json (552 rows, uncapped)"
24142894204,Pastry | Search | Product High Intent | 2026-08-14,197968133886,Product | Salicylic Body Wash,body wash with salicylic acid and benzoyl peroxide,NONE,salicylic acid body wash,PHRASE,PHRASE,3,0,0.0,0,0,0,"raw/40_search_term_view_28d_enabled.json (552 rows, uncapped)"
24142894204,Pastry | Search | Product High Intent | 2026-08-14,197968133886,Product | Salicylic Body Wash,body wash with salicylic acid and glycolic acid,NONE,salicylic acid body wash,PHRASE,PHRASE,1,0,0.0,0,0,0,"raw/40_search_term_view_28d_enabled.json (552 rows, uncapped)"
24142894204,Pastry | Search | Product High Intent | 2026-08-14,197968133886,Product | Salicylic Body Wash,cerave salicylic acid body wash,NONE,salicylic acid body wash,PHRASE,PHRASE,1,0,0.0,0,0,0,"raw/40_search_term_view_28d_enabled.json (552 rows, uncapped)"
24142894204,Pastry | Search | Product High Intent | 2026-08-14,197968133886,Product | Salicylic Body Wash,naturium body wash salicylic acid,NONE,salicylic acid body wash,PHRASE,PHRASE,1,0,0.0,0,0,0,"raw/40_search_term_view_28d_enabled.json (552 rows, uncapped)"
24142894204,Pastry | Search | Product High Intent | 2026-08-14,197968133886,Product | Salicylic Body Wash,naturium salicylic acid body wash,NONE,salicylic acid body wash,PHRASE,PHRASE,2,0,0.0,0,0,0,"raw/40_search_term_view_28d_enabled.json (552 rows, uncapped)"
24142894204,Pastry | Search | Product High Intent | 2026-08-14,197968133886,Product | Salicylic Body Wash,naturium the perfector salicylic acid body wash,NONE,salicylic acid body wash,PHRASE,PHRASE,2,0,0.0,0,0,0,"raw/40_search_term_view_28d_enabled.json (552 rows, uncapped)"
24142894204,Pastry | Search | Product High Intent | 2026-08-14,197968133886,Product | Salicylic Body Wash,neutrogena body clear body wash 2 salicylic acid,NONE,salicylic acid body wash,PHRASE,PHRASE,1,0,0.0,0,0,0,"raw/40_search_term_view_28d_enabled.json (552 rows, uncapped)"
24142894204,Pastry | Search | Product High Intent | 2026-08-14,197968133886,Product | Salicylic Body Wash,salicylic acid body wash benefits,NONE,salicylic acid body wash,PHRASE,PHRASE,1,0,0.0,0,0,0,"raw/40_search_term_view_28d_enabled.json (552 rows, uncapped)"
24142894204,Pastry | Search | Product High Intent | 2026-08-14,197968133886,Product | Salicylic Body Wash,salicylic acid body wash cerave,NONE,salicylic acid body wash,PHRASE,PHRASE,1,0,0.0,0,0,0,"raw/40_search_term_view_28d_enabled.json (552 rows, uncapped)"
24142894204,Pastry | Search | Product High Intent | 2026-08-14,197968133886,Product | Salicylic Body Wash,salicylic acid body wash clicks,NONE,salicylic acid body wash,PHRASE,PHRASE,13,0,0.0,0,0,0,"raw/40_search_term_view_28d_enabled.json (552 rows, uncapped)"
24142894204,Pastry | Search | Product High Intent | 2026-08-14,197968133886,Product | Salicylic Body Wash,salicylic acid body wash dischem,NONE,salicylic acid body wash,PHRASE,PHRASE,7,0,0.0,0,0,0,"raw/40_search_term_view_28d_enabled.json (552 rows, uncapped)"
24142894204,Pastry | Search | Product High Intent | 2026-08-14,197968133886,Product | Salicylic Body Wash,salicylic acid body wash for keratosis pilaris,NONE,salicylic acid body wash,PHRASE,PHRASE,1,0,0.0,0,0,0,"raw/40_search_term_view_28d_enabled.json (552 rows, uncapped)"
24142894204,Pastry | Search | Product High Intent | 2026-08-14,197968133886,Product | Salicylic Body Wash,salicylic acid body wash fragrance free,NONE,salicylic acid body wash,PHRASE,PHRASE,1,0,0.0,0,0,0,"raw/40_search_term_view_28d_enabled.json (552 rows, uncapped)"
24142894204,Pastry | Search | Product High Intent | 2026-08-14,197968133886,Product | Salicylic Body Wash,salicylic acid body wash south africa,NONE,salicylic acid body wash,PHRASE,PHRASE,4,0,0.0,0,0,0,"raw/40_search_term_view_28d_enabled.json (552 rows, uncapped)"
24142894204,Pastry | Search | Product High Intent | 2026-08-14,197968133886,Product | Salicylic Body Wash,the naturium salicylic acid body wash,NONE,salicylic acid body wash,PHRASE,PHRASE,1,0,0.0,0,0,0,"raw/40_search_term_view_28d_enabled.json (552 rows, uncapped)"
24142894204,Pastry | Search | Product High Intent | 2026-08-14,197968133886,Product | Salicylic Body Wash,baren sencicative bha body wash,NONE,salicylic acid body wash,PHRASE,NEAR_PHRASE,3,0,0.0,0,0,0,"raw/40_search_term_view_28d_enabled.json (552 rows, uncapped)"
24142894204,Pastry | Search | Product High Intent | 2026-08-14,197968133886,Product | Salicylic Body Wash,bha body wash,NONE,salicylic acid body wash,PHRASE,NEAR_PHRASE,16,0,0.0,0,0,0,"raw/40_search_term_view_28d_enabled.json (552 rows, uncapped)"
24142894204,Pastry | Search | Product High Intent | 2026-08-14,197968133886,Product | Salicylic Body Wash,cerave sa body wash for rough & bumpy skin,NONE,salicylic acid body wash,PHRASE,NEAR_PHRASE,1,0,0.0,0,0,0,"raw/40_search_term_view_28d_enabled.json (552 rows, uncapped)"
24142894204,Pastry | Search | Product High Intent | 2026-08-14,197968133886,Product | Salicylic Body Wash,cetaphil acne relief body wash,NONE,salicylic acid body wash,PHRASE,NEAR_PHRASE,1,0,0.0,0,0,0,"raw/40_search_term_view_28d_enabled.json (552 rows, uncapped)"
24142894204,Pastry | Search | Product High Intent | 2026-08-14,197968133886,Product | Salicylic Body Wash,derma co body wash,NONE,salicylic acid body wash,PHRASE,NEAR_PHRASE,1,0,0.0,0,0,0,"raw/40_search_term_view_28d_enabled.json (552 rows, uncapped)"
24142894204,Pastry | Search | Product High Intent | 2026-08-14,197968133886,Product | Salicylic Body Wash,differin body wash,NONE,salicylic acid body wash,PHRASE,NEAR_PHRASE,1,0,0.0,0,0,0,"raw/40_search_term_view_28d_enabled.json (552 rows, uncapped)"
24142894204,Pastry | Search | Product High Intent | 2026-08-14,197968133886,Product | Salicylic Body Wash,la roche posay effaclar body wash,NONE,salicylic acid body wash,PHRASE,NEAR_PHRASE,1,0,0.0,0,0,0,"raw/40_search_term_view_28d_enabled.json (552 rows, uncapped)"
24142894204,Pastry | Search | Product High Intent | 2026-08-14,197968133886,Product | Salicylic Body Wash,neutrogena body clear 2 salicylic acid,NONE,salicylic acid body wash,PHRASE,NEAR_PHRASE,1,0,0.0,0,0,0,"raw/40_search_term_view_28d_enabled.json (552 rows, uncapped)"
24142894204,Pastry | Search | Product High Intent | 2026-08-14,197968133886,Product | Salicylic Body Wash,neutrogena body clear body wash,NONE,salicylic acid body wash,PHRASE,NEAR_PHRASE,1,0,0.0,0,0,0,"raw/40_search_term_view_28d_enabled.json (552 rows, uncapped)"
24142894204,Pastry | Search | Product High Intent | 2026-08-14,197968133886,Product | Salicylic Body Wash,persistent body acne wash,NONE,salicylic acid body wash,PHRASE,NEAR_PHRASE,1,0,0.0,0,0,0,"raw/40_search_term_view_28d_enabled.json (552 rows, uncapped)"
24142894204,Pastry | Search | Product High Intent | 2026-08-14,197968133886,Product | Salicylic Body Wash,rough and bumpy body wash,NONE,salicylic acid body wash,PHRASE,NEAR_PHRASE,1,0,0.0,0,0,0,"raw/40_search_term_view_28d_enabled.json (552 rows, uncapped)"
24142894204,Pastry | Search | Product High Intent | 2026-08-14,197968133886,Product | Salicylic Body Wash,salicylic body wash south africa,NONE,salicylic acid body wash,PHRASE,NEAR_PHRASE,1,0,0.0,0,0,0,"raw/40_search_term_view_28d_enabled.json (552 rows, uncapped)"
24142894204,Pastry | Search | Product High Intent | 2026-08-14,197968133886,Product | Salicylic Body Wash,skin functional bha body wash,NONE,salicylic acid body wash,PHRASE,NEAR_PHRASE,3,0,0.0,0,0,0,"raw/40_search_term_view_28d_enabled.json (552 rows, uncapped)"
24142894204,Pastry | Search | Product High Intent | 2026-08-14,197968133966,Product | Vitamin C Body Cream,vitamin c body lotion,NONE,vitamin c body cream,EXACT,NEAR_EXACT,5,0,0.0,0,0,0,"raw/40_search_term_view_28d_enabled.json (552 rows, uncapped)"
24142894204,Pastry | Search | Product High Intent | 2026-08-14,197968133966,Product | Vitamin C Body Cream,vitamin c cream body shop,NONE,body cream vitamin c,PHRASE,PHRASE,2,0,0.0,0,0,0,"raw/40_search_term_view_28d_enabled.json (552 rows, uncapped)"
24142894204,Pastry | Search | Product High Intent | 2026-08-14,197968133966,Product | Vitamin C Body Cream,advanced clinicals vitamin c,NONE,body cream vitamin c,PHRASE,NEAR_PHRASE,2,0,0.0,0,0,0,"raw/40_search_term_view_28d_enabled.json (552 rows, uncapped)"
24142894204,Pastry | Search | Product High Intent | 2026-08-14,197968133966,Product | Vitamin C Body Cream,advanced clinicals vitamin c body lotion,NONE,body cream vitamin c,PHRASE,NEAR_PHRASE,2,0,0.0,0,0,0,"raw/40_search_term_view_28d_enabled.json (552 rows, uncapped)"
24142894204,Pastry | Search | Product High Intent | 2026-08-14,197968133966,Product | Vitamin C Body Cream,body lab vitamin c lotion,NONE,body cream vitamin c,PHRASE,NEAR_PHRASE,3,0,0.0,0,0,0,"raw/40_search_term_view_28d_enabled.json (552 rows, uncapped)"
24142894204,Pastry | Search | Product High Intent | 2026-08-14,197968133966,Product | Vitamin C Body Cream,body shop vitamin c lotion,NONE,body cream vitamin c,PHRASE,NEAR_PHRASE,1,0,0.0,0,0,0,"raw/40_search_term_view_28d_enabled.json (552 rows, uncapped)"
24142894204,Pastry | Search | Product High Intent | 2026-08-14,197968133966,Product | Vitamin C Body Cream,clicks body lotion turmeric vitamin c,NONE,body cream vitamin c,PHRASE,NEAR_PHRASE,1,0,0.0,0,0,0,"raw/40_search_term_view_28d_enabled.json (552 rows, uncapped)"
24142894204,Pastry | Search | Product High Intent | 2026-08-14,197968133966,Product | Vitamin C Body Cream,clicks body lotion vitamin c,NONE,body cream vitamin c,PHRASE,NEAR_PHRASE,1,0,0.0,0,0,0,"raw/40_search_term_view_28d_enabled.json (552 rows, uncapped)"
24142894204,Pastry | Search | Product High Intent | 2026-08-14,197968133966,Product | Vitamin C Body Cream,clicks vitamin c body lotion,NONE,body cream vitamin c,PHRASE,NEAR_PHRASE,1,0,0.0,0,0,0,"raw/40_search_term_view_28d_enabled.json (552 rows, uncapped)"
24142894204,Pastry | Search | Product High Intent | 2026-08-14,197968133966,Product | Vitamin C Body Cream,medix 5.5 vitamin c cream,NONE,body cream vitamin c,PHRASE,NEAR_PHRASE,1,0,0.0,0,0,0,"raw/40_search_term_view_28d_enabled.json (552 rows, uncapped)"
24142894204,Pastry | Search | Product High Intent | 2026-08-14,197968133966,Product | Vitamin C Body Cream,nivea c,NONE,body cream vitamin c,PHRASE,NEAR_PHRASE,1,0,0.0,0,0,0,"raw/40_search_term_view_28d_enabled.json (552 rows, uncapped)"
24142894204,Pastry | Search | Product High Intent | 2026-08-14,197968133966,Product | Vitamin C Body Cream,olay vitamin c brightening body lotion,NONE,body cream vitamin c,PHRASE,NEAR_PHRASE,1,0,0.0,0,0,0,"raw/40_search_term_view_28d_enabled.json (552 rows, uncapped)"
24142894204,Pastry | Search | Product High Intent | 2026-08-14,197968133966,Product | Vitamin C Body Cream,skin by zaron vitamin c body lotion,NONE,body cream vitamin c,PHRASE,NEAR_PHRASE,1,0,0.0,0,0,0,"raw/40_search_term_view_28d_enabled.json (552 rows, uncapped)"
24142894204,Pastry | Search | Product High Intent | 2026-08-14,197968133966,Product | Vitamin C Body Cream,turmeric vitamin c body lotion,NONE,body cream vitamin c,PHRASE,NEAR_PHRASE,3,0,0.0,0,0,0,"raw/40_search_term_view_28d_enabled.json (552 rows, uncapped)"
24142894204,Pastry | Search | Product High Intent | 2026-08-14,197968133966,Product | Vitamin C Body Cream,turmeric vitamin c lotion,NONE,body cream vitamin c,PHRASE,NEAR_PHRASE,1,0,0.0,0,0,0,"raw/40_search_term_view_28d_enabled.json (552 rows, uncapped)"
24142894204,Pastry | Search | Product High Intent | 2026-08-14,197968133966,Product | Vitamin C Body Cream,vitamin body lotion,NONE,body cream vitamin c,PHRASE,NEAR_PHRASE,1,0,0.0,0,0,0,"raw/40_search_term_view_28d_enabled.json (552 rows, uncapped)"
24142894204,Pastry | Search | Product High Intent | 2026-08-14,197968133966,Product | Vitamin C Body Cream,vitamin c advanced brightening cream,NONE,body cream vitamin c,PHRASE,NEAR_PHRASE,1,0,0.0,0,0,0,"raw/40_search_term_view_28d_enabled.json (552 rows, uncapped)"
24142894204,Pastry | Search | Product High Intent | 2026-08-14,197968133966,Product | Vitamin C Body Cream,vitamin c body butter,NONE,body cream vitamin c,PHRASE,NEAR_PHRASE,1,0,0.0,0,0,0,"raw/40_search_term_view_28d_enabled.json (552 rows, uncapped)"
24142894204,Pastry | Search | Product High Intent | 2026-08-14,197968133966,Product | Vitamin C Body Cream,vitamin c body lotion benefits,NONE,body cream vitamin c,PHRASE,NEAR_PHRASE,1,0,0.0,0,0,0,"raw/40_search_term_view_28d_enabled.json (552 rows, uncapped)"
24142894204,Pastry | Search | Product High Intent | 2026-08-14,197968133966,Product | Vitamin C Body Cream,vitamin c body lotion body shop,NONE,body cream vitamin c,PHRASE,NEAR_PHRASE,1,0,0.0,0,0,0,"raw/40_search_term_view_28d_enabled.json (552 rows, uncapped)"
24142894204,Pastry | Search | Product High Intent | 2026-08-14,197968133966,Product | Vitamin C Body Cream,vitamin c shea butter,NONE,body cream vitamin c,PHRASE,NEAR_PHRASE,1,0,0.0,0,0,0,"raw/40_search_term_view_28d_enabled.json (552 rows, uncapped)"
24142894204,Pastry | Search | Product High Intent | 2026-08-14,197968133966,Product | Vitamin C Body Cream,where to buy skin by zaron body lotion,NONE,body cream vitamin c,PHRASE,NEAR_PHRASE,1,0,0.0,0,0,0,"raw/40_search_term_view_28d_enabled.json (552 rows, uncapped)"
24142894204,Pastry | Search | Product High Intent | 2026-08-14,197968133966,Product | Vitamin C Body Cream,alana vitamin c lotion,NONE,vitamin c body cream,PHRASE,NEAR_PHRASE,2,0,0.0,0,0,0,"raw/40_search_term_view_28d_enabled.json (552 rows, uncapped)"
24142894204,Pastry | Search | Product High Intent | 2026-08-14,197968133966,Product | Vitamin C Body Cream,clicks skincare collection turmeric vitamin c body lotion,NONE,vitamin c body cream,PHRASE,NEAR_PHRASE,1,0,0.0,0,0,0,"raw/40_search_term_view_28d_enabled.json (552 rows, uncapped)"
24142894204,Pastry | Search | Product High Intent | 2026-08-14,197968133966,Product | Vitamin C Body Cream,kojic acid vitamin c body lotion,NONE,vitamin c body cream,PHRASE,NEAR_PHRASE,1,0,0.0,0,0,0,"raw/40_search_term_view_28d_enabled.json (552 rows, uncapped)"
24142894204,Pastry | Search | Product High Intent | 2026-08-14,197968133966,Product | Vitamin C Body Cream,turmeric vitamin c body lotion,NONE,vitamin c body cream,PHRASE,NEAR_PHRASE,1,0,0.0,0,0,0,"raw/40_search_term_view_28d_enabled.json (552 rows, uncapped)"
24142894204,Pastry | Search | Product High Intent | 2026-08-14,197968133966,Product | Vitamin C Body Cream,vitamin c body,NONE,vitamin c body cream,PHRASE,NEAR_PHRASE,2,0,0.0,0,0,0,"raw/40_search_term_view_28d_enabled.json (552 rows, uncapped)"
24142894204,Pastry | Search | Product High Intent | 2026-08-14,197968133966,Product | Vitamin C Body Cream,body lotion with vitamin c,NONE,body cream vitamin c,EXACT,NEAR_EXACT,1,0,0.0,0,0,0,"raw/40_search_term_view_28d_enabled.json (552 rows, uncapped)"
24142894204,Pastry | Search | Product High Intent | 2026-08-14,197968133966,Product | Vitamin C Body Cream,vitamin c brightening body lotion,NONE,body cream vitamin c,EXACT,NEAR_EXACT,1,0,0.0,0,0,0,"raw/40_search_term_view_28d_enabled.json (552 rows, uncapped)"
24142894204,Pastry | Search | Product High Intent | 2026-08-14,197968133966,Product | Vitamin C Body Cream,vitamin c lotion,NONE,body cream vitamin c,EXACT,NEAR_EXACT,3,0,0.0,0,0,0,"raw/40_search_term_view_28d_enabled.json (552 rows, uncapped)"
24142894204,Pastry | Search | Product High Intent | 2026-08-14,197968133966,Product | Vitamin C Body Cream,vitamin c lotion for body,NONE,body cream vitamin c,EXACT,NEAR_EXACT,1,0,0.0,0,0,0,"raw/40_search_term_view_28d_enabled.json (552 rows, uncapped)"
