campaign_id,campaign,ad_group_id,ad_group,search_term,stv_status,matched_keyword,keyword_match_type,search_term_match_type,impressions,clicks,cost_zar,conversions_primary_mixed,conversions_value_primary_mixed,all_conversions,source
23660059123,Pastry_Brand_Search,195867018204,Ad group 1,pastry skincare,ADDED,pastry skincare,EXACT,EXACT,22580,9445,13673.719394,2181.452,170943.17,26128.9993,"raw/32_search_term_view_90d.json (2798 rows, uncapped)"
23614294762,Search-pastryskincare,193410155229,Ad group 1,pastry,ADDED,pastry,BROAD,EXACT,2824,891,2549.247172,282.3937,4649.3,2418.9777,"raw/32_search_term_view_90d.json (2798 rows, uncapped)"
23660112718,Pastry_BodyWash_Search,194151132373,Ad group 1,pastry body wash,ADDED,pastry body wash,EXACT,EXACT,829,206,796.143405,75.0173,1231.92,587.851,"raw/32_search_term_view_90d.json (2798 rows, uncapped)"
23660059123,Pastry_Brand_Search,195867018204,Ad group 1,pastry body wash,ADDED,pastry body wash,EXACT,EXACT,1685,527,791.185764,95.8118,8069.67,1247.1194,"raw/32_search_term_view_90d.json (2798 rows, uncapped)"
23614294762,Search-pastryskincare,193410155229,Ad group 1,pastry skincare,ADDED,pastry skincare,PHRASE,EXACT,298,122,395.69257,34.0415,560.63,319.7092,"raw/32_search_term_view_90d.json (2798 rows, uncapped)"
24094997880,PNC_PASTRY_WAR_Search_Brand_20260803,198582692869,Pastry Skincare,pastry skincare,ADDED,pastry skincare,EXACT,EXACT,359,136,375.489836,36,1397.87,325.2395,"raw/32_search_term_view_90d.json (2798 rows, uncapped)"
23660059123,Pastry_Brand_Search,195867018204,Ad group 1,pastry hand cream,ADDED,pastry hand cream,EXACT,EXACT,1995,434,352.143113,57.0,7942.28,826.2201,"raw/32_search_term_view_90d.json (2798 rows, uncapped)"
23660059123,Pastry_Brand_Search,195867018204,Ad group 1,pastry skin care,ADDED,pastry skin care,EXACT,EXACT,355,153,185.507913,33.3333,3571.09,476.1573,"raw/32_search_term_view_90d.json (2798 rows, uncapped)"
24094997880,PNC_PASTRY_WAR_Search_Brand_20260803,198582692869,Pastry Skincare,pastry,NONE,the pastry,PHRASE,NEAR_PHRASE,195,76,180.707974,13,1581.25,173.9423,"raw/32_search_term_view_90d.json (2798 rows, uncapped)"
23614843633,Search-bodycare,195291098322,Ad group 1,pastry skin,NONE,body cream,BROAD,BROAD,149,60,177.319849,11,180.51,138.5425,"raw/32_search_term_view_90d.json (2798 rows, uncapped)"
24105712546,PNC_PASTRY_WAR_Search_Product_20260803,198582693509,Glycolic Body Wash,glycolic acid body wash,ADDED,glycolic acid body wash,EXACT,EXACT,102,9,169.882813,9,147.45,37.6776,"raw/32_search_term_view_90d.json (2798 rows, uncapped)"
23660059123,Pastry_Brand_Search,195867018204,Ad group 1,pastry products,ADDED,pastry products,EXACT,EXACT,554,155,154.151623,21,1254.32,331.3125,"raw/32_search_term_view_90d.json (2798 rows, uncapped)"
24094997880,PNC_PASTRY_WAR_Search_Brand_20260803,198582693069,Pastry Hand Cream,pastry hand cream,ADDED,pastry hand cream,EXACT,EXACT,111,32,141.89,4,65.75,60,"raw/32_search_term_view_90d.json (2798 rows, uncapped)"
23660059123,Pastry_Brand_Search,195867018204,Ad group 1,pastry body lotion,ADDED,pastry body lotion,EXACT,EXACT,501,132,118.122521,6,98.86,195.3521,"raw/32_search_term_view_90d.json (2798 rows, uncapped)"
24142894204,Pastry | Search | Product High Intent | 2026-08-14,197968133406,Product | Mandelic Body Wash,mandelic acid body wash,ADDED,mandelic acid body wash,EXACT,EXACT,253,38,110.6,0,0,57.5,"raw/32_search_term_view_90d.json (2798 rows, uncapped)"
24142894204,Pastry | Search | Product High Intent | 2026-08-14,197968132966,Product | Glycolic Body Wash,glycolic acid body wash,ADDED,glycolic acid body wash,EXACT,EXACT,523,37,107.17,1,622.25,122.5,"raw/32_search_term_view_90d.json (2798 rows, uncapped)"
24142894204,Pastry | Search | Product High Intent | 2026-08-14,197968132526,Product | Anti-Pigment Hand Cream,pastry anti pigment hand cream,NONE,anti pigment hand cream,PHRASE,PHRASE,103,35,95.95,2,550,56.6934,"raw/32_search_term_view_90d.json (2798 rows, uncapped)"
24105712546,PNC_PASTRY_WAR_Search_Product_20260803,198582693829,Brightening Body Oil,oh so heavenly luminous glow body gel oil,NONE,body brightening oil,PHRASE,NEAR_PHRASE,13,3,94.84,0,0,3,"raw/32_search_term_view_90d.json (2798 rows, uncapped)"
24142894204,Pastry | Search | Product High Intent | 2026-08-14,197968133486,Product | Niacinamide Body Lotion,pastry niacinamide body lotion,NONE,niacinamide body lotion,PHRASE,PHRASE,75,33,94.413494,2,966.75,81,"raw/32_search_term_view_90d.json (2798 rows, uncapped)"
23660059123,Pastry_Brand_Search,195867018204,Ad group 1,pantry skincare,NONE,pastry skin care,BROAD,BROAD,151,73,94.106042,24.9847,737.84,221.2764,"raw/32_search_term_view_90d.json (2798 rows, uncapped)"
23660059123,Pastry_Brand_Search,195867018204,Ad group 1,pastry lotion,ADDED,pastry lotion,EXACT,EXACT,355,98,89.290262,2,32.71,184.9214,"raw/32_search_term_view_90d.json (2798 rows, uncapped)"
24094997880,PNC_PASTRY_WAR_Search_Brand_20260803,198582692869,Pastry Skincare,pastry,NONE,the pastry,EXACT,NEAR_EXACT,100,33,82.1,2,32.83,67.2821,"raw/32_search_term_view_90d.json (2798 rows, uncapped)"
23660059123,Pastry_Brand_Search,195867018204,Ad group 1,pastry skin,ADDED,pastry skin,EXACT,EXACT,119,49,73.690263,1,999,143.2042,"raw/32_search_term_view_90d.json (2798 rows, uncapped)"
24105712546,PNC_PASTRY_WAR_Search_Product_20260803,198582693829,Brightening Body Oil,vitamin c body oil,ADDED,vitamin c body oil,EXACT,EXACT,14,2,72.94,0,0,3,"raw/32_search_term_view_90d.json (2798 rows, uncapped)"
24105712546,PNC_PASTRY_WAR_Search_Product_20260803,198582693829,Brightening Body Oil,magnolia tissue oil,NONE,body brightening oil,PHRASE,NEAR_PHRASE,66,2,71.9,0,0,2,"raw/32_search_term_view_90d.json (2798 rows, uncapped)"
23660059123,Pastry_Brand_Search,195867018204,Ad group 1,pastry glycolic acid body wash,NONE,pastry skin care,BROAD,NEAR_PHRASE,430,58,71.232198,24,396.1,119.4538,"raw/32_search_term_view_90d.json (2798 rows, uncapped)"
24142894204,Pastry | Search | Product High Intent | 2026-08-14,197968132966,Product | Glycolic Body Wash,pastry glycolic acid body wash,NONE,glycolic body wash,PHRASE,PHRASE,87,22,63.92,0,0,50.987,"raw/32_search_term_view_90d.json (2798 rows, uncapped)"
23614843633,Search-bodycare,195291098322,Ad group 1,pastry online,NONE,body cream,BROAD,BROAD,27,12,54.8,5,82.55,56.0344,"raw/32_search_term_view_90d.json (2798 rows, uncapped)"
24142894204,Pastry | Search | Product High Intent | 2026-08-14,197968133886,Product | Salicylic Body Wash,pastry salicylic acid body wash,NONE,salicylic acid body wash,PHRASE,PHRASE,63,19,54.44,0,0,50.5,"raw/32_search_term_view_90d.json (2798 rows, uncapped)"
23614843633,Search-bodycare,195291098322,Ad group 1,pastry products,NONE,body cream,BROAD,BROAD,62,23,51.695391,5,82.34,44.4904,"raw/32_search_term_view_90d.json (2798 rows, uncapped)"
24105712546,PNC_PASTRY_WAR_Search_Product_20260803,198582693549,Salicylic Body Wash,salicylic acid body wash,ADDED,salicylic acid body wash,EXACT,EXACT,110,2,49.74,1,16.41,3,"raw/32_search_term_view_90d.json (2798 rows, uncapped)"
23660059123,Pastry_Brand_Search,195867018204,Ad group 1,pantry body wash,NONE,pastry body wash,EXACT,NEAR_EXACT,91,38,48.191903,1,16.27,66.5846,"raw/32_search_term_view_90d.json (2798 rows, uncapped)"
24105712546,PNC_PASTRY_WAR_Search_Product_20260803,198582694469,Pigmentation Serum,pigmentclar la roche posay,NONE,pigmentation correcting serum,PHRASE,NEAR_PHRASE,4,3,47.61,1,16.34,7,"raw/32_search_term_view_90d.json (2798 rows, uncapped)"
23614843633,Search-bodycare,195291098322,Ad group 1,pastry hand cream,NONE,body cream,BROAD,BROAD,112,26,46.913091,0,0,20.7373,"raw/32_search_term_view_90d.json (2798 rows, uncapped)"
24142894204,Pastry | Search | Product High Intent | 2026-08-14,197968132966,Product | Glycolic Body Wash,pastry glycolic body wash,NONE,glycolic body wash,PHRASE,PHRASE,74,18,46.44,0,0,42,"raw/32_search_term_view_90d.json (2798 rows, uncapped)"
23614294762,Search-pastryskincare,193410155229,Ad group 1,pastry skin,NONE,skincare for sensitive skin,BROAD,BROAD,36,11,45.424808,11,180.64,40.0149,"raw/32_search_term_view_90d.json (2798 rows, uncapped)"
24105712546,PNC_PASTRY_WAR_Search_Product_20260803,198582694509,Anti-Pigment Deodorant,roll on for dark underarm,NONE,anti pigmentation deodorant,PHRASE,NEAR_PHRASE,1,1,45.36,0,0,2.1667,"raw/32_search_term_view_90d.json (2798 rows, uncapped)"
24105712546,PNC_PASTRY_WAR_Search_Product_20260803,198582693829,Brightening Body Oil,vitamin b3 oil for skin vaseline,NONE,body brightening oil,PHRASE,NEAR_PHRASE,2,1,44.67,0,0,2,"raw/32_search_term_view_90d.json (2798 rows, uncapped)"
24105712546,PNC_PASTRY_WAR_Search_Product_20260803,198582693829,Brightening Body Oil,healthy glow lightening oil,NONE,body brightening oil,PHRASE,NEAR_PHRASE,2,1,44.32,0,0,2,"raw/32_search_term_view_90d.json (2798 rows, uncapped)"
24105712546,PNC_PASTRY_WAR_Search_Product_20260803,198582693829,Brightening Body Oil,clere radiance body oil,NONE,body brightening oil,PHRASE,NEAR_PHRASE,2,1,44.01,0,0,1,"raw/32_search_term_view_90d.json (2798 rows, uncapped)"
24105712546,PNC_PASTRY_WAR_Search_Product_20260803,198582694469,Pigmentation Serum,niacinamide serum,NONE,niacinamide pigmentation serum,EXACT,NEAR_EXACT,107,3,42.99,0,0,3,"raw/32_search_term_view_90d.json (2798 rows, uncapped)"
24105712546,PNC_PASTRY_WAR_Search_Product_20260803,198582693829,Brightening Body Oil,carotone oil,NONE,body brightening oil,PHRASE,NEAR_PHRASE,12,1,42.84,0,0,1,"raw/32_search_term_view_90d.json (2798 rows, uncapped)"
23614843633,Search-bodycare,195291098322,Ad group 1,pastry anti pigment hand cream,NONE,body cream,BROAD,BROAD,78,15,42.30452,1,16.46,15.4833,"raw/32_search_term_view_90d.json (2798 rows, uncapped)"
23660059123,Pastry_Brand_Search,195867018204,Ad group 1,pastry skin,ADDED,pastry skincare products,EXACT,NEAR_EXACT,90,32,38.845223,7,722.45,119.3511,"raw/32_search_term_view_90d.json (2798 rows, uncapped)"
24105712546,PNC_PASTRY_WAR_Search_Product_20260803,198582694309,Niacinamide Sunscreen,tiam sunscreen,NONE,niacinamide sunscreen,PHRASE,NEAR_PHRASE,11,1,36.61,0,0,2,"raw/32_search_term_view_90d.json (2798 rows, uncapped)"
24105712546,PNC_PASTRY_WAR_Search_Product_20260803,198582693789,Niacinamide Body Lotion,niacinamide body lotion,ADDED,niacinamide body lotion,EXACT,EXACT,27,1,36.6,0,0,7,"raw/32_search_term_view_90d.json (2798 rows, uncapped)"
24105712546,PNC_PASTRY_WAR_Search_Product_20260803,198582693749,Anti-Pigment Hand Cream,hand cream for dark hands,NONE,anti pigmentation hand cream,EXACT,NEAR_EXACT,4,1,36.59,0,0,0,"raw/32_search_term_view_90d.json (2798 rows, uncapped)"
24105712546,PNC_PASTRY_WAR_Search_Product_20260803,198582693829,Brightening Body Oil,disaar vitamin c oil,NONE,vitamin c body oil,PHRASE,NEAR_PHRASE,3,1,36.32,0,0,1,"raw/32_search_term_view_90d.json (2798 rows, uncapped)"
24105712546,PNC_PASTRY_WAR_Search_Product_20260803,198582693829,Brightening Body Oil,dr davey vitamin b3 glow body oil,NONE,body brightening oil,PHRASE,NEAR_PHRASE,4,1,36.32,0,0,1,"raw/32_search_term_view_90d.json (2798 rows, uncapped)"
24105712546,PNC_PASTRY_WAR_Search_Product_20260803,198582694509,Anti-Pigment Deodorant,armpit whitening deodorant,NONE,anti pigmentation deodorant,EXACT,NEAR_EXACT,2,1,36.26,6,99.07,7,"raw/32_search_term_view_90d.json (2798 rows, uncapped)"
23660059123,Pastry_Brand_Search,195867018204,Ad group 1,pantry skincare,NONE,pastry skincare,BROAD,BROAD,31,23,35.456547,6.5,106.16,42.9538,"raw/32_search_term_view_90d.json (2798 rows, uncapped)"
24105712546,PNC_PASTRY_WAR_Search_Product_20260803,198582694469,Pigmentation Serum,dark spot correcting glow serum,NONE,pigmentation correcting serum,EXACT,NEAR_EXACT,73,2,34.93,0,0,2,"raw/32_search_term_view_90d.json (2798 rows, uncapped)"
24094997880,PNC_PASTRY_WAR_Search_Brand_20260803,198582693029,Pastry Body Wash,pastry body wash,ADDED,pastry body wash,EXACT,EXACT,33,11,34.78,5,82.55,20,"raw/32_search_term_view_90d.json (2798 rows, uncapped)"
24105712546,PNC_PASTRY_WAR_Search_Product_20260803,198582693829,Brightening Body Oil,body oil for hyperpigmentation,NONE,body brightening oil,EXACT,NEAR_EXACT,3,1,34.71,0,0,2,"raw/32_search_term_view_90d.json (2798 rows, uncapped)"
24105712546,PNC_PASTRY_WAR_Search_Product_20260803,198582693829,Brightening Body Oil,glow vaseline oil,NONE,body brightening oil,PHRASE,NEAR_PHRASE,3,1,34.64,0,0,1,"raw/32_search_term_view_90d.json (2798 rows, uncapped)"
23660059123,Pastry_Brand_Search,195867018204,Ad group 1,pasty skincare,NONE,pastry skin care,BROAD,BROAD,78,24,34.151738,6,99.15,78.7363,"raw/32_search_term_view_90d.json (2798 rows, uncapped)"
24105712546,PNC_PASTRY_WAR_Search_Product_20260803,198582693749,Anti-Pigment Hand Cream,hand cream for dark knuckles,NONE,anti pigmentation hand cream,EXACT,NEAR_EXACT,2,1,34.11,0,0,0,"raw/32_search_term_view_90d.json (2798 rows, uncapped)"
23614843633,Search-bodycare,195291098322,Ad group 1,pastry body lotion,NONE,body cream,BROAD,NEAR_PHRASE,47,13,32.861011,3,49.42,13.0119,"raw/32_search_term_view_90d.json (2798 rows, uncapped)"
24094997880,PNC_PASTRY_WAR_Search_Brand_20260803,198582693029,Pastry Body Wash,pastry glycolic acid body wash,ADDED,pastry glycolic acid body wash,EXACT,EXACT,14,2,31.86,0,0,3,"raw/32_search_term_view_90d.json (2798 rows, uncapped)"
23660059123,Pastry_Brand_Search,195867018204,Ad group 1,pastry body oil,ADDED,pastry body oil,EXACT,EXACT,169,32,31.33262,0,0,36.956,"raw/32_search_term_view_90d.json (2798 rows, uncapped)"
23660059123,Pastry_Brand_Search,195867018204,Ad group 1,pastry skincare shop,NONE,pastry skincare,EXACT,NEAR_EXACT,69,20,29.988911,1,16.23,37,"raw/32_search_term_view_90d.json (2798 rows, uncapped)"
24142894204,Pastry | Search | Product High Intent | 2026-08-14,197968132966,Product | Glycolic Body Wash,glycolic body wash,ADDED,glycolic body wash,EXACT,EXACT,90,10,29.17,0,0,20.5,"raw/32_search_term_view_90d.json (2798 rows, uncapped)"
24105712546,PNC_PASTRY_WAR_Search_Product_20260803,198582693829,Brightening Body Oil,dr davey body oil,NONE,body brightening oil,PHRASE,NEAR_PHRASE,42,1,27.68,0,0,2,"raw/32_search_term_view_90d.json (2798 rows, uncapped)"
23614843633,Search-bodycare,195291098322,Ad group 1,pastry niacinamide body lotion,NONE,body cream,BROAD,NEAR_PHRASE,69,8,27.218231,1.0,16.47,15.0362,"raw/32_search_term_view_90d.json (2798 rows, uncapped)"
24094997880,PNC_PASTRY_WAR_Search_Brand_20260803,198582693069,Pastry Hand Cream,pastry hand cream price,ADDED,pastry hand cream price,EXACT,EXACT,8,2,26.27,0,0,2,"raw/32_search_term_view_90d.json (2798 rows, uncapped)"
23660059123,Pastry_Brand_Search,195867018204,Ad group 1,pastry roll on,ADDED,pastry roll on,EXACT,EXACT,238,23,25.92815,0,0,32.9951,"raw/32_search_term_view_90d.json (2798 rows, uncapped)"
23660112718,Pastry_BodyWash_Search,194151132373,Ad group 1,pastry salicylic acid body wash,ADDED,pastry salicylic acid body wash,EXACT,EXACT,55,6,25.548873,5,82.79,12.0443,"raw/32_search_term_view_90d.json (2798 rows, uncapped)"
24105712546,PNC_PASTRY_WAR_Search_Product_20260803,198582693829,Brightening Body Oil,pure white gold oil,NONE,body brightening oil,PHRASE,NEAR_PHRASE,3,1,25.13,0,0,1,"raw/32_search_term_view_90d.json (2798 rows, uncapped)"
23614294762,Search-pastryskincare,193410155229,Ad group 1,pastry skincare store near me,NONE,skincare for sensitive skin,BROAD,BROAD,12,3,24.919994,0,0,2,"raw/32_search_term_view_90d.json (2798 rows, uncapped)"
23614843633,Search-bodycare,195291098322,Ad group 1,pantry skincare,NONE,body cream,BROAD,BROAD,18,8,24.8,0,0,23.8347,"raw/32_search_term_view_90d.json (2798 rows, uncapped)"
23660059123,Pastry_Brand_Search,195867018204,Ad group 1,pastry body butter,ADDED,pastry body butter,EXACT,EXACT,89,19,24.74403,4,66.39,28.9733,"raw/32_search_term_view_90d.json (2798 rows, uncapped)"
24094997880,PNC_PASTRY_WAR_Search_Brand_20260803,198582693349,Pastry Deodorant,pastry roll on,ADDED,pastry roll on,EXACT,EXACT,11,1,24.08,0,0,1,"raw/32_search_term_view_90d.json (2798 rows, uncapped)"
24105712546,PNC_PASTRY_WAR_Search_Product_20260803,198582693829,Brightening Body Oil,how to use jojoba oil for skin lightening,NONE,body brightening oil,PHRASE,NEAR_PHRASE,1,1,23.84,0,0,1,"raw/32_search_term_view_90d.json (2798 rows, uncapped)"
24105712546,PNC_PASTRY_WAR_Search_Product_20260803,198582694469,Pigmentation Serum,dark spot correcting glow serum clicks,NONE,pigmentation correction serum,PHRASE,NEAR_PHRASE,3,1,23.26,0,0,1,"raw/32_search_term_view_90d.json (2798 rows, uncapped)"
24142894204,Pastry | Search | Product High Intent | 2026-08-14,197968133886,Product | Salicylic Body Wash,salicylic acid body wash,ADDED,salicylic acid body wash,EXACT,EXACT,299,8,23.17,0,0,15,"raw/32_search_term_view_90d.json (2798 rows, uncapped)"
23660059123,Pastry_Brand_Search,195867018204,Ad group 1,pastry skincare south africa,ADDED,pastry skincare south africa,EXACT,EXACT,48,15,22.934607,9,763.32,36.1627,"raw/32_search_term_view_90d.json (2798 rows, uncapped)"
24105712546,PNC_PASTRY_WAR_Search_Product_20260803,198582693509,Glycolic Body Wash,glycolic acid wash for body,NONE,glycolic acid body wash,EXACT,NEAR_EXACT,3,1,22.8,0,0,2,"raw/32_search_term_view_90d.json (2798 rows, uncapped)"
23660059123,Pastry_Brand_Search,195867018204,Ad group 1,pastry hand lotion,NONE,pastry hand cream,EXACT,NEAR_EXACT,159,34,21.883921,0,0,73.9755,"raw/32_search_term_view_90d.json (2798 rows, uncapped)"
23614843633,Search-bodycare,195291098322,Ad group 1,pasty skin,NONE,body cream,BROAD,BROAD,27,5,21.6,1,16.2,8.5412,"raw/32_search_term_view_90d.json (2798 rows, uncapped)"
24105712546,PNC_PASTRY_WAR_Search_Product_20260803,198582694469,Pigmentation Serum,m3 la roche posay,NONE,pigmentation correcting serum,PHRASE,NEAR_PHRASE,1,1,21.38,0,0,2,"raw/32_search_term_view_90d.json (2798 rows, uncapped)"
23660059123,Pastry_Brand_Search,195867018204,Ad group 1,pasty skincare,NONE,pastry skincare,EXACT,NEAR_EXACT,34,14,20.414951,2,32.93,25.5818,"raw/32_search_term_view_90d.json (2798 rows, uncapped)"
24105712546,PNC_PASTRY_WAR_Search_Product_20260803,198582694469,Pigmentation Serum,how much is mela b3 serum,NONE,pigmentation correcting serum,PHRASE,NEAR_PHRASE,2,1,19.89,0,0,1,"raw/32_search_term_view_90d.json (2798 rows, uncapped)"
23660059123,Pastry_Brand_Search,195867018204,Ad group 1,pastry skincare gateway,ADDED,pastry skincare gateway,EXACT,EXACT,75,17,19.52937,0,0,12,"raw/32_search_term_view_90d.json (2798 rows, uncapped)"
23660059123,Pastry_Brand_Search,195867018204,Ad group 1,the pastry,NONE,pastry skin care,BROAD,NEAR_PHRASE,39,12,18.709902,1,16.42,31.5246,"raw/32_search_term_view_90d.json (2798 rows, uncapped)"
24105712546,PNC_PASTRY_WAR_Search_Product_20260803,198582694309,Niacinamide Sunscreen,tiam vita b3 sunscreen,NONE,niacinamide sunscreen,PHRASE,NEAR_PHRASE,1,1,18.53,0,0,3,"raw/32_search_term_view_90d.json (2798 rows, uncapped)"
24105712546,PNC_PASTRY_WAR_Search_Product_20260803,198582693829,Brightening Body Oil,best body oil for brightening skin,NONE,body brightening oil,EXACT,NEAR_EXACT,2,1,18.28,0,0,0,"raw/32_search_term_view_90d.json (2798 rows, uncapped)"
24105712546,PNC_PASTRY_WAR_Search_Product_20260803,198582693829,Brightening Body Oil,brightening oil for body,NONE,body brightening oil,EXACT,NEAR_EXACT,6,1,18.24,0,0,0,"raw/32_search_term_view_90d.json (2798 rows, uncapped)"
24105712546,PNC_PASTRY_WAR_Search_Product_20260803,198582694469,Pigmentation Serum,isispharma dermatologie unitone 4 white advanced,NONE,pigmentation correcting serum,PHRASE,NEAR_PHRASE,1,1,18.17,0,0,1,"raw/32_search_term_view_90d.json (2798 rows, uncapped)"
24105712546,PNC_PASTRY_WAR_Search_Product_20260803,198582693829,Brightening Body Oil,cocoa butter super whitening oil,NONE,body brightening oil,PHRASE,NEAR_PHRASE,1,1,17.95,0,0,1,"raw/32_search_term_view_90d.json (2798 rows, uncapped)"
24105712546,PNC_PASTRY_WAR_Search_Product_20260803,198582694469,Pigmentation Serum,mas dark spot serum,NONE,pigmentation correcting serum,PHRASE,NEAR_PHRASE,2,1,17.63,0,0,1,"raw/32_search_term_view_90d.json (2798 rows, uncapped)"
24105712546,PNC_PASTRY_WAR_Search_Product_20260803,198582693829,Brightening Body Oil,korean whitening oil,NONE,body brightening oil,PHRASE,NEAR_PHRASE,3,1,17.57,0,0,1,"raw/32_search_term_view_90d.json (2798 rows, uncapped)"
23614843633,Search-bodycare,195291098322,Ad group 1,pastry skincare gateway,NONE,body cream,BROAD,BROAD,9,4,17.519095,0,0,3,"raw/32_search_term_view_90d.json (2798 rows, uncapped)"
23614294762,Search-pastryskincare,193410155229,Ad group 1,pantry skincare,NONE,skincare for sensitive skin,BROAD,BROAD,14,6,17.465167,3,49.67,21,"raw/32_search_term_view_90d.json (2798 rows, uncapped)"
24105712546,PNC_PASTRY_WAR_Search_Product_20260803,198582694469,Pigmentation Serum,how much is dark spot correcting glow serum at clicks,NONE,pigmentation correcting serum,PHRASE,NEAR_PHRASE,2,1,17.45,0,0,1,"raw/32_search_term_view_90d.json (2798 rows, uncapped)"
23614294762,Search-pastryskincare,193410155229,Ad group 1,phytocare south africa,NONE,body care products,BROAD,NEAR_PHRASE,2,1,17.43,0,0,0,"raw/32_search_term_view_90d.json (2798 rows, uncapped)"
24105712546,PNC_PASTRY_WAR_Search_Product_20260803,198582694469,Pigmentation Serum,serum for blemishes and pigmentation,NONE,pigmentation correcting serum,PHRASE,NEAR_PHRASE,2,1,17.43,0,0,2,"raw/32_search_term_view_90d.json (2798 rows, uncapped)"
23614294762,Search-pastryskincare,193410155229,Ad group 1,pastry body cream,NONE,skincare for sensitive skin,BROAD,BROAD,1,1,17.32584,0,0,28,"raw/32_search_term_view_90d.json (2798 rows, uncapped)"
23660059123,Pastry_Brand_Search,195867018204,Ad group 1,pastry cosmetics,NONE,pastry skin,EXACT,NEAR_EXACT,28,15,17.31,0.9898,1197.72,22.9898,"raw/32_search_term_view_90d.json (2798 rows, uncapped)"
23660059123,Pastry_Brand_Search,195867018204,Ad group 1,pastry salicylic acid body wash,NONE,pastry skin care,BROAD,NEAR_PHRASE,50,10,17.300704,3,49.37,45.689,"raw/32_search_term_view_90d.json (2798 rows, uncapped)"
24105712546,PNC_PASTRY_WAR_Search_Product_20260803,198582694469,Pigmentation Serum,the ordinary pigmentation,NONE,pigmentation correction serum,PHRASE,NEAR_PHRASE,1,1,17.24,0,0,1,"raw/32_search_term_view_90d.json (2798 rows, uncapped)"
24105712546,PNC_PASTRY_WAR_Search_Product_20260803,198582693829,Brightening Body Oil,cera glow oil clicks,NONE,body brightening oil,PHRASE,NEAR_PHRASE,3,1,17.17,0,0,1,"raw/32_search_term_view_90d.json (2798 rows, uncapped)"
24105712546,PNC_PASTRY_WAR_Search_Product_20260803,198582694469,Pigmentation Serum,niacinamide serum clicks,NONE,niacinamide pigmentation serum,PHRASE,NEAR_PHRASE,45,2,17.12,0,0,2,"raw/32_search_term_view_90d.json (2798 rows, uncapped)"
23660059123,Pastry_Brand_Search,195867018204,Ad group 1,pastry skincare dischem,NONE,pastry skincare,BROAD,PHRASE,84,12,17.081929,0.9969,16.36,18.5331,"raw/32_search_term_view_90d.json (2798 rows, uncapped)"
24105712546,PNC_PASTRY_WAR_Search_Product_20260803,198582694469,Pigmentation Serum,tranexamic serum,NONE,pigmentation correcting serum,PHRASE,NEAR_PHRASE,9,1,17.02,0,0,1,"raw/32_search_term_view_90d.json (2798 rows, uncapped)"
24105712546,PNC_PASTRY_WAR_Search_Product_20260803,198582693829,Brightening Body Oil,oh so heavenly luminous glow body gel oil reviews,NONE,body brightening oil,PHRASE,NEAR_PHRASE,2,1,16.43,0,0,2,"raw/32_search_term_view_90d.json (2798 rows, uncapped)"
24105712546,PNC_PASTRY_WAR_Search_Product_20260803,198582693549,Salicylic Body Wash,salicylic acid body wash dischem,NONE,salicylic body wash,PHRASE,PHRASE,5,1,16.39,0,0,1,"raw/32_search_term_view_90d.json (2798 rows, uncapped)"
24105712546,PNC_PASTRY_WAR_Search_Product_20260803,198582693829,Brightening Body Oil,dr davey glow body oil,NONE,body brightening oil,PHRASE,NEAR_PHRASE,14,1,16.27,0,0,2,"raw/32_search_term_view_90d.json (2798 rows, uncapped)"
24105712546,PNC_PASTRY_WAR_Search_Product_20260803,198582694469,Pigmentation Serum,axis y dark spot serum,NONE,pigmentation correcting serum,PHRASE,NEAR_PHRASE,46,1,16.22,0,0,1,"raw/32_search_term_view_90d.json (2798 rows, uncapped)"
24105712546,PNC_PASTRY_WAR_Search_Product_20260803,198582694469,Pigmentation Serum,best txa serum,NONE,pigmentation correcting serum,PHRASE,NEAR_PHRASE,5,1,16.21,0,0,2,"raw/32_search_term_view_90d.json (2798 rows, uncapped)"
23614294762,Search-pastryskincare,193410155229,Ad group 1,pastry skin products,NONE,skincare for sensitive skin,BROAD,BROAD,13,4,16.17,0,0,9.433,"raw/32_search_term_view_90d.json (2798 rows, uncapped)"
23660059123,Pastry_Brand_Search,195867018204,Ad group 1,pastry sunscreen,ADDED,pastry sunscreen,EXACT,EXACT,95,18,16.149715,0,0,16.5181,"raw/32_search_term_view_90d.json (2798 rows, uncapped)"
24105712546,PNC_PASTRY_WAR_Search_Product_20260803,198582694469,Pigmentation Serum,axis y dark spot correcting glow serum,NONE,pigmentation correcting serum,PHRASE,NEAR_PHRASE,22,1,15.94,0,0,1,"raw/32_search_term_view_90d.json (2798 rows, uncapped)"
24094997880,PNC_PASTRY_WAR_Search_Brand_20260803,198582692869,Pastry Skincare,pastry skincare store near me,NONE,pastry skincare shop,EXACT,NEAR_EXACT,8,1,15.83,0,0,0,"raw/32_search_term_view_90d.json (2798 rows, uncapped)"
23614294762,Search-pastryskincare,193410155229,Ad group 1,face primer for oily skin,NONE,skincare for sensitive skin,BROAD,BROAD,1,1,15.736245,0,0,0,"raw/32_search_term_view_90d.json (2798 rows, uncapped)"
23660059123,Pastry_Brand_Search,195867018204,Ad group 1,www pastryskincare co za,NONE,pastry skin care,BROAD,PHRASE,20,12,15.59,0,0,17,"raw/32_search_term_view_90d.json (2798 rows, uncapped)"
24105712546,PNC_PASTRY_WAR_Search_Product_20260803,198582694469,Pigmentation Serum,l oreal dark spot serum,NONE,pigmentation correcting serum,PHRASE,NEAR_PHRASE,1,1,15.44,0,0,1,"raw/32_search_term_view_90d.json (2798 rows, uncapped)"
24105712546,PNC_PASTRY_WAR_Search_Product_20260803,198582694469,Pigmentation Serum,aobenz serum,NONE,pigmentation correcting serum,PHRASE,NEAR_PHRASE,4,1,15.14,0,0,1,"raw/32_search_term_view_90d.json (2798 rows, uncapped)"
23660112718,Pastry_BodyWash_Search,194151132373,Ad group 1,pantry body wash,NONE,pastry body wash,EXACT,NEAR_EXACT,34,6,15.11,0,0,11.9843,"raw/32_search_term_view_90d.json (2798 rows, uncapped)"
24105712546,PNC_PASTRY_WAR_Search_Product_20260803,198582694469,Pigmentation Serum,mesoestetic melan tran3x concentrate review,NONE,pigmentation correcting serum,PHRASE,NEAR_PHRASE,1,1,15.09,0,0,2,"raw/32_search_term_view_90d.json (2798 rows, uncapped)"
24105712546,PNC_PASTRY_WAR_Search_Product_20260803,198582694469,Pigmentation Serum,pigmentation buster standard beauty,NONE,pigmentation correction serum,PHRASE,NEAR_PHRASE,3,1,15.08,0,0,1,"raw/32_search_term_view_90d.json (2798 rows, uncapped)"
24105712546,PNC_PASTRY_WAR_Search_Product_20260803,198582694469,Pigmentation Serum,serum for dark spots dischem,NONE,pigmentation correcting serum,PHRASE,NEAR_PHRASE,2,1,15.07,0,0,2,"raw/32_search_term_view_90d.json (2798 rows, uncapped)"
24105712546,PNC_PASTRY_WAR_Search_Product_20260803,198582694469,Pigmentation Serum,jumiso niacinamide 20 serum,NONE,niacinamide pigmentation serum,PHRASE,NEAR_PHRASE,4,1,15.06,0,0,0,"raw/32_search_term_view_90d.json (2798 rows, uncapped)"
23660059123,Pastry_Brand_Search,195867018204,Ad group 1,pastry serum,ADDED,pastry serum,EXACT,EXACT,48,11,15.056285,0,0,11.7244,"raw/32_search_term_view_90d.json (2798 rows, uncapped)"
23660059123,Pastry_Brand_Search,195867018204,Ad group 1,pastry online,NONE,pastry skin care,BROAD,BROAD,29,16,14.91,6.9585,393.34,103.657,"raw/32_search_term_view_90d.json (2798 rows, uncapped)"
24105712546,PNC_PASTRY_WAR_Search_Product_20260803,198582693829,Brightening Body Oil,blossom brightening body oil,NONE,body brightening oil,PHRASE,PHRASE,6,1,14.82,0,0,1,"raw/32_search_term_view_90d.json (2798 rows, uncapped)"
23660059123,Pastry_Brand_Search,195867018204,Ad group 1,pastry skincare cape town,ADDED,pastry skincare cape town,EXACT,EXACT,50,11,14.783254,0,0,12,"raw/32_search_term_view_90d.json (2798 rows, uncapped)"
24105712546,PNC_PASTRY_WAR_Search_Product_20260803,198582694469,Pigmentation Serum,best serum for pigmentation and dark spots,NONE,pigmentation correcting serum,PHRASE,NEAR_PHRASE,1,1,14.52,0,0,1,"raw/32_search_term_view_90d.json (2798 rows, uncapped)"
24105712546,PNC_PASTRY_WAR_Search_Product_20260803,198582693749,Anti-Pigment Hand Cream,best hand whitening cream at clicks,NONE,pigmentation hand cream,PHRASE,NEAR_PHRASE,3,1,14.45,0,0,1,"raw/32_search_term_view_90d.json (2798 rows, uncapped)"
24105712546,PNC_PASTRY_WAR_Search_Product_20260803,198582694469,Pigmentation Serum,axis y dark spot correcting glow serum south africa,NONE,pigmentation correcting serum,PHRASE,NEAR_PHRASE,1,1,14.44,0,0,1,"raw/32_search_term_view_90d.json (2798 rows, uncapped)"
24105712546,PNC_PASTRY_WAR_Search_Product_20260803,198582694469,Pigmentation Serum,txa serum,NONE,pigmentation correcting serum,PHRASE,NEAR_PHRASE,16,1,14.4,0,0,2,"raw/32_search_term_view_90d.json (2798 rows, uncapped)"
23660059123,Pastry_Brand_Search,195867018204,Ad group 1,pastry skincare hand cream,NONE,pastry hand cream,EXACT,NEAR_EXACT,35,9,14.395362,1,345,32,"raw/32_search_term_view_90d.json (2798 rows, uncapped)"
23614843633,Search-bodycare,195291098322,Ad group 1,the pastry,NONE,body cream,BROAD,BROAD,20,4,14.13,2,32.39,19.9629,"raw/32_search_term_view_90d.json (2798 rows, uncapped)"
23660112718,Pastry_BodyWash_Search,194151132373,Ad group 1,pastry glycolic acid body wash,ADDED,pastry glycolic acid body wash,EXACT,EXACT,41,3,14.06,0,0,2.1978,"raw/32_search_term_view_90d.json (2798 rows, uncapped)"
23660059123,Pastry_Brand_Search,195867018204,Ad group 1,pastry skincare products,ADDED,pastry skincare products,EXACT,EXACT,39,15,14.009951,1,16.47,30.4378,"raw/32_search_term_view_90d.json (2798 rows, uncapped)"
24105712546,PNC_PASTRY_WAR_Search_Product_20260803,198582694469,Pigmentation Serum,naturium tranexamic topical acid 5,NONE,pigmentation correcting serum,PHRASE,NEAR_PHRASE,7,1,13.96,0,0,1,"raw/32_search_term_view_90d.json (2798 rows, uncapped)"
23614843633,Search-bodycare,195291098322,Ad group 1,pastry hand lotion,NONE,body cream,BROAD,BROAD,58,13,13.939363,1,16.52,16.5,"raw/32_search_term_view_90d.json (2798 rows, uncapped)"
24105712546,PNC_PASTRY_WAR_Search_Product_20260803,198582694309,Niacinamide Sunscreen,la roche mela b3 sunscreen,NONE,niacinamide sunscreen,PHRASE,NEAR_PHRASE,1,1,13.72,0,0,2,"raw/32_search_term_view_90d.json (2798 rows, uncapped)"
23660112718,Pastry_BodyWash_Search,194151132373,Ad group 1,pastry shower gel,NONE,pastry body wash,EXACT,NEAR_EXACT,30,3,13.48,0,0,3,"raw/32_search_term_view_90d.json (2798 rows, uncapped)"
23660059123,Pastry_Brand_Search,195867018204,Ad group 1,www pastryskincare co za,NONE,pastry skin,PHRASE,NEAR_PHRASE,12,7,13.2,0,0,7,"raw/32_search_term_view_90d.json (2798 rows, uncapped)"
24094997880,PNC_PASTRY_WAR_Search_Brand_20260803,198582692869,Pastry Skincare,pastry skin,ADDED,pastry skin,EXACT,EXACT,15,7,12.982416,0,0,7.3682,"raw/32_search_term_view_90d.json (2798 rows, uncapped)"
23660059123,Pastry_Brand_Search,195867018204,Ad group 1,pastry brightening body oil,NONE,pastry body oil,EXACT,NEAR_EXACT,49,8,12.889485,0,0,5.7269,"raw/32_search_term_view_90d.json (2798 rows, uncapped)"
24105712546,PNC_PASTRY_WAR_Search_Product_20260803,198582694469,Pigmentation Serum,derma care even tone complexion serum,NONE,pigmentation correcting serum,PHRASE,NEAR_PHRASE,1,1,12.88,0,0,1,"raw/32_search_term_view_90d.json (2798 rows, uncapped)"
24105712546,PNC_PASTRY_WAR_Search_Product_20260803,198582694469,Pigmentation Serum,alpha arbutin,NONE,pigmentation correcting serum,PHRASE,NEAR_PHRASE,87,1,12.74,0,0,3,"raw/32_search_term_view_90d.json (2798 rows, uncapped)"
24105712546,PNC_PASTRY_WAR_Search_Product_20260803,198582694469,Pigmentation Serum,mela b3,NONE,pigmentation correcting serum,PHRASE,NEAR_PHRASE,15,1,12.68,0,0,1,"raw/32_search_term_view_90d.json (2798 rows, uncapped)"
24105712546,PNC_PASTRY_WAR_Search_Product_20260803,198582694469,Pigmentation Serum,best serum for pigmentation and dark spots at clicks,NONE,pigmentation correcting serum,PHRASE,NEAR_PHRASE,3,1,12.650618,0,0,0,"raw/32_search_term_view_90d.json (2798 rows, uncapped)"
23614294762,Search-pastryskincare,193410155229,Ad group 1,skin fit,NONE,skincare for sensitive skin,BROAD,BROAD,1,2,12.58,0,0,2,"raw/32_search_term_view_90d.json (2798 rows, uncapped)"
24105712546,PNC_PASTRY_WAR_Search_Product_20260803,198582693829,Brightening Body Oil,best tissue oil for glowing skin at clicks,NONE,body brightening oil,PHRASE,NEAR_PHRASE,3,1,12.46,0,0,1,"raw/32_search_term_view_90d.json (2798 rows, uncapped)"
24105712546,PNC_PASTRY_WAR_Search_Product_20260803,198582693829,Brightening Body Oil,body oils for glowing skin,NONE,body brightening oil,EXACT,NEAR_EXACT,5,1,12.22,0,0,1,"raw/32_search_term_view_90d.json (2798 rows, uncapped)"
24105712546,PNC_PASTRY_WAR_Search_Product_20260803,198582694469,Pigmentation Serum,the ordinary pigmentation,NONE,pigmentation correcting serum,PHRASE,NEAR_PHRASE,1,1,12.22,0,0,1,"raw/32_search_term_view_90d.json (2798 rows, uncapped)"
24105712546,PNC_PASTRY_WAR_Search_Product_20260803,198582694469,Pigmentation Serum,dark spot correcting glow serum clicks,NONE,pigmentation correcting serum,PHRASE,NEAR_PHRASE,38,1,12.18,0,0,2,"raw/32_search_term_view_90d.json (2798 rows, uncapped)"
23614843633,Search-bodycare,195291098322,Ad group 1,pastry skin products,NONE,body cream,BROAD,BROAD,26,3,12.16,0,0,3.5317,"raw/32_search_term_view_90d.json (2798 rows, uncapped)"
23660059123,Pastry_Brand_Search,195867018204,Ad group 1,pasty skin,NONE,pastry skin,EXACT,NEAR_EXACT,25,5,12.11,1,1470,18,"raw/32_search_term_view_90d.json (2798 rows, uncapped)"
23660059123,Pastry_Brand_Search,195867018204,Ad group 1,pastry skin,ADDED,pastry skin care,EXACT,NEAR_EXACT,25,9,12.080475,0,0,24.9842,"raw/32_search_term_view_90d.json (2798 rows, uncapped)"
24105712546,PNC_PASTRY_WAR_Search_Product_20260803,198582693829,Brightening Body Oil,advanced korean body oil,NONE,brightening body oil,PHRASE,NEAR_PHRASE,1,1,12.04,0,0,0,"raw/32_search_term_view_90d.json (2798 rows, uncapped)"
23660059123,Pastry_Brand_Search,195867018204,Ad group 1,pastry shower gel,NONE,pastry body wash,EXACT,NEAR_EXACT,50,10,12.001437,8,132.08,26.0824,"raw/32_search_term_view_90d.json (2798 rows, uncapped)"
24105712546,PNC_PASTRY_WAR_Search_Product_20260803,198582694469,Pigmentation Serum,best serum for hyperpigmentation,NONE,pigmentation correcting serum,EXACT,NEAR_EXACT,4,1,11.99,0,0,1,"raw/32_search_term_view_90d.json (2798 rows, uncapped)"
24105712546,PNC_PASTRY_WAR_Search_Product_20260803,198582693829,Brightening Body Oil,lelive body oil,NONE,body brightening oil,PHRASE,NEAR_PHRASE,6,1,11.9,0,0,2,"raw/32_search_term_view_90d.json (2798 rows, uncapped)"
24105712546,PNC_PASTRY_WAR_Search_Product_20260803,198582694469,Pigmentation Serum,mela b3 serum,NONE,pigmentation correcting serum,PHRASE,NEAR_PHRASE,28,1,11.87,0,0,1,"raw/32_search_term_view_90d.json (2798 rows, uncapped)"
24105712546,PNC_PASTRY_WAR_Search_Product_20260803,198582694469,Pigmentation Serum,eucerin even pigment perfector dual serum,NONE,pigmentation correcting serum,PHRASE,NEAR_PHRASE,14,1,11.804299,0,0,1,"raw/32_search_term_view_90d.json (2798 rows, uncapped)"
24142894204,Pastry | Search | Product High Intent | 2026-08-14,197968133486,Product | Niacinamide Body Lotion,niacinamide body lotion,ADDED,niacinamide body lotion,EXACT,EXACT,72,4,11.8,0,0,14,"raw/32_search_term_view_90d.json (2798 rows, uncapped)"
24105712546,PNC_PASTRY_WAR_Search_Product_20260803,198582694069,BHA Body Gel,the ordinary salicylic acid body serum,NONE,bha body serum,PHRASE,NEAR_PHRASE,1,1,11.77,0,0,1,"raw/32_search_term_view_90d.json (2798 rows, uncapped)"
24105712546,PNC_PASTRY_WAR_Search_Product_20260803,198582694469,Pigmentation Serum,garnier serum clicks,NONE,pigmentation correction serum,PHRASE,NEAR_PHRASE,7,1,11.62,0,0,1,"raw/32_search_term_view_90d.json (2798 rows, uncapped)"
24142894204,Pastry | Search | Product High Intent | 2026-08-14,197968133886,Product | Salicylic Body Wash,salicylic body wash,NONE,salicylic acid body wash,EXACT,NEAR_EXACT,30,4,11.54,0,0,8.5,"raw/32_search_term_view_90d.json (2798 rows, uncapped)"
24105712546,PNC_PASTRY_WAR_Search_Product_20260803,198582693509,Glycolic Body Wash,glycolic body wash,ADDED,glycolic body wash,EXACT,EXACT,14,1,11.43,0,0,2,"raw/32_search_term_view_90d.json (2798 rows, uncapped)"
23660059123,Pastry_Brand_Search,195867018204,Ad group 1,pastry anti pigment hand cream,NONE,pastry hand cream,EXACT,NEAR_EXACT,87,9,11.17641,0,0,25.5798,"raw/32_search_term_view_90d.json (2798 rows, uncapped)"
24105712546,PNC_PASTRY_WAR_Search_Product_20260803,198582694469,Pigmentation Serum,anua niacinamide,NONE,pigmentation correcting serum,PHRASE,NEAR_PHRASE,6,1,11.16,0,0,2,"raw/32_search_term_view_90d.json (2798 rows, uncapped)"
24105712546,PNC_PASTRY_WAR_Search_Product_20260803,198582694469,Pigmentation Serum,alpha arbutin serum benefits,NONE,pigmentation correcting serum,PHRASE,NEAR_PHRASE,1,1,11.08,0,0,1,"raw/32_search_term_view_90d.json (2798 rows, uncapped)"
24105712546,PNC_PASTRY_WAR_Search_Product_20260803,198582694469,Pigmentation Serum,luminous anti dark marks,NONE,pigmentation correcting serum,PHRASE,NEAR_PHRASE,5,1,11.07,0,0,1,"raw/32_search_term_view_90d.json (2798 rows, uncapped)"
24105712546,PNC_PASTRY_WAR_Search_Product_20260803,198582694469,Pigmentation Serum,la roche posay niacinamide serum review,NONE,niacinamide pigmentation serum,PHRASE,NEAR_PHRASE,1,1,11.03,0,0,1,"raw/32_search_term_view_90d.json (2798 rows, uncapped)"
23614843633,Search-bodycare,195291098322,Ad group 1,pantry body lotion,NONE,body cream,BROAD,NEAR_PHRASE,19,5,10.917211,1,16.59,13,"raw/32_search_term_view_90d.json (2798 rows, uncapped)"
24105712546,PNC_PASTRY_WAR_Search_Product_20260803,198582694469,Pigmentation Serum,teashell niacinamide serum,NONE,niacinamide pigmentation serum,PHRASE,NEAR_PHRASE,1,1,10.75,0,0,3,"raw/32_search_term_view_90d.json (2798 rows, uncapped)"
23614843633,Search-bodycare,195291098322,Ad group 1,pastry hand cream price,NONE,body cream,BROAD,BROAD,31,7,10.704858,0,0,8,"raw/32_search_term_view_90d.json (2798 rows, uncapped)"
23614843633,Search-bodycare,195291098322,Ad group 1,pasty skincare,NONE,body cream,BROAD,BROAD,18,4,10.48,0,0,6.5,"raw/32_search_term_view_90d.json (2798 rows, uncapped)"
23660059123,Pastry_Brand_Search,195867018204,Ad group 1,pastry pigmentation serum,NONE,pastry skin care,BROAD,NEAR_PHRASE,15,5,10.43,0,0,5.0163,"raw/32_search_term_view_90d.json (2798 rows, uncapped)"
24105712546,PNC_PASTRY_WAR_Search_Product_20260803,198582693829,Brightening Body Oil,vitamin c oil,NONE,vitamin c body oil,PHRASE,NEAR_PHRASE,7,1,10.37,0,0,1,"raw/32_search_term_view_90d.json (2798 rows, uncapped)"
23660059123,Pastry_Brand_Search,195867018204,Ad group 1,pastry skin products,NONE,pastry skincare products,EXACT,NEAR_EXACT,33,11,10.28,1,16.51,47.5068,"raw/32_search_term_view_90d.json (2798 rows, uncapped)"
24105712546,PNC_PASTRY_WAR_Search_Product_20260803,198582694469,Pigmentation Serum,la roche posay for dark spots,NONE,pigmentation correcting serum,PHRASE,NEAR_PHRASE,5,1,10.14,0,0,1,"raw/32_search_term_view_90d.json (2798 rows, uncapped)"
23660059123,Pastry_Brand_Search,195867018204,Ad group 1,pastry skincare store near me,NONE,pastry skincare near me,EXACT,NEAR_EXACT,99,11,10.102373,0,0,9.5808,"raw/32_search_term_view_90d.json (2798 rows, uncapped)"
24105712546,PNC_PASTRY_WAR_Search_Product_20260803,198582693789,Niacinamide Body Lotion,mixa niacinamide bright body lotion,NONE,niacinamide body lotion,PHRASE,PHRASE,1,1,9.94,0,0,2,"raw/32_search_term_view_90d.json (2798 rows, uncapped)"
24094997880,PNC_PASTRY_WAR_Search_Brand_20260803,198582692869,Pastry Skincare,pastry products,ADDED,pastry products,EXACT,EXACT,19,5,9.92,0,0,2,"raw/32_search_term_view_90d.json (2798 rows, uncapped)"
23660059123,Pastry_Brand_Search,195867018204,Ad group 1,the pastry skincare,ADDED,the pastry skincare,EXACT,EXACT,32,13,9.862183,3,49.37,31.7919,"raw/32_search_term_view_90d.json (2798 rows, uncapped)"
23660059123,Pastry_Brand_Search,195867018204,Ad group 1,pastry skincare clicks,NONE,pastry skincare,BROAD,PHRASE,122,21,9.86,1,345,59.9684,"raw/32_search_term_view_90d.json (2798 rows, uncapped)"
23660059123,Pastry_Brand_Search,195867018204,Ad group 1,the pastry,NONE,pastry skincare,BROAD,BROAD,11,4,9.706472,0,0,5.4228,"raw/32_search_term_view_90d.json (2798 rows, uncapped)"
23614294762,Search-pastryskincare,193410155229,Ad group 1,regimen lab level serum,NONE,skincare for sensitive skin,BROAD,BROAD,1,1,9.62,0,0,0,"raw/32_search_term_view_90d.json (2798 rows, uncapped)"
23660059123,Pastry_Brand_Search,195867018204,Ad group 1,pantry body products,NONE,pastry skin care,BROAD,NEAR_PHRASE,19,9,9.567991,0.5,8.26,6.9538,"raw/32_search_term_view_90d.json (2798 rows, uncapped)"
23660059123,Pastry_Brand_Search,195867018204,Ad group 1,pasty skin,NONE,pastry skin care,EXACT,NEAR_EXACT,29,8,9.47,1,16.73,16,"raw/32_search_term_view_90d.json (2798 rows, uncapped)"
24094997880,PNC_PASTRY_WAR_Search_Brand_20260803,198582693269,Pastry Body Oil,pastry body oil,ADDED,pastry body oil,EXACT,EXACT,9,3,9.47,0,0,3,"raw/32_search_term_view_90d.json (2798 rows, uncapped)"
23614843633,Search-bodycare,195291098322,Ad group 1,skin pastry,NONE,body cream,BROAD,BROAD,6,2,9.43,0,0,7,"raw/32_search_term_view_90d.json (2798 rows, uncapped)"
24105712546,PNC_PASTRY_WAR_Search_Product_20260803,198582693829,Brightening Body Oil,skin lightening oil at clicks,NONE,body brightening oil,PHRASE,NEAR_PHRASE,1,1,9.2,0,0,1,"raw/32_search_term_view_90d.json (2798 rows, uncapped)"
23660059123,Pastry_Brand_Search,195867018204,Ad group 1,pastry body,NONE,pastry skin care,BROAD,NEAR_PHRASE,12,4,9.18,0,0,20.7003,"raw/32_search_term_view_90d.json (2798 rows, uncapped)"
23660059123,Pastry_Brand_Search,195867018204,Ad group 1,pastry online shop,NONE,pastry skin care,BROAD,BROAD,20,14,9.17707,0,0,58.7382,"raw/32_search_term_view_90d.json (2798 rows, uncapped)"
24142894204,Pastry | Search | Product High Intent | 2026-08-14,197968133486,Product | Niacinamide Body Lotion,pastry niacinamide lotion,NONE,niacinamide body lotion,PHRASE,NEAR_PHRASE,13,3,8.88,2,1818.5,35,"raw/32_search_term_view_90d.json (2798 rows, uncapped)"
24142894204,Pastry | Search | Product High Intent | 2026-08-14,197968133246,Product | Lactic Body Wash,lactic acid body wash,ADDED,lactic acid body wash,EXACT,EXACT,39,3,8.78,0,0,2,"raw/32_search_term_view_90d.json (2798 rows, uncapped)"
24105712546,PNC_PASTRY_WAR_Search_Product_20260803,198582694469,Pigmentation Serum,hydroxyphenoxy propionic acid serum,NONE,pigmentation correcting serum,PHRASE,NEAR_PHRASE,2,1,8.75,0,0,2,"raw/32_search_term_view_90d.json (2798 rows, uncapped)"
24142894204,Pastry | Search | Product High Intent | 2026-08-14,197968133486,Product | Niacinamide Body Lotion,pastry skincare niacinamide body lotion,NONE,niacinamide body lotion,PHRASE,PHRASE,13,3,8.74,0,0,4,"raw/32_search_term_view_90d.json (2798 rows, uncapped)"
23660059123,Pastry_Brand_Search,195867018204,Ad group 1,pastry skin,ADDED,pastry skin care,BROAD,NEAR_PHRASE,13,5,8.62,5,81.69,24,"raw/32_search_term_view_90d.json (2798 rows, uncapped)"
23660059123,Pastry_Brand_Search,195867018204,Ad group 1,pastry deodorant,ADDED,pastry deodorant,EXACT,EXACT,66,9,8.62,4,66.12,26,"raw/32_search_term_view_90d.json (2798 rows, uncapped)"
24142894204,Pastry | Search | Product High Intent | 2026-08-14,197968133886,Product | Salicylic Body Wash,pastry salicylic body wash,NONE,salicylic acid body wash,PHRASE,NEAR_PHRASE,12,3,8.62,0,0,3,"raw/32_search_term_view_90d.json (2798 rows, uncapped)"
23614843633,Search-bodycare,195291098322,Ad group 1,body butter,ADDED,body butter,BROAD,EXACT,40,2,8.616197,0,0,1,"raw/32_search_term_view_90d.json (2798 rows, uncapped)"
23614843633,Search-bodycare,195291098322,Ad group 1,pastry cosmetics,NONE,body cream,BROAD,BROAD,18,6,8.374056,0,0,3.7273,"raw/32_search_term_view_90d.json (2798 rows, uncapped)"
24094997880,PNC_PASTRY_WAR_Search_Brand_20260803,198582692869,Pastry Skincare,pantry skin products,NONE,pastry skin care,PHRASE,NEAR_PHRASE,2,1,8.21,0,0,7,"raw/32_search_term_view_90d.json (2798 rows, uncapped)"
23660059123,Pastry_Brand_Search,195867018204,Ad group 1,skin pantry,NONE,pastry skin care,BROAD,BROAD,6,3,8.12,0,0,0,"raw/32_search_term_view_90d.json (2798 rows, uncapped)"
23660059123,Pastry_Brand_Search,195867018204,Ad group 1,pastry skincare reviews,ADDED,pastry skincare reviews,EXACT,EXACT,27,3,7.96,0,0,4,"raw/32_search_term_view_90d.json (2798 rows, uncapped)"
23660059123,Pastry_Brand_Search,195867018204,Ad group 1,pastry cosmetics,NONE,pastry skincare products,EXACT,NEAR_EXACT,25,7,7.91,0,0,21,"raw/32_search_term_view_90d.json (2798 rows, uncapped)"
24094997880,PNC_PASTRY_WAR_Search_Brand_20260803,198582692869,Pastry Skincare,pantry skincare,ADDED,pantry skincare,EXACT,EXACT,12,5,7.58505,0,0,0,"raw/32_search_term_view_90d.json (2798 rows, uncapped)"
23614294762,Search-pastryskincare,193410155229,Ad group 1,pastry skin care,ADDED,pastry skin care,PHRASE,EXACT,7,2,7.5,0,0,2.9996,"raw/32_search_term_view_90d.json (2798 rows, uncapped)"
23660059123,Pastry_Brand_Search,195867018204,Ad group 1,pastry body scrub,ADDED,pastry body scrub,EXACT,EXACT,20,7,7.356614,0,0,9,"raw/32_search_term_view_90d.json (2798 rows, uncapped)"
24094997880,PNC_PASTRY_WAR_Search_Brand_20260803,198582693109,Pastry Body Lotion,pastry overnight body balm,NONE,pastry lotion,PHRASE,NEAR_PHRASE,3,2,7.26,0,0,0,"raw/32_search_term_view_90d.json (2798 rows, uncapped)"
23660112718,Pastry_BodyWash_Search,194151132373,Ad group 1,pastry skincare salicylic acid body wash,NONE,pastry salicylic acid body wash,EXACT,NEAR_EXACT,10,2,7.229478,1,16.29,3,"raw/32_search_term_view_90d.json (2798 rows, uncapped)"
24094997880,PNC_PASTRY_WAR_Search_Brand_20260803,198582692869,Pastry Skincare,pastry skincare shop,ADDED,pastry skincare shop,EXACT,EXACT,4,3,7.08,0,0,1,"raw/32_search_term_view_90d.json (2798 rows, uncapped)"
23614843633,Search-bodycare,195291098322,Ad group 1,pastry brightening body oil,NONE,body cream,BROAD,BROAD,33,3,7.04,1,16.39,9,"raw/32_search_term_view_90d.json (2798 rows, uncapped)"
23660059123,Pastry_Brand_Search,195867018204,Ad group 1,pastry skin products,NONE,pastry skin,EXACT,NEAR_EXACT,35,14,7.020134,0.9954,333.71,25.1244,"raw/32_search_term_view_90d.json (2798 rows, uncapped)"
23614843633,Search-bodycare,195291098322,Ad group 1,pastry body oil,NONE,body cream,BROAD,BROAD,11,2,6.96,0,0,2,"raw/32_search_term_view_90d.json (2798 rows, uncapped)"
23660059123,Pastry_Brand_Search,195867018204,Ad group 1,pastry skincare takealot,NONE,pastry skincare,BROAD,PHRASE,43,8,6.833707,0,0,35,"raw/32_search_term_view_90d.json (2798 rows, uncapped)"
23614843633,Search-bodycare,195291098322,Ad group 1,pastry lotion price,NONE,body cream,BROAD,NEAR_PHRASE,28,5,6.55,1,16.59,11,"raw/32_search_term_view_90d.json (2798 rows, uncapped)"
23614843633,Search-bodycare,195291098322,Ad group 1,body on tap,NONE,body cream,BROAD,BROAD,18,2,6.158907,0,0,6,"raw/32_search_term_view_90d.json (2798 rows, uncapped)"
23614294762,Search-pastryskincare,193410155229,Ad group 1,paistry,NONE,pastry,BROAD,NEAR_EXACT,3,1,6.1,0,0,0,"raw/32_search_term_view_90d.json (2798 rows, uncapped)"
24142894204,Pastry | Search | Product High Intent | 2026-08-14,197968132686,Product | BHA Body Balm,pastry overnight body balm,NONE,bha overnight body balm,EXACT,NEAR_EXACT,4,2,5.98,0,0,2,"raw/32_search_term_view_90d.json (2798 rows, uncapped)"
24142894204,Pastry | Search | Product High Intent | 2026-08-14,197968133646,Product | Niacinamide Body Mist,niacinamide mist spray,NONE,niacinamide body mist,EXACT,NEAR_EXACT,1,2,5.98,0,0,2,"raw/32_search_term_view_90d.json (2798 rows, uncapped)"
23660059123,Pastry_Brand_Search,195867018204,Ad group 1,pasty skin,NONE,pastry skin care,BROAD,BROAD,4,3,5.97,0,0,1,"raw/32_search_term_view_90d.json (2798 rows, uncapped)"
24142894204,Pastry | Search | Product High Intent | 2026-08-14,197968132526,Product | Anti-Pigment Hand Cream,anti pigment hand cream,ADDED,anti pigment hand cream,EXACT,EXACT,24,2,5.96,0,0,3,"raw/32_search_term_view_90d.json (2798 rows, uncapped)"
23660059123,Pastry_Brand_Search,195867018204,Ad group 1,pastry skincare shop near me,NONE,pastry skincare near me,EXACT,NEAR_EXACT,190,15,5.943367,0,0,39.5983,"raw/32_search_term_view_90d.json (2798 rows, uncapped)"
24142894204,Pastry | Search | Product High Intent | 2026-08-14,197968133486,Product | Niacinamide Body Lotion,niacinamide lotion,NONE,niacinamide body lotion,EXACT,NEAR_EXACT,20,2,5.94,0,0,3,"raw/32_search_term_view_90d.json (2798 rows, uncapped)"
24142894204,Pastry | Search | Product High Intent | 2026-08-14,197968133886,Product | Salicylic Body Wash,standard beauty salicylic acid body wash,NONE,salicylic acid body wash,PHRASE,PHRASE,5,2,5.94,0,0,3,"raw/32_search_term_view_90d.json (2798 rows, uncapped)"
24142894204,Pastry | Search | Product High Intent | 2026-08-14,197968132766,Product | Barrier Repair Serum,barrier repair serum,ADDED,barrier repair serum,EXACT,EXACT,6,2,5.93,0,0,4,"raw/32_search_term_view_90d.json (2798 rows, uncapped)"
23660112718,Pastry_BodyWash_Search,194151132373,Ad group 1,pastry skincare body wash,NONE,pastry body wash,EXACT,NEAR_EXACT,6,1,5.9,0,0,2,"raw/32_search_term_view_90d.json (2798 rows, uncapped)"
24142894204,Pastry | Search | Product High Intent | 2026-08-14,197968133886,Product | Salicylic Body Wash,pastry skincare salicylic acid body wash,NONE,salicylic acid body wash,PHRASE,PHRASE,7,2,5.88,0,0,7.9674,"raw/32_search_term_view_90d.json (2798 rows, uncapped)"
23660059123,Pastry_Brand_Search,195867018204,Ad group 1,where can i buy pastry skincare,NONE,pastry skincare,EXACT,NEAR_EXACT,20,4,5.85368,0,0,1.8721,"raw/32_search_term_view_90d.json (2798 rows, uncapped)"
23614843633,Search-bodycare,195291098322,Ad group 1,pastry skincare menlyn,NONE,body cream,BROAD,BROAD,6,1,5.76,0,0,1,"raw/32_search_term_view_90d.json (2798 rows, uncapped)"
24142894204,Pastry | Search | Product High Intent | 2026-08-14,197968132966,Product | Glycolic Body Wash,glycolic acid wash,NONE,glycolic body wash,EXACT,NEAR_EXACT,15,2,5.76,0,0,1.5126,"raw/32_search_term_view_90d.json (2798 rows, uncapped)"
24094997880,PNC_PASTRY_WAR_Search_Brand_20260803,198582692869,Pastry Skincare,pastry products near me,NONE,pastry products,PHRASE,PHRASE,3,2,5.66,0,0,2,"raw/32_search_term_view_90d.json (2798 rows, uncapped)"
23660059123,Pastry_Brand_Search,195867018204,Ad group 1,pastry body cream,NONE,pastry lotion,EXACT,NEAR_EXACT,19,6,5.6,0,0,6,"raw/32_search_term_view_90d.json (2798 rows, uncapped)"
23660059123,Pastry_Brand_Search,195867018204,Ad group 1,pastry niacinamide body lotion,NONE,pastry skin care,BROAD,NEAR_PHRASE,56,3,5.54,3,50.51,5.5,"raw/32_search_term_view_90d.json (2798 rows, uncapped)"
23660059123,Pastry_Brand_Search,195867018204,Ad group 1,pantry skin products,NONE,pastry skin,PHRASE,NEAR_PHRASE,19,7,5.483998,0,0,8,"raw/32_search_term_view_90d.json (2798 rows, uncapped)"
23660059123,Pastry_Brand_Search,195867018204,Ad group 1,skin pastry,NONE,pastry skincare near me,EXACT,NEAR_EXACT,6,4,5.48,0.25,158.75,12.2231,"raw/32_search_term_view_90d.json (2798 rows, uncapped)"
23660059123,Pastry_Brand_Search,195867018204,Ad group 1,pastry skin,ADDED,pastry skincare online,EXACT,NEAR_EXACT,3,3,5.474798,1,16.32,11,"raw/32_search_term_view_90d.json (2798 rows, uncapped)"
23614843633,Search-bodycare,195291098322,Ad group 1,vanilla body lotion,NONE,body cream,BROAD,NEAR_PHRASE,4,1,5.43,0,0,0,"raw/32_search_term_view_90d.json (2798 rows, uncapped)"
23614294762,Search-pastryskincare,193410155229,Ad group 1,pastry anti pigment hand cream,NONE,skincare for sensitive skin,BROAD,BROAD,8,3,5.39,0,0,1,"raw/32_search_term_view_90d.json (2798 rows, uncapped)"
23660059123,Pastry_Brand_Search,195867018204,Ad group 1,pastry skincare woolworths,NONE,pastry skincare,BROAD,PHRASE,63,7,5.25,0,0,17,"raw/32_search_term_view_90d.json (2798 rows, uncapped)"
23614843633,Search-bodycare,195291098322,Ad group 1,pastry sunscreen,NONE,body cream,BROAD,BROAD,5,2,5.19,3,48.95,15,"raw/32_search_term_view_90d.json (2798 rows, uncapped)"
23660059123,Pastry_Brand_Search,195867018204,Ad group 1,the pastry,NONE,pastry skin care,BROAD,BROAD,18,6,5.17,0,0,12.0434,"raw/32_search_term_view_90d.json (2798 rows, uncapped)"
23660059123,Pastry_Brand_Search,195867018204,Ad group 1,pastry skincare sandton city,NONE,pastry skincare sandton,EXACT,NEAR_EXACT,60,9,5.15,0,0,18.9799,"raw/32_search_term_view_90d.json (2798 rows, uncapped)"
23660059123,Pastry_Brand_Search,195867018204,Ad group 1,pastry body products,NONE,pastry skincare products,EXACT,NEAR_EXACT,17,6,5.14,0,0,4.281,"raw/32_search_term_view_90d.json (2798 rows, uncapped)"
23614843633,Search-bodycare,195291098322,Ad group 1,pastry lotion,NONE,body cream,BROAD,NEAR_PHRASE,35,7,5.13,1,16.47,11,"raw/32_search_term_view_90d.json (2798 rows, uncapped)"
23614843633,Search-bodycare,195291098322,Ad group 1,pastry pigmentation serum,NONE,skin lotion,BROAD,BROAD,7,2,5.13,0,0,4.9449,"raw/32_search_term_view_90d.json (2798 rows, uncapped)"
23614294762,Search-pastryskincare,193410155229,Ad group 1,pastry brightening body oil,NONE,skincare for sensitive skin,BROAD,BROAD,5,1,5.05,0,0,2,"raw/32_search_term_view_90d.json (2798 rows, uncapped)"
23660059123,Pastry_Brand_Search,195867018204,Ad group 1,pastry cosmetics,NONE,pastry skin care,EXACT,NEAR_EXACT,8,3,5.03,0,0,5.8691,"raw/32_search_term_view_90d.json (2798 rows, uncapped)"
23614843633,Search-bodycare,195291098322,Ad group 1,pastry body lotion price,NONE,body cream,BROAD,NEAR_PHRASE,13,4,4.978344,0,0,3.976,"raw/32_search_term_view_90d.json (2798 rows, uncapped)"
23660059123,Pastry_Brand_Search,195867018204,Ad group 1,pastry body care,NONE,pastry skin,EXACT,NEAR_EXACT,8,1,4.9,0,0,4,"raw/32_search_term_view_90d.json (2798 rows, uncapped)"
23660059123,Pastry_Brand_Search,195867018204,Ad group 1,pastry deodorant roll on,NONE,pastry deodorant,EXACT,NEAR_EXACT,7,2,4.89,0,0,1.3682,"raw/32_search_term_view_90d.json (2798 rows, uncapped)"
23660059123,Pastry_Brand_Search,195867018204,Ad group 1,pantry skin products,NONE,pastry skin care,BROAD,NEAR_PHRASE,8,4,4.87,0,0,1.0438,"raw/32_search_term_view_90d.json (2798 rows, uncapped)"
23660059123,Pastry_Brand_Search,195867018204,Ad group 1,pastry pigmentation roll on,NONE,pastry roll on,EXACT,NEAR_EXACT,2,1,4.86,0,0,0,"raw/32_search_term_view_90d.json (2798 rows, uncapped)"
23660059123,Pastry_Brand_Search,195867018204,Ad group 1,pastry products at clicks,NONE,pastry skin care,BROAD,NEAR_PHRASE,14,3,4.84,0,0,0,"raw/32_search_term_view_90d.json (2798 rows, uncapped)"
23660059123,Pastry_Brand_Search,195867018204,Ad group 1,pastry skin care near me,NONE,pastry skincare near me,EXACT,NEAR_EXACT,12,2,4.84,0,0,1,"raw/32_search_term_view_90d.json (2798 rows, uncapped)"
23614843633,Search-bodycare,195291098322,Ad group 1,pastry body products,NONE,body cream,BROAD,BROAD,12,4,4.64,0,0,5,"raw/32_search_term_view_90d.json (2798 rows, uncapped)"
23660059123,Pastry_Brand_Search,195867018204,Ad group 1,pantry cosmetics,NONE,pastry skin care,BROAD,BROAD,14,4,4.53,0,0,2,"raw/32_search_term_view_90d.json (2798 rows, uncapped)"
23614843633,Search-bodycare,195291098322,Ad group 1,bha body lotion,NONE,body cream,BROAD,NEAR_PHRASE,2,1,4.5,0,0,0,"raw/32_search_term_view_90d.json (2798 rows, uncapped)"
23614843633,Search-bodycare,195291098322,Ad group 1,perfumed body lotion,NONE,body cream,BROAD,NEAR_PHRASE,3,1,4.48,0,0,2,"raw/32_search_term_view_90d.json (2798 rows, uncapped)"
23614843633,Search-bodycare,195291098322,Ad group 1,pastry skincare products,NONE,body cream,BROAD,BROAD,4,2,4.39,0,0,6.5,"raw/32_search_term_view_90d.json (2798 rows, uncapped)"
23614294762,Search-pastryskincare,193410155229,Ad group 1,pastry hand cream,NONE,skincare for sensitive skin,BROAD,BROAD,13,2,4.352657,0,0,2,"raw/32_search_term_view_90d.json (2798 rows, uncapped)"
23660059123,Pastry_Brand_Search,195867018204,Ad group 1,pastry body products,NONE,pastry skin,EXACT,NEAR_EXACT,11,6,4.25,0,0,29.9348,"raw/32_search_term_view_90d.json (2798 rows, uncapped)"
23614294762,Search-pastryskincare,193410155229,Ad group 1,pastry store,NONE,pastry,BROAD,PHRASE,4,1,4.152578,0,0,4,"raw/32_search_term_view_90d.json (2798 rows, uncapped)"
23614294762,Search-pastryskincare,193410155229,Ad group 1,pastry online,NONE,skincare for sensitive skin,BROAD,BROAD,6,1,4.15,0,0,1,"raw/32_search_term_view_90d.json (2798 rows, uncapped)"
23660059123,Pastry_Brand_Search,195867018204,Ad group 1,pastry skincare store,NONE,pastry skincare,EXACT,NEAR_EXACT,8,1,4.05,0,0,0.15,"raw/32_search_term_view_90d.json (2798 rows, uncapped)"
24094997880,PNC_PASTRY_WAR_Search_Brand_20260803,198582692869,Pastry Skincare,pastry skin care,ADDED,pastry skin care,EXACT,EXACT,7,1,4.035719,0,0,1,"raw/32_search_term_view_90d.json (2798 rows, uncapped)"
23660059123,Pastry_Brand_Search,195867018204,Ad group 1,pastry face products,NONE,pastry skincare products,EXACT,NEAR_EXACT,20,7,3.98,0,0,15.5,"raw/32_search_term_view_90d.json (2798 rows, uncapped)"
23660059123,Pastry_Brand_Search,195867018204,Ad group 1,pantry skin care,NONE,pastry skin care,EXACT,NEAR_EXACT,4,1,3.965489,0,0,0,"raw/32_search_term_view_90d.json (2798 rows, uncapped)"
23614843633,Search-bodycare,195291098322,Ad group 1,pastry website,NONE,body cream,BROAD,BROAD,3,2,3.94,0,0,2,"raw/32_search_term_view_90d.json (2798 rows, uncapped)"
24094997880,PNC_PASTRY_WAR_Search_Brand_20260803,198582692869,Pastry Skincare,pastry south africa,NONE,skin pastry,PHRASE,NEAR_PHRASE,1,1,3.93,0,0,1,"raw/32_search_term_view_90d.json (2798 rows, uncapped)"
23660059123,Pastry_Brand_Search,195867018204,Ad group 1,pastry skincare durban,NONE,pastry skincare,BROAD,PHRASE,37,3,3.928501,0,0,5,"raw/32_search_term_view_90d.json (2798 rows, uncapped)"
23660059123,Pastry_Brand_Search,195867018204,Ad group 1,where to buy pastry skincare,ADDED,where to buy pastry skincare,EXACT,EXACT,30,2,3.92,0,0,0.0233,"raw/32_search_term_view_90d.json (2798 rows, uncapped)"
23614294762,Search-pastryskincare,193410155229,Ad group 1,pastry lotion,NONE,skincare for sensitive skin,BROAD,BROAD,5,1,3.91,0,0,3,"raw/32_search_term_view_90d.json (2798 rows, uncapped)"
23614843633,Search-bodycare,195291098322,Ad group 1,pastry body mist,NONE,body cream,BROAD,BROAD,4,1,3.81,0,0,1,"raw/32_search_term_view_90d.json (2798 rows, uncapped)"
23660059123,Pastry_Brand_Search,195867018204,Ad group 1,pastry beauty,NONE,pastry skin,EXACT,NEAR_EXACT,4,3,3.77,0,0,25.0681,"raw/32_search_term_view_90d.json (2798 rows, uncapped)"
23660059123,Pastry_Brand_Search,195867018204,Ad group 1,pantry skin care,NONE,pastry skincare products,EXACT,NEAR_EXACT,2,1,3.77,0,0,1,"raw/32_search_term_view_90d.json (2798 rows, uncapped)"
23660059123,Pastry_Brand_Search,195867018204,Ad group 1,pastry skincare near me,ADDED,pastry skincare near me,EXACT,EXACT,41,6,3.764202,0,0,3,"raw/32_search_term_view_90d.json (2798 rows, uncapped)"
23614843633,Search-bodycare,195291098322,Ad group 1,pastry body cream,NONE,body cream,BROAD,PHRASE,4,3,3.736774,0,0,11,"raw/32_search_term_view_90d.json (2798 rows, uncapped)"
23660059123,Pastry_Brand_Search,195867018204,Ad group 1,pastry niacinamide,NONE,pastry skin,PHRASE,NEAR_PHRASE,12,5,3.661638,0,0,7,"raw/32_search_term_view_90d.json (2798 rows, uncapped)"
23660059123,Pastry_Brand_Search,195867018204,Ad group 1,oil based body lotion,NONE,pastry skin care,BROAD,BROAD,1,1,3.62,0,0,1,"raw/32_search_term_view_90d.json (2798 rows, uncapped)"
24094997880,PNC_PASTRY_WAR_Search_Brand_20260803,198582693109,Pastry Body Lotion,pastry lotion,ADDED,pastry lotion,EXACT,EXACT,10,2,3.57,0,0,0,"raw/32_search_term_view_90d.json (2798 rows, uncapped)"
23660059123,Pastry_Brand_Search,195867018204,Ad group 1,pastry skin care products,NONE,pastry skincare products,EXACT,NEAR_EXACT,6,3,3.53,0,0,2,"raw/32_search_term_view_90d.json (2798 rows, uncapped)"
24094997880,PNC_PASTRY_WAR_Search_Brand_20260803,198582693109,Pastry Body Lotion,pastry niacinamide lotion,NONE,pastry niacinamide body lotion,EXACT,NEAR_EXACT,1,1,3.51,0,0,0.9824,"raw/32_search_term_view_90d.json (2798 rows, uncapped)"
23660059123,Pastry_Brand_Search,195867018204,Ad group 1,pantry lotion,NONE,pastry skin care,BROAD,NEAR_PHRASE,24,5,3.5,0,0,3,"raw/32_search_term_view_90d.json (2798 rows, uncapped)"
23660059123,Pastry_Brand_Search,195867018204,Ad group 1,pantry lotion,NONE,pastry skincare,BROAD,NEAR_PHRASE,5,4,3.498067,0,0,8,"raw/32_search_term_view_90d.json (2798 rows, uncapped)"
23660059123,Pastry_Brand_Search,195867018204,Ad group 1,pantry lotion,NONE,pastry lotion,EXACT,NEAR_EXACT,16,5,3.46,0,0,27,"raw/32_search_term_view_90d.json (2798 rows, uncapped)"
24094997880,PNC_PASTRY_WAR_Search_Brand_20260803,198582692869,Pastry Skincare,pastry beauty,NONE,pastry skin,EXACT,NEAR_EXACT,2,1,3.4,0,0,0,"raw/32_search_term_view_90d.json (2798 rows, uncapped)"
23614294762,Search-pastryskincare,193410155229,Ad group 1,pastry lotion price,NONE,skincare for sensitive skin,BROAD,BROAD,5,1,3.39,0,0,0,"raw/32_search_term_view_90d.json (2798 rows, uncapped)"
24094997880,PNC_PASTRY_WAR_Search_Brand_20260803,198582692869,Pastry Skincare,pastry store,NONE,pastry products,PHRASE,NEAR_PHRASE,4,1,3.39,0,0,0,"raw/32_search_term_view_90d.json (2798 rows, uncapped)"
24094997880,PNC_PASTRY_WAR_Search_Brand_20260803,198582693109,Pastry Body Lotion,pastry lotion price at clicks,NONE,pastry lotion,PHRASE,PHRASE,3,1,3.39,0,0,1,"raw/32_search_term_view_90d.json (2798 rows, uncapped)"
24094997880,PNC_PASTRY_WAR_Search_Brand_20260803,198582693029,Pastry Body Wash,pastry shower gel,ADDED,pastry shower gel,EXACT,EXACT,3,1,3.35,0,0,1,"raw/32_search_term_view_90d.json (2798 rows, uncapped)"
23614843633,Search-bodycare,195291098322,Ad group 1,pastry skincare durban,NONE,body cream,BROAD,BROAD,3,1,3.348329,0,0,0,"raw/32_search_term_view_90d.json (2798 rows, uncapped)"
23660059123,Pastry_Brand_Search,195867018204,Ad group 1,skin pastry,NONE,pastry skin,EXACT,NEAR_EXACT,8,4,3.32,0,0,2.9854,"raw/32_search_term_view_90d.json (2798 rows, uncapped)"
23660059123,Pastry_Brand_Search,195867018204,Ad group 1,pastry store,NONE,pastry skin care,BROAD,BROAD,11,4,3.3,0,0,3,"raw/32_search_term_view_90d.json (2798 rows, uncapped)"
23660059123,Pastry_Brand_Search,195867018204,Ad group 1,pastry skincare body wash,NONE,pastry body wash,EXACT,NEAR_EXACT,16,3,3.27,0,0,2,"raw/32_search_term_view_90d.json (2798 rows, uncapped)"
23660059123,Pastry_Brand_Search,195867018204,Ad group 1,pastry body,NONE,pastry skin,EXACT,NEAR_EXACT,5,2,3.19,0,0,11.0761,"raw/32_search_term_view_90d.json (2798 rows, uncapped)"
24094997880,PNC_PASTRY_WAR_Search_Brand_20260803,198582692869,Pastry Skincare,the pastry,ADDED,the pastry,EXACT,EXACT,2,1,3.17,0,0,2.1045,"raw/32_search_term_view_90d.json (2798 rows, uncapped)"
23660059123,Pastry_Brand_Search,195867018204,Ad group 1,pantry hand cream,NONE,pastry skin care,BROAD,BROAD,12,3,3.16,2,33.41,17,"raw/32_search_term_view_90d.json (2798 rows, uncapped)"
24094997880,PNC_PASTRY_WAR_Search_Brand_20260803,198582692869,Pastry Skincare,pastry skin care products,NONE,pastry skincare products,EXACT,NEAR_EXACT,2,1,3.143117,0,0,0,"raw/32_search_term_view_90d.json (2798 rows, uncapped)"
24094997880,PNC_PASTRY_WAR_Search_Brand_20260803,198582692869,Pastry Skincare,pastry skincare south africa,ADDED,pastry skincare south africa,EXACT,EXACT,2,1,3.11,0,0,0,"raw/32_search_term_view_90d.json (2798 rows, uncapped)"
23660059123,Pastry_Brand_Search,195867018204,Ad group 1,glycolic acid pastry,NONE,pastry skin care,BROAD,NEAR_PHRASE,9,1,3.1,0,0,3,"raw/32_search_term_view_90d.json (2798 rows, uncapped)"
23614294762,Search-pastryskincare,193410155229,Ad group 1,pastry niacinamide body lotion,NONE,skincare for sensitive skin,BROAD,BROAD,12,2,3.080785,0,0,2,"raw/32_search_term_view_90d.json (2798 rows, uncapped)"
24142894204,Pastry | Search | Product High Intent | 2026-08-14,197968132966,Product | Glycolic Body Wash,glycolic body scrub,NONE,glycolic acid body cleanser,EXACT,NEAR_EXACT,6,1,2.99,0,0,7.0134,"raw/32_search_term_view_90d.json (2798 rows, uncapped)"
24142894204,Pastry | Search | Product High Intent | 2026-08-14,197968133886,Product | Salicylic Body Wash,glycolic or salicylic acid body wash,NONE,salicylic acid body wash,PHRASE,PHRASE,2,1,2.99,0,0,7,"raw/32_search_term_view_90d.json (2798 rows, uncapped)"
24142894204,Pastry | Search | Product High Intent | 2026-08-14,197968133966,Product | Vitamin C Body Cream,vitamin c body lotion,NONE,body cream vitamin c,EXACT,NEAR_EXACT,15,1,2.99,0,0,1,"raw/32_search_term_view_90d.json (2798 rows, uncapped)"
23660059123,Pastry_Brand_Search,195867018204,Ad group 1,pastry skin care products,NONE,pastry skin,EXACT,NEAR_EXACT,11,4,2.97,1,622.25,10,"raw/32_search_term_view_90d.json (2798 rows, uncapped)"
23660059123,Pastry_Brand_Search,195867018204,Ad group 1,the pastry,NONE,pastry skin,EXACT,NEAR_EXACT,5,3,2.96,0,0,4,"raw/32_search_term_view_90d.json (2798 rows, uncapped)"
24142894204,Pastry | Search | Product High Intent | 2026-08-14,197968133886,Product | Salicylic Body Wash,2 salicylic acid body wash,NONE,salicylic acid body wash,EXACT,NEAR_EXACT,7,1,2.96,0,0,2,"raw/32_search_term_view_90d.json (2798 rows, uncapped)"
24142894204,Pastry | Search | Product High Intent | 2026-08-14,197968133886,Product | Salicylic Body Wash,salicylic acid cleanser for back,NONE,salicylic acid body wash,EXACT,NEAR_EXACT,2,1,2.96,0,0,8,"raw/32_search_term_view_90d.json (2798 rows, uncapped)"
24142894204,Pastry | Search | Product High Intent | 2026-08-14,197968132966,Product | Glycolic Body Wash,glycolic and lactic acid body wash,NONE,glycolic body wash,PHRASE,PHRASE,2,1,2.95,0,0,3,"raw/32_search_term_view_90d.json (2798 rows, uncapped)"
24142894204,Pastry | Search | Product High Intent | 2026-08-14,197968133486,Product | Niacinamide Body Lotion,body lotion niacinamide,NONE,niacinamide body lotion,EXACT,NEAR_EXACT,1,1,2.95,0,0,0,"raw/32_search_term_view_90d.json (2798 rows, uncapped)"
24142894204,Pastry | Search | Product High Intent | 2026-08-14,197968133486,Product | Niacinamide Body Lotion,niacinamide body care,NONE,niacinamide body lotion,EXACT,NEAR_EXACT,2,1,2.95,0,0,7,"raw/32_search_term_view_90d.json (2798 rows, uncapped)"
24142894204,Pastry | Search | Product High Intent | 2026-08-14,197968133486,Product | Niacinamide Body Lotion,aplb glutathione niacinamide body lotion,NONE,niacinamide body lotion,PHRASE,PHRASE,1,1,2.95,0,0,1,"raw/32_search_term_view_90d.json (2798 rows, uncapped)"
23660059123,Pastry_Brand_Search,195867018204,Ad group 1,pastry online shop,NONE,pastry skincare,BROAD,BROAD,5,3,2.948965,0,0,13.082,"raw/32_search_term_view_90d.json (2798 rows, uncapped)"
24142894204,Pastry | Search | Product High Intent | 2026-08-14,197968133966,Product | Vitamin C Body Cream,vitamin c body cream,ADDED,vitamin c body cream,EXACT,EXACT,2,1,2.94,0,0,2,"raw/32_search_term_view_90d.json (2798 rows, uncapped)"
23660059123,Pastry_Brand_Search,195867018204,Ad group 1,pastry skincare price,NONE,pastry skincare,BROAD,PHRASE,20,6,2.913837,0,0,0,"raw/32_search_term_view_90d.json (2798 rows, uncapped)"
24142894204,Pastry | Search | Product High Intent | 2026-08-14,197968133206,Product | Hyaluronic Body Lotion,body hyaluronic acid,NONE,hyaluronic acid body lotion,EXACT,NEAR_EXACT,1,1,2.9,0,0,1,"raw/32_search_term_view_90d.json (2798 rows, uncapped)"
24142894204,Pastry | Search | Product High Intent | 2026-08-14,197968132966,Product | Glycolic Body Wash,glycolic acid shower,NONE,glycolic body wash,EXACT,NEAR_EXACT,2,1,2.89,0,0,0,"raw/32_search_term_view_90d.json (2798 rows, uncapped)"
24142894204,Pastry | Search | Product High Intent | 2026-08-14,197968132966,Product | Glycolic Body Wash,glycolic acid pastry,NONE,glycolic acid body cleanser,PHRASE,NEAR_PHRASE,2,1,2.89,0,0,0,"raw/32_search_term_view_90d.json (2798 rows, uncapped)"
24094997880,PNC_PASTRY_WAR_Search_Brand_20260803,198582692869,Pastry Skincare,pastry cosmetics,ADDED,pastry cosmetics,EXACT,EXACT,4,4,2.88,0,0,6,"raw/32_search_term_view_90d.json (2798 rows, uncapped)"
23660059123,Pastry_Brand_Search,195867018204,Ad group 1,pastry overnight body balm,NONE,pastry skin,PHRASE,NEAR_PHRASE,20,3,2.87,0,0,9,"raw/32_search_term_view_90d.json (2798 rows, uncapped)"
23660059123,Pastry_Brand_Search,195867018204,Ad group 1,pantry lotion,NONE,pastry skin,PHRASE,NEAR_PHRASE,8,4,2.857086,0,0,5,"raw/32_search_term_view_90d.json (2798 rows, uncapped)"
24142894204,Pastry | Search | Product High Intent | 2026-08-14,197968133886,Product | Salicylic Body Wash,salicylic acid shower gel,NONE,salicylic acid body wash,EXACT,NEAR_EXACT,7,1,2.85,0,0,0.2397,"raw/32_search_term_view_90d.json (2798 rows, uncapped)"
24142894204,Pastry | Search | Product High Intent | 2026-08-14,197968133686,Product | Niacinamide SPF50,niacinamide sunscreen,NONE,niacinamide spf50 sunscreen,EXACT,NEAR_EXACT,2,1,2.79,0,0,1,"raw/32_search_term_view_90d.json (2798 rows, uncapped)"
23660059123,Pastry_Brand_Search,195867018204,Ad group 1,pastry body,NONE,pastry skin care,EXACT,NEAR_EXACT,4,2,2.774252,0,0,5.1045,"raw/32_search_term_view_90d.json (2798 rows, uncapped)"
24094997880,PNC_PASTRY_WAR_Search_Brand_20260803,198582692869,Pastry Skincare,pasty skincare,ADDED,pasty skincare,EXACT,EXACT,5,2,2.75,0,0,0,"raw/32_search_term_view_90d.json (2798 rows, uncapped)"
24142894204,Pastry | Search | Product High Intent | 2026-08-14,197968132966,Product | Glycolic Body Wash,glycolic acid body wash south africa,NONE,glycolic body wash,PHRASE,PHRASE,2,1,2.72,0,0,1,"raw/32_search_term_view_90d.json (2798 rows, uncapped)"
23660059123,Pastry_Brand_Search,195867018204,Ad group 1,www pastry,NONE,pastry skin,PHRASE,NEAR_PHRASE,2,1,2.7,0,0,0,"raw/32_search_term_view_90d.json (2798 rows, uncapped)"
23660059123,Pastry_Brand_Search,195867018204,Ad group 1,pastry body mist,NONE,pastry skin care,BROAD,NEAR_PHRASE,15,2,2.67,0,0,2.9638,"raw/32_search_term_view_90d.json (2798 rows, uncapped)"
23660059123,Pastry_Brand_Search,195867018204,Ad group 1,pasty skin,NONE,pastry skin care,BROAD,NEAR_PHRASE,2,1,2.66,0,0,0,"raw/32_search_term_view_90d.json (2798 rows, uncapped)"
24094997880,PNC_PASTRY_WAR_Search_Brand_20260803,198582692869,Pastry Skincare,pastry beauty,NONE,pastry cosmetics,EXACT,NEAR_EXACT,1,1,2.66,0,0,1,"raw/32_search_term_view_90d.json (2798 rows, uncapped)"
23660059123,Pastry_Brand_Search,195867018204,Ad group 1,pastry beauty,NONE,pastry skincare products,EXACT,NEAR_EXACT,10,3,2.565952,0,0,4,"raw/32_search_term_view_90d.json (2798 rows, uncapped)"
23614843633,Search-bodycare,195291098322,Ad group 1,pantry body products,NONE,body cream,BROAD,BROAD,6,2,2.54,0,0,0,"raw/32_search_term_view_90d.json (2798 rows, uncapped)"
24094997880,PNC_PASTRY_WAR_Search_Brand_20260803,198582692869,Pastry Skincare,pastry skincare products,ADDED,pastry skincare products,EXACT,EXACT,4,1,2.49,0,0.0,0.488,"raw/32_search_term_view_90d.json (2798 rows, uncapped)"
23614294762,Search-pastryskincare,193410155229,Ad group 1,pastry hand cream price,NONE,skincare for sensitive skin,BROAD,BROAD,4,2,2.45,0,0,6,"raw/32_search_term_view_90d.json (2798 rows, uncapped)"
23660059123,Pastry_Brand_Search,195867018204,Ad group 1,pantry skincare,NONE,pastry skincare,EXACT,NEAR_EXACT,9,3,2.43,0,0,5.9666,"raw/32_search_term_view_90d.json (2798 rows, uncapped)"
23660059123,Pastry_Brand_Search,195867018204,Ad group 1,pantry skin care,NONE,pastry skincare,EXACT,NEAR_EXACT,5,1,2.36,0,0,0,"raw/32_search_term_view_90d.json (2798 rows, uncapped)"
24094997880,PNC_PASTRY_WAR_Search_Brand_20260803,198582692869,Pastry Skincare,pastry products list,NONE,pastry products,PHRASE,PHRASE,1,1,2.35,0,0,3,"raw/32_search_term_view_90d.json (2798 rows, uncapped)"
23660059123,Pastry_Brand_Search,195867018204,Ad group 1,pastry hyperpigmentation,NONE,pastry skin care,BROAD,NEAR_PHRASE,11,2,2.33,0,0,0,"raw/32_search_term_view_90d.json (2798 rows, uncapped)"
23660059123,Pastry_Brand_Search,195867018204,Ad group 1,pastry glycolic body wash,NONE,pastry body wash,EXACT,NEAR_EXACT,27,2,2.33,1,16.42,3,"raw/32_search_term_view_90d.json (2798 rows, uncapped)"
23660059123,Pastry_Brand_Search,195867018204,Ad group 1,pastry body care,NONE,pastry skincare products,EXACT,NEAR_EXACT,5,2,2.33,6,99.2,10,"raw/32_search_term_view_90d.json (2798 rows, uncapped)"
23660059123,Pastry_Brand_Search,195867018204,Ad group 1,pastry skincare shop,NONE,where to buy pastry skincare,EXACT,NEAR_EXACT,3,2,2.33,5,81.32,22.8335,"raw/32_search_term_view_90d.json (2798 rows, uncapped)"
23660059123,Pastry_Brand_Search,195867018204,Ad group 1,pastry body care,NONE,pastry skin care,BROAD,NEAR_PHRASE,4,1,2.32,3,49.02,6,"raw/32_search_term_view_90d.json (2798 rows, uncapped)"
23660059123,Pastry_Brand_Search,195867018204,Ad group 1,the pastry,NONE,pastry skin,PHRASE,NEAR_PHRASE,4,2,2.31,0,0,1,"raw/32_search_term_view_90d.json (2798 rows, uncapped)"
24094997880,PNC_PASTRY_WAR_Search_Brand_20260803,198582693309,Pastry Sunscreen,pastry sunscreen,ADDED,pastry sunscreen,EXACT,EXACT,2,1,2.28,0,0,0,"raw/32_search_term_view_90d.json (2798 rows, uncapped)"
23614843633,Search-bodycare,195291098322,Ad group 1,pastry body wash,NONE,body cream,BROAD,BROAD,3,1,2.24,0,0,0,"raw/32_search_term_view_90d.json (2798 rows, uncapped)"
23614843633,Search-bodycare,195291098322,Ad group 1,pantry cosmetics,NONE,body cream,BROAD,BROAD,11,3,2.23,0,0,5.0932,"raw/32_search_term_view_90d.json (2798 rows, uncapped)"
24094997880,PNC_PASTRY_WAR_Search_Brand_20260803,198582693109,Pastry Body Lotion,pantry lotion,NONE,pantry body lotion,EXACT,NEAR_EXACT,1,1,2.2,0,0,0,"raw/32_search_term_view_90d.json (2798 rows, uncapped)"
23660059123,Pastry_Brand_Search,195867018204,Ad group 1,pastry skincare menlyn,ADDED,pastry skincare menlyn,EXACT,EXACT,30,2,2.17,0,0,3,"raw/32_search_term_view_90d.json (2798 rows, uncapped)"
23660059123,Pastry_Brand_Search,195867018204,Ad group 1,pastry skin care products,NONE,pastry skincare,EXACT,NEAR_EXACT,3,2,2.16,0,0,0,"raw/32_search_term_view_90d.json (2798 rows, uncapped)"
23614843633,Search-bodycare,195291098322,Ad group 1,pastry skincare,NONE,body cream,BROAD,BROAD,2,1,2.13,0,0,0,"raw/32_search_term_view_90d.json (2798 rows, uncapped)"
23660059123,Pastry_Brand_Search,195867018204,Ad group 1,pastry salicylic body wash,NONE,pastry skin care,BROAD,NEAR_PHRASE,2,2,2.13,0,0,2,"raw/32_search_term_view_90d.json (2798 rows, uncapped)"
23614843633,Search-bodycare,195291098322,Ad group 1,pastry beauty,NONE,body cream,BROAD,BROAD,3,1,2.12,0,0,0,"raw/32_search_term_view_90d.json (2798 rows, uncapped)"
23660059123,Pastry_Brand_Search,195867018204,Ad group 1,pantry hand cream,NONE,pastry hand cream,EXACT,NEAR_EXACT,7,3,2.109828,0,0,0,"raw/32_search_term_view_90d.json (2798 rows, uncapped)"
23614843633,Search-bodycare,195291098322,Ad group 1,pastry sunscreen,NONE,skin lotion,BROAD,BROAD,1,1,1.99,0,0,0,"raw/32_search_term_view_90d.json (2798 rows, uncapped)"
23614294762,Search-pastryskincare,193410155229,Ad group 1,pastry body lotion,ADDED,pastry body lotion,PHRASE,EXACT,9,2,1.96,0,0,3.024,"raw/32_search_term_view_90d.json (2798 rows, uncapped)"
23614843633,Search-bodycare,195291098322,Ad group 1,pastry underarm,NONE,body cream,BROAD,BROAD,4,1,1.88,0,0,0,"raw/32_search_term_view_90d.json (2798 rows, uncapped)"
23614843633,Search-bodycare,195291098322,Ad group 1,pastry body butter,NONE,body cream,BROAD,NEAR_PHRASE,2,1,1.82,0,0,0,"raw/32_search_term_view_90d.json (2798 rows, uncapped)"
23660059123,Pastry_Brand_Search,195867018204,Ad group 1,pastry menlyn,NONE,pastry skin care,BROAD,NEAR_PHRASE,30,2,1.804876,0,0,2,"raw/32_search_term_view_90d.json (2798 rows, uncapped)"
23614843633,Search-bodycare,195291098322,Ad group 1,pastry roll on price,NONE,body cream,BROAD,BROAD,2,1,1.79,0,0,1,"raw/32_search_term_view_90d.json (2798 rows, uncapped)"
23660059123,Pastry_Brand_Search,195867018204,Ad group 1,pastry skincare shop near me,NONE,where to buy pastry skincare,EXACT,NEAR_EXACT,11,3,1.79,0,0,0,"raw/32_search_term_view_90d.json (2798 rows, uncapped)"
23660059123,Pastry_Brand_Search,195867018204,Ad group 1,pastry niacinamide body wash,NONE,pastry skin care,BROAD,NEAR_PHRASE,4,1,1.78,0,0,1,"raw/32_search_term_view_90d.json (2798 rows, uncapped)"
23660059123,Pastry_Brand_Search,195867018204,Ad group 1,pastry hand cream price,NONE,pastry hand cream,EXACT,NEAR_EXACT,36,2,1.77,0,0,2.7645,"raw/32_search_term_view_90d.json (2798 rows, uncapped)"
23660059123,Pastry_Brand_Search,195867018204,Ad group 1,pastry products at clicks,NONE,pastry skin,PHRASE,NEAR_PHRASE,18,3,1.77,0,0,4,"raw/32_search_term_view_90d.json (2798 rows, uncapped)"
23660059123,Pastry_Brand_Search,195867018204,Ad group 1,pastry south africa,NONE,pastry skin care,BROAD,NEAR_PHRASE,1,1,1.76,0,0,0,"raw/32_search_term_view_90d.json (2798 rows, uncapped)"
23660059123,Pastry_Brand_Search,195867018204,Ad group 1,pantry body products,NONE,pastry skin,PHRASE,NEAR_PHRASE,16,4,1.75,0,0,6,"raw/32_search_term_view_90d.json (2798 rows, uncapped)"
23660059123,Pastry_Brand_Search,195867018204,Ad group 1,pastry lotion price,NONE,pastry body lotion,EXACT,NEAR_EXACT,22,4,1.719321,0,0,5,"raw/32_search_term_view_90d.json (2798 rows, uncapped)"
23660059123,Pastry_Brand_Search,195867018204,Ad group 1,pastry skin care near me,NONE,pastry skin care,EXACT,NEAR_EXACT,9,1,1.7,0,0,0,"raw/32_search_term_view_90d.json (2798 rows, uncapped)"
23660059123,Pastry_Brand_Search,195867018204,Ad group 1,pantry body wash,NONE,pastry skin,PHRASE,NEAR_PHRASE,2,1,1.69,0,0,1,"raw/32_search_term_view_90d.json (2798 rows, uncapped)"
23614843633,Search-bodycare,195291098322,Ad group 1,korean skincare johannesburg,NONE,body cream,BROAD,BROAD,1,1,1.66,0,0,0,"raw/32_search_term_view_90d.json (2798 rows, uncapped)"
23614843633,Search-bodycare,195291098322,Ad group 1,pastry skincare mall of africa,NONE,body cream,BROAD,BROAD,7,1,1.66,0,0,1,"raw/32_search_term_view_90d.json (2798 rows, uncapped)"
23660059123,Pastry_Brand_Search,195867018204,Ad group 1,pantry skin products,NONE,pastry skincare products,EXACT,NEAR_EXACT,3,1,1.64,0,0,3,"raw/32_search_term_view_90d.json (2798 rows, uncapped)"
23614843633,Search-bodycare,195291098322,Ad group 1,pastry skincare niacinamide body lotion,NONE,body cream,BROAD,NEAR_PHRASE,2,1,1.636529,0,0,4,"raw/32_search_term_view_90d.json (2798 rows, uncapped)"
23660059123,Pastry_Brand_Search,195867018204,Ad group 1,pastry skincare mall of africa,ADDED,pastry skincare mall of africa,EXACT,EXACT,47,3,1.635886,0,0,9,"raw/32_search_term_view_90d.json (2798 rows, uncapped)"
23660059123,Pastry_Brand_Search,195867018204,Ad group 1,pastry products near me,NONE,pastry skincare near me,EXACT,NEAR_EXACT,6,2,1.61,0,0,7,"raw/32_search_term_view_90d.json (2798 rows, uncapped)"
23660059123,Pastry_Brand_Search,195867018204,Ad group 1,pantry body lotion,NONE,pastry skin care,BROAD,NEAR_PHRASE,10,4,1.58,0,0,12,"raw/32_search_term_view_90d.json (2798 rows, uncapped)"
24142894204,Pastry | Search | Product High Intent | 2026-08-14,197968132966,Product | Glycolic Body Wash,glycolic acid pastry,NONE,glycolic body wash,PHRASE,NEAR_PHRASE,2,1,1.58,0,0,0,"raw/32_search_term_view_90d.json (2798 rows, uncapped)"
23614843633,Search-bodycare,195291098322,Ad group 1,pastry brightening body oil,NONE,body butter,BROAD,BROAD,2,1,1.54,0,0,5,"raw/32_search_term_view_90d.json (2798 rows, uncapped)"
23614843633,Search-bodycare,195291098322,Ad group 1,pastry anti pigment hand cream,NONE,skin lotion,BROAD,NEAR_PHRASE,5,1,1.532307,0,0,0,"raw/32_search_term_view_90d.json (2798 rows, uncapped)"
23614294762,Search-pastryskincare,193410155229,Ad group 1,pastry products near me,NONE,pastry,BROAD,PHRASE,1,1,1.504985,0,0,0,"raw/32_search_term_view_90d.json (2798 rows, uncapped)"
23660059123,Pastry_Brand_Search,195867018204,Ad group 1,pastry menlyn,NONE,pastry skincare menlyn,EXACT,NEAR_EXACT,8,1,1.5,0,0,0,"raw/32_search_term_view_90d.json (2798 rows, uncapped)"
23660059123,Pastry_Brand_Search,195867018204,Ad group 1,where can i buy pastry skincare,NONE,buy pastry skincare,EXACT,NEAR_EXACT,9,1,1.5,0,0,2,"raw/32_search_term_view_90d.json (2798 rows, uncapped)"
23660059123,Pastry_Brand_Search,195867018204,Ad group 1,pastry body lotion price,NONE,pastry lotion,EXACT,NEAR_EXACT,5,1,1.48,3,48.8,22,"raw/32_search_term_view_90d.json (2798 rows, uncapped)"
23614294762,Search-pastryskincare,193410155229,Ad group 1,pantry cosmetics,NONE,skincare for sensitive skin,BROAD,BROAD,3,1,1.42,0,0,0,"raw/32_search_term_view_90d.json (2798 rows, uncapped)"
23614843633,Search-bodycare,195291098322,Ad group 1,pastry body,NONE,body cream,BROAD,BROAD,2,1,1.42,0,0,0,"raw/32_search_term_view_90d.json (2798 rows, uncapped)"
23660059123,Pastry_Brand_Search,195867018204,Ad group 1,pastry products at clicks,NONE,pastry skincare,BROAD,NEAR_PHRASE,6,3,1.42,0,0,16,"raw/32_search_term_view_90d.json (2798 rows, uncapped)"
23660059123,Pastry_Brand_Search,195867018204,Ad group 1,pastry overnight body balm,NONE,pastry skin care,BROAD,NEAR_PHRASE,23,2,1.39,1,16.7,3,"raw/32_search_term_view_90d.json (2798 rows, uncapped)"
23660059123,Pastry_Brand_Search,195867018204,Ad group 1,pastry lotion price,NONE,pastry lotion,EXACT,NEAR_EXACT,19,4,1.373989,0,0,5,"raw/32_search_term_view_90d.json (2798 rows, uncapped)"
23660059123,Pastry_Brand_Search,195867018204,Ad group 1,pastry cosmetics,NONE,pastry skin care,BROAD,BROAD,1,1,1.35,0,0,1,"raw/32_search_term_view_90d.json (2798 rows, uncapped)"
23660059123,Pastry_Brand_Search,195867018204,Ad group 1,pastry anti pigmentation deodorant,NONE,pastry skin care,BROAD,NEAR_PHRASE,2,1,1.32,0,0,0,"raw/32_search_term_view_90d.json (2798 rows, uncapped)"
23660059123,Pastry_Brand_Search,195867018204,Ad group 1,pastry lotion price at clicks,NONE,pastry skin,PHRASE,NEAR_PHRASE,1,1,1.31,0,0,15,"raw/32_search_term_view_90d.json (2798 rows, uncapped)"
23660059123,Pastry_Brand_Search,195867018204,Ad group 1,pastry body products,NONE,pastry skin care,EXACT,NEAR_EXACT,4,1,1.29,0,0,1.465,"raw/32_search_term_view_90d.json (2798 rows, uncapped)"
23660059123,Pastry_Brand_Search,195867018204,Ad group 1,pastry face products,NONE,pastry skin,EXACT,NEAR_EXACT,7,3,1.28,0,0,1,"raw/32_search_term_view_90d.json (2798 rows, uncapped)"
23660059123,Pastry_Brand_Search,195867018204,Ad group 1,pastry south africa,NONE,pastry skin care,BROAD,BROAD,6,2,1.25,2,33.06,20,"raw/32_search_term_view_90d.json (2798 rows, uncapped)"
23660059123,Pastry_Brand_Search,195867018204,Ad group 1,pastry deodorant clicks,NONE,pastry skin care,BROAD,NEAR_PHRASE,2,2,1.224088,0,0,1,"raw/32_search_term_view_90d.json (2798 rows, uncapped)"
23660059123,Pastry_Brand_Search,195867018204,Ad group 1,pastry mall of africa,NONE,pastry skin care,BROAD,NEAR_PHRASE,14,2,1.22,0,0,2,"raw/32_search_term_view_90d.json (2798 rows, uncapped)"
24094997880,PNC_PASTRY_WAR_Search_Brand_20260803,198582692869,Pastry Skincare,www pastryskincare co za,ADDED,www pastryskincare co za,EXACT,EXACT,2,1,1.18,0,0,3,"raw/32_search_term_view_90d.json (2798 rows, uncapped)"
23614843633,Search-bodycare,195291098322,Ad group 1,where to buy annique rooibos products,NONE,body cream,BROAD,BROAD,2,1,1.12,0,0,0,"raw/32_search_term_view_90d.json (2798 rows, uncapped)"
23660059123,Pastry_Brand_Search,195867018204,Ad group 1,pastry cosmetics,NONE,pastry skincare,EXACT,NEAR_EXACT,2,1,1.08,0,0,1.6292,"raw/32_search_term_view_90d.json (2798 rows, uncapped)"
23660059123,Pastry_Brand_Search,195867018204,Ad group 1,pastry body cream,NONE,pastry body lotion,EXACT,NEAR_EXACT,2,1,1.04,0,0,0,"raw/32_search_term_view_90d.json (2798 rows, uncapped)"
23660059123,Pastry_Brand_Search,195867018204,Ad group 1,pastry menlyn,NONE,pastry skin,PHRASE,NEAR_PHRASE,18,2,1.030525,0,0,2.5,"raw/32_search_term_view_90d.json (2798 rows, uncapped)"
23660059123,Pastry_Brand_Search,195867018204,Ad group 1,pastry skin products,NONE,pastry skin care,EXACT,NEAR_EXACT,19,2,1.02,0,0,5,"raw/32_search_term_view_90d.json (2798 rows, uncapped)"
23660059123,Pastry_Brand_Search,195867018204,Ad group 1,pantry skin products,NONE,pastry skin,EXACT,NEAR_EXACT,2,1,0.99,0,0,1,"raw/32_search_term_view_90d.json (2798 rows, uncapped)"
23614294762,Search-pastryskincare,193410155229,Ad group 1,pasty skincare,NONE,skincare for sensitive skin,BROAD,BROAD,5,2,0.97,0,0,1,"raw/32_search_term_view_90d.json (2798 rows, uncapped)"
23660059123,Pastry_Brand_Search,195867018204,Ad group 1,pastry hyperpigmentation,NONE,pastry skin,PHRASE,NEAR_PHRASE,3,2,0.97,0,0,1,"raw/32_search_term_view_90d.json (2798 rows, uncapped)"
23660059123,Pastry_Brand_Search,195867018204,Ad group 1,where to buy pastry products,NONE,pastry skin care,BROAD,NEAR_PHRASE,13,1,0.96,0,0,0,"raw/32_search_term_view_90d.json (2798 rows, uncapped)"
23660059123,Pastry_Brand_Search,195867018204,Ad group 1,pastry skin roll on,NONE,pastry roll on,EXACT,NEAR_EXACT,8,1,0.95,0,0,0,"raw/32_search_term_view_90d.json (2798 rows, uncapped)"
23660059123,Pastry_Brand_Search,195867018204,Ad group 1,pastry skincare location,NONE,pastry skincare near me,EXACT,NEAR_EXACT,7,1,0.93,0,0,0,"raw/32_search_term_view_90d.json (2798 rows, uncapped)"
23614843633,Search-bodycare,195291098322,Ad group 1,pastry hand lotion,NONE,skin lotion,BROAD,NEAR_PHRASE,2,1,0.91,0,0,3,"raw/32_search_term_view_90d.json (2798 rows, uncapped)"
23660059123,Pastry_Brand_Search,195867018204,Ad group 1,pastry skincare in durban,NONE,pastry skincare,BROAD,PHRASE,2,1,0.91,0,0,1.9708,"raw/32_search_term_view_90d.json (2798 rows, uncapped)"
24094997880,PNC_PASTRY_WAR_Search_Brand_20260803,198582692869,Pastry Skincare,pastry menlyn,NONE,skin pastry,PHRASE,NEAR_PHRASE,2,1,0.91,0,0,0,"raw/32_search_term_view_90d.json (2798 rows, uncapped)"
23660059123,Pastry_Brand_Search,195867018204,Ad group 1,pastry skincare for stretch marks,NONE,pastry skincare,BROAD,PHRASE,20,2,0.877157,0,0,4.9481,"raw/32_search_term_view_90d.json (2798 rows, uncapped)"
23614294762,Search-pastryskincare,193410155229,Ad group 1,pastry skincare sunscreen,ADDED,pastry skincare sunscreen,PHRASE,EXACT,4,2,0.87,0,0,0,"raw/32_search_term_view_90d.json (2798 rows, uncapped)"
23660059123,Pastry_Brand_Search,195867018204,Ad group 1,pastry mall of africa,NONE,pastry skincare,BROAD,NEAR_PHRASE,9,4,0.83,0,0,8,"raw/32_search_term_view_90d.json (2798 rows, uncapped)"
23614294762,Search-pastryskincare,193410155229,Ad group 1,pastry body care,ADDED,pastry body care,PHRASE,EXACT,6,1,0.75835,0,0,0,"raw/32_search_term_view_90d.json (2798 rows, uncapped)"
23660059123,Pastry_Brand_Search,195867018204,Ad group 1,pastry body lotion price,NONE,pastry body lotion,EXACT,NEAR_EXACT,12,3,0.74,0,0,6,"raw/32_search_term_view_90d.json (2798 rows, uncapped)"
23660059123,Pastry_Brand_Search,195867018204,Ad group 1,pastry clicks,NONE,pastry skincare,BROAD,NEAR_PHRASE,2,1,0.734991,0,0,0.5452,"raw/32_search_term_view_90d.json (2798 rows, uncapped)"
23660059123,Pastry_Brand_Search,195867018204,Ad group 1,pastry lotion price at clicks,NONE,pastry lotion,PHRASE,PHRASE,11,6,0.67,0,0,9,"raw/32_search_term_view_90d.json (2798 rows, uncapped)"
23660059123,Pastry_Brand_Search,195867018204,Ad group 1,pastry product,NONE,pastry products,EXACT,NEAR_EXACT,5,1,0.66,0,0,4,"raw/32_search_term_view_90d.json (2798 rows, uncapped)"
23660059123,Pastry_Brand_Search,195867018204,Ad group 1,pastry underarm,NONE,pastry deodorant,EXACT,NEAR_EXACT,1,1,0.63,0,0,2,"raw/32_search_term_view_90d.json (2798 rows, uncapped)"
23660059123,Pastry_Brand_Search,195867018204,Ad group 1,pastry face mask,ADDED,pastry skin,PHRASE,NEAR_PHRASE,2,1,0.59,0,0,2,"raw/32_search_term_view_90d.json (2798 rows, uncapped)"
23660059123,Pastry_Brand_Search,195867018204,Ad group 1,pastry skincare near me,ADDED,where to buy pastry skincare,EXACT,NEAR_EXACT,1,1,0.58,0,0,0,"raw/32_search_term_view_90d.json (2798 rows, uncapped)"
23660059123,Pastry_Brand_Search,195867018204,Ad group 1,pantry body lotion,NONE,pastry skin care,BROAD,BROAD,3,1,0.54,0,0,1,"raw/32_search_term_view_90d.json (2798 rows, uncapped)"
23660059123,Pastry_Brand_Search,195867018204,Ad group 1,pastry skincare niacinamide body lotion,NONE,pastry skincare,BROAD,PHRASE,2,1,0.54,0,0,1.1991,"raw/32_search_term_view_90d.json (2798 rows, uncapped)"
23660059123,Pastry_Brand_Search,195867018204,Ad group 1,pastry south africa,NONE,pastry skin,PHRASE,NEAR_PHRASE,1,1,0.49,0,0,0,"raw/32_search_term_view_90d.json (2798 rows, uncapped)"
23660059123,Pastry_Brand_Search,195867018204,Ad group 1,pastry skincare shop,NONE,pastry skincare near me,EXACT,NEAR_EXACT,3,2,0.48,0,0,3,"raw/32_search_term_view_90d.json (2798 rows, uncapped)"
23660059123,Pastry_Brand_Search,195867018204,Ad group 1,pastry hand cream where to buy,NONE,pastry hand cream,EXACT,NEAR_EXACT,11,1,0.39,0,0,1,"raw/32_search_term_view_90d.json (2798 rows, uncapped)"
23660059123,Pastry_Brand_Search,195867018204,Ad group 1,pastry lotion price at clicks,NONE,pastry skin care,BROAD,NEAR_PHRASE,11,2,0.39,0,0,1,"raw/32_search_term_view_90d.json (2798 rows, uncapped)"
23660059123,Pastry_Brand_Search,195867018204,Ad group 1,pastry roll on price,NONE,pastry skin care,BROAD,NEAR_PHRASE,4,1,0.38,0,0,1,"raw/32_search_term_view_90d.json (2798 rows, uncapped)"
23660059123,Pastry_Brand_Search,195867018204,Ad group 1,pantry body lotion,NONE,pastry lotion,EXACT,NEAR_EXACT,1,1,0.36,0,0,1,"raw/32_search_term_view_90d.json (2798 rows, uncapped)"
23660059123,Pastry_Brand_Search,195867018204,Ad group 1,pastry anti pigmentation deodorant,NONE,pastry skin,PHRASE,NEAR_PHRASE,10,1,0.36,0,0,1,"raw/32_search_term_view_90d.json (2798 rows, uncapped)"
23660059123,Pastry_Brand_Search,195867018204,Ad group 1,pastry skin,ADDED,pastry skincare,EXACT,NEAR_EXACT,6,2,0.336313,0,0,1,"raw/32_search_term_view_90d.json (2798 rows, uncapped)"
23660059123,Pastry_Brand_Search,195867018204,Ad group 1,pantry skin care,NONE,pastry skin care,BROAD,BROAD,2,1,0.33,0,0,0,"raw/32_search_term_view_90d.json (2798 rows, uncapped)"
23660059123,Pastry_Brand_Search,195867018204,Ad group 1,pastry sa,NONE,pastry skin care,BROAD,NEAR_PHRASE,1,1,0.3,0,0,0,"raw/32_search_term_view_90d.json (2798 rows, uncapped)"
23614294762,Search-pastryskincare,193410155229,Ad group 1,pastry cosmetics,NONE,skincare for sensitive skin,BROAD,BROAD,3,1,0.27,0,0,0,"raw/32_search_term_view_90d.json (2798 rows, uncapped)"
23660059123,Pastry_Brand_Search,195867018204,Ad group 1,pastry sandton city,NONE,pastry skin,PHRASE,NEAR_PHRASE,1,1,0.26,0,0,1,"raw/32_search_term_view_90d.json (2798 rows, uncapped)"
23660059123,Pastry_Brand_Search,195867018204,Ad group 1,pastry body wash price,NONE,pastry body wash,EXACT,NEAR_EXACT,9,3,0.23,0,0,1,"raw/32_search_term_view_90d.json (2798 rows, uncapped)"
23614843633,Search-bodycare,195291098322,Ad group 1,pastry body care,NONE,body cream,BROAD,BROAD,2,1,0.21,2,33.05,12,"raw/32_search_term_view_90d.json (2798 rows, uncapped)"
23660059123,Pastry_Brand_Search,195867018204,Ad group 1,pastry skincare price,NONE,buy pastry skincare,EXACT,NEAR_EXACT,6,1,0.17,0,0,7,"raw/32_search_term_view_90d.json (2798 rows, uncapped)"
24094997880,PNC_PASTRY_WAR_Search_Brand_20260803,198582692869,Pastry Skincare,pastry south africa,NONE,pastry products,PHRASE,NEAR_PHRASE,2,1,0.17,0,0,0,"raw/32_search_term_view_90d.json (2798 rows, uncapped)"
24094997880,PNC_PASTRY_WAR_Search_Brand_20260803,198582692869,Pastry Skincare,pastry mall of africa,NONE,skin pastry,PHRASE,NEAR_PHRASE,6,1,0.17,0,0,0,"raw/32_search_term_view_90d.json (2798 rows, uncapped)"
23614843633,Search-bodycare,195291098322,Ad group 1,pastry skin care products,NONE,body cream,BROAD,BROAD,4,1,0.14,0,0,0,"raw/32_search_term_view_90d.json (2798 rows, uncapped)"
23614843633,Search-bodycare,195291098322,Ad group 1,body on tapp mall of africa,NONE,body butter,BROAD,BROAD,1,1,0.125784,0,0,0,"raw/32_search_term_view_90d.json (2798 rows, uncapped)"
23660059123,Pastry_Brand_Search,195867018204,Ad group 1,pastry online,NONE,pastry skincare,BROAD,BROAD,2,3,0.112306,0,0,0,"raw/32_search_term_view_90d.json (2798 rows, uncapped)"
23660059123,Pastry_Brand_Search,195867018204,Ad group 1,pastry body lotion price,NONE,pastry skin,PHRASE,NEAR_PHRASE,6,1,0.1,0,0,1,"raw/32_search_term_view_90d.json (2798 rows, uncapped)"
23660059123,Pastry_Brand_Search,195867018204,Ad group 1,pastry skincare shop near me,NONE,pastry skincare,BROAD,PHRASE,12,1,0.07,0,0,2,"raw/32_search_term_view_90d.json (2798 rows, uncapped)"
23660059123,Pastry_Brand_Search,195867018204,Ad group 1,lamelle stockists cape town,NONE,pastry skin care,BROAD,BROAD,1,1,0.068512,0,0,2,"raw/32_search_term_view_90d.json (2798 rows, uncapped)"
23660059123,Pastry_Brand_Search,195867018204,Ad group 1,pasty skincare,NONE,pastry skincare,BROAD,PHRASE,5,1,0.06,0,0,0,"raw/32_search_term_view_90d.json (2798 rows, uncapped)"
24094997880,PNC_PASTRY_WAR_Search_Brand_20260803,198582693069,Pastry Hand Cream,pastry hand lotion,ADDED,pastry hand lotion,EXACT,EXACT,8,1,0.06,0,0,0,"raw/32_search_term_view_90d.json (2798 rows, uncapped)"
24094997880,PNC_PASTRY_WAR_Search_Brand_20260803,198582693109,Pastry Body Lotion,pastry body lotion,ADDED,pastry body lotion,EXACT,EXACT,6,1,0.06,4,66.04,5,"raw/32_search_term_view_90d.json (2798 rows, uncapped)"
23660059123,Pastry_Brand_Search,195867018204,Ad group 1,body on tapp,NONE,pastry skin care,BROAD,BROAD,1,1,0.05,0,0,0,"raw/32_search_term_view_90d.json (2798 rows, uncapped)"
23614294762,Search-pastryskincare,193410155229,Ad group 1,pastry hand lotion,NONE,skincare for sensitive skin,BROAD,BROAD,7,1,0.04,0,0,1.0546,"raw/32_search_term_view_90d.json (2798 rows, uncapped)"
23614843633,Search-bodycare,195291098322,Ad group 1,pastry body butter,NONE,body cream,BROAD,BROAD,4,1,0.04,0,0,3,"raw/32_search_term_view_90d.json (2798 rows, uncapped)"
23660059123,Pastry_Brand_Search,195867018204,Ad group 1,pastry niacinamide lotion,NONE,pastry skin care,BROAD,NEAR_PHRASE,9,1,0.04,0,0,1.5,"raw/32_search_term_view_90d.json (2798 rows, uncapped)"
23660059123,Pastry_Brand_Search,195867018204,Ad group 1,www pastry,NONE,pastry skin care,BROAD,NEAR_PHRASE,4,1,0.04,0,0,0,"raw/32_search_term_view_90d.json (2798 rows, uncapped)"
23660059123,Pastry_Brand_Search,195867018204,Ad group 1,pastry body,NONE,pastry skin,PHRASE,NEAR_PHRASE,4,1,0.04,0,0,10,"raw/32_search_term_view_90d.json (2798 rows, uncapped)"
24094997880,PNC_PASTRY_WAR_Search_Brand_20260803,198582692869,Pastry Skincare,pastry online shop,ADDED,pastry online shop,EXACT,EXACT,1,1,0.04,0,0,0,"raw/32_search_term_view_90d.json (2798 rows, uncapped)"
24094997880,PNC_PASTRY_WAR_Search_Brand_20260803,198582692869,Pastry Skincare,skin pastry,ADDED,skin pastry,PHRASE,EXACT,1,1,0.04,0,0,1,"raw/32_search_term_view_90d.json (2798 rows, uncapped)"
23660059123,Pastry_Brand_Search,195867018204,Ad group 1,africology near me,NONE,pastry skin care,BROAD,BROAD,1,1,0.03,0,0,1,"raw/32_search_term_view_90d.json (2798 rows, uncapped)"
23660059123,Pastry_Brand_Search,195867018204,Ad group 1,body on tapp menlyn,NONE,pastry skin care,BROAD,BROAD,1,1,0.029999,0,0,1,"raw/32_search_term_view_90d.json (2798 rows, uncapped)"
23614294762,Search-pastryskincare,193410155229,Ad group 1,pastry rosebank,NONE,pastry,BROAD,PHRASE,1,0,0.0,0,0,0,"raw/32_search_term_view_90d.json (2798 rows, uncapped)"
23614294762,Search-pastryskincare,193410155229,Ad group 1,pastry south africa,NONE,pastry,BROAD,PHRASE,2,0,0.0,0,0,0,"raw/32_search_term_view_90d.json (2798 rows, uncapped)"
23614294762,Search-pastryskincare,193410155229,Ad group 1,where to buy pastry products,NONE,pastry,BROAD,PHRASE,5,0,0.0,0,0,0,"raw/32_search_term_view_90d.json (2798 rows, uncapped)"
23614294762,Search-pastryskincare,193410155229,Ad group 1,pastarys,NONE,pastry,BROAD,NEAR_EXACT,2,0,0.0,0,0,0,"raw/32_search_term_view_90d.json (2798 rows, uncapped)"
23614294762,Search-pastryskincare,193410155229,Ad group 1,pastri,NONE,pastry,BROAD,NEAR_EXACT,3,0,0.0,0,0,0,"raw/32_search_term_view_90d.json (2798 rows, uncapped)"
23614294762,Search-pastryskincare,193410155229,Ad group 1,pstry,NONE,pastry,BROAD,NEAR_EXACT,1,0,0.0,0,0,0,"raw/32_search_term_view_90d.json (2798 rows, uncapped)"
23614294762,Search-pastryskincare,193410155229,Ad group 1,body care products,ADDED,body care products,BROAD,EXACT,1,0,0.0,0,0,0,"raw/32_search_term_view_90d.json (2798 rows, uncapped)"
23614294762,Search-pastryskincare,193410155229,Ad group 1,avroy shlain near me,NONE,body care products,BROAD,BROAD,1,0,0.0,0,0,0,"raw/32_search_term_view_90d.json (2798 rows, uncapped)"
23614294762,Search-pastryskincare,193410155229,Ad group 1,beauty warehouse south africa,NONE,body care products,BROAD,BROAD,1,0,0.0,0,0,0,"raw/32_search_term_view_90d.json (2798 rows, uncapped)"
23614294762,Search-pastryskincare,193410155229,Ad group 1,bodylab,NONE,body care products,BROAD,BROAD,2,0,0.0,0,0,0,"raw/32_search_term_view_90d.json (2798 rows, uncapped)"
23614294762,Search-pastryskincare,193410155229,Ad group 1,bubbles skincare,NONE,body care products,BROAD,BROAD,2,0,0.0,0,0,0,"raw/32_search_term_view_90d.json (2798 rows, uncapped)"
23614294762,Search-pastryskincare,193410155229,Ad group 1,essential oil free skincare,NONE,body care products,BROAD,BROAD,1,0,0.0,0,0,0,"raw/32_search_term_view_90d.json (2798 rows, uncapped)"
23614294762,Search-pastryskincare,193410155229,Ad group 1,massage oils,NONE,body care products,BROAD,BROAD,1,0,0.0,0,0,0,"raw/32_search_term_view_90d.json (2798 rows, uncapped)"
23614294762,Search-pastryskincare,193410155229,Ad group 1,skins south africa,NONE,body care products,BROAD,BROAD,1,0,0.0,0,0,0,"raw/32_search_term_view_90d.json (2798 rows, uncapped)"
23614294762,Search-pastryskincare,193410155229,Ad group 1,vp skincare,NONE,body care products,BROAD,BROAD,1,0,0.0,0,0,0,"raw/32_search_term_view_90d.json (2798 rows, uncapped)"
23614294762,Search-pastryskincare,193410155229,Ad group 1,acqua di parma body lotion 300ml,NONE,body care products,BROAD,NEAR_PHRASE,2,0,0.0,0,0,0,"raw/32_search_term_view_90d.json (2798 rows, uncapped)"
23614294762,Search-pastryskincare,193410155229,Ad group 1,africology durban,NONE,body care products,BROAD,NEAR_PHRASE,1,0,0.0,0,0,0,"raw/32_search_term_view_90d.json (2798 rows, uncapped)"
23614294762,Search-pastryskincare,193410155229,Ad group 1,africology online,NONE,body care products,BROAD,NEAR_PHRASE,1,0,0.0,0,0,0,"raw/32_search_term_view_90d.json (2798 rows, uncapped)"
23614294762,Search-pastryskincare,193410155229,Ad group 1,aha bha body wash,NONE,body care products,BROAD,NEAR_PHRASE,1,0,0.0,0,0,0,"raw/32_search_term_view_90d.json (2798 rows, uncapped)"
23614294762,Search-pastryskincare,193410155229,Ad group 1,annique products near me,NONE,body care products,BROAD,NEAR_PHRASE,1,0,0.0,0,0,0,"raw/32_search_term_view_90d.json (2798 rows, uncapped)"
23614294762,Search-pastryskincare,193410155229,Ad group 1,body odor shower gel,NONE,body care products,BROAD,NEAR_PHRASE,2,0,0.0,0,0,0,"raw/32_search_term_view_90d.json (2798 rows, uncapped)"
23614294762,Search-pastryskincare,193410155229,Ad group 1,body on tapp gateway,NONE,body care products,BROAD,NEAR_PHRASE,1,0,0.0,0,0,0,"raw/32_search_term_view_90d.json (2798 rows, uncapped)"
23614294762,Search-pastryskincare,193410155229,Ad group 1,body on tapp mall of africa,NONE,body care products,BROAD,NEAR_PHRASE,1,0,0.0,0,0,0,"raw/32_search_term_view_90d.json (2798 rows, uncapped)"
23614294762,Search-pastryskincare,193410155229,Ad group 1,body shop cape town,NONE,body care products,BROAD,NEAR_PHRASE,1,0,0.0,0,0,0,"raw/32_search_term_view_90d.json (2798 rows, uncapped)"
23614294762,Search-pastryskincare,193410155229,Ad group 1,body wash for body odor,NONE,body care products,BROAD,NEAR_PHRASE,2,0,0.0,0,0,0,"raw/32_search_term_view_90d.json (2798 rows, uncapped)"
23614294762,Search-pastryskincare,193410155229,Ad group 1,glycolic acid lotion,NONE,body care products,BROAD,NEAR_PHRASE,1,0,0.0,0,0,0,"raw/32_search_term_view_90d.json (2798 rows, uncapped)"
23614294762,Search-pastryskincare,193410155229,Ad group 1,glysolid cream near me,NONE,body care products,BROAD,NEAR_PHRASE,1,0,0.0,0,0,0,"raw/32_search_term_view_90d.json (2798 rows, uncapped)"
23614294762,Search-pastryskincare,193410155229,Ad group 1,l occitane cape town,NONE,body care products,BROAD,NEAR_PHRASE,1,0,0.0,0,0,0,"raw/32_search_term_view_90d.json (2798 rows, uncapped)"
23614294762,Search-pastryskincare,193410155229,Ad group 1,l occitane retailers,NONE,body care products,BROAD,NEAR_PHRASE,1,0,0.0,0,0,0,"raw/32_search_term_view_90d.json (2798 rows, uncapped)"
23614294762,Search-pastryskincare,193410155229,Ad group 1,l occitane south africa,NONE,body care products,BROAD,NEAR_PHRASE,1,0,0.0,0,0,0,"raw/32_search_term_view_90d.json (2798 rows, uncapped)"
23614294762,Search-pastryskincare,193410155229,Ad group 1,loccitane stockists,NONE,body care products,BROAD,NEAR_PHRASE,1,0,0.0,0,0,0,"raw/32_search_term_view_90d.json (2798 rows, uncapped)"
23614294762,Search-pastryskincare,193410155229,Ad group 1,lume acidified body wash,NONE,body care products,BROAD,NEAR_PHRASE,1,0,0.0,0,0,0,"raw/32_search_term_view_90d.json (2798 rows, uncapped)"
23614294762,Search-pastryskincare,193410155229,Ad group 1,mandelic acid body wash,NONE,body care products,BROAD,NEAR_PHRASE,1,0,0.0,0,0,0,"raw/32_search_term_view_90d.json (2798 rows, uncapped)"
23614294762,Search-pastryskincare,193410155229,Ad group 1,natural skincare south africa,NONE,body care products,BROAD,NEAR_PHRASE,1,0,0.0,0,0,0,"raw/32_search_term_view_90d.json (2798 rows, uncapped)"
23614294762,Search-pastryskincare,193410155229,Ad group 1,origins dr andrew,NONE,body care products,BROAD,NEAR_PHRASE,2,0,0.0,0,0,0,"raw/32_search_term_view_90d.json (2798 rows, uncapped)"
23614294762,Search-pastryskincare,193410155229,Ad group 1,pastry anti pigment hand cream,NONE,body care products,BROAD,NEAR_PHRASE,2,0,0.0,0,0,0,"raw/32_search_term_view_90d.json (2798 rows, uncapped)"
23614294762,Search-pastryskincare,193410155229,Ad group 1,pastry hand cream price,NONE,body care products,BROAD,NEAR_PHRASE,1,0,0.0,0,0,0,"raw/32_search_term_view_90d.json (2798 rows, uncapped)"
23614294762,Search-pastryskincare,193410155229,Ad group 1,weleda skin food cape town,NONE,body care products,BROAD,NEAR_PHRASE,1,0,0.0,0,0,0,"raw/32_search_term_view_90d.json (2798 rows, uncapped)"
23614294762,Search-pastryskincare,193410155229,Ad group 1,where to buy aobenz near me,NONE,body care products,BROAD,NEAR_PHRASE,1,0,0.0,0,0,0,"raw/32_search_term_view_90d.json (2798 rows, uncapped)"
23614294762,Search-pastryskincare,193410155229,Ad group 1,where to buy aveeno products in south africa,NONE,body care products,BROAD,NEAR_PHRASE,1,0,0.0,0,0,0,"raw/32_search_term_view_90d.json (2798 rows, uncapped)"
23614294762,Search-pastryskincare,193410155229,Ad group 1,where to buy kalahari products near me,NONE,body care products,BROAD,NEAR_PHRASE,1,0,0.0,0,0,0,"raw/32_search_term_view_90d.json (2798 rows, uncapped)"
23614294762,Search-pastryskincare,193410155229,Ad group 1,neck cream,ADDED,neck cream,BROAD,EXACT,1,0,0.0,0,0,0,"raw/32_search_term_view_90d.json (2798 rows, uncapped)"
23614294762,Search-pastryskincare,193410155229,Ad group 1,aha lotion,NONE,skincare for sensitive skin,BROAD,BROAD,1,0,0.0,0,0,0,"raw/32_search_term_view_90d.json (2798 rows, uncapped)"
23614294762,Search-pastryskincare,193410155229,Ad group 1,all natural shower gel,NONE,skincare for sensitive skin,BROAD,BROAD,2,0,0.0,0,0,0,"raw/32_search_term_view_90d.json (2798 rows, uncapped)"
23614294762,Search-pastryskincare,193410155229,Ad group 1,anti aging hand cream,NONE,skincare for sensitive skin,BROAD,BROAD,1,0,0.0,0,0,0,"raw/32_search_term_view_90d.json (2798 rows, uncapped)"
23614294762,Search-pastryskincare,193410155229,Ad group 1,bath oils for dry skin,NONE,skincare for sensitive skin,BROAD,BROAD,2,0,0.0,0,0,0,"raw/32_search_term_view_90d.json (2798 rows, uncapped)"
23614294762,Search-pastryskincare,193410155229,Ad group 1,bb cream,NONE,skincare for sensitive skin,BROAD,BROAD,2,0,0.0,0,0,0,"raw/32_search_term_view_90d.json (2798 rows, uncapped)"
23614294762,Search-pastryskincare,193410155229,Ad group 1,beauty supply store,NONE,skincare for sensitive skin,BROAD,BROAD,1,0,0.0,0,0,0,"raw/32_search_term_view_90d.json (2798 rows, uncapped)"
23614294762,Search-pastryskincare,193410155229,Ad group 1,best hand cream south africa,NONE,skincare for sensitive skin,BROAD,BROAD,2,0,0.0,0,0,0,"raw/32_search_term_view_90d.json (2798 rows, uncapped)"
23614294762,Search-pastryskincare,193410155229,Ad group 1,best products for clear glowing skin,NONE,skincare for sensitive skin,BROAD,BROAD,1,0,0.0,0,0,0,"raw/32_search_term_view_90d.json (2798 rows, uncapped)"
23614294762,Search-pastryskincare,193410155229,Ad group 1,body cleansing oil,NONE,skincare for sensitive skin,BROAD,BROAD,1,0,0.0,0,0,0,"raw/32_search_term_view_90d.json (2798 rows, uncapped)"
23614294762,Search-pastryskincare,193410155229,Ad group 1,body on tap,NONE,skincare for sensitive skin,BROAD,BROAD,2,0,0.0,0,0,0,"raw/32_search_term_view_90d.json (2798 rows, uncapped)"
23614294762,Search-pastryskincare,193410155229,Ad group 1,body products,NONE,skincare for sensitive skin,BROAD,BROAD,1,0,0.0,0,0,0,"raw/32_search_term_view_90d.json (2798 rows, uncapped)"
23614294762,Search-pastryskincare,193410155229,Ad group 1,body scrub,NONE,skincare for sensitive skin,BROAD,BROAD,1,0,0.0,0,0,0,"raw/32_search_term_view_90d.json (2798 rows, uncapped)"
23614294762,Search-pastryskincare,193410155229,Ad group 1,body scrub without fragrance,NONE,skincare for sensitive skin,BROAD,BROAD,2,0,0.0,0,0,0,"raw/32_search_term_view_90d.json (2798 rows, uncapped)"
23614294762,Search-pastryskincare,193410155229,Ad group 1,body wash,NONE,skincare for sensitive skin,BROAD,BROAD,4,0,0.0,0,0,0,"raw/32_search_term_view_90d.json (2798 rows, uncapped)"
23614294762,Search-pastryskincare,193410155229,Ad group 1,body wash method,NONE,skincare for sensitive skin,BROAD,BROAD,1,0,0.0,0,0,0,"raw/32_search_term_view_90d.json (2798 rows, uncapped)"
23614294762,Search-pastryskincare,193410155229,Ad group 1,ceramide and retinol body lotion,NONE,skincare for sensitive skin,BROAD,BROAD,1,0,0.0,0,0,0,"raw/32_search_term_view_90d.json (2798 rows, uncapped)"
23614294762,Search-pastryskincare,193410155229,Ad group 1,cosmetic connection near me,NONE,skincare for sensitive skin,BROAD,BROAD,1,0,0.0,0,0,0,"raw/32_search_term_view_90d.json (2798 rows, uncapped)"
23614294762,Search-pastryskincare,193410155229,Ad group 1,cosmetics store,NONE,skincare for sensitive skin,BROAD,BROAD,1,0,0.0,0,0,0,"raw/32_search_term_view_90d.json (2798 rows, uncapped)"
23614294762,Search-pastryskincare,193410155229,Ad group 1,curicell,NONE,skincare for sensitive skin,BROAD,BROAD,1,0,0.0,0,0,0,"raw/32_search_term_view_90d.json (2798 rows, uncapped)"
23614294762,Search-pastryskincare,193410155229,Ad group 1,environ shop online,NONE,skincare for sensitive skin,BROAD,BROAD,4,0,0.0,0,0,0,"raw/32_search_term_view_90d.json (2798 rows, uncapped)"
23614294762,Search-pastryskincare,193410155229,Ad group 1,eye patches,NONE,skincare for sensitive skin,BROAD,BROAD,2,0,0.0,0,0,0,"raw/32_search_term_view_90d.json (2798 rows, uncapped)"
23614294762,Search-pastryskincare,193410155229,Ad group 1,eye serum,NONE,skincare for sensitive skin,BROAD,BROAD,1,0,0.0,0,0,0,"raw/32_search_term_view_90d.json (2798 rows, uncapped)"
23614294762,Search-pastryskincare,193410155229,Ad group 1,fenty body butter,NONE,skincare for sensitive skin,BROAD,BROAD,1,0,0.0,0,0,0,"raw/32_search_term_view_90d.json (2798 rows, uncapped)"
23614294762,Search-pastryskincare,193410155229,Ad group 1,glycolic acid,NONE,skincare for sensitive skin,BROAD,BROAD,1,0,0.0,0,0,0,"raw/32_search_term_view_90d.json (2798 rows, uncapped)"
23614294762,Search-pastryskincare,193410155229,Ad group 1,glycolic acid body wash,NONE,skincare for sensitive skin,BROAD,BROAD,2,0,0.0,0,0,0,"raw/32_search_term_view_90d.json (2798 rows, uncapped)"
23614294762,Search-pastryskincare,193410155229,Ad group 1,glycolic and lactic acid body lotion,NONE,skincare for sensitive skin,BROAD,BROAD,2,0,0.0,0,0,0,"raw/32_search_term_view_90d.json (2798 rows, uncapped)"
23614294762,Search-pastryskincare,193410155229,Ad group 1,good body lotion for women,NONE,skincare for sensitive skin,BROAD,BROAD,1,0,0.0,0,0,0,"raw/32_search_term_view_90d.json (2798 rows, uncapped)"
23614294762,Search-pastryskincare,193410155229,Ad group 1,hydrating ceramide moisturizer,NONE,skincare for sensitive skin,BROAD,BROAD,1,0,0.0,0,0,0,"raw/32_search_term_view_90d.json (2798 rows, uncapped)"
23614294762,Search-pastryskincare,193410155229,Ad group 1,is clinical cleansing complex,NONE,skincare for sensitive skin,BROAD,BROAD,1,0,0.0,0,0,0,"raw/32_search_term_view_90d.json (2798 rows, uncapped)"
23614294762,Search-pastryskincare,193410155229,Ad group 1,korean skincare gateway,NONE,skincare for sensitive skin,BROAD,BROAD,1,0,0.0,0,0,0,"raw/32_search_term_view_90d.json (2798 rows, uncapped)"
23614294762,Search-pastryskincare,193410155229,Ad group 1,lactic acid body lotion,NONE,skincare for sensitive skin,BROAD,BROAD,1,0,0.0,0,0,0,"raw/32_search_term_view_90d.json (2798 rows, uncapped)"
23614294762,Search-pastryskincare,193410155229,Ad group 1,matis online shopping,NONE,skincare for sensitive skin,BROAD,BROAD,2,0,0.0,0,0,0,"raw/32_search_term_view_90d.json (2798 rows, uncapped)"
23614294762,Search-pastryskincare,193410155229,Ad group 1,milk toners,NONE,skincare for sensitive skin,BROAD,BROAD,1,0,0.0,0,0,0,"raw/32_search_term_view_90d.json (2798 rows, uncapped)"
23614294762,Search-pastryskincare,193410155229,Ad group 1,moroccan skincare,NONE,skincare for sensitive skin,BROAD,BROAD,1,0,0.0,0,0,0,"raw/32_search_term_view_90d.json (2798 rows, uncapped)"
23614294762,Search-pastryskincare,193410155229,Ad group 1,necessaire south africa,NONE,skincare for sensitive skin,BROAD,BROAD,4,0,0.0,0,0,0,"raw/32_search_term_view_90d.json (2798 rows, uncapped)"
23614294762,Search-pastryskincare,193410155229,Ad group 1,niacinamide lotion for body,NONE,skincare for sensitive skin,BROAD,BROAD,1,0,0.0,0,0,0,"raw/32_search_term_view_90d.json (2798 rows, uncapped)"
23614294762,Search-pastryskincare,193410155229,Ad group 1,nimue near me,NONE,skincare for sensitive skin,BROAD,BROAD,1,0,0.0,0,0,0,"raw/32_search_term_view_90d.json (2798 rows, uncapped)"
23614294762,Search-pastryskincare,193410155229,Ad group 1,pantry body products,NONE,skincare for sensitive skin,BROAD,BROAD,1,0,0.0,0,0,0,"raw/32_search_term_view_90d.json (2798 rows, uncapped)"
23614294762,Search-pastryskincare,193410155229,Ad group 1,pastry anti pigmentation deodorant,NONE,skincare for sensitive skin,BROAD,BROAD,1,0,0.0,0,0,0,"raw/32_search_term_view_90d.json (2798 rows, uncapped)"
23614294762,Search-pastryskincare,193410155229,Ad group 1,pastry bha gel,NONE,skincare for sensitive skin,BROAD,BROAD,1,0,0.0,0,0,0,"raw/32_search_term_view_90d.json (2798 rows, uncapped)"
23614294762,Search-pastryskincare,193410155229,Ad group 1,pastry deodorant,NONE,skincare for sensitive skin,BROAD,BROAD,2,0,0.0,0,0,0,"raw/32_search_term_view_90d.json (2798 rows, uncapped)"
23614294762,Search-pastryskincare,193410155229,Ad group 1,pastry deodorant roll on,NONE,skincare for sensitive skin,BROAD,BROAD,2,0,0.0,0,0,0,"raw/32_search_term_view_90d.json (2798 rows, uncapped)"
23614294762,Search-pastryskincare,193410155229,Ad group 1,pastry menlyn,NONE,skincare for sensitive skin,BROAD,BROAD,2,0,0.0,0,0,0,"raw/32_search_term_view_90d.json (2798 rows, uncapped)"
23614294762,Search-pastryskincare,193410155229,Ad group 1,pastry niacinamide,NONE,skincare for sensitive skin,BROAD,BROAD,3,0,0.0,0,0,0,"raw/32_search_term_view_90d.json (2798 rows, uncapped)"
23614294762,Search-pastryskincare,193410155229,Ad group 1,pastry pigmentation serum,NONE,skincare for sensitive skin,BROAD,BROAD,2,0,0.0,0,0,0,"raw/32_search_term_view_90d.json (2798 rows, uncapped)"
23614294762,Search-pastryskincare,193410155229,Ad group 1,pastry products,NONE,skincare for sensitive skin,BROAD,BROAD,1,0,0.0,0,0,0,"raw/32_search_term_view_90d.json (2798 rows, uncapped)"
23614294762,Search-pastryskincare,193410155229,Ad group 1,pastry roll on,NONE,skincare for sensitive skin,BROAD,BROAD,1,0,0.0,0,0,0,"raw/32_search_term_view_90d.json (2798 rows, uncapped)"
23614294762,Search-pastryskincare,193410155229,Ad group 1,pastry skin care products,NONE,skincare for sensitive skin,BROAD,BROAD,3,0,0.0,0,0,0,"raw/32_search_term_view_90d.json (2798 rows, uncapped)"
23614294762,Search-pastryskincare,193410155229,Ad group 1,pastry skincare gateway,NONE,skincare for sensitive skin,BROAD,BROAD,1,0,0.0,0,0,0,"raw/32_search_term_view_90d.json (2798 rows, uncapped)"
23614294762,Search-pastryskincare,193410155229,Ad group 1,pastry skincare near me,NONE,skincare for sensitive skin,BROAD,BROAD,2,0,0.0,0,0,0,"raw/32_search_term_view_90d.json (2798 rows, uncapped)"
23614294762,Search-pastryskincare,193410155229,Ad group 1,pastry skincare store,NONE,skincare for sensitive skin,BROAD,BROAD,2,0,0.0,0,0,0,"raw/32_search_term_view_90d.json (2798 rows, uncapped)"
23614294762,Search-pastryskincare,193410155229,Ad group 1,pasty skin,NONE,skincare for sensitive skin,BROAD,BROAD,7,0,0.0,0,0,0,"raw/32_search_term_view_90d.json (2798 rows, uncapped)"
23614294762,Search-pastryskincare,193410155229,Ad group 1,propolis serum,NONE,skincare for sensitive skin,BROAD,BROAD,1,0,0.0,0,0,0,"raw/32_search_term_view_90d.json (2798 rows, uncapped)"
23614294762,Search-pastryskincare,193410155229,Ad group 1,pure skin cosmetics,NONE,skincare for sensitive skin,BROAD,BROAD,1,0,0.0,0,0,0,"raw/32_search_term_view_90d.json (2798 rows, uncapped)"
23614294762,Search-pastryskincare,193410155229,Ad group 1,rain natural skincare,NONE,skincare for sensitive skin,BROAD,BROAD,1,0,0.0,0,0,0,"raw/32_search_term_view_90d.json (2798 rows, uncapped)"
23614294762,Search-pastryskincare,193410155229,Ad group 1,rhode skincare south africa where to buy,NONE,skincare for sensitive skin,BROAD,BROAD,1,0,0.0,0,0,0,"raw/32_search_term_view_90d.json (2798 rows, uncapped)"
23614294762,Search-pastryskincare,193410155229,Ad group 1,riemann p20,NONE,skincare for sensitive skin,BROAD,BROAD,1,0,0.0,0,0,0,"raw/32_search_term_view_90d.json (2798 rows, uncapped)"
23614294762,Search-pastryskincare,193410155229,Ad group 1,senza cosmetics,NONE,skincare for sensitive skin,BROAD,BROAD,1,0,0.0,0,0,0,"raw/32_search_term_view_90d.json (2798 rows, uncapped)"
23614294762,Search-pastryskincare,193410155229,Ad group 1,sephora south africa,NONE,skincare for sensitive skin,BROAD,BROAD,1,0,0.0,0,0,0,"raw/32_search_term_view_90d.json (2798 rows, uncapped)"
23614294762,Search-pastryskincare,193410155229,Ad group 1,skin brand skincare,NONE,skincare for sensitive skin,BROAD,BROAD,1,0,0.0,0,0,0,"raw/32_search_term_view_90d.json (2798 rows, uncapped)"
23614294762,Search-pastryskincare,193410155229,Ad group 1,skin brightening,NONE,skincare for sensitive skin,BROAD,BROAD,1,0,0.0,0,0,0,"raw/32_search_term_view_90d.json (2798 rows, uncapped)"
23614294762,Search-pastryskincare,193410155229,Ad group 1,skin lightening products in south africa,NONE,skincare for sensitive skin,BROAD,BROAD,2,0,0.0,0,0,0,"raw/32_search_term_view_90d.json (2798 rows, uncapped)"
23614294762,Search-pastryskincare,193410155229,Ad group 1,skin skincare,NONE,skincare for sensitive skin,BROAD,BROAD,1,0,0.0,0,0,0,"raw/32_search_term_view_90d.json (2798 rows, uncapped)"
23614294762,Search-pastryskincare,193410155229,Ad group 1,skincare gift set,NONE,skincare for sensitive skin,BROAD,BROAD,1,0,0.0,0,0,0,"raw/32_search_term_view_90d.json (2798 rows, uncapped)"
23614294762,Search-pastryskincare,193410155229,Ad group 1,skins,NONE,skincare for sensitive skin,BROAD,BROAD,4,0,0.0,0,0,0,"raw/32_search_term_view_90d.json (2798 rows, uncapped)"
23614294762,Search-pastryskincare,193410155229,Ad group 1,sundaeskin,NONE,skincare for sensitive skin,BROAD,BROAD,1,0,0.0,0,0,0,"raw/32_search_term_view_90d.json (2798 rows, uncapped)"
23614294762,Search-pastryskincare,193410155229,Ad group 1,tapp,NONE,skincare for sensitive skin,BROAD,BROAD,1,0,0.0,0,0,0,"raw/32_search_term_view_90d.json (2798 rows, uncapped)"
23614294762,Search-pastryskincare,193410155229,Ad group 1,the pastry,NONE,skincare for sensitive skin,BROAD,BROAD,3,0,0.0,0,0,0,"raw/32_search_term_view_90d.json (2798 rows, uncapped)"
23614294762,Search-pastryskincare,193410155229,Ad group 1,the standard skincare,NONE,skincare for sensitive skin,BROAD,BROAD,1,0,0.0,0,0,0,"raw/32_search_term_view_90d.json (2798 rows, uncapped)"
23614294762,Search-pastryskincare,193410155229,Ad group 1,tinted moisturizer,NONE,skincare for sensitive skin,BROAD,BROAD,1,0,0.0,0,0,0,"raw/32_search_term_view_90d.json (2798 rows, uncapped)"
23614294762,Search-pastryskincare,193410155229,Ad group 1,toner pad,NONE,skincare for sensitive skin,BROAD,BROAD,1,0,0.0,0,0,0,"raw/32_search_term_view_90d.json (2798 rows, uncapped)"
23614294762,Search-pastryskincare,193410155229,Ad group 1,truly,NONE,skincare for sensitive skin,BROAD,BROAD,2,0,0.0,0,0,0,"raw/32_search_term_view_90d.json (2798 rows, uncapped)"
23614294762,Search-pastryskincare,193410155229,Ad group 1,tween skincare south africa,NONE,skincare for sensitive skin,BROAD,BROAD,2,0,0.0,0,0,0,"raw/32_search_term_view_90d.json (2798 rows, uncapped)"
23614294762,Search-pastryskincare,193410155229,Ad group 1,unscented hygiene products,NONE,skincare for sensitive skin,BROAD,BROAD,1,0,0.0,0,0,0,"raw/32_search_term_view_90d.json (2798 rows, uncapped)"
23614294762,Search-pastryskincare,193410155229,Ad group 1,vitamin c serum,NONE,skincare for sensitive skin,BROAD,BROAD,2,0,0.0,0,0,0,"raw/32_search_term_view_90d.json (2798 rows, uncapped)"
23614294762,Search-pastryskincare,193410155229,Ad group 1,where can i buy roc products in south africa,NONE,skincare for sensitive skin,BROAD,BROAD,1,0,0.0,0,0,0,"raw/32_search_term_view_90d.json (2798 rows, uncapped)"
23614294762,Search-pastryskincare,193410155229,Ad group 1,where to buy dr melaxin in south africa,NONE,skincare for sensitive skin,BROAD,BROAD,1,0,0.0,0,0,0,"raw/32_search_term_view_90d.json (2798 rows, uncapped)"
23614294762,Search-pastryskincare,193410155229,Ad group 1,anti redness soothing cream,NONE,skincare for sensitive skin,BROAD,NEAR_PHRASE,1,0,0.0,0,0,0,"raw/32_search_term_view_90d.json (2798 rows, uncapped)"
23614294762,Search-pastryskincare,193410155229,Ad group 1,cetaphil gentle skin cleanser,NONE,skincare for sensitive skin,BROAD,NEAR_PHRASE,1,0,0.0,0,0,0,"raw/32_search_term_view_90d.json (2798 rows, uncapped)"
23614294762,Search-pastryskincare,193410155229,Ad group 1,dermafix hydra silk cleanser,NONE,skincare for sensitive skin,BROAD,NEAR_PHRASE,1,0,0.0,0,0,0,"raw/32_search_term_view_90d.json (2798 rows, uncapped)"
23614294762,Search-pastryskincare,193410155229,Ad group 1,gentle body exfoliator for sensitive skin,NONE,skincare for sensitive skin,BROAD,NEAR_PHRASE,1,0,0.0,0,0,0,"raw/32_search_term_view_90d.json (2798 rows, uncapped)"
23614294762,Search-pastryskincare,193410155229,Ad group 1,glucoside foaming cleanser,NONE,skincare for sensitive skin,BROAD,NEAR_PHRASE,2,0,0.0,0,0,0,"raw/32_search_term_view_90d.json (2798 rows, uncapped)"
23614294762,Search-pastryskincare,193410155229,Ad group 1,sos barrier cream,NONE,skincare for sensitive skin,BROAD,NEAR_PHRASE,1,0,0.0,0,0,0,"raw/32_search_term_view_90d.json (2798 rows, uncapped)"
23614294762,Search-pastryskincare,193410155229,Ad group 1,africology products,NONE,skin care products for women,BROAD,BROAD,1,0,0.0,0,0,0,"raw/32_search_term_view_90d.json (2798 rows, uncapped)"
23614294762,Search-pastryskincare,193410155229,Ad group 1,asian skincare south africa,NONE,skin care products for women,BROAD,BROAD,1,0,0.0,0,0,0,"raw/32_search_term_view_90d.json (2798 rows, uncapped)"
23614294762,Search-pastryskincare,193410155229,Ad group 1,azulen paste,NONE,skin care products for women,BROAD,BROAD,1,0,0.0,0,0,0,"raw/32_search_term_view_90d.json (2798 rows, uncapped)"
23614294762,Search-pastryskincare,193410155229,Ad group 1,beauty emporium near me,NONE,skin care products for women,BROAD,BROAD,1,0,0.0,0,0,0,"raw/32_search_term_view_90d.json (2798 rows, uncapped)"
23614294762,Search-pastryskincare,193410155229,Ad group 1,best korean skin care for textured skin,NONE,skin care products for women,BROAD,BROAD,2,0,0.0,0,0,0,"raw/32_search_term_view_90d.json (2798 rows, uncapped)"
23614294762,Search-pastryskincare,193410155229,Ad group 1,chemical peel near me,NONE,skin care products for women,BROAD,BROAD,1,0,0.0,0,0,0,"raw/32_search_term_view_90d.json (2798 rows, uncapped)"
23614294762,Search-pastryskincare,193410155229,Ad group 1,cosmetic connection near me,NONE,skin care products for women,BROAD,BROAD,1,0,0.0,0,0,0,"raw/32_search_term_view_90d.json (2798 rows, uncapped)"
23614294762,Search-pastryskincare,193410155229,Ad group 1,glycolic acid,NONE,skin care products for women,BROAD,BROAD,1,0,0.0,0,0,0,"raw/32_search_term_view_90d.json (2798 rows, uncapped)"
23614294762,Search-pastryskincare,193410155229,Ad group 1,hydrating body wash,NONE,skin care products for women,BROAD,BROAD,1,0,0.0,0,0,0,"raw/32_search_term_view_90d.json (2798 rows, uncapped)"
23614294762,Search-pastryskincare,193410155229,Ad group 1,hydrating face mask,NONE,skin care products for women,BROAD,BROAD,1,0,0.0,0,0,0,"raw/32_search_term_view_90d.json (2798 rows, uncapped)"
23614294762,Search-pastryskincare,193410155229,Ad group 1,korean glass skin,NONE,skin care products for women,BROAD,BROAD,1,0,0.0,0,0,0,"raw/32_search_term_view_90d.json (2798 rows, uncapped)"
23614294762,Search-pastryskincare,193410155229,Ad group 1,lamelle stockists,NONE,skin care products for women,BROAD,BROAD,1,0,0.0,0,0,0,"raw/32_search_term_view_90d.json (2798 rows, uncapped)"
23614294762,Search-pastryskincare,193410155229,Ad group 1,lamelle stockists cape town,NONE,skin care products for women,BROAD,BROAD,1,0,0.0,0,0,0,"raw/32_search_term_view_90d.json (2798 rows, uncapped)"
23614294762,Search-pastryskincare,193410155229,Ad group 1,nimue skin technology,NONE,skin care products for women,BROAD,BROAD,1,0,0.0,0,0,0,"raw/32_search_term_view_90d.json (2798 rows, uncapped)"
23614294762,Search-pastryskincare,193410155229,Ad group 1,organic skincare,NONE,skin care products for women,BROAD,BROAD,1,0,0.0,0,0,0,"raw/32_search_term_view_90d.json (2798 rows, uncapped)"
23614294762,Search-pastryskincare,193410155229,Ad group 1,organic soap south africa,NONE,skin care products for women,BROAD,BROAD,1,0,0.0,0,0,0,"raw/32_search_term_view_90d.json (2798 rows, uncapped)"
23614294762,Search-pastryskincare,193410155229,Ad group 1,pastry anti pigment hand cream,NONE,skin care products for women,BROAD,BROAD,1,0,0.0,0,0,0,"raw/32_search_term_view_90d.json (2798 rows, uncapped)"
23614294762,Search-pastryskincare,193410155229,Ad group 1,pore minimizer,NONE,skin care products for women,BROAD,BROAD,1,0,0.0,0,0,0,"raw/32_search_term_view_90d.json (2798 rows, uncapped)"
23614294762,Search-pastryskincare,193410155229,Ad group 1,pore minimizing,NONE,skin care products for women,BROAD,BROAD,1,0,0.0,0,0,0,"raw/32_search_term_view_90d.json (2798 rows, uncapped)"
23614294762,Search-pastryskincare,193410155229,Ad group 1,skin clean mask,NONE,skin care products for women,BROAD,BROAD,1,0,0.0,0,0,0,"raw/32_search_term_view_90d.json (2798 rows, uncapped)"
23614294762,Search-pastryskincare,193410155229,Ad group 1,skin cosmetic,NONE,skin care products for women,BROAD,BROAD,1,0,0.0,0,0,0,"raw/32_search_term_view_90d.json (2798 rows, uncapped)"
23614294762,Search-pastryskincare,193410155229,Ad group 1,skin renewal online shop,NONE,skin care products for women,BROAD,BROAD,1,0,0.0,0,0,0,"raw/32_search_term_view_90d.json (2798 rows, uncapped)"
23614294762,Search-pastryskincare,193410155229,Ad group 1,south african skincare,NONE,skin care products for women,BROAD,BROAD,1,0,0.0,0,0,0,"raw/32_search_term_view_90d.json (2798 rows, uncapped)"
23614294762,Search-pastryskincare,193410155229,Ad group 1,stretch marks removal,NONE,skin care products for women,BROAD,BROAD,1,0,0.0,0,0,0,"raw/32_search_term_view_90d.json (2798 rows, uncapped)"
23614294762,Search-pastryskincare,193410155229,Ad group 1,sun skin products,NONE,skin care products for women,BROAD,BROAD,1,0,0.0,0,0,0,"raw/32_search_term_view_90d.json (2798 rows, uncapped)"
23614294762,Search-pastryskincare,193410155229,Ad group 1,tree hut body scrub,NONE,skin care products for women,BROAD,BROAD,1,0,0.0,0,0,0,"raw/32_search_term_view_90d.json (2798 rows, uncapped)"
23614294762,Search-pastryskincare,193410155229,Ad group 1,weleda products near me,NONE,skin care products for women,BROAD,BROAD,1,0,0.0,0,0,0,"raw/32_search_term_view_90d.json (2798 rows, uncapped)"
23614294762,Search-pastryskincare,193410155229,Ad group 1,cera pep moisturiser,NONE,skin care products for women,BROAD,NEAR_PHRASE,1,0,0.0,0,0,0,"raw/32_search_term_view_90d.json (2798 rows, uncapped)"
23614294762,Search-pastryskincare,193410155229,Ad group 1,face butter,NONE,skin care products for women,BROAD,NEAR_PHRASE,1,0,0.0,0,0,0,"raw/32_search_term_view_90d.json (2798 rows, uncapped)"
23614294762,Search-pastryskincare,193410155229,Ad group 1,frulaskin,NONE,skin care products for women,BROAD,NEAR_PHRASE,1,0,0.0,0,0,0,"raw/32_search_term_view_90d.json (2798 rows, uncapped)"
23614294762,Search-pastryskincare,193410155229,Ad group 1,laneige toner,NONE,skin care products for women,BROAD,NEAR_PHRASE,1,0,0.0,0,0,0,"raw/32_search_term_view_90d.json (2798 rows, uncapped)"
23614294762,Search-pastryskincare,193410155229,Ad group 1,skin by calm exfoliating mask,NONE,skin care products for women,BROAD,NEAR_PHRASE,1,0,0.0,0,0,0,"raw/32_search_term_view_90d.json (2798 rows, uncapped)"
23614294762,Search-pastryskincare,193410155229,Ad group 1,sunday riley south africa,NONE,skin care products for women,BROAD,NEAR_PHRASE,1,0,0.0,0,0,0,"raw/32_search_term_view_90d.json (2798 rows, uncapped)"
23614294762,Search-pastryskincare,193410155229,Ad group 1,swiitch beauty superhero spray,NONE,skin care products for women,BROAD,NEAR_PHRASE,1,0,0.0,0,0,0,"raw/32_search_term_view_90d.json (2798 rows, uncapped)"
23614294762,Search-pastryskincare,193410155229,Ad group 1,pastry mall of africa,NONE,pastry skincare,PHRASE,NEAR_PHRASE,1,0,0.0,0,0,0,"raw/32_search_term_view_90d.json (2798 rows, uncapped)"
23614294762,Search-pastryskincare,193410155229,Ad group 1,pastry skincare reviews,ADDED,pastry skincare reviews,BROAD,EXACT,1,0,0.0,0,0,0,"raw/32_search_term_view_90d.json (2798 rows, uncapped)"
23614294762,Search-pastryskincare,193410155229,Ad group 1,apothecary south africa,NONE,pastry body wash,BROAD,BROAD,2,0,0.0,0,0,0,"raw/32_search_term_view_90d.json (2798 rows, uncapped)"
23614294762,Search-pastryskincare,193410155229,Ad group 1,arcstore,NONE,pastry body wash,BROAD,BROAD,2,0,0.0,0,0,0,"raw/32_search_term_view_90d.json (2798 rows, uncapped)"
23614294762,Search-pastryskincare,193410155229,Ad group 1,avroy shlain near me,NONE,pastry body wash,BROAD,BROAD,1,0,0.0,0,0,0,"raw/32_search_term_view_90d.json (2798 rows, uncapped)"
23614294762,Search-pastryskincare,193410155229,Ad group 1,babor products near me,NONE,pastry body wash,BROAD,BROAD,2,0,0.0,0,0,0,"raw/32_search_term_view_90d.json (2798 rows, uncapped)"
23614294762,Search-pastryskincare,193410155229,Ad group 1,beautyon tapp,NONE,pastry body wash,BROAD,BROAD,1,0,0.0,0,0,0,"raw/32_search_term_view_90d.json (2798 rows, uncapped)"
23614294762,Search-pastryskincare,193410155229,Ad group 1,cosmetics cape town,NONE,pastry body wash,BROAD,BROAD,1,0,0.0,0,0,0,"raw/32_search_term_view_90d.json (2798 rows, uncapped)"
23614294762,Search-pastryskincare,193410155229,Ad group 1,cosmetics shop near me near me,NONE,pastry body wash,BROAD,BROAD,1,0,0.0,0,0,0,"raw/32_search_term_view_90d.json (2798 rows, uncapped)"
23614294762,Search-pastryskincare,193410155229,Ad group 1,dermafix products,NONE,pastry body wash,BROAD,BROAD,1,0,0.0,0,0,0,"raw/32_search_term_view_90d.json (2798 rows, uncapped)"
23614294762,Search-pastryskincare,193410155229,Ad group 1,glycolic acid toner,NONE,pastry body wash,BROAD,BROAD,1,0,0.0,0,0,0,"raw/32_search_term_view_90d.json (2798 rows, uncapped)"
23614294762,Search-pastryskincare,193410155229,Ad group 1,health and beauty shops,NONE,pastry body wash,BROAD,BROAD,1,0,0.0,0,0,0,"raw/32_search_term_view_90d.json (2798 rows, uncapped)"
23614294762,Search-pastryskincare,193410155229,Ad group 1,korean skin care shop near me,NONE,pastry body wash,BROAD,BROAD,1,0,0.0,0,0,0,"raw/32_search_term_view_90d.json (2798 rows, uncapped)"
23614294762,Search-pastryskincare,193410155229,Ad group 1,lamelle products near me,NONE,pastry body wash,BROAD,BROAD,1,0,0.0,0,0,0,"raw/32_search_term_view_90d.json (2798 rows, uncapped)"
23614294762,Search-pastryskincare,193410155229,Ad group 1,loccitane near me,NONE,pastry body wash,BROAD,BROAD,1,0,0.0,0,0,0,"raw/32_search_term_view_90d.json (2798 rows, uncapped)"
23614294762,Search-pastryskincare,193410155229,Ad group 1,natural soaps,NONE,pastry body wash,BROAD,BROAD,1,0,0.0,0,0,0,"raw/32_search_term_view_90d.json (2798 rows, uncapped)"
23614294762,Search-pastryskincare,193410155229,Ad group 1,skin store online,NONE,pastry body wash,BROAD,BROAD,1,0,0.0,0,0,0,"raw/32_search_term_view_90d.json (2798 rows, uncapped)"
23614294762,Search-pastryskincare,193410155229,Ad group 1,skincare near me,NONE,pastry body wash,BROAD,BROAD,1,0,0.0,0,0,0,"raw/32_search_term_view_90d.json (2798 rows, uncapped)"
23614294762,Search-pastryskincare,193410155229,Ad group 1,the beauty box,NONE,pastry body wash,BROAD,BROAD,3,0,0.0,0,0,0,"raw/32_search_term_view_90d.json (2798 rows, uncapped)"
23614294762,Search-pastryskincare,193410155229,Ad group 1,alastin skincare,NONE,pastry skincare south africa,BROAD,BROAD,1,0,0.0,0,0,0,"raw/32_search_term_view_90d.json (2798 rows, uncapped)"
23614294762,Search-pastryskincare,193410155229,Ad group 1,pantry skincare,NONE,pastry skincare south africa,BROAD,BROAD,1,0,0.0,0,0,0,"raw/32_search_term_view_90d.json (2798 rows, uncapped)"
23614294762,Search-pastryskincare,193410155229,Ad group 1,pastry overnight body balm,ADDED,pastry overnight body balm,BROAD,EXACT,8,0,0.0,0,0,0,"raw/32_search_term_view_90d.json (2798 rows, uncapped)"
23614294762,Search-pastryskincare,193410155229,Ad group 1,pastry skincare hand cream,ADDED,pastry skincare hand cream,PHRASE,EXACT,8,0,0.0,0,0,0,"raw/32_search_term_view_90d.json (2798 rows, uncapped)"
23660112718,Pastry_BodyWash_Search,194151132373,Ad group 1,pastry body,NONE,pastry body wash,EXACT,NEAR_EXACT,2,0,0.0,0,0,0,"raw/32_search_term_view_90d.json (2798 rows, uncapped)"
23660112718,Pastry_BodyWash_Search,194151132373,Ad group 1,glycolic acid pastry,NONE,pastry glycolic acid body wash,EXACT,NEAR_EXACT,2,0,0.0,0,0,0,"raw/32_search_term_view_90d.json (2798 rows, uncapped)"
23660112718,Pastry_BodyWash_Search,194151132373,Ad group 1,pastry skincare salicylic acid body wash,NONE,pastry body wash,PHRASE,PHRASE,1,0,0.0,0,0,0,"raw/32_search_term_view_90d.json (2798 rows, uncapped)"
23660112718,Pastry_BodyWash_Search,194151132373,Ad group 1,pastry bha body gel,NONE,pastry body wash,PHRASE,NEAR_PHRASE,6,0,0.0,0,0,0,"raw/32_search_term_view_90d.json (2798 rows, uncapped)"
23660112718,Pastry_BodyWash_Search,194151132373,Ad group 1,pastry skincare niacinamide body lotion,NONE,pastry niacinamide body wash,PHRASE,NEAR_PHRASE,4,0,0.0,0,0,0,"raw/32_search_term_view_90d.json (2798 rows, uncapped)"
23660112718,Pastry_BodyWash_Search,194151132373,Ad group 1,pastry niacinamide body wash,ADDED,pastry niacinamide body wash,EXACT,EXACT,4,0,0.0,0,0,0,"raw/32_search_term_view_90d.json (2798 rows, uncapped)"
23614843633,Search-bodycare,195291098322,Ad group 1,body cream,ADDED,body cream,BROAD,EXACT,2,0,0.0,0,0,0,"raw/32_search_term_view_90d.json (2798 rows, uncapped)"
23614843633,Search-bodycare,195291098322,Ad group 1,glycolic acid body cream,NONE,body cream,BROAD,PHRASE,2,0,0.0,0,0,0,"raw/32_search_term_view_90d.json (2798 rows, uncapped)"
23614843633,Search-bodycare,195291098322,Ad group 1,niacinamide body cream,NONE,body cream,BROAD,PHRASE,1,0,0.0,0,0,0,"raw/32_search_term_view_90d.json (2798 rows, uncapped)"
23614843633,Search-bodycare,195291098322,Ad group 1,be kind body wash,NONE,body cream,BROAD,BROAD,2,0,0.0,0,0,0,"raw/32_search_term_view_90d.json (2798 rows, uncapped)"
23614843633,Search-bodycare,195291098322,Ad group 1,beauty box galleria,NONE,body cream,BROAD,BROAD,1,0,0.0,0,0,0,"raw/32_search_term_view_90d.json (2798 rows, uncapped)"
23614843633,Search-bodycare,195291098322,Ad group 1,beauty in tap,NONE,body cream,BROAD,BROAD,1,0,0.0,0,0,0,"raw/32_search_term_view_90d.json (2798 rows, uncapped)"
23614843633,Search-bodycare,195291098322,Ad group 1,beauty in tapp,NONE,body cream,BROAD,BROAD,1,0,0.0,0,0,0,"raw/32_search_term_view_90d.json (2798 rows, uncapped)"
23614843633,Search-bodycare,195291098322,Ad group 1,beautyon tapp,NONE,body cream,BROAD,BROAD,1,0,0.0,0,0,0,"raw/32_search_term_view_90d.json (2798 rows, uncapped)"
23614843633,Search-bodycare,195291098322,Ad group 1,best smelling hand cream,NONE,body cream,BROAD,BROAD,1,0,0.0,0,0,0,"raw/32_search_term_view_90d.json (2798 rows, uncapped)"
23614843633,Search-bodycare,195291098322,Ad group 1,body balm,NONE,body cream,BROAD,BROAD,1,0,0.0,0,0,0,"raw/32_search_term_view_90d.json (2798 rows, uncapped)"
23614843633,Search-bodycare,195291098322,Ad group 1,body butter brand,NONE,body cream,BROAD,BROAD,1,0,0.0,0,0,0,"raw/32_search_term_view_90d.json (2798 rows, uncapped)"
23614843633,Search-bodycare,195291098322,Ad group 1,body butters,NONE,body cream,BROAD,BROAD,1,0,0.0,0,0,0,"raw/32_search_term_view_90d.json (2798 rows, uncapped)"
23614843633,Search-bodycare,195291098322,Ad group 1,body care,NONE,body cream,BROAD,BROAD,1,0,0.0,0,0,0,"raw/32_search_term_view_90d.json (2798 rows, uncapped)"
23614843633,Search-bodycare,195291098322,Ad group 1,body care products,NONE,body cream,BROAD,BROAD,1,0,0.0,0,0,0,"raw/32_search_term_view_90d.json (2798 rows, uncapped)"
23614843633,Search-bodycare,195291098322,Ad group 1,body essence,NONE,body cream,BROAD,BROAD,1,0,0.0,0,0,0,"raw/32_search_term_view_90d.json (2798 rows, uncapped)"
23614843633,Search-bodycare,195291098322,Ad group 1,body exfoliating scrub,NONE,body cream,BROAD,BROAD,1,0,0.0,0,0,0,"raw/32_search_term_view_90d.json (2798 rows, uncapped)"
23614843633,Search-bodycare,195291098322,Ad group 1,body exfoliator,NONE,body cream,BROAD,BROAD,2,0,0.0,0,0,0,"raw/32_search_term_view_90d.json (2798 rows, uncapped)"
23614843633,Search-bodycare,195291098322,Ad group 1,body glow,NONE,body cream,BROAD,BROAD,3,0,0.0,0,0,0,"raw/32_search_term_view_90d.json (2798 rows, uncapped)"
23614843633,Search-bodycare,195291098322,Ad group 1,body mist,NONE,body cream,BROAD,BROAD,1,0,0.0,0,0,0,"raw/32_search_term_view_90d.json (2798 rows, uncapped)"
23614843633,Search-bodycare,195291098322,Ad group 1,body oil,NONE,body cream,BROAD,BROAD,7,0,0.0,0,0,0,"raw/32_search_term_view_90d.json (2798 rows, uncapped)"
23614843633,Search-bodycare,195291098322,Ad group 1,body on tapp,NONE,body cream,BROAD,BROAD,1,0,0.0,0,0,0,"raw/32_search_term_view_90d.json (2798 rows, uncapped)"
23614843633,Search-bodycare,195291098322,Ad group 1,body on tapp gateway,NONE,body cream,BROAD,BROAD,1,0,0.0,0,0,0,"raw/32_search_term_view_90d.json (2798 rows, uncapped)"
23614843633,Search-bodycare,195291098322,Ad group 1,body polish,NONE,body cream,BROAD,BROAD,1,0,0.0,0,0,0,"raw/32_search_term_view_90d.json (2798 rows, uncapped)"
23614843633,Search-bodycare,195291098322,Ad group 1,body products,NONE,body cream,BROAD,BROAD,3,0,0.0,0,0,0,"raw/32_search_term_view_90d.json (2798 rows, uncapped)"
23614843633,Search-bodycare,195291098322,Ad group 1,body scrub,NONE,body cream,BROAD,BROAD,5,0,0.0,0,0,0,"raw/32_search_term_view_90d.json (2798 rows, uncapped)"
23614843633,Search-bodycare,195291098322,Ad group 1,body serums,NONE,body cream,BROAD,BROAD,1,0,0.0,0,0,0,"raw/32_search_term_view_90d.json (2798 rows, uncapped)"
23614843633,Search-bodycare,195291098322,Ad group 1,body shop,NONE,body cream,BROAD,BROAD,2,0,0.0,0,0,0,"raw/32_search_term_view_90d.json (2798 rows, uncapped)"
23614843633,Search-bodycare,195291098322,Ad group 1,body skin brightening,NONE,body cream,BROAD,BROAD,1,0,0.0,0,0,0,"raw/32_search_term_view_90d.json (2798 rows, uncapped)"
23614843633,Search-bodycare,195291098322,Ad group 1,body toners,NONE,body cream,BROAD,BROAD,1,0,0.0,0,0,0,"raw/32_search_term_view_90d.json (2798 rows, uncapped)"
23614843633,Search-bodycare,195291098322,Ad group 1,body wash,NONE,body cream,BROAD,BROAD,7,0,0.0,0,0,0,"raw/32_search_term_view_90d.json (2798 rows, uncapped)"
23614843633,Search-bodycare,195291098322,Ad group 1,body wash and lotion,NONE,body cream,BROAD,BROAD,1,0,0.0,0,0,0,"raw/32_search_term_view_90d.json (2798 rows, uncapped)"
23614843633,Search-bodycare,195291098322,Ad group 1,body wash that smells good all day,NONE,body cream,BROAD,BROAD,1,0,0.0,0,0,0,"raw/32_search_term_view_90d.json (2798 rows, uncapped)"
23614843633,Search-bodycare,195291098322,Ad group 1,body wash with niacinamide,NONE,body cream,BROAD,BROAD,1,0,0.0,0,0,0,"raw/32_search_term_view_90d.json (2798 rows, uncapped)"
23614843633,Search-bodycare,195291098322,Ad group 1,centella skincare,NONE,body cream,BROAD,BROAD,1,0,0.0,0,0,0,"raw/32_search_term_view_90d.json (2798 rows, uncapped)"
23614843633,Search-bodycare,195291098322,Ad group 1,cosmetic connection cape town,NONE,body cream,BROAD,BROAD,1,0,0.0,0,0,0,"raw/32_search_term_view_90d.json (2798 rows, uncapped)"
23614843633,Search-bodycare,195291098322,Ad group 1,glow body oil,NONE,body cream,BROAD,BROAD,1,0,0.0,0,0,0,"raw/32_search_term_view_90d.json (2798 rows, uncapped)"
23614843633,Search-bodycare,195291098322,Ad group 1,glycolic acid body,NONE,body cream,BROAD,BROAD,1,0,0.0,0,0,0,"raw/32_search_term_view_90d.json (2798 rows, uncapped)"
23614843633,Search-bodycare,195291098322,Ad group 1,glycolic acid body wash,NONE,body cream,BROAD,BROAD,1,0,0.0,0,0,0,"raw/32_search_term_view_90d.json (2798 rows, uncapped)"
23614843633,Search-bodycare,195291098322,Ad group 1,glycolic body wash,NONE,body cream,BROAD,BROAD,2,0,0.0,0,0,0,"raw/32_search_term_view_90d.json (2798 rows, uncapped)"
23614843633,Search-bodycare,195291098322,Ad group 1,hand cream vanilla,NONE,body cream,BROAD,BROAD,1,0,0.0,0,0,0,"raw/32_search_term_view_90d.json (2798 rows, uncapped)"
23614843633,Search-bodycare,195291098322,Ad group 1,hand lotion,NONE,body cream,BROAD,BROAD,3,0,0.0,0,0,0,"raw/32_search_term_view_90d.json (2798 rows, uncapped)"
23614843633,Search-bodycare,195291098322,Ad group 1,hyaluronic acid body serum,NONE,body cream,BROAD,BROAD,1,0,0.0,0,0,0,"raw/32_search_term_view_90d.json (2798 rows, uncapped)"
23614843633,Search-bodycare,195291098322,Ad group 1,k beauty,NONE,body cream,BROAD,BROAD,1,0,0.0,0,0,0,"raw/32_search_term_view_90d.json (2798 rows, uncapped)"
23614843633,Search-bodycare,195291098322,Ad group 1,kojic acid,NONE,body cream,BROAD,BROAD,1,0,0.0,0,0,0,"raw/32_search_term_view_90d.json (2798 rows, uncapped)"
23614843633,Search-bodycare,195291098322,Ad group 1,korean skincare canal walk,NONE,body cream,BROAD,BROAD,1,0,0.0,0,0,0,"raw/32_search_term_view_90d.json (2798 rows, uncapped)"
23614843633,Search-bodycare,195291098322,Ad group 1,korean skincare fourways mall,NONE,body cream,BROAD,BROAD,2,0,0.0,0,0,0,"raw/32_search_term_view_90d.json (2798 rows, uncapped)"
23614843633,Search-bodycare,195291098322,Ad group 1,korean skincare south africa,NONE,body cream,BROAD,BROAD,1,0,0.0,0,0,0,"raw/32_search_term_view_90d.json (2798 rows, uncapped)"
23614843633,Search-bodycare,195291098322,Ad group 1,lemongrass and calendula body wash,NONE,body cream,BROAD,BROAD,1,0,0.0,0,0,0,"raw/32_search_term_view_90d.json (2798 rows, uncapped)"
23614843633,Search-bodycare,195291098322,Ad group 1,medicube kojic acid body wash,NONE,body cream,BROAD,BROAD,1,0,0.0,0,0,0,"raw/32_search_term_view_90d.json (2798 rows, uncapped)"
23614843633,Search-bodycare,195291098322,Ad group 1,moisturising gel,NONE,body cream,BROAD,BROAD,2,0,0.0,0,0,0,"raw/32_search_term_view_90d.json (2798 rows, uncapped)"
23614843633,Search-bodycare,195291098322,Ad group 1,moisturizer,NONE,body cream,BROAD,BROAD,1,0,0.0,0,0,0,"raw/32_search_term_view_90d.json (2798 rows, uncapped)"
23614843633,Search-bodycare,195291098322,Ad group 1,myskinrules co za,NONE,body cream,BROAD,BROAD,3,0,0.0,0,0,0,"raw/32_search_term_view_90d.json (2798 rows, uncapped)"
23614843633,Search-bodycare,195291098322,Ad group 1,niacinamide body oil,NONE,body cream,BROAD,BROAD,1,0,0.0,0,0,0,"raw/32_search_term_view_90d.json (2798 rows, uncapped)"
23614843633,Search-bodycare,195291098322,Ad group 1,niacinamide body wash,NONE,body cream,BROAD,BROAD,3,0,0.0,0,0,0,"raw/32_search_term_view_90d.json (2798 rows, uncapped)"
23614843633,Search-bodycare,195291098322,Ad group 1,nourishing body wash,NONE,body cream,BROAD,BROAD,1,0,0.0,0,0,0,"raw/32_search_term_view_90d.json (2798 rows, uncapped)"
23614843633,Search-bodycare,195291098322,Ad group 1,pantry hand cream,NONE,body cream,BROAD,BROAD,5,0,0.0,0,0,0,"raw/32_search_term_view_90d.json (2798 rows, uncapped)"
23614843633,Search-bodycare,195291098322,Ad group 1,pantry skin care,NONE,body cream,BROAD,BROAD,4,0,0.0,0,0,0,"raw/32_search_term_view_90d.json (2798 rows, uncapped)"
23614843633,Search-bodycare,195291098322,Ad group 1,pastry anti pigment,NONE,body cream,BROAD,BROAD,1,0,0.0,0,0,0,"raw/32_search_term_view_90d.json (2798 rows, uncapped)"
23614843633,Search-bodycare,195291098322,Ad group 1,pastry anti pigmentation,NONE,body cream,BROAD,BROAD,2,0,0.0,0,0,0,"raw/32_search_term_view_90d.json (2798 rows, uncapped)"
23614843633,Search-bodycare,195291098322,Ad group 1,pastry anti pigmentation cream,NONE,body cream,BROAD,BROAD,1,0,0.0,0,0,0,"raw/32_search_term_view_90d.json (2798 rows, uncapped)"
23614843633,Search-bodycare,195291098322,Ad group 1,pastry anti pigmentation deodorant,NONE,body cream,BROAD,BROAD,6,0,0.0,0,0,0,"raw/32_search_term_view_90d.json (2798 rows, uncapped)"
23614843633,Search-bodycare,195291098322,Ad group 1,pastry bha body gel,NONE,body cream,BROAD,BROAD,1,0,0.0,0,0,0,"raw/32_search_term_view_90d.json (2798 rows, uncapped)"
23614843633,Search-bodycare,195291098322,Ad group 1,pastry bha gel,NONE,body cream,BROAD,BROAD,1,0,0.0,0,0,0,"raw/32_search_term_view_90d.json (2798 rows, uncapped)"
23614843633,Search-bodycare,195291098322,Ad group 1,pastry body scrub,NONE,body cream,BROAD,BROAD,2,0,0.0,0,0,0,"raw/32_search_term_view_90d.json (2798 rows, uncapped)"
23614843633,Search-bodycare,195291098322,Ad group 1,pastry glycolic acid body wash,NONE,body cream,BROAD,BROAD,1,0,0.0,0,0,0,"raw/32_search_term_view_90d.json (2798 rows, uncapped)"
23614843633,Search-bodycare,195291098322,Ad group 1,pastry hand,NONE,body cream,BROAD,BROAD,1,0,0.0,0,0,0,"raw/32_search_term_view_90d.json (2798 rows, uncapped)"
23614843633,Search-bodycare,195291098322,Ad group 1,pastry hyperpigmentation,NONE,body cream,BROAD,BROAD,3,0,0.0,0,0,0,"raw/32_search_term_view_90d.json (2798 rows, uncapped)"
23614843633,Search-bodycare,195291098322,Ad group 1,pastry menlyn,NONE,body cream,BROAD,BROAD,12,0,0.0,0,0,0,"raw/32_search_term_view_90d.json (2798 rows, uncapped)"
23614843633,Search-bodycare,195291098322,Ad group 1,pastry niacinamide,NONE,body cream,BROAD,BROAD,10,0,0.0,0,0,0,"raw/32_search_term_view_90d.json (2798 rows, uncapped)"
23614843633,Search-bodycare,195291098322,Ad group 1,pastry roll on,NONE,body cream,BROAD,BROAD,11,0,0.0,0,0,0,"raw/32_search_term_view_90d.json (2798 rows, uncapped)"
23614843633,Search-bodycare,195291098322,Ad group 1,pastry roll on anti pigmentation,NONE,body cream,BROAD,BROAD,3,0,0.0,0,0,0,"raw/32_search_term_view_90d.json (2798 rows, uncapped)"
23614843633,Search-bodycare,195291098322,Ad group 1,pastry serum,NONE,body cream,BROAD,BROAD,7,0,0.0,0,0,0,"raw/32_search_term_view_90d.json (2798 rows, uncapped)"
23614843633,Search-bodycare,195291098322,Ad group 1,pastry skin roll on,NONE,body cream,BROAD,BROAD,1,0,0.0,0,0,0,"raw/32_search_term_view_90d.json (2798 rows, uncapped)"
23614843633,Search-bodycare,195291098322,Ad group 1,pastry skincare cape town,NONE,body cream,BROAD,BROAD,2,0,0.0,0,0,0,"raw/32_search_term_view_90d.json (2798 rows, uncapped)"
23614843633,Search-bodycare,195291098322,Ad group 1,pastry skincare deodorant,NONE,body cream,BROAD,BROAD,2,0,0.0,0,0,0,"raw/32_search_term_view_90d.json (2798 rows, uncapped)"
23614843633,Search-bodycare,195291098322,Ad group 1,pastry skincare hand cream,NONE,body cream,BROAD,BROAD,5,0,0.0,0,0,0,"raw/32_search_term_view_90d.json (2798 rows, uncapped)"
23614843633,Search-bodycare,195291098322,Ad group 1,pastry skincare near me,NONE,body cream,BROAD,BROAD,3,0,0.0,0,0,0,"raw/32_search_term_view_90d.json (2798 rows, uncapped)"
23614843633,Search-bodycare,195291098322,Ad group 1,pastry skincare price,NONE,body cream,BROAD,BROAD,2,0,0.0,0,0,0,"raw/32_search_term_view_90d.json (2798 rows, uncapped)"
23614843633,Search-bodycare,195291098322,Ad group 1,pastry skincare south africa,NONE,body cream,BROAD,BROAD,1,0,0.0,0,0,0,"raw/32_search_term_view_90d.json (2798 rows, uncapped)"
23614843633,Search-bodycare,195291098322,Ad group 1,pastry skincare store,NONE,body cream,BROAD,BROAD,2,0,0.0,0,0,0,"raw/32_search_term_view_90d.json (2798 rows, uncapped)"
23614843633,Search-bodycare,195291098322,Ad group 1,pastry skincare store near me,NONE,body cream,BROAD,BROAD,16,0,0.0,0,0,0,"raw/32_search_term_view_90d.json (2798 rows, uncapped)"
23614843633,Search-bodycare,195291098322,Ad group 1,pastry skincare stores,NONE,body cream,BROAD,BROAD,7,0,0.0,0,0,0,"raw/32_search_term_view_90d.json (2798 rows, uncapped)"
23614843633,Search-bodycare,195291098322,Ad group 1,pastry store,NONE,body cream,BROAD,BROAD,7,0,0.0,0,0,0,"raw/32_search_term_view_90d.json (2798 rows, uncapped)"
23614843633,Search-bodycare,195291098322,Ad group 1,poetry skincare,NONE,body cream,BROAD,BROAD,1,0,0.0,0,0,0,"raw/32_search_term_view_90d.json (2798 rows, uncapped)"
23614843633,Search-bodycare,195291098322,Ad group 1,popsicle body care,NONE,body cream,BROAD,BROAD,2,0,0.0,0,0,0,"raw/32_search_term_view_90d.json (2798 rows, uncapped)"
23614843633,Search-bodycare,195291098322,Ad group 1,popsicle hand cream,NONE,body cream,BROAD,BROAD,1,0,0.0,0,0,0,"raw/32_search_term_view_90d.json (2798 rows, uncapped)"
23614843633,Search-bodycare,195291098322,Ad group 1,pure skin cosmetics,NONE,body cream,BROAD,BROAD,1,0,0.0,0,0,0,"raw/32_search_term_view_90d.json (2798 rows, uncapped)"
23614843633,Search-bodycare,195291098322,Ad group 1,rain natural skincare,NONE,body cream,BROAD,BROAD,1,0,0.0,0,0,0,"raw/32_search_term_view_90d.json (2798 rows, uncapped)"
23614843633,Search-bodycare,195291098322,Ad group 1,raw african body butter,NONE,body cream,BROAD,BROAD,2,0,0.0,0,0,0,"raw/32_search_term_view_90d.json (2798 rows, uncapped)"
23614843633,Search-bodycare,195291098322,Ad group 1,retinol hand cream,NONE,body cream,BROAD,BROAD,1,0,0.0,0,0,0,"raw/32_search_term_view_90d.json (2798 rows, uncapped)"
23614843633,Search-bodycare,195291098322,Ad group 1,rough body scrub,NONE,body cream,BROAD,BROAD,1,0,0.0,0,0,0,"raw/32_search_term_view_90d.json (2798 rows, uncapped)"
23614843633,Search-bodycare,195291098322,Ad group 1,silky canal walk,NONE,body cream,BROAD,BROAD,1,0,0.0,0,0,0,"raw/32_search_term_view_90d.json (2798 rows, uncapped)"
23614843633,Search-bodycare,195291098322,Ad group 1,skin on tapp,NONE,body cream,BROAD,BROAD,3,0,0.0,0,0,0,"raw/32_search_term_view_90d.json (2798 rows, uncapped)"
23614843633,Search-bodycare,195291098322,Ad group 1,skincare shops,NONE,body cream,BROAD,BROAD,1,0,0.0,0,0,0,"raw/32_search_term_view_90d.json (2798 rows, uncapped)"
23614843633,Search-bodycare,195291098322,Ad group 1,skinfood,NONE,body cream,BROAD,BROAD,1,0,0.0,0,0,0,"raw/32_search_term_view_90d.json (2798 rows, uncapped)"
23614843633,Search-bodycare,195291098322,Ad group 1,somebymi body wash,NONE,body cream,BROAD,BROAD,1,0,0.0,0,0,0,"raw/32_search_term_view_90d.json (2798 rows, uncapped)"
23614843633,Search-bodycare,195291098322,Ad group 1,south african skincare,NONE,body cream,BROAD,BROAD,2,0,0.0,0,0,0,"raw/32_search_term_view_90d.json (2798 rows, uncapped)"
23614843633,Search-bodycare,195291098322,Ad group 1,the act beauty,NONE,body cream,BROAD,BROAD,1,0,0.0,0,0,0,"raw/32_search_term_view_90d.json (2798 rows, uncapped)"
23614843633,Search-bodycare,195291098322,Ad group 1,turmeric body wash,NONE,body cream,BROAD,BROAD,2,0,0.0,0,0,0,"raw/32_search_term_view_90d.json (2798 rows, uncapped)"
23614843633,Search-bodycare,195291098322,Ad group 1,vanilla body,NONE,body cream,BROAD,BROAD,1,0,0.0,0,0,0,"raw/32_search_term_view_90d.json (2798 rows, uncapped)"
23614843633,Search-bodycare,195291098322,Ad group 1,vanilla body care,NONE,body cream,BROAD,BROAD,3,0,0.0,0,0,0,"raw/32_search_term_view_90d.json (2798 rows, uncapped)"
23614843633,Search-bodycare,195291098322,Ad group 1,vanilla body oil,NONE,body cream,BROAD,BROAD,2,0,0.0,0,0,0,"raw/32_search_term_view_90d.json (2798 rows, uncapped)"
23614843633,Search-bodycare,195291098322,Ad group 1,vanilla body wash,NONE,body cream,BROAD,BROAD,2,0,0.0,0,0,0,"raw/32_search_term_view_90d.json (2798 rows, uncapped)"
23614843633,Search-bodycare,195291098322,Ad group 1,vitamin c shower gel,NONE,body cream,BROAD,BROAD,2,0,0.0,0,0,0,"raw/32_search_term_view_90d.json (2798 rows, uncapped)"
23614843633,Search-bodycare,195291098322,Ad group 1,what to use for dark inner thighs,NONE,body cream,BROAD,BROAD,1,0,0.0,0,0,0,"raw/32_search_term_view_90d.json (2798 rows, uncapped)"
23614843633,Search-bodycare,195291098322,Ad group 1,where to buy pastry skincare,NONE,body cream,BROAD,BROAD,2,0,0.0,0,0,0,"raw/32_search_term_view_90d.json (2798 rows, uncapped)"
23614843633,Search-bodycare,195291098322,Ad group 1,where to buy pastry skincare near me,NONE,body cream,BROAD,BROAD,4,0,0.0,0,0,0,"raw/32_search_term_view_90d.json (2798 rows, uncapped)"
23614843633,Search-bodycare,195291098322,Ad group 1,whipped body wash,NONE,body cream,BROAD,BROAD,1,0,0.0,0,0,0,"raw/32_search_term_view_90d.json (2798 rows, uncapped)"
23614843633,Search-bodycare,195291098322,Ad group 1,body lotions,NONE,body cream,BROAD,NEAR_EXACT,3,0,0.0,0,0,0,"raw/32_search_term_view_90d.json (2798 rows, uncapped)"
23614843633,Search-bodycare,195291098322,Ad group 1,body moisturizer,NONE,body cream,BROAD,NEAR_EXACT,2,0,0.0,0,0,0,"raw/32_search_term_view_90d.json (2798 rows, uncapped)"
23614843633,Search-bodycare,195291098322,Ad group 1,africology body lotion,NONE,body cream,BROAD,NEAR_PHRASE,1,0,0.0,0,0,0,"raw/32_search_term_view_90d.json (2798 rows, uncapped)"
23614843633,Search-bodycare,195291098322,Ad group 1,aqua rich body lotion,NONE,body cream,BROAD,NEAR_PHRASE,1,0,0.0,0,0,0,"raw/32_search_term_view_90d.json (2798 rows, uncapped)"
23614843633,Search-bodycare,195291098322,Ad group 1,athena body lotion,NONE,body cream,BROAD,NEAR_PHRASE,1,0,0.0,0,0,0,"raw/32_search_term_view_90d.json (2798 rows, uncapped)"
23614843633,Search-bodycare,195291098322,Ad group 1,beef tallow body lotion,NONE,body cream,BROAD,NEAR_PHRASE,1,0,0.0,0,0,0,"raw/32_search_term_view_90d.json (2798 rows, uncapped)"
23614843633,Search-bodycare,195291098322,Ad group 1,best body butter for women,NONE,body cream,BROAD,NEAR_PHRASE,1,0,0.0,0,0,0,"raw/32_search_term_view_90d.json (2798 rows, uncapped)"
23614843633,Search-bodycare,195291098322,Ad group 1,best smelling body lotion,NONE,body cream,BROAD,NEAR_PHRASE,1,0,0.0,0,0,0,"raw/32_search_term_view_90d.json (2798 rows, uncapped)"
23614843633,Search-bodycare,195291098322,Ad group 1,best vanilla body lotion,NONE,body cream,BROAD,NEAR_PHRASE,1,0,0.0,0,0,0,"raw/32_search_term_view_90d.json (2798 rows, uncapped)"
23614843633,Search-bodycare,195291098322,Ad group 1,body butter balm,NONE,body cream,BROAD,NEAR_PHRASE,1,0,0.0,0,0,0,"raw/32_search_term_view_90d.json (2798 rows, uncapped)"
23614843633,Search-bodycare,195291098322,Ad group 1,body butter for dry skin,NONE,body cream,BROAD,NEAR_PHRASE,2,0,0.0,0,0,0,"raw/32_search_term_view_90d.json (2798 rows, uncapped)"
23614843633,Search-bodycare,195291098322,Ad group 1,body butters,NONE,body cream,BROAD,NEAR_PHRASE,1,0,0.0,0,0,0,"raw/32_search_term_view_90d.json (2798 rows, uncapped)"
23614843633,Search-bodycare,195291098322,Ad group 1,body glow lotion,NONE,body cream,BROAD,NEAR_PHRASE,3,0,0.0,0,0,0,"raw/32_search_term_view_90d.json (2798 rows, uncapped)"
23614843633,Search-bodycare,195291098322,Ad group 1,body lotion with peptides,NONE,body cream,BROAD,NEAR_PHRASE,1,0,0.0,0,0,0,"raw/32_search_term_view_90d.json (2798 rows, uncapped)"
23614843633,Search-bodycare,195291098322,Ad group 1,body milk,NONE,body cream,BROAD,NEAR_PHRASE,2,0,0.0,0,0,0,"raw/32_search_term_view_90d.json (2798 rows, uncapped)"
23614843633,Search-bodycare,195291098322,Ad group 1,body milk lotion,NONE,body cream,BROAD,NEAR_PHRASE,1,0,0.0,0,0,0,"raw/32_search_term_view_90d.json (2798 rows, uncapped)"
23614843633,Search-bodycare,195291098322,Ad group 1,body radiant lotion,NONE,body cream,BROAD,NEAR_PHRASE,3,0,0.0,0,0,0,"raw/32_search_term_view_90d.json (2798 rows, uncapped)"
23614843633,Search-bodycare,195291098322,Ad group 1,body souffle,NONE,body cream,BROAD,NEAR_PHRASE,1,0,0.0,0,0,0,"raw/32_search_term_view_90d.json (2798 rows, uncapped)"
23614843633,Search-bodycare,195291098322,Ad group 1,bodycology lotion,NONE,body cream,BROAD,NEAR_PHRASE,1,0,0.0,0,0,0,"raw/32_search_term_view_90d.json (2798 rows, uncapped)"
23614843633,Search-bodycare,195291098322,Ad group 1,buy body butter,NONE,body cream,BROAD,NEAR_PHRASE,1,0,0.0,0,0,0,"raw/32_search_term_view_90d.json (2798 rows, uncapped)"
23614843633,Search-bodycare,195291098322,Ad group 1,ceramide and retinol body lotion,NONE,body cream,BROAD,NEAR_PHRASE,1,0,0.0,0,0,0,"raw/32_search_term_view_90d.json (2798 rows, uncapped)"
23614843633,Search-bodycare,195291098322,Ad group 1,cinnamon body lotion,NONE,body cream,BROAD,NEAR_PHRASE,1,0,0.0,0,0,0,"raw/32_search_term_view_90d.json (2798 rows, uncapped)"
23614843633,Search-bodycare,195291098322,Ad group 1,citrus body lotion,NONE,body cream,BROAD,NEAR_PHRASE,1,0,0.0,0,0,0,"raw/32_search_term_view_90d.json (2798 rows, uncapped)"
23614843633,Search-bodycare,195291098322,Ad group 1,eco body lotion,NONE,body cream,BROAD,NEAR_PHRASE,1,0,0.0,0,0,0,"raw/32_search_term_view_90d.json (2798 rows, uncapped)"
23614843633,Search-bodycare,195291098322,Ad group 1,eden body lotion,NONE,body cream,BROAD,NEAR_PHRASE,1,0,0.0,0,0,0,"raw/32_search_term_view_90d.json (2798 rows, uncapped)"
23614843633,Search-bodycare,195291098322,Ad group 1,enzyme body lotion,NONE,body cream,BROAD,NEAR_PHRASE,2,0,0.0,0,0,0,"raw/32_search_term_view_90d.json (2798 rows, uncapped)"
23614843633,Search-bodycare,195291098322,Ad group 1,eos moisturizer,NONE,body cream,BROAD,NEAR_PHRASE,1,0,0.0,0,0,0,"raw/32_search_term_view_90d.json (2798 rows, uncapped)"
23614843633,Search-bodycare,195291098322,Ad group 1,even tone body lotion,NONE,body cream,BROAD,NEAR_PHRASE,1,0,0.0,0,0,0,"raw/32_search_term_view_90d.json (2798 rows, uncapped)"
23614843633,Search-bodycare,195291098322,Ad group 1,eventone body lotion,NONE,body cream,BROAD,NEAR_PHRASE,1,0,0.0,0,0,0,"raw/32_search_term_view_90d.json (2798 rows, uncapped)"
23614843633,Search-bodycare,195291098322,Ad group 1,fragrance cream,NONE,body cream,BROAD,NEAR_PHRASE,1,0,0.0,0,0,0,"raw/32_search_term_view_90d.json (2798 rows, uncapped)"
23614843633,Search-bodycare,195291098322,Ad group 1,glycolic acid lotion for body,NONE,body cream,BROAD,NEAR_PHRASE,1,0,0.0,0,0,0,"raw/32_search_term_view_90d.json (2798 rows, uncapped)"
23614843633,Search-bodycare,195291098322,Ad group 1,grace body butter,NONE,body cream,BROAD,NEAR_PHRASE,1,0,0.0,0,0,0,"raw/32_search_term_view_90d.json (2798 rows, uncapped)"
23614843633,Search-bodycare,195291098322,Ad group 1,josie maran body butter,NONE,body cream,BROAD,NEAR_PHRASE,1,0,0.0,0,0,0,"raw/32_search_term_view_90d.json (2798 rows, uncapped)"
23614843633,Search-bodycare,195291098322,Ad group 1,kingsman body butter,NONE,body cream,BROAD,NEAR_PHRASE,1,0,0.0,0,0,0,"raw/32_search_term_view_90d.json (2798 rows, uncapped)"
23614843633,Search-bodycare,195291098322,Ad group 1,kojic acid lotion,NONE,body cream,BROAD,NEAR_PHRASE,2,0,0.0,0,0,0,"raw/32_search_term_view_90d.json (2798 rows, uncapped)"
23614843633,Search-bodycare,195291098322,Ad group 1,korean secret body lotion,NONE,body cream,BROAD,NEAR_PHRASE,1,0,0.0,0,0,0,"raw/32_search_term_view_90d.json (2798 rows, uncapped)"
23614843633,Search-bodycare,195291098322,Ad group 1,lactic acid body lotion,NONE,body cream,BROAD,NEAR_PHRASE,1,0,0.0,0,0,0,"raw/32_search_term_view_90d.json (2798 rows, uncapped)"
23614843633,Search-bodycare,195291098322,Ad group 1,lactic acid lotion,NONE,body cream,BROAD,NEAR_PHRASE,1,0,0.0,0,0,0,"raw/32_search_term_view_90d.json (2798 rows, uncapped)"
23614843633,Search-bodycare,195291098322,Ad group 1,lotion,NONE,body cream,BROAD,NEAR_PHRASE,2,0,0.0,0,0,0,"raw/32_search_term_view_90d.json (2798 rows, uncapped)"
23614843633,Search-bodycare,195291098322,Ad group 1,lotion with niacinamide,NONE,body cream,BROAD,NEAR_PHRASE,1,0,0.0,0,0,0,"raw/32_search_term_view_90d.json (2798 rows, uncapped)"
23614843633,Search-bodycare,195291098322,Ad group 1,luxurious body lotion,NONE,body cream,BROAD,NEAR_PHRASE,1,0,0.0,0,0,0,"raw/32_search_term_view_90d.json (2798 rows, uncapped)"
23614843633,Search-bodycare,195291098322,Ad group 1,luxury body lotion,NONE,body cream,BROAD,NEAR_PHRASE,2,0,0.0,0,0,0,"raw/32_search_term_view_90d.json (2798 rows, uncapped)"
23614843633,Search-bodycare,195291098322,Ad group 1,maake body butter,NONE,body cream,BROAD,NEAR_PHRASE,1,0,0.0,0,0,0,"raw/32_search_term_view_90d.json (2798 rows, uncapped)"
23614843633,Search-bodycare,195291098322,Ad group 1,mango body butter,NONE,body cream,BROAD,NEAR_PHRASE,2,0,0.0,0,0,0,"raw/32_search_term_view_90d.json (2798 rows, uncapped)"
23614843633,Search-bodycare,195291098322,Ad group 1,marshmallow body lotion,NONE,body cream,BROAD,NEAR_PHRASE,1,0,0.0,0,0,0,"raw/32_search_term_view_90d.json (2798 rows, uncapped)"
23614843633,Search-bodycare,195291098322,Ad group 1,milk body lotion,NONE,body cream,BROAD,NEAR_PHRASE,1,0,0.0,0,0,0,"raw/32_search_term_view_90d.json (2798 rows, uncapped)"
23614843633,Search-bodycare,195291098322,Ad group 1,necessaire body lotion,NONE,body cream,BROAD,NEAR_PHRASE,2,0,0.0,0,0,0,"raw/32_search_term_view_90d.json (2798 rows, uncapped)"
23614843633,Search-bodycare,195291098322,Ad group 1,niacinamide and vitamin c body lotion,NONE,body cream,BROAD,NEAR_PHRASE,1,0,0.0,0,0,0,"raw/32_search_term_view_90d.json (2798 rows, uncapped)"
23614843633,Search-bodycare,195291098322,Ad group 1,niacinamide body butter,NONE,body cream,BROAD,NEAR_PHRASE,1,0,0.0,0,0,0,"raw/32_search_term_view_90d.json (2798 rows, uncapped)"
23614843633,Search-bodycare,195291098322,Ad group 1,niacinamide lotion,NONE,body cream,BROAD,NEAR_PHRASE,4,0,0.0,0,0,0,"raw/32_search_term_view_90d.json (2798 rows, uncapped)"
23614843633,Search-bodycare,195291098322,Ad group 1,pastry hand lotion,NONE,body cream,BROAD,NEAR_PHRASE,2,0,0.0,0,0,0,"raw/32_search_term_view_90d.json (2798 rows, uncapped)"
23614843633,Search-bodycare,195291098322,Ad group 1,pastry niacinamide lotion,NONE,body cream,BROAD,NEAR_PHRASE,3,0,0.0,0,0,0,"raw/32_search_term_view_90d.json (2798 rows, uncapped)"
23614843633,Search-bodycare,195291098322,Ad group 1,pastry overnight body balm,NONE,body cream,BROAD,NEAR_PHRASE,3,0,0.0,0,0,0,"raw/32_search_term_view_90d.json (2798 rows, uncapped)"
23614843633,Search-bodycare,195291098322,Ad group 1,pastry skincare hyaluronic acid body lotion,NONE,body cream,BROAD,NEAR_PHRASE,2,0,0.0,0,0,0,"raw/32_search_term_view_90d.json (2798 rows, uncapped)"
23614843633,Search-bodycare,195291098322,Ad group 1,retinol body lotion,NONE,body cream,BROAD,NEAR_PHRASE,7,0,0.0,0,0,0,"raw/32_search_term_view_90d.json (2798 rows, uncapped)"
23614843633,Search-bodycare,195291098322,Ad group 1,skin doctor body lotion,NONE,body cream,BROAD,NEAR_PHRASE,1,0,0.0,0,0,0,"raw/32_search_term_view_90d.json (2798 rows, uncapped)"
23614843633,Search-bodycare,195291098322,Ad group 1,skins body lotion,NONE,body cream,BROAD,NEAR_PHRASE,1,0,0.0,0,0,0,"raw/32_search_term_view_90d.json (2798 rows, uncapped)"
23614843633,Search-bodycare,195291098322,Ad group 1,sticky dates body lotion,NONE,body cream,BROAD,NEAR_PHRASE,1,0,0.0,0,0,0,"raw/32_search_term_view_90d.json (2798 rows, uncapped)"
23614843633,Search-bodycare,195291098322,Ad group 1,terra firma body lotion,NONE,body cream,BROAD,NEAR_PHRASE,1,0,0.0,0,0,0,"raw/32_search_term_view_90d.json (2798 rows, uncapped)"
23614843633,Search-bodycare,195291098322,Ad group 1,turmeric and vitamin c body lotion,NONE,body cream,BROAD,NEAR_PHRASE,1,0,0.0,0,0,0,"raw/32_search_term_view_90d.json (2798 rows, uncapped)"
23614843633,Search-bodycare,195291098322,Ad group 1,turmeric body lotion,NONE,body cream,BROAD,NEAR_PHRASE,1,0,0.0,0,0,0,"raw/32_search_term_view_90d.json (2798 rows, uncapped)"
23614843633,Search-bodycare,195291098322,Ad group 1,unscented lotion,NONE,body cream,BROAD,NEAR_PHRASE,3,0,0.0,0,0,0,"raw/32_search_term_view_90d.json (2798 rows, uncapped)"
23614843633,Search-bodycare,195291098322,Ad group 1,vanilla lotion,NONE,body cream,BROAD,NEAR_PHRASE,1,0,0.0,0,0,0,"raw/32_search_term_view_90d.json (2798 rows, uncapped)"
23614843633,Search-bodycare,195291098322,Ad group 1,vanilla scented body lotion,NONE,body cream,BROAD,NEAR_PHRASE,1,0,0.0,0,0,0,"raw/32_search_term_view_90d.json (2798 rows, uncapped)"
23614843633,Search-bodycare,195291098322,Ad group 1,vitamin c body lotion,NONE,body cream,BROAD,NEAR_PHRASE,2,0,0.0,0,0,0,"raw/32_search_term_view_90d.json (2798 rows, uncapped)"
23614843633,Search-bodycare,195291098322,Ad group 1,where to buy woodbury & co body lotion,NONE,body cream,BROAD,NEAR_PHRASE,1,0,0.0,0,0,0,"raw/32_search_term_view_90d.json (2798 rows, uncapped)"
23614843633,Search-bodycare,195291098322,Ad group 1,whipped body butter,NONE,body cream,BROAD,NEAR_PHRASE,1,0,0.0,0,0,0,"raw/32_search_term_view_90d.json (2798 rows, uncapped)"
23614843633,Search-bodycare,195291098322,Ad group 1,beauty must haves,NONE,body butter,BROAD,BROAD,1,0,0.0,0,0,0,"raw/32_search_term_view_90d.json (2798 rows, uncapped)"
23614843633,Search-bodycare,195291098322,Ad group 1,body care,NONE,body butter,BROAD,BROAD,1,0,0.0,0,0,0,"raw/32_search_term_view_90d.json (2798 rows, uncapped)"
23614843633,Search-bodycare,195291098322,Ad group 1,body oil,NONE,body butter,BROAD,BROAD,1,0,0.0,0,0,0,"raw/32_search_term_view_90d.json (2798 rows, uncapped)"
23614843633,Search-bodycare,195291098322,Ad group 1,body wash,NONE,body butter,BROAD,BROAD,1,0,0.0,0,0,0,"raw/32_search_term_view_90d.json (2798 rows, uncapped)"
23614843633,Search-bodycare,195291098322,Ad group 1,hand cream,NONE,body butter,BROAD,BROAD,1,0,0.0,0,0,0,"raw/32_search_term_view_90d.json (2798 rows, uncapped)"
23614843633,Search-bodycare,195291098322,Ad group 1,korean skincare cape town,NONE,body butter,BROAD,BROAD,1,0,0.0,0,0,0,"raw/32_search_term_view_90d.json (2798 rows, uncapped)"
23614843633,Search-bodycare,195291098322,Ad group 1,pastel skincare,NONE,body butter,BROAD,BROAD,2,0,0.0,0,0,0,"raw/32_search_term_view_90d.json (2798 rows, uncapped)"
23614843633,Search-bodycare,195291098322,Ad group 1,pastry anti pigmentation deodorant,NONE,body butter,BROAD,BROAD,6,0,0.0,0,0,0,"raw/32_search_term_view_90d.json (2798 rows, uncapped)"
23614843633,Search-bodycare,195291098322,Ad group 1,pastry pigmentation serum,NONE,body butter,BROAD,BROAD,2,0,0.0,0,0,0,"raw/32_search_term_view_90d.json (2798 rows, uncapped)"
23614843633,Search-bodycare,195291098322,Ad group 1,pastry skincare store near me,NONE,body butter,BROAD,BROAD,1,0,0.0,0,0,0,"raw/32_search_term_view_90d.json (2798 rows, uncapped)"
23614843633,Search-bodycare,195291098322,Ad group 1,pastry sunscreen,NONE,body butter,BROAD,BROAD,2,0,0.0,0,0,0,"raw/32_search_term_view_90d.json (2798 rows, uncapped)"
23614843633,Search-bodycare,195291098322,Ad group 1,rosecosmetics co za,NONE,body butter,BROAD,BROAD,1,0,0.0,0,0,0,"raw/32_search_term_view_90d.json (2798 rows, uncapped)"
23614843633,Search-bodycare,195291098322,Ad group 1,sheet masks,NONE,body butter,BROAD,BROAD,1,0,0.0,0,0,0,"raw/32_search_term_view_90d.json (2798 rows, uncapped)"
23614843633,Search-bodycare,195291098322,Ad group 1,sugar scrub for body,NONE,body butter,BROAD,BROAD,1,0,0.0,0,0,0,"raw/32_search_term_view_90d.json (2798 rows, uncapped)"
23614843633,Search-bodycare,195291098322,Ad group 1,turmeric and vitamin c body wash,NONE,body butter,BROAD,BROAD,1,0,0.0,0,0,0,"raw/32_search_term_view_90d.json (2798 rows, uncapped)"
23614843633,Search-bodycare,195291098322,Ad group 1,where to buy anua products south africa,NONE,body butter,BROAD,BROAD,1,0,0.0,0,0,0,"raw/32_search_term_view_90d.json (2798 rows, uncapped)"
23614843633,Search-bodycare,195291098322,Ad group 1,anti pigmentation hand cream,NONE,skin lotion,BROAD,BROAD,1,0,0.0,0,0,0,"raw/32_search_term_view_90d.json (2798 rows, uncapped)"
23614843633,Search-bodycare,195291098322,Ad group 1,auna,NONE,skin lotion,BROAD,BROAD,1,0,0.0,0,0,0,"raw/32_search_term_view_90d.json (2798 rows, uncapped)"
23614843633,Search-bodycare,195291098322,Ad group 1,body scrub,NONE,skin lotion,BROAD,BROAD,1,0,0.0,0,0,0,"raw/32_search_term_view_90d.json (2798 rows, uncapped)"
23614843633,Search-bodycare,195291098322,Ad group 1,body shop cape town,NONE,skin lotion,BROAD,BROAD,1,0,0.0,0,0,0,"raw/32_search_term_view_90d.json (2798 rows, uncapped)"
23614843633,Search-bodycare,195291098322,Ad group 1,pastry deodorant,NONE,skin lotion,BROAD,BROAD,4,0,0.0,0,0,0,"raw/32_search_term_view_90d.json (2798 rows, uncapped)"
23614843633,Search-bodycare,195291098322,Ad group 1,pastry skincare reviews before and after,NONE,skin lotion,BROAD,BROAD,1,0,0.0,0,0,0,"raw/32_search_term_view_90d.json (2798 rows, uncapped)"
23614843633,Search-bodycare,195291098322,Ad group 1,pastry underarm roll on,NONE,skin lotion,BROAD,BROAD,2,0,0.0,0,0,0,"raw/32_search_term_view_90d.json (2798 rows, uncapped)"
23614843633,Search-bodycare,195291098322,Ad group 1,silky canal walk,NONE,skin lotion,BROAD,BROAD,1,0,0.0,0,0,0,"raw/32_search_term_view_90d.json (2798 rows, uncapped)"
23614843633,Search-bodycare,195291098322,Ad group 1,skins cosmetics durban,NONE,skin lotion,BROAD,BROAD,2,0,0.0,0,0,0,"raw/32_search_term_view_90d.json (2798 rows, uncapped)"
23614843633,Search-bodycare,195291098322,Ad group 1,body lotion,ADDED,body lotion,PHRASE,EXACT,5,0,0.0,0,0,0,"raw/32_search_term_view_90d.json (2798 rows, uncapped)"
23614843633,Search-bodycare,195291098322,Ad group 1,best body lotion,ADDED,best body lotion,BROAD,EXACT,1,0,0.0,0,0,0,"raw/32_search_term_view_90d.json (2798 rows, uncapped)"
23614843633,Search-bodycare,195291098322,Ad group 1,body cream for dry skin,ADDED,body cream for dry skin,BROAD,EXACT,1,0,0.0,0,0,0,"raw/32_search_term_view_90d.json (2798 rows, uncapped)"
23614843633,Search-bodycare,195291098322,Ad group 1,glycolic body lotion,ADDED,glycolic body lotion,BROAD,EXACT,2,0,0.0,0,0,0,"raw/32_search_term_view_90d.json (2798 rows, uncapped)"
23614843633,Search-bodycare,195291098322,Ad group 1,glycolic acid body lotion,ADDED,glycolic acid body lotion,BROAD,EXACT,2,0,0.0,0,0,0,"raw/32_search_term_view_90d.json (2798 rows, uncapped)"
23614843633,Search-bodycare,195291098322,Ad group 1,body oil,NONE,glycolic acid body lotion,BROAD,BROAD,1,0,0.0,0,0,0,"raw/32_search_term_view_90d.json (2798 rows, uncapped)"
23614843633,Search-bodycare,195291098322,Ad group 1,body scrub,NONE,glycolic acid body lotion,BROAD,BROAD,1,0,0.0,0,0,0,"raw/32_search_term_view_90d.json (2798 rows, uncapped)"
23614843633,Search-bodycare,195291098322,Ad group 1,pastry anti pigment hand cream,NONE,glycolic acid body lotion,BROAD,BROAD,1,0,0.0,0,0,0,"raw/32_search_term_view_90d.json (2798 rows, uncapped)"
23614843633,Search-bodycare,195291098322,Ad group 1,pastry cosmetics,NONE,glycolic acid body lotion,BROAD,BROAD,1,0,0.0,0,0,0,"raw/32_search_term_view_90d.json (2798 rows, uncapped)"
23614843633,Search-bodycare,195291098322,Ad group 1,body lotion with niacinamide,ADDED,body lotion with niacinamide,PHRASE,EXACT,3,0,0.0,0,0,0,"raw/32_search_term_view_90d.json (2798 rows, uncapped)"
23614843633,Search-bodycare,195291098322,Ad group 1,niacinamide body lotion,ADDED,niacinamide body lotion,PHRASE,EXACT,34,0,0.0,0,0,0,"raw/32_search_term_view_90d.json (2798 rows, uncapped)"
23614843633,Search-bodycare,195291098322,Ad group 1,brightening body lotion,ADDED,brightening body lotion,PHRASE,EXACT,5,0,0.0,0,0,0,"raw/32_search_term_view_90d.json (2798 rows, uncapped)"
23660059123,Pastry_Brand_Search,195867018204,Ad group 1,pantry skin care,NONE,pastry skin,EXACT,NEAR_EXACT,1,0,0.0,0,0,0,"raw/32_search_term_view_90d.json (2798 rows, uncapped)"
23660059123,Pastry_Brand_Search,195867018204,Ad group 1,pastry skincare shop,NONE,pastry skin,EXACT,NEAR_EXACT,1,0,0.0,0,0,0,"raw/32_search_term_view_90d.json (2798 rows, uncapped)"
23660059123,Pastry_Brand_Search,195867018204,Ad group 1,pastry hand cream near me,NONE,pastry hand cream,EXACT,NEAR_EXACT,1,0,0.0,0,0,0,"raw/32_search_term_view_90d.json (2798 rows, uncapped)"
23660059123,Pastry_Brand_Search,195867018204,Ad group 1,pastry skincare mall of africa,ADDED,pastry skin care,BROAD,PHRASE,1,0,0.0,0,0,0,"raw/32_search_term_view_90d.json (2798 rows, uncapped)"
23660059123,Pastry_Brand_Search,195867018204,Ad group 1,pastry skincare sandton city,NONE,pastry skin care,BROAD,PHRASE,1,0,0.0,0,0,0,"raw/32_search_term_view_90d.json (2798 rows, uncapped)"
23660059123,Pastry_Brand_Search,195867018204,Ad group 1,pastry skincare shop near me,NONE,pastry skin care,BROAD,PHRASE,1,0,0.0,0,0,0,"raw/32_search_term_view_90d.json (2798 rows, uncapped)"
23660059123,Pastry_Brand_Search,195867018204,Ad group 1,africology,NONE,pastry skin care,BROAD,BROAD,1,0,0.0,0,0,0,"raw/32_search_term_view_90d.json (2798 rows, uncapped)"
23660059123,Pastry_Brand_Search,195867018204,Ad group 1,arc store south africa,NONE,pastry skin care,BROAD,BROAD,1,0,0.0,0,0,0,"raw/32_search_term_view_90d.json (2798 rows, uncapped)"
23660059123,Pastry_Brand_Search,195867018204,Ad group 1,beauty in tapp,NONE,pastry skin care,BROAD,BROAD,1,0,0.0,0,0,0,"raw/32_search_term_view_90d.json (2798 rows, uncapped)"
23660059123,Pastry_Brand_Search,195867018204,Ad group 1,beauty product supplier,NONE,pastry skin care,BROAD,BROAD,1,0,0.0,0,0,0,"raw/32_search_term_view_90d.json (2798 rows, uncapped)"
23660059123,Pastry_Brand_Search,195867018204,Ad group 1,beauty products,NONE,pastry skin care,BROAD,BROAD,1,0,0.0,0,0,0,"raw/32_search_term_view_90d.json (2798 rows, uncapped)"
23660059123,Pastry_Brand_Search,195867018204,Ad group 1,beautyon tapp,NONE,pastry skin care,BROAD,BROAD,2,0,0.0,0,0,0,"raw/32_search_term_view_90d.json (2798 rows, uncapped)"
23660059123,Pastry_Brand_Search,195867018204,Ad group 1,best body butter,NONE,pastry skin care,BROAD,BROAD,1,0,0.0,0,0,0,"raw/32_search_term_view_90d.json (2798 rows, uncapped)"
23660059123,Pastry_Brand_Search,195867018204,Ad group 1,body butters,NONE,pastry skin care,BROAD,BROAD,2,0,0.0,0,0,0,"raw/32_search_term_view_90d.json (2798 rows, uncapped)"
23660059123,Pastry_Brand_Search,195867018204,Ad group 1,body cream,NONE,pastry skin care,BROAD,BROAD,1,0,0.0,0,0,0,"raw/32_search_term_view_90d.json (2798 rows, uncapped)"
23660059123,Pastry_Brand_Search,195867018204,Ad group 1,body exfoliant,NONE,pastry skin care,BROAD,BROAD,1,0,0.0,0,0,0,"raw/32_search_term_view_90d.json (2798 rows, uncapped)"
23660059123,Pastry_Brand_Search,195867018204,Ad group 1,body exfoliator,NONE,pastry skin care,BROAD,BROAD,1,0,0.0,0,0,0,"raw/32_search_term_view_90d.json (2798 rows, uncapped)"
23660059123,Pastry_Brand_Search,195867018204,Ad group 1,body lotion,NONE,pastry skin care,BROAD,BROAD,1,0,0.0,0,0,0,"raw/32_search_term_view_90d.json (2798 rows, uncapped)"
23660059123,Pastry_Brand_Search,195867018204,Ad group 1,body lush,NONE,pastry skin care,BROAD,BROAD,1,0,0.0,0,0,0,"raw/32_search_term_view_90d.json (2798 rows, uncapped)"
23660059123,Pastry_Brand_Search,195867018204,Ad group 1,body oil,NONE,pastry skin care,BROAD,BROAD,1,0,0.0,0,0,0,"raw/32_search_term_view_90d.json (2798 rows, uncapped)"
23660059123,Pastry_Brand_Search,195867018204,Ad group 1,body on tapp mall of africa,NONE,pastry skin care,BROAD,BROAD,2,0,0.0,0,0,0,"raw/32_search_term_view_90d.json (2798 rows, uncapped)"
23660059123,Pastry_Brand_Search,195867018204,Ad group 1,body scrub base,NONE,pastry skin care,BROAD,BROAD,1,0,0.0,0,0,0,"raw/32_search_term_view_90d.json (2798 rows, uncapped)"
23660059123,Pastry_Brand_Search,195867018204,Ad group 1,body serums,NONE,pastry skin care,BROAD,BROAD,1,0,0.0,0,0,0,"raw/32_search_term_view_90d.json (2798 rows, uncapped)"
23660059123,Pastry_Brand_Search,195867018204,Ad group 1,body shop cape town,NONE,pastry skin care,BROAD,BROAD,1,0,0.0,0,0,0,"raw/32_search_term_view_90d.json (2798 rows, uncapped)"
23660059123,Pastry_Brand_Search,195867018204,Ad group 1,body skincare,NONE,pastry skin care,BROAD,BROAD,1,0,0.0,0,0,0,"raw/32_search_term_view_90d.json (2798 rows, uncapped)"
23660059123,Pastry_Brand_Search,195867018204,Ad group 1,body souffle,NONE,pastry skin care,BROAD,BROAD,1,0,0.0,0,0,0,"raw/32_search_term_view_90d.json (2798 rows, uncapped)"
23660059123,Pastry_Brand_Search,195867018204,Ad group 1,body toner,NONE,pastry skin care,BROAD,BROAD,1,0,0.0,0,0,0,"raw/32_search_term_view_90d.json (2798 rows, uncapped)"
23660059123,Pastry_Brand_Search,195867018204,Ad group 1,body toners,NONE,pastry skin care,BROAD,BROAD,1,0,0.0,0,0,0,"raw/32_search_term_view_90d.json (2798 rows, uncapped)"
23660059123,Pastry_Brand_Search,195867018204,Ad group 1,brightening body wash,NONE,pastry skin care,BROAD,BROAD,1,0,0.0,0,0,0,"raw/32_search_term_view_90d.json (2798 rows, uncapped)"
23660059123,Pastry_Brand_Search,195867018204,Ad group 1,brightening underarm cream,NONE,pastry skin care,BROAD,BROAD,1,0,0.0,0,0,0,"raw/32_search_term_view_90d.json (2798 rows, uncapped)"
23660059123,Pastry_Brand_Search,195867018204,Ad group 1,cake body butter,NONE,pastry skin care,BROAD,BROAD,1,0,0.0,0,0,0,"raw/32_search_term_view_90d.json (2798 rows, uncapped)"
23660059123,Pastry_Brand_Search,195867018204,Ad group 1,caramel body scrub,NONE,pastry skin care,BROAD,BROAD,1,0,0.0,0,0,0,"raw/32_search_term_view_90d.json (2798 rows, uncapped)"
23660059123,Pastry_Brand_Search,195867018204,Ad group 1,clrs products,NONE,pastry skin care,BROAD,BROAD,2,0,0.0,0,0,0,"raw/32_search_term_view_90d.json (2798 rows, uncapped)"
23660059123,Pastry_Brand_Search,195867018204,Ad group 1,combination skin cleanser,NONE,pastry skin care,BROAD,BROAD,1,0,0.0,0,0,0,"raw/32_search_term_view_90d.json (2798 rows, uncapped)"
23660059123,Pastry_Brand_Search,195867018204,Ad group 1,cosmetic companies in cape town,NONE,pastry skin care,BROAD,BROAD,1,0,0.0,0,0,0,"raw/32_search_term_view_90d.json (2798 rows, uncapped)"
23660059123,Pastry_Brand_Search,195867018204,Ad group 1,easy glow body lotion,NONE,pastry skin care,BROAD,BROAD,1,0,0.0,0,0,0,"raw/32_search_term_view_90d.json (2798 rows, uncapped)"
23660059123,Pastry_Brand_Search,195867018204,Ad group 1,exfoliating body wash,NONE,pastry skin care,BROAD,BROAD,1,0,0.0,0,0,0,"raw/32_search_term_view_90d.json (2798 rows, uncapped)"
23660059123,Pastry_Brand_Search,195867018204,Ad group 1,exfoliating scrub,NONE,pastry skin care,BROAD,BROAD,1,0,0.0,0,0,0,"raw/32_search_term_view_90d.json (2798 rows, uncapped)"
23660059123,Pastry_Brand_Search,195867018204,Ad group 1,eye cream,NONE,pastry skin care,BROAD,BROAD,1,0,0.0,0,0,0,"raw/32_search_term_view_90d.json (2798 rows, uncapped)"
23660059123,Pastry_Brand_Search,195867018204,Ad group 1,eye patches,NONE,pastry skin care,BROAD,BROAD,2,0,0.0,0,0,0,"raw/32_search_term_view_90d.json (2798 rows, uncapped)"
23660059123,Pastry_Brand_Search,195867018204,Ad group 1,eye serum,NONE,pastry skin care,BROAD,BROAD,1,0,0.0,0,0,0,"raw/32_search_term_view_90d.json (2798 rows, uncapped)"
23660059123,Pastry_Brand_Search,195867018204,Ad group 1,glow glaze serum,NONE,pastry skin care,BROAD,BROAD,1,0,0.0,0,0,0,"raw/32_search_term_view_90d.json (2798 rows, uncapped)"
23660059123,Pastry_Brand_Search,195867018204,Ad group 1,glycolic acid,NONE,pastry skin care,BROAD,BROAD,1,0,0.0,0,0,0,"raw/32_search_term_view_90d.json (2798 rows, uncapped)"
23660059123,Pastry_Brand_Search,195867018204,Ad group 1,glycolic acid body wash,NONE,pastry skin care,BROAD,BROAD,8,0,0.0,0,0,0,"raw/32_search_term_view_90d.json (2798 rows, uncapped)"
23660059123,Pastry_Brand_Search,195867018204,Ad group 1,golden vanilla body butter,NONE,pastry skin care,BROAD,BROAD,1,0,0.0,0,0,0,"raw/32_search_term_view_90d.json (2798 rows, uncapped)"
23660059123,Pastry_Brand_Search,195867018204,Ad group 1,good quality lip balm,NONE,pastry skin care,BROAD,BROAD,1,0,0.0,0,0,0,"raw/32_search_term_view_90d.json (2798 rows, uncapped)"
23660059123,Pastry_Brand_Search,195867018204,Ad group 1,hyaluronic acid shower gel,NONE,pastry skin care,BROAD,BROAD,1,0,0.0,0,0,0,"raw/32_search_term_view_90d.json (2798 rows, uncapped)"
23660059123,Pastry_Brand_Search,195867018204,Ad group 1,hypoallergenic body wash,NONE,pastry skin care,BROAD,BROAD,1,0,0.0,0,0,0,"raw/32_search_term_view_90d.json (2798 rows, uncapped)"
23660059123,Pastry_Brand_Search,195867018204,Ad group 1,iq sunscreen,NONE,pastry skin care,BROAD,BROAD,1,0,0.0,0,0,0,"raw/32_search_term_view_90d.json (2798 rows, uncapped)"
23660059123,Pastry_Brand_Search,195867018204,Ad group 1,josie maran body butter,NONE,pastry skin care,BROAD,BROAD,1,0,0.0,0,0,0,"raw/32_search_term_view_90d.json (2798 rows, uncapped)"
23660059123,Pastry_Brand_Search,195867018204,Ad group 1,kojic acid body wash,NONE,pastry skin care,BROAD,BROAD,1,0,0.0,0,0,0,"raw/32_search_term_view_90d.json (2798 rows, uncapped)"
23660059123,Pastry_Brand_Search,195867018204,Ad group 1,korea skincare,NONE,pastry skin care,BROAD,BROAD,1,0,0.0,0,0,0,"raw/32_search_term_view_90d.json (2798 rows, uncapped)"
23660059123,Pastry_Brand_Search,195867018204,Ad group 1,korean beauty products in south africa,NONE,pastry skin care,BROAD,BROAD,1,0,0.0,0,0,0,"raw/32_search_term_view_90d.json (2798 rows, uncapped)"
23660059123,Pastry_Brand_Search,195867018204,Ad group 1,korean makeup store near me,NONE,pastry skin care,BROAD,BROAD,2,0,0.0,0,0,0,"raw/32_search_term_view_90d.json (2798 rows, uncapped)"
23660059123,Pastry_Brand_Search,195867018204,Ad group 1,korean skin care,NONE,pastry skin care,BROAD,BROAD,1,0,0.0,0,0,0,"raw/32_search_term_view_90d.json (2798 rows, uncapped)"
23660059123,Pastry_Brand_Search,195867018204,Ad group 1,korean skin care shop,NONE,pastry skin care,BROAD,BROAD,1,0,0.0,0,0,0,"raw/32_search_term_view_90d.json (2798 rows, uncapped)"
23660059123,Pastry_Brand_Search,195867018204,Ad group 1,korean skin care south africa,NONE,pastry skin care,BROAD,BROAD,1,0,0.0,0,0,0,"raw/32_search_term_view_90d.json (2798 rows, uncapped)"
23660059123,Pastry_Brand_Search,195867018204,Ad group 1,korean skincare canal walk,NONE,pastry skin care,BROAD,BROAD,1,0,0.0,0,0,0,"raw/32_search_term_view_90d.json (2798 rows, uncapped)"
23660059123,Pastry_Brand_Search,195867018204,Ad group 1,korean skincare cape town,NONE,pastry skin care,BROAD,BROAD,2,0,0.0,0,0,0,"raw/32_search_term_view_90d.json (2798 rows, uncapped)"
23660059123,Pastry_Brand_Search,195867018204,Ad group 1,korean skincare near me,NONE,pastry skin care,BROAD,BROAD,1,0,0.0,0,0,0,"raw/32_search_term_view_90d.json (2798 rows, uncapped)"
23660059123,Pastry_Brand_Search,195867018204,Ad group 1,korean skincare store near me,NONE,pastry skin care,BROAD,BROAD,1,0,0.0,0,0,0,"raw/32_search_term_view_90d.json (2798 rows, uncapped)"
23660059123,Pastry_Brand_Search,195867018204,Ad group 1,lamelle products cape town,NONE,pastry skin care,BROAD,BROAD,1,0,0.0,0,0,0,"raw/32_search_term_view_90d.json (2798 rows, uncapped)"
23660059123,Pastry_Brand_Search,195867018204,Ad group 1,lip spf,NONE,pastry skin care,BROAD,BROAD,1,0,0.0,0,0,0,"raw/32_search_term_view_90d.json (2798 rows, uncapped)"
23660059123,Pastry_Brand_Search,195867018204,Ad group 1,lip treatments,NONE,pastry skin care,BROAD,BROAD,1,0,0.0,0,0,0,"raw/32_search_term_view_90d.json (2798 rows, uncapped)"
23660059123,Pastry_Brand_Search,195867018204,Ad group 1,luxury hand cream near me,NONE,pastry skin care,BROAD,BROAD,1,0,0.0,0,0,0,"raw/32_search_term_view_90d.json (2798 rows, uncapped)"
23660059123,Pastry_Brand_Search,195867018204,Ad group 1,maake shower scrub price,NONE,pastry skin care,BROAD,BROAD,2,0,0.0,0,0,0,"raw/32_search_term_view_90d.json (2798 rows, uncapped)"
23660059123,Pastry_Brand_Search,195867018204,Ad group 1,mandelic acid,NONE,pastry skin care,BROAD,BROAD,1,0,0.0,0,0,0,"raw/32_search_term_view_90d.json (2798 rows, uncapped)"
23660059123,Pastry_Brand_Search,195867018204,Ad group 1,mandelic acid body wash,NONE,pastry skin care,BROAD,BROAD,1,0,0.0,0,0,0,"raw/32_search_term_view_90d.json (2798 rows, uncapped)"
23660059123,Pastry_Brand_Search,195867018204,Ad group 1,medicube body wash,NONE,pastry skin care,BROAD,BROAD,1,0,0.0,0,0,0,"raw/32_search_term_view_90d.json (2798 rows, uncapped)"
23660059123,Pastry_Brand_Search,195867018204,Ad group 1,medicube kojic acid body wash,NONE,pastry skin care,BROAD,BROAD,1,0,0.0,0,0,0,"raw/32_search_term_view_90d.json (2798 rows, uncapped)"
23660059123,Pastry_Brand_Search,195867018204,Ad group 1,milky body toner,NONE,pastry skin care,BROAD,BROAD,1,0,0.0,0,0,0,"raw/32_search_term_view_90d.json (2798 rows, uncapped)"
23660059123,Pastry_Brand_Search,195867018204,Ad group 1,milton brown body wash,NONE,pastry skin care,BROAD,BROAD,1,0,0.0,0,0,0,"raw/32_search_term_view_90d.json (2798 rows, uncapped)"
23660059123,Pastry_Brand_Search,195867018204,Ad group 1,moisturiser bar,NONE,pastry skin care,BROAD,BROAD,1,0,0.0,0,0,0,"raw/32_search_term_view_90d.json (2798 rows, uncapped)"
23660059123,Pastry_Brand_Search,195867018204,Ad group 1,moisturising hand cream,NONE,pastry skin care,BROAD,BROAD,1,0,0.0,0,0,0,"raw/32_search_term_view_90d.json (2798 rows, uncapped)"
23660059123,Pastry_Brand_Search,195867018204,Ad group 1,mombod,NONE,pastry skin care,BROAD,BROAD,2,0,0.0,0,0,0,"raw/32_search_term_view_90d.json (2798 rows, uncapped)"
23660059123,Pastry_Brand_Search,195867018204,Ad group 1,niacinamide lotion,NONE,pastry skin care,BROAD,BROAD,1,0,0.0,0,0,0,"raw/32_search_term_view_90d.json (2798 rows, uncapped)"
23660059123,Pastry_Brand_Search,195867018204,Ad group 1,palmers body wash,NONE,pastry skin care,BROAD,BROAD,2,0,0.0,0,0,0,"raw/32_search_term_view_90d.json (2798 rows, uncapped)"
23660059123,Pastry_Brand_Search,195867018204,Ad group 1,pantry sunscreen,NONE,pastry skin care,BROAD,BROAD,1,0,0.0,0,0,0,"raw/32_search_term_view_90d.json (2798 rows, uncapped)"
23660059123,Pastry_Brand_Search,195867018204,Ad group 1,pastry,NONE,pastry skin care,BROAD,BROAD,1,0,0.0,0,0,0,"raw/32_search_term_view_90d.json (2798 rows, uncapped)"
23660059123,Pastry_Brand_Search,195867018204,Ad group 1,pastry menlyn,NONE,pastry skin care,BROAD,BROAD,1,0,0.0,0,0,0,"raw/32_search_term_view_90d.json (2798 rows, uncapped)"
23660059123,Pastry_Brand_Search,195867018204,Ad group 1,pastry shop,NONE,pastry skin care,BROAD,BROAD,1,0,0.0,0,0,0,"raw/32_search_term_view_90d.json (2798 rows, uncapped)"
23660059123,Pastry_Brand_Search,195867018204,Ad group 1,pats skin care,NONE,pastry skin care,BROAD,BROAD,1,0,0.0,0,0,0,"raw/32_search_term_view_90d.json (2798 rows, uncapped)"
23660059123,Pastry_Brand_Search,195867018204,Ad group 1,pdrn body lotion,NONE,pastry skin care,BROAD,BROAD,1,0,0.0,0,0,0,"raw/32_search_term_view_90d.json (2798 rows, uncapped)"
23660059123,Pastry_Brand_Search,195867018204,Ad group 1,pstry,NONE,pastry skin care,BROAD,BROAD,1,0,0.0,0,0,0,"raw/32_search_term_view_90d.json (2798 rows, uncapped)"
23660059123,Pastry_Brand_Search,195867018204,Ad group 1,rice and shine mist,NONE,pastry skin care,BROAD,BROAD,3,0,0.0,0,0,0,"raw/32_search_term_view_90d.json (2798 rows, uncapped)"
23660059123,Pastry_Brand_Search,195867018204,Ad group 1,salicylic acid body wash,NONE,pastry skin care,BROAD,BROAD,1,0,0.0,0,0,0,"raw/32_search_term_view_90d.json (2798 rows, uncapped)"
23660059123,Pastry_Brand_Search,195867018204,Ad group 1,salicylic acid serum,NONE,pastry skin care,BROAD,BROAD,1,0,0.0,0,0,0,"raw/32_search_term_view_90d.json (2798 rows, uncapped)"
23660059123,Pastry_Brand_Search,195867018204,Ad group 1,salted caramel lotion,NONE,pastry skin care,BROAD,BROAD,1,0,0.0,0,0,0,"raw/32_search_term_view_90d.json (2798 rows, uncapped)"
23660059123,Pastry_Brand_Search,195867018204,Ad group 1,secreting co za,NONE,pastry skin care,BROAD,BROAD,1,0,0.0,0,0,0,"raw/32_search_term_view_90d.json (2798 rows, uncapped)"
23660059123,Pastry_Brand_Search,195867018204,Ad group 1,silki canal walk,NONE,pastry skin care,BROAD,BROAD,1,0,0.0,0,0,0,"raw/32_search_term_view_90d.json (2798 rows, uncapped)"
23660059123,Pastry_Brand_Search,195867018204,Ad group 1,skin care products cape town,NONE,pastry skin care,BROAD,BROAD,1,0,0.0,0,0,0,"raw/32_search_term_view_90d.json (2798 rows, uncapped)"
23660059123,Pastry_Brand_Search,195867018204,Ad group 1,skin functional gentle gel cleanser,NONE,pastry skin care,BROAD,BROAD,1,0,0.0,0,0,0,"raw/32_search_term_view_90d.json (2798 rows, uncapped)"
23660059123,Pastry_Brand_Search,195867018204,Ad group 1,skin on tap,NONE,pastry skin care,BROAD,BROAD,1,0,0.0,0,0,0,"raw/32_search_term_view_90d.json (2798 rows, uncapped)"
23660059123,Pastry_Brand_Search,195867018204,Ad group 1,skincare collection,NONE,pastry skin care,BROAD,BROAD,1,0,0.0,0,0,0,"raw/32_search_term_view_90d.json (2798 rows, uncapped)"
23660059123,Pastry_Brand_Search,195867018204,Ad group 1,skins,NONE,pastry skin care,BROAD,BROAD,1,0,0.0,0,0,0,"raw/32_search_term_view_90d.json (2798 rows, uncapped)"
23660059123,Pastry_Brand_Search,195867018204,Ad group 1,skins body oil,NONE,pastry skin care,BROAD,BROAD,1,0,0.0,0,0,0,"raw/32_search_term_view_90d.json (2798 rows, uncapped)"
23660059123,Pastry_Brand_Search,195867018204,Ad group 1,sol de janeiro,NONE,pastry skin care,BROAD,BROAD,1,0,0.0,0,0,0,"raw/32_search_term_view_90d.json (2798 rows, uncapped)"
23660059123,Pastry_Brand_Search,195867018204,Ad group 1,standard beauty,NONE,pastry skin care,BROAD,BROAD,1,0,0.0,0,0,0,"raw/32_search_term_view_90d.json (2798 rows, uncapped)"
23660059123,Pastry_Brand_Search,195867018204,Ad group 1,standard beauty co za,NONE,pastry skin care,BROAD,BROAD,1,0,0.0,0,0,0,"raw/32_search_term_view_90d.json (2798 rows, uncapped)"
23660059123,Pastry_Brand_Search,195867018204,Ad group 1,standard beauty near me,NONE,pastry skin care,BROAD,BROAD,1,0,0.0,0,0,0,"raw/32_search_term_view_90d.json (2798 rows, uncapped)"
23660059123,Pastry_Brand_Search,195867018204,Ad group 1,standard beauty skincare,NONE,pastry skin care,BROAD,BROAD,1,0,0.0,0,0,0,"raw/32_search_term_view_90d.json (2798 rows, uncapped)"
23660059123,Pastry_Brand_Search,195867018204,Ad group 1,sundae face wash,NONE,pastry skin care,BROAD,BROAD,1,0,0.0,0,0,0,"raw/32_search_term_view_90d.json (2798 rows, uncapped)"
23660059123,Pastry_Brand_Search,195867018204,Ad group 1,sunscreen,NONE,pastry skin care,BROAD,BROAD,1,0,0.0,0,0,0,"raw/32_search_term_view_90d.json (2798 rows, uncapped)"
23660059123,Pastry_Brand_Search,195867018204,Ad group 1,the body shop cape town,NONE,pastry skin care,BROAD,BROAD,1,0,0.0,0,0,0,"raw/32_search_term_view_90d.json (2798 rows, uncapped)"
23660059123,Pastry_Brand_Search,195867018204,Ad group 1,the ordinary body wash,NONE,pastry skin care,BROAD,BROAD,1,0,0.0,0,0,0,"raw/32_search_term_view_90d.json (2798 rows, uncapped)"
23660059123,Pastry_Brand_Search,195867018204,Ad group 1,the ordinary south africa,NONE,pastry skin care,BROAD,BROAD,1,0,0.0,0,0,0,"raw/32_search_term_view_90d.json (2798 rows, uncapped)"
23660059123,Pastry_Brand_Search,195867018204,Ad group 1,tinted sunscreen,NONE,pastry skin care,BROAD,BROAD,1,0,0.0,0,0,0,"raw/32_search_term_view_90d.json (2798 rows, uncapped)"
23660059123,Pastry_Brand_Search,195867018204,Ad group 1,tissue oil,NONE,pastry skin care,BROAD,BROAD,2,0,0.0,0,0,0,"raw/32_search_term_view_90d.json (2798 rows, uncapped)"
23660059123,Pastry_Brand_Search,195867018204,Ad group 1,tissue oil spray,NONE,pastry skin care,BROAD,BROAD,1,0,0.0,0,0,0,"raw/32_search_term_view_90d.json (2798 rows, uncapped)"
23660059123,Pastry_Brand_Search,195867018204,Ad group 1,vitamin c body wash,NONE,pastry skin care,BROAD,BROAD,1,0,0.0,0,0,0,"raw/32_search_term_view_90d.json (2798 rows, uncapped)"
23660059123,Pastry_Brand_Search,195867018204,Ad group 1,what helps with stretch marks,NONE,pastry skin care,BROAD,BROAD,1,0,0.0,0,0,0,"raw/32_search_term_view_90d.json (2798 rows, uncapped)"
23660059123,Pastry_Brand_Search,195867018204,Ad group 1,pastry anti pigment hand cream,NONE,pastry skin care,BROAD,NEAR_PHRASE,2,0,0.0,0,0,0,"raw/32_search_term_view_90d.json (2798 rows, uncapped)"
23660059123,Pastry_Brand_Search,195867018204,Ad group 1,pastry anti pigmentation roll on,NONE,pastry skin care,BROAD,NEAR_PHRASE,1,0,0.0,0,0,0,"raw/32_search_term_view_90d.json (2798 rows, uncapped)"
23660059123,Pastry_Brand_Search,195867018204,Ad group 1,pastry bha body gel,NONE,pastry skin care,BROAD,NEAR_PHRASE,2,0,0.0,0,0,0,"raw/32_search_term_view_90d.json (2798 rows, uncapped)"
23660059123,Pastry_Brand_Search,195867018204,Ad group 1,pastry bha gel,NONE,pastry skin care,BROAD,NEAR_PHRASE,3,0,0.0,0,0,0,"raw/32_search_term_view_90d.json (2798 rows, uncapped)"
23660059123,Pastry_Brand_Search,195867018204,Ad group 1,pastry clicks,NONE,pastry skin care,BROAD,NEAR_PHRASE,4,0,0.0,0,0,0,"raw/32_search_term_view_90d.json (2798 rows, uncapped)"
23660059123,Pastry_Brand_Search,195867018204,Ad group 1,pastry deodorant roll on,NONE,pastry skin care,BROAD,NEAR_PHRASE,1,0,0.0,0,0,0,"raw/32_search_term_view_90d.json (2798 rows, uncapped)"
23660059123,Pastry_Brand_Search,195867018204,Ad group 1,pastry face mask,ADDED,pastry skin care,BROAD,NEAR_PHRASE,1,0,0.0,0,0,0,"raw/32_search_term_view_90d.json (2798 rows, uncapped)"
23660059123,Pastry_Brand_Search,195867018204,Ad group 1,pastry niacinamide,NONE,pastry skin care,BROAD,NEAR_PHRASE,9,0,0.0,0,0,0,"raw/32_search_term_view_90d.json (2798 rows, uncapped)"
23660059123,Pastry_Brand_Search,195867018204,Ad group 1,pastry rosebank,NONE,pastry skin care,BROAD,NEAR_PHRASE,1,0,0.0,0,0,0,"raw/32_search_term_view_90d.json (2798 rows, uncapped)"
23660059123,Pastry_Brand_Search,195867018204,Ad group 1,pastry skin products,NONE,pastry skin care,BROAD,NEAR_PHRASE,2,0,0.0,0,0,0,"raw/32_search_term_view_90d.json (2798 rows, uncapped)"
23660059123,Pastry_Brand_Search,195867018204,Ad group 1,pastry underarm,NONE,pastry skin care,BROAD,NEAR_PHRASE,3,0,0.0,0,0,0,"raw/32_search_term_view_90d.json (2798 rows, uncapped)"
23660059123,Pastry_Brand_Search,195867018204,Ad group 1,skin pastry,NONE,pastry skin care,BROAD,NEAR_PHRASE,1,0,0.0,0,0,0,"raw/32_search_term_view_90d.json (2798 rows, uncapped)"
23660059123,Pastry_Brand_Search,195867018204,Ad group 1,pastry beauty,NONE,pastry skin care,EXACT,NEAR_EXACT,1,0,0.0,0,0,0,"raw/32_search_term_view_90d.json (2798 rows, uncapped)"
23660059123,Pastry_Brand_Search,195867018204,Ad group 1,pastry skin care products,NONE,pastry skin care,EXACT,NEAR_EXACT,4,0,0.0,0,0,0,"raw/32_search_term_view_90d.json (2798 rows, uncapped)"
23660059123,Pastry_Brand_Search,195867018204,Ad group 1,pastry skincare stores,NONE,pastry skincare,EXACT,NEAR_EXACT,8,0,0.0,0,0,0,"raw/32_search_term_view_90d.json (2798 rows, uncapped)"
23660059123,Pastry_Brand_Search,195867018204,Ad group 1,pastry pigmentation serum,NONE,pastry serum,EXACT,NEAR_EXACT,5,0,0.0,0,0,0,"raw/32_search_term_view_90d.json (2798 rows, uncapped)"
23660059123,Pastry_Brand_Search,195867018204,Ad group 1,pastry skincare anti pigmentation deodorant,NONE,pastry skincare,BROAD,PHRASE,5,0,0.0,0,0,0,"raw/32_search_term_view_90d.json (2798 rows, uncapped)"
23660059123,Pastry_Brand_Search,195867018204,Ad group 1,pastry skincare dischem price list,NONE,pastry skincare,BROAD,PHRASE,1,0,0.0,0,0,0,"raw/32_search_term_view_90d.json (2798 rows, uncapped)"
23660059123,Pastry_Brand_Search,195867018204,Ad group 1,pastry skincare hand cream,NONE,pastry skincare,BROAD,PHRASE,2,0,0.0,0,0,0,"raw/32_search_term_view_90d.json (2798 rows, uncapped)"
23660059123,Pastry_Brand_Search,195867018204,Ad group 1,pastry skincare hyaluronic acid body lotion,NONE,pastry skincare,BROAD,PHRASE,7,0,0.0,0,0,0,"raw/32_search_term_view_90d.json (2798 rows, uncapped)"
23660059123,Pastry_Brand_Search,195867018204,Ad group 1,pastry skincare mall of africa,ADDED,pastry skincare,BROAD,PHRASE,1,0,0.0,0,0,0,"raw/32_search_term_view_90d.json (2798 rows, uncapped)"
23660059123,Pastry_Brand_Search,195867018204,Ad group 1,pastry skincare owner,NONE,pastry skincare,BROAD,PHRASE,3,0,0.0,0,0,0,"raw/32_search_term_view_90d.json (2798 rows, uncapped)"
23660059123,Pastry_Brand_Search,195867018204,Ad group 1,pastry skincare reviews south africa,NONE,pastry skincare,BROAD,PHRASE,1,0,0.0,0,0,0,"raw/32_search_term_view_90d.json (2798 rows, uncapped)"
23660059123,Pastry_Brand_Search,195867018204,Ad group 1,pastry skincare rosebank,NONE,pastry skincare,BROAD,PHRASE,2,0,0.0,0,0,0,"raw/32_search_term_view_90d.json (2798 rows, uncapped)"
23660059123,Pastry_Brand_Search,195867018204,Ad group 1,pastry skincare salicylic acid body wash,NONE,pastry skincare,BROAD,PHRASE,4,0,0.0,0,0,0,"raw/32_search_term_view_90d.json (2798 rows, uncapped)"
23660059123,Pastry_Brand_Search,195867018204,Ad group 1,pastry skincare sandton city,NONE,pastry skincare,BROAD,PHRASE,1,0,0.0,0,0,0,"raw/32_search_term_view_90d.json (2798 rows, uncapped)"
23660059123,Pastry_Brand_Search,195867018204,Ad group 1,pastry skincare shop,NONE,pastry skincare,BROAD,PHRASE,1,0,0.0,0,0,0,"raw/32_search_term_view_90d.json (2798 rows, uncapped)"
23660059123,Pastry_Brand_Search,195867018204,Ad group 1,pastry skincare store near me,NONE,pastry skincare,BROAD,PHRASE,3,0,0.0,0,0,0,"raw/32_search_term_view_90d.json (2798 rows, uncapped)"
23660059123,Pastry_Brand_Search,195867018204,Ad group 1,pastry skincare woolworths south africa,NONE,pastry skincare,BROAD,PHRASE,6,0,0.0,0,0,0,"raw/32_search_term_view_90d.json (2798 rows, uncapped)"
23660059123,Pastry_Brand_Search,195867018204,Ad group 1,anti pigmentation cream,NONE,pastry skincare,BROAD,BROAD,1,0,0.0,0,0,0,"raw/32_search_term_view_90d.json (2798 rows, uncapped)"
23660059123,Pastry_Brand_Search,195867018204,Ad group 1,best eye patches for dark circles,NONE,pastry skincare,BROAD,BROAD,1,0,0.0,0,0,0,"raw/32_search_term_view_90d.json (2798 rows, uncapped)"
23660059123,Pastry_Brand_Search,195867018204,Ad group 1,boba skin care,NONE,pastry skincare,BROAD,BROAD,1,0,0.0,0,0,0,"raw/32_search_term_view_90d.json (2798 rows, uncapped)"
23660059123,Pastry_Brand_Search,195867018204,Ad group 1,cleansing balm,NONE,pastry skincare,BROAD,BROAD,1,0,0.0,0,0,0,"raw/32_search_term_view_90d.json (2798 rows, uncapped)"
23660059123,Pastry_Brand_Search,195867018204,Ad group 1,evening moisturizer,NONE,pastry skincare,BROAD,BROAD,1,0,0.0,0,0,0,"raw/32_search_term_view_90d.json (2798 rows, uncapped)"
23660059123,Pastry_Brand_Search,195867018204,Ad group 1,exfoliating lip serum,NONE,pastry skincare,BROAD,BROAD,1,0,0.0,0,0,0,"raw/32_search_term_view_90d.json (2798 rows, uncapped)"
23660059123,Pastry_Brand_Search,195867018204,Ad group 1,eye patches,NONE,pastry skincare,BROAD,BROAD,4,0,0.0,0,0,0,"raw/32_search_term_view_90d.json (2798 rows, uncapped)"
23660059123,Pastry_Brand_Search,195867018204,Ad group 1,glycolic acid,NONE,pastry skincare,BROAD,BROAD,1,0,0.0,0,0,0,"raw/32_search_term_view_90d.json (2798 rows, uncapped)"
23660059123,Pastry_Brand_Search,195867018204,Ad group 1,in shower lotion,NONE,pastry skincare,BROAD,BROAD,1,0,0.0,0,0,0,"raw/32_search_term_view_90d.json (2798 rows, uncapped)"
23660059123,Pastry_Brand_Search,195867018204,Ad group 1,korean skin care south africa,NONE,pastry skincare,BROAD,BROAD,1,0,0.0,0,0,0,"raw/32_search_term_view_90d.json (2798 rows, uncapped)"
23660059123,Pastry_Brand_Search,195867018204,Ad group 1,lip mask overnight,NONE,pastry skincare,BROAD,BROAD,1,0,0.0,0,0,0,"raw/32_search_term_view_90d.json (2798 rows, uncapped)"
23660059123,Pastry_Brand_Search,195867018204,Ad group 1,lush south africa,NONE,pastry skincare,BROAD,BROAD,1,0,0.0,0,0,0,"raw/32_search_term_view_90d.json (2798 rows, uncapped)"
23660059123,Pastry_Brand_Search,195867018204,Ad group 1,makeup stores south africa,NONE,pastry skincare,BROAD,BROAD,1,0,0.0,0,0,0,"raw/32_search_term_view_90d.json (2798 rows, uncapped)"
23660059123,Pastry_Brand_Search,195867018204,Ad group 1,milky toner,NONE,pastry skincare,BROAD,BROAD,1,0,0.0,0,0,0,"raw/32_search_term_view_90d.json (2798 rows, uncapped)"
23660059123,Pastry_Brand_Search,195867018204,Ad group 1,naturium body wash,NONE,pastry skincare,BROAD,BROAD,1,0,0.0,0,0,0,"raw/32_search_term_view_90d.json (2798 rows, uncapped)"
23660059123,Pastry_Brand_Search,195867018204,Ad group 1,necessaire deodorant,NONE,pastry skincare,BROAD,BROAD,1,0,0.0,0,0,0,"raw/32_search_term_view_90d.json (2798 rows, uncapped)"
23660059123,Pastry_Brand_Search,195867018204,Ad group 1,overnight hydrating lip mask,NONE,pastry skincare,BROAD,BROAD,1,0,0.0,0,0,0,"raw/32_search_term_view_90d.json (2798 rows, uncapped)"
23660059123,Pastry_Brand_Search,195867018204,Ad group 1,pastry,NONE,pastry skincare,BROAD,BROAD,1,0,0.0,0,0,0,"raw/32_search_term_view_90d.json (2798 rows, uncapped)"
23660059123,Pastry_Brand_Search,195867018204,Ad group 1,pastry store,NONE,pastry skincare,BROAD,BROAD,2,0,0.0,0,0,0,"raw/32_search_term_view_90d.json (2798 rows, uncapped)"
23660059123,Pastry_Brand_Search,195867018204,Ad group 1,retinol eye cream,NONE,pastry skincare,BROAD,BROAD,1,0,0.0,0,0,0,"raw/32_search_term_view_90d.json (2798 rows, uncapped)"
23660059123,Pastry_Brand_Search,195867018204,Ad group 1,salicylic acid cleanser,NONE,pastry skincare,BROAD,BROAD,1,0,0.0,0,0,0,"raw/32_search_term_view_90d.json (2798 rows, uncapped)"
23660059123,Pastry_Brand_Search,195867018204,Ad group 1,silki canal walk,NONE,pastry skincare,BROAD,BROAD,2,0,0.0,0,0,0,"raw/32_search_term_view_90d.json (2798 rows, uncapped)"
23660059123,Pastry_Brand_Search,195867018204,Ad group 1,silki skincare,NONE,pastry skincare,BROAD,BROAD,1,0,0.0,0,0,0,"raw/32_search_term_view_90d.json (2798 rows, uncapped)"
23660059123,Pastry_Brand_Search,195867018204,Ad group 1,skin on tapp,NONE,pastry skincare,BROAD,BROAD,2,0,0.0,0,0,0,"raw/32_search_term_view_90d.json (2798 rows, uncapped)"
23660059123,Pastry_Brand_Search,195867018204,Ad group 1,skin solutions umhlanga,NONE,pastry skincare,BROAD,BROAD,1,0,0.0,0,0,0,"raw/32_search_term_view_90d.json (2798 rows, uncapped)"
23660059123,Pastry_Brand_Search,195867018204,Ad group 1,skins,NONE,pastry skincare,BROAD,BROAD,1,0,0.0,0,0,0,"raw/32_search_term_view_90d.json (2798 rows, uncapped)"
23660059123,Pastry_Brand_Search,195867018204,Ad group 1,standardbeauty,NONE,pastry skincare,BROAD,BROAD,1,0,0.0,0,0,0,"raw/32_search_term_view_90d.json (2798 rows, uncapped)"
23660059123,Pastry_Brand_Search,195867018204,Ad group 1,the arc,NONE,pastry skincare,BROAD,BROAD,1,0,0.0,0,0,0,"raw/32_search_term_view_90d.json (2798 rows, uncapped)"
23660059123,Pastry_Brand_Search,195867018204,Ad group 1,the best cruelty free skincare,NONE,pastry skincare,BROAD,BROAD,1,0,0.0,0,0,0,"raw/32_search_term_view_90d.json (2798 rows, uncapped)"
23660059123,Pastry_Brand_Search,195867018204,Ad group 1,the best niacinamide serum for oily skin,NONE,pastry skincare,BROAD,BROAD,1,0,0.0,0,0,0,"raw/32_search_term_view_90d.json (2798 rows, uncapped)"
23660059123,Pastry_Brand_Search,195867018204,Ad group 1,the body shop,NONE,pastry skincare,BROAD,BROAD,1,0,0.0,0,0,0,"raw/32_search_term_view_90d.json (2798 rows, uncapped)"
23660059123,Pastry_Brand_Search,195867018204,Ad group 1,the body shop pretoria,NONE,pastry skincare,BROAD,BROAD,1,0,0.0,0,0,0,"raw/32_search_term_view_90d.json (2798 rows, uncapped)"
23660059123,Pastry_Brand_Search,195867018204,Ad group 1,under eye patches,NONE,pastry skincare,BROAD,BROAD,6,0,0.0,0,0,0,"raw/32_search_term_view_90d.json (2798 rows, uncapped)"
23660059123,Pastry_Brand_Search,195867018204,Ad group 1,pantry skincare,NONE,pastry skincare,BROAD,NEAR_EXACT,1,0,0.0,0,0,0,"raw/32_search_term_view_90d.json (2798 rows, uncapped)"
23660059123,Pastry_Brand_Search,195867018204,Ad group 1,pastry bha gel,NONE,pastry skincare,BROAD,NEAR_PHRASE,1,0,0.0,0,0,0,"raw/32_search_term_view_90d.json (2798 rows, uncapped)"
23660059123,Pastry_Brand_Search,195867018204,Ad group 1,pastry lotion price at clicks,NONE,pastry skincare,BROAD,NEAR_PHRASE,1,0,0.0,0,0,0,"raw/32_search_term_view_90d.json (2798 rows, uncapped)"
23660059123,Pastry_Brand_Search,195867018204,Ad group 1,pastry menlyn,NONE,pastry skincare,BROAD,NEAR_PHRASE,2,0,0.0,0,0,0,"raw/32_search_term_view_90d.json (2798 rows, uncapped)"
23660059123,Pastry_Brand_Search,195867018204,Ad group 1,pastry niacinamide,NONE,pastry skincare,BROAD,NEAR_PHRASE,1,0,0.0,0,0,0,"raw/32_search_term_view_90d.json (2798 rows, uncapped)"
23660059123,Pastry_Brand_Search,195867018204,Ad group 1,pastry underarm,NONE,pastry skincare,BROAD,NEAR_PHRASE,1,0,0.0,0,0,0,"raw/32_search_term_view_90d.json (2798 rows, uncapped)"
23660059123,Pastry_Brand_Search,195867018204,Ad group 1,where to buy pastry products,NONE,pastry skincare products,EXACT,NEAR_EXACT,1,0,0.0,0,0,0,"raw/32_search_term_view_90d.json (2798 rows, uncapped)"
23660059123,Pastry_Brand_Search,195867018204,Ad group 1,pastry oil,NONE,pastry body oil,EXACT,NEAR_EXACT,1,0,0.0,0,0,0,"raw/32_search_term_view_90d.json (2798 rows, uncapped)"
23660059123,Pastry_Brand_Search,195867018204,Ad group 1,pastry hand lotion,NONE,pastry lotion,PHRASE,PHRASE,1,0,0.0,0,0,0,"raw/32_search_term_view_90d.json (2798 rows, uncapped)"
23660059123,Pastry_Brand_Search,195867018204,Ad group 1,pantry body lotion,NONE,pastry lotion,PHRASE,NEAR_PHRASE,2,0,0.0,0,0,0,"raw/32_search_term_view_90d.json (2798 rows, uncapped)"
23660059123,Pastry_Brand_Search,195867018204,Ad group 1,pastry skincare sunscreen,NONE,pastry sunscreen,EXACT,NEAR_EXACT,3,0,0.0,0,0,0,"raw/32_search_term_view_90d.json (2798 rows, uncapped)"
23660059123,Pastry_Brand_Search,195867018204,Ad group 1,pastry skincare reviews before and after,NONE,pastry skincare reviews,EXACT,NEAR_EXACT,1,0,0.0,0,0,0,"raw/32_search_term_view_90d.json (2798 rows, uncapped)"
23660059123,Pastry_Brand_Search,195867018204,Ad group 1,pantry body lotion,NONE,pastry skin,PHRASE,NEAR_PHRASE,1,0,0.0,0,0,0,"raw/32_search_term_view_90d.json (2798 rows, uncapped)"
23660059123,Pastry_Brand_Search,195867018204,Ad group 1,pastry anti pigment hand cream,NONE,pastry skin,PHRASE,NEAR_PHRASE,1,0,0.0,0,0,0,"raw/32_search_term_view_90d.json (2798 rows, uncapped)"
23660059123,Pastry_Brand_Search,195867018204,Ad group 1,pastry anti pigment roll on,NONE,pastry skin,PHRASE,NEAR_PHRASE,1,0,0.0,0,0,0,"raw/32_search_term_view_90d.json (2798 rows, uncapped)"
23660059123,Pastry_Brand_Search,195867018204,Ad group 1,pastry bha body gel,NONE,pastry skin,PHRASE,NEAR_PHRASE,1,0,0.0,0,0,0,"raw/32_search_term_view_90d.json (2798 rows, uncapped)"
23660059123,Pastry_Brand_Search,195867018204,Ad group 1,pastry body mist,NONE,pastry skin,PHRASE,NEAR_PHRASE,2,0,0.0,0,0,0,"raw/32_search_term_view_90d.json (2798 rows, uncapped)"
23660059123,Pastry_Brand_Search,195867018204,Ad group 1,pastry clicks,NONE,pastry skin,PHRASE,NEAR_PHRASE,2,0,0.0,0,0,0,"raw/32_search_term_view_90d.json (2798 rows, uncapped)"
23660059123,Pastry_Brand_Search,195867018204,Ad group 1,pastry mall of africa,NONE,pastry skin,PHRASE,NEAR_PHRASE,16,0,0.0,0,0,0,"raw/32_search_term_view_90d.json (2798 rows, uncapped)"
23660059123,Pastry_Brand_Search,195867018204,Ad group 1,pastry niacinamide body lotion,NONE,pastry skin,PHRASE,NEAR_PHRASE,1,0,0.0,0,0,0,"raw/32_search_term_view_90d.json (2798 rows, uncapped)"
23660059123,Pastry_Brand_Search,195867018204,Ad group 1,pastry online shop,NONE,pastry skin,PHRASE,NEAR_PHRASE,3,0,0.0,0,0,0,"raw/32_search_term_view_90d.json (2798 rows, uncapped)"
23660059123,Pastry_Brand_Search,195867018204,Ad group 1,pastry pigmentation serum,NONE,pastry skin,PHRASE,NEAR_PHRASE,7,0,0.0,0,0,0,"raw/32_search_term_view_90d.json (2798 rows, uncapped)"
23660059123,Pastry_Brand_Search,195867018204,Ad group 1,pastry products near me,NONE,pastry skin,PHRASE,NEAR_PHRASE,1,0,0.0,0,0,0,"raw/32_search_term_view_90d.json (2798 rows, uncapped)"
23660059123,Pastry_Brand_Search,195867018204,Ad group 1,pastry sandton,NONE,pastry skin,PHRASE,NEAR_PHRASE,2,0,0.0,0,0,0,"raw/32_search_term_view_90d.json (2798 rows, uncapped)"
23660059123,Pastry_Brand_Search,195867018204,Ad group 1,pastry shower gel,NONE,pastry skin,PHRASE,NEAR_PHRASE,3,0,0.0,0,0,0,"raw/32_search_term_view_90d.json (2798 rows, uncapped)"
23660059123,Pastry_Brand_Search,195867018204,Ad group 1,where to buy pastry products,NONE,pastry skin,PHRASE,NEAR_PHRASE,5,0,0.0,0,0,0,"raw/32_search_term_view_90d.json (2798 rows, uncapped)"
23660059123,Pastry_Brand_Search,195867018204,Ad group 1,pastry anti pigment,NONE,pastry deodorant,EXACT,NEAR_EXACT,1,0,0.0,0,0,0,"raw/32_search_term_view_90d.json (2798 rows, uncapped)"
23660059123,Pastry_Brand_Search,195867018204,Ad group 1,pastry anti pigmentation deodorant,NONE,pastry deodorant,EXACT,NEAR_EXACT,9,0,0.0,0,0,0,"raw/32_search_term_view_90d.json (2798 rows, uncapped)"
23660059123,Pastry_Brand_Search,195867018204,Ad group 1,pastry skincare deodorant,NONE,pastry deodorant,EXACT,NEAR_EXACT,1,0,0.0,0,0,0,"raw/32_search_term_view_90d.json (2798 rows, uncapped)"
23660059123,Pastry_Brand_Search,195867018204,Ad group 1,pastry anti pigmentation roll on,NONE,pastry roll on,EXACT,NEAR_EXACT,1,0,0.0,0,0,0,"raw/32_search_term_view_90d.json (2798 rows, uncapped)"
23660059123,Pastry_Brand_Search,195867018204,Ad group 1,pastry deodorant roll on,NONE,pastry roll on,EXACT,NEAR_EXACT,10,0,0.0,0,0,0,"raw/32_search_term_view_90d.json (2798 rows, uncapped)"
23660059123,Pastry_Brand_Search,195867018204,Ad group 1,pastry roll on pigmentation,NONE,pastry roll on,EXACT,NEAR_EXACT,3,0,0.0,0,0,0,"raw/32_search_term_view_90d.json (2798 rows, uncapped)"
23660059123,Pastry_Brand_Search,195867018204,Ad group 1,pastry skin care roll on,NONE,pastry roll on,EXACT,NEAR_EXACT,1,0,0.0,0,0,0,"raw/32_search_term_view_90d.json (2798 rows, uncapped)"
23660059123,Pastry_Brand_Search,195867018204,Ad group 1,pastry skincare roll on,NONE,pastry roll on,EXACT,NEAR_EXACT,3,0,0.0,0,0,0,"raw/32_search_term_view_90d.json (2798 rows, uncapped)"
23660059123,Pastry_Brand_Search,195867018204,Ad group 1,pastry underarm roll on,NONE,pastry roll on,EXACT,NEAR_EXACT,8,0,0.0,0,0,0,"raw/32_search_term_view_90d.json (2798 rows, uncapped)"
23660059123,Pastry_Brand_Search,195867018204,Ad group 1,pasty roll on,NONE,pastry roll on,EXACT,NEAR_EXACT,1,0,0.0,0,0,0,"raw/32_search_term_view_90d.json (2798 rows, uncapped)"
23660059123,Pastry_Brand_Search,195867018204,Ad group 1,pastry body wash price,NONE,pastry body wash,PHRASE,PHRASE,3,0,0.0,0,0,0,"raw/32_search_term_view_90d.json (2798 rows, uncapped)"
23660059123,Pastry_Brand_Search,195867018204,Ad group 1,pastry niacinamide body wash,NONE,pastry body wash,PHRASE,PHRASE,1,0,0.0,0,0,0,"raw/32_search_term_view_90d.json (2798 rows, uncapped)"
23660059123,Pastry_Brand_Search,195867018204,Ad group 1,pastry salicylic acid body wash,NONE,pastry body wash,PHRASE,PHRASE,1,0,0.0,0,0,0,"raw/32_search_term_view_90d.json (2798 rows, uncapped)"
23660059123,Pastry_Brand_Search,195867018204,Ad group 1,pastry skincare store,NONE,where to buy pastry skincare,EXACT,NEAR_EXACT,1,0,0.0,0,0,0,"raw/32_search_term_view_90d.json (2798 rows, uncapped)"
23660059123,Pastry_Brand_Search,195867018204,Ad group 1,pastry skincare store near me,NONE,where to buy pastry skincare,EXACT,NEAR_EXACT,1,0,0.0,0,0,0,"raw/32_search_term_view_90d.json (2798 rows, uncapped)"
23660059123,Pastry_Brand_Search,195867018204,Ad group 1,where can i buy pastry skincare,NONE,where to buy pastry skincare,EXACT,NEAR_EXACT,2,0,0.0,0,0,0,"raw/32_search_term_view_90d.json (2798 rows, uncapped)"
23660059123,Pastry_Brand_Search,195867018204,Ad group 1,pastry skincare stores,NONE,pastry skincare near me,EXACT,NEAR_EXACT,2,0,0.0,0,0,0,"raw/32_search_term_view_90d.json (2798 rows, uncapped)"
23660059123,Pastry_Brand_Search,195867018204,Ad group 1,where can i buy pastry skincare,NONE,pastry skincare near me,EXACT,NEAR_EXACT,3,0,0.0,0,0,0,"raw/32_search_term_view_90d.json (2798 rows, uncapped)"
23660059123,Pastry_Brand_Search,195867018204,Ad group 1,where to buy pastry skincare near me,NONE,pastry skincare near me,EXACT,NEAR_EXACT,6,0,0.0,0,0,0,"raw/32_search_term_view_90d.json (2798 rows, uncapped)"
23660059123,Pastry_Brand_Search,195867018204,Ad group 1,pastry skincare shop,NONE,pastry skincare online,EXACT,NEAR_EXACT,1,0,0.0,0,0,0,"raw/32_search_term_view_90d.json (2798 rows, uncapped)"
23660059123,Pastry_Brand_Search,195867018204,Ad group 1,where to buy pastry skincare,ADDED,pastry skincare online,EXACT,NEAR_EXACT,1,0,0.0,0,0,0,"raw/32_search_term_view_90d.json (2798 rows, uncapped)"
23660059123,Pastry_Brand_Search,195867018204,Ad group 1,pastry skincare fourways mall,NONE,pastry skincare fourways,EXACT,NEAR_EXACT,8,0,0.0,0,0,0,"raw/32_search_term_view_90d.json (2798 rows, uncapped)"
24142894204,Pastry | Search | Product High Intent | 2026-08-14,197968132486,Product | Anti-Pigment Deodorant,anti pigmentation deodorant,ADDED,anti pigmentation deodorant,EXACT,EXACT,8,0,0.0,0,0,0,"raw/32_search_term_view_90d.json (2798 rows, uncapped)"
24142894204,Pastry | Search | Product High Intent | 2026-08-14,197968132486,Product | Anti-Pigment Deodorant,anti pigment deodorant,NONE,anti pigmentation deodorant,EXACT,NEAR_EXACT,5,0,0.0,0,0,0,"raw/32_search_term_view_90d.json (2798 rows, uncapped)"
24142894204,Pastry | Search | Product High Intent | 2026-08-14,197968132486,Product | Anti-Pigment Deodorant,best deodorant for black underarms,NONE,anti pigmentation deodorant,EXACT,NEAR_EXACT,1,0,0.0,0,0,0,"raw/32_search_term_view_90d.json (2798 rows, uncapped)"
24142894204,Pastry | Search | Product High Intent | 2026-08-14,197968132486,Product | Anti-Pigment Deodorant,brightening deodorant,NONE,anti pigmentation deodorant,EXACT,NEAR_EXACT,2,0,0.0,0,0,0,"raw/32_search_term_view_90d.json (2798 rows, uncapped)"
24142894204,Pastry | Search | Product High Intent | 2026-08-14,197968132486,Product | Anti-Pigment Deodorant,deodorant for dark armpits,NONE,anti pigmentation deodorant,EXACT,NEAR_EXACT,1,0,0.0,0,0,0,"raw/32_search_term_view_90d.json (2798 rows, uncapped)"
24142894204,Pastry | Search | Product High Intent | 2026-08-14,197968132486,Product | Anti-Pigment Deodorant,deodorant for dark spots,NONE,anti pigmentation deodorant,EXACT,NEAR_EXACT,1,0,0.0,0,0,0,"raw/32_search_term_view_90d.json (2798 rows, uncapped)"
24142894204,Pastry | Search | Product High Intent | 2026-08-14,197968132486,Product | Anti-Pigment Deodorant,deodorant to reduce dark underarms,NONE,anti pigmentation deodorant,EXACT,NEAR_EXACT,1,0,0.0,0,0,0,"raw/32_search_term_view_90d.json (2798 rows, uncapped)"
24142894204,Pastry | Search | Product High Intent | 2026-08-14,197968132486,Product | Anti-Pigment Deodorant,deodorant with brightening,NONE,anti pigmentation deodorant,EXACT,NEAR_EXACT,2,0,0.0,0,0,0,"raw/32_search_term_view_90d.json (2798 rows, uncapped)"
24142894204,Pastry | Search | Product High Intent | 2026-08-14,197968132486,Product | Anti-Pigment Deodorant,hyperpigmentation deodorant,NONE,anti pigmentation deodorant,EXACT,NEAR_EXACT,1,0,0.0,0,0,0,"raw/32_search_term_view_90d.json (2798 rows, uncapped)"
24142894204,Pastry | Search | Product High Intent | 2026-08-14,197968132486,Product | Anti-Pigment Deodorant,lightening deodorant,NONE,anti pigmentation deodorant,EXACT,NEAR_EXACT,2,0,0.0,0,0,0,"raw/32_search_term_view_90d.json (2798 rows, uncapped)"
24142894204,Pastry | Search | Product High Intent | 2026-08-14,197968132486,Product | Anti-Pigment Deodorant,pigmentation deodorant,NONE,anti pigmentation deodorant,EXACT,NEAR_EXACT,1,0,0.0,0,0,0,"raw/32_search_term_view_90d.json (2798 rows, uncapped)"
24142894204,Pastry | Search | Product High Intent | 2026-08-14,197968132486,Product | Anti-Pigment Deodorant,roll on for dark underarms,NONE,anti pigmentation deodorant,EXACT,NEAR_EXACT,2,0,0.0,0,0,0,"raw/32_search_term_view_90d.json (2798 rows, uncapped)"
24142894204,Pastry | Search | Product High Intent | 2026-08-14,197968132486,Product | Anti-Pigment Deodorant,roll on that helps with dark underarms,NONE,anti pigmentation deodorant,EXACT,NEAR_EXACT,2,0,0.0,0,0,0,"raw/32_search_term_view_90d.json (2798 rows, uncapped)"
24142894204,Pastry | Search | Product High Intent | 2026-08-14,197968132486,Product | Anti-Pigment Deodorant,skin brightening deodorant,NONE,anti pigmentation deodorant,EXACT,NEAR_EXACT,1,0,0.0,0,0,0,"raw/32_search_term_view_90d.json (2798 rows, uncapped)"
24142894204,Pastry | Search | Product High Intent | 2026-08-14,197968132486,Product | Anti-Pigment Deodorant,underarm roll for pigmentation,NONE,anti pigmentation deodorant,EXACT,NEAR_EXACT,1,0,0.0,0,0,0,"raw/32_search_term_view_90d.json (2798 rows, uncapped)"
24142894204,Pastry | Search | Product High Intent | 2026-08-14,197968132486,Product | Anti-Pigment Deodorant,which deodorant is best for dark underarms,NONE,anti pigmentation deodorant,EXACT,NEAR_EXACT,2,0,0.0,0,0,0,"raw/32_search_term_view_90d.json (2798 rows, uncapped)"
24142894204,Pastry | Search | Product High Intent | 2026-08-14,197968132486,Product | Anti-Pigment Deodorant,which roll on is best for dark underarms,NONE,anti pigmentation deodorant,EXACT,NEAR_EXACT,1,0,0.0,0,0,0,"raw/32_search_term_view_90d.json (2798 rows, uncapped)"
24142894204,Pastry | Search | Product High Intent | 2026-08-14,197968132526,Product | Anti-Pigment Hand Cream,anti pigment hand cream spf 30,NONE,anti pigment hand cream,PHRASE,PHRASE,5,0,0.0,0,0,0,"raw/32_search_term_view_90d.json (2798 rows, uncapped)"
24142894204,Pastry | Search | Product High Intent | 2026-08-14,197968132726,Product | BHA Body Gel,bha body,NONE,bha body gel,EXACT,NEAR_EXACT,2,0,0.0,0,0,0,"raw/32_search_term_view_90d.json (2798 rows, uncapped)"
24142894204,Pastry | Search | Product High Intent | 2026-08-14,197968132726,Product | BHA Body Gel,bha gel,NONE,bha body gel,EXACT,NEAR_EXACT,2,0,0.0,0,0,0,"raw/32_search_term_view_90d.json (2798 rows, uncapped)"
24142894204,Pastry | Search | Product High Intent | 2026-08-14,197968132766,Product | Barrier Repair Serum,barrier protecting serum,NONE,barrier repair serum,EXACT,NEAR_EXACT,1,0,0.0,0,0,0,"raw/32_search_term_view_90d.json (2798 rows, uncapped)"
24142894204,Pastry | Search | Product High Intent | 2026-08-14,197968132766,Product | Barrier Repair Serum,barrier serum,NONE,barrier repair serum,EXACT,NEAR_EXACT,10,0,0.0,0,0,0,"raw/32_search_term_view_90d.json (2798 rows, uncapped)"
24142894204,Pastry | Search | Product High Intent | 2026-08-14,197968132766,Product | Barrier Repair Serum,barrier strengthening serum,NONE,barrier repair serum,EXACT,NEAR_EXACT,1,0,0.0,0,0,0,"raw/32_search_term_view_90d.json (2798 rows, uncapped)"
24142894204,Pastry | Search | Product High Intent | 2026-08-14,197968132766,Product | Barrier Repair Serum,barrier support serum,NONE,barrier repair serum,EXACT,NEAR_EXACT,1,0,0.0,0,0,0,"raw/32_search_term_view_90d.json (2798 rows, uncapped)"
24142894204,Pastry | Search | Product High Intent | 2026-08-14,197968132766,Product | Barrier Repair Serum,serum for skin barrier repair,NONE,barrier repair serum,EXACT,NEAR_EXACT,1,0,0.0,0,0,0,"raw/32_search_term_view_90d.json (2798 rows, uncapped)"
24142894204,Pastry | Search | Product High Intent | 2026-08-14,197968132766,Product | Barrier Repair Serum,skin barrier repair serum,NONE,barrier repair serum,EXACT,NEAR_EXACT,2,0,0.0,0,0,0,"raw/32_search_term_view_90d.json (2798 rows, uncapped)"
24142894204,Pastry | Search | Product High Intent | 2026-08-14,197968132766,Product | Barrier Repair Serum,skin barrier serum,NONE,barrier repair serum,EXACT,NEAR_EXACT,3,0,0.0,0,0,0,"raw/32_search_term_view_90d.json (2798 rows, uncapped)"
24142894204,Pastry | Search | Product High Intent | 2026-08-14,197968132966,Product | Glycolic Body Wash,body glycolic acid,NONE,glycolic body wash,EXACT,NEAR_EXACT,2,0,0.0,0,0,0,"raw/32_search_term_view_90d.json (2798 rows, uncapped)"
24142894204,Pastry | Search | Product High Intent | 2026-08-14,197968132966,Product | Glycolic Body Wash,glycolic acid body,NONE,glycolic body wash,EXACT,NEAR_EXACT,5,0,0.0,0,0,0,"raw/32_search_term_view_90d.json (2798 rows, uncapped)"
24142894204,Pastry | Search | Product High Intent | 2026-08-14,197968132966,Product | Glycolic Body Wash,glycolic acid body products,NONE,glycolic body wash,EXACT,NEAR_EXACT,1,0,0.0,0,0,0,"raw/32_search_term_view_90d.json (2798 rows, uncapped)"
24142894204,Pastry | Search | Product High Intent | 2026-08-14,197968132966,Product | Glycolic Body Wash,glycolic acid for body,NONE,glycolic body wash,EXACT,NEAR_EXACT,7,0,0.0,0,0,0,"raw/32_search_term_view_90d.json (2798 rows, uncapped)"
24142894204,Pastry | Search | Product High Intent | 2026-08-14,197968132966,Product | Glycolic Body Wash,glycolic body,NONE,glycolic body wash,EXACT,NEAR_EXACT,1,0,0.0,0,0,0,"raw/32_search_term_view_90d.json (2798 rows, uncapped)"
24142894204,Pastry | Search | Product High Intent | 2026-08-14,197968132966,Product | Glycolic Body Wash,glycolic serum body wash,NONE,glycolic body wash,EXACT,NEAR_EXACT,1,0,0.0,0,0,0,"raw/32_search_term_view_90d.json (2798 rows, uncapped)"
24142894204,Pastry | Search | Product High Intent | 2026-08-14,197968132966,Product | Glycolic Body Wash,10 glycolic acid body wash,NONE,glycolic acid body wash,EXACT,NEAR_EXACT,2,0,0.0,0,0,0,"raw/32_search_term_view_90d.json (2798 rows, uncapped)"
24142894204,Pastry | Search | Product High Intent | 2026-08-14,197968132966,Product | Glycolic Body Wash,body glycolic acid,NONE,glycolic acid body wash,EXACT,NEAR_EXACT,1,0,0.0,0,0,0,"raw/32_search_term_view_90d.json (2798 rows, uncapped)"
24142894204,Pastry | Search | Product High Intent | 2026-08-14,197968132966,Product | Glycolic Body Wash,body wash glycolic acid,NONE,glycolic acid body wash,EXACT,NEAR_EXACT,1,0,0.0,0,0,0,"raw/32_search_term_view_90d.json (2798 rows, uncapped)"
24142894204,Pastry | Search | Product High Intent | 2026-08-14,197968132966,Product | Glycolic Body Wash,body wash with glycolic acid,NONE,glycolic acid body wash,EXACT,NEAR_EXACT,14,0,0.0,0,0,0,"raw/32_search_term_view_90d.json (2798 rows, uncapped)"
24142894204,Pastry | Search | Product High Intent | 2026-08-14,197968132966,Product | Glycolic Body Wash,glycolic acid body,NONE,glycolic acid body wash,EXACT,NEAR_EXACT,3,0,0.0,0,0,0,"raw/32_search_term_view_90d.json (2798 rows, uncapped)"
24142894204,Pastry | Search | Product High Intent | 2026-08-14,197968132966,Product | Glycolic Body Wash,glycolic acid body scrub,NONE,glycolic acid body wash,EXACT,NEAR_EXACT,1,0,0.0,0,0,0,"raw/32_search_term_view_90d.json (2798 rows, uncapped)"
24142894204,Pastry | Search | Product High Intent | 2026-08-14,197968132966,Product | Glycolic Body Wash,glycolic acid body soap,NONE,glycolic acid body wash,EXACT,NEAR_EXACT,1,0,0.0,0,0,0,"raw/32_search_term_view_90d.json (2798 rows, uncapped)"
24142894204,Pastry | Search | Product High Intent | 2026-08-14,197968132966,Product | Glycolic Body Wash,glycolic acid body wash 10,NONE,glycolic acid body wash,EXACT,NEAR_EXACT,2,0,0.0,0,0,0,"raw/32_search_term_view_90d.json (2798 rows, uncapped)"
24142894204,Pastry | Search | Product High Intent | 2026-08-14,197968132966,Product | Glycolic Body Wash,glycolic acid body wash near me,NONE,glycolic acid body wash,EXACT,NEAR_EXACT,2,0,0.0,0,0,0,"raw/32_search_term_view_90d.json (2798 rows, uncapped)"
24142894204,Pastry | Search | Product High Intent | 2026-08-14,197968132966,Product | Glycolic Body Wash,glycolic acid body washes,NONE,glycolic acid body wash,EXACT,NEAR_EXACT,1,0,0.0,0,0,0,"raw/32_search_term_view_90d.json (2798 rows, uncapped)"
24142894204,Pastry | Search | Product High Intent | 2026-08-14,197968132966,Product | Glycolic Body Wash,glycolic acid for body,NONE,glycolic acid body wash,EXACT,NEAR_EXACT,3,0,0.0,0,0,0,"raw/32_search_term_view_90d.json (2798 rows, uncapped)"
24142894204,Pastry | Search | Product High Intent | 2026-08-14,197968132966,Product | Glycolic Body Wash,glycolic acid for the body,NONE,glycolic acid body wash,EXACT,NEAR_EXACT,2,0,0.0,0,0,0,"raw/32_search_term_view_90d.json (2798 rows, uncapped)"
24142894204,Pastry | Search | Product High Intent | 2026-08-14,197968132966,Product | Glycolic Body Wash,glycolic acid wash,NONE,glycolic acid body wash,EXACT,NEAR_EXACT,4,0,0.0,0,0,0,"raw/32_search_term_view_90d.json (2798 rows, uncapped)"
24142894204,Pastry | Search | Product High Intent | 2026-08-14,197968132966,Product | Glycolic Body Wash,glycolic acid wash for body,NONE,glycolic acid body wash,EXACT,NEAR_EXACT,4,0,0.0,0,0,0,"raw/32_search_term_view_90d.json (2798 rows, uncapped)"
24142894204,Pastry | Search | Product High Intent | 2026-08-14,197968132966,Product | Glycolic Body Wash,glycolic body scrub,NONE,glycolic acid body wash,EXACT,NEAR_EXACT,1,0,0.0,0,0,0,"raw/32_search_term_view_90d.json (2798 rows, uncapped)"
24142894204,Pastry | Search | Product High Intent | 2026-08-14,197968132966,Product | Glycolic Body Wash,the smoother glycolic acid body wash,NONE,glycolic acid body wash,EXACT,NEAR_EXACT,1,0,0.0,0,0,0,"raw/32_search_term_view_90d.json (2798 rows, uncapped)"
24142894204,Pastry | Search | Product High Intent | 2026-08-14,197968132966,Product | Glycolic Body Wash,best glycolic acid body wash,ADDED,best glycolic acid body wash,EXACT,EXACT,2,0,0.0,0,0,0,"raw/32_search_term_view_90d.json (2798 rows, uncapped)"
24142894204,Pastry | Search | Product High Intent | 2026-08-14,197968132966,Product | Glycolic Body Wash,glycolic acid shower gel,ADDED,glycolic acid shower gel,EXACT,EXACT,12,0,0.0,0,0,0,"raw/32_search_term_view_90d.json (2798 rows, uncapped)"
24142894204,Pastry | Search | Product High Intent | 2026-08-14,197968132966,Product | Glycolic Body Wash,pastry glycolic body wash,NONE,glycolic acid body wash,PHRASE,NEAR_PHRASE,1,0,0.0,0,0,0,"raw/32_search_term_view_90d.json (2798 rows, uncapped)"
24142894204,Pastry | Search | Product High Intent | 2026-08-14,197968132966,Product | Glycolic Body Wash,10 glycolic acid body wash,NONE,glycolic body wash,PHRASE,PHRASE,1,0,0.0,0,0,0,"raw/32_search_term_view_90d.json (2798 rows, uncapped)"
24142894204,Pastry | Search | Product High Intent | 2026-08-14,197968132966,Product | Glycolic Body Wash,body lab glycolic acid body wash,NONE,glycolic body wash,PHRASE,PHRASE,3,0,0.0,0,0,0,"raw/32_search_term_view_90d.json (2798 rows, uncapped)"
24142894204,Pastry | Search | Product High Intent | 2026-08-14,197968132966,Product | Glycolic Body Wash,bodylab glycolic acid body wash,NONE,glycolic body wash,PHRASE,PHRASE,2,0,0.0,0,0,0,"raw/32_search_term_view_90d.json (2798 rows, uncapped)"
24142894204,Pastry | Search | Product High Intent | 2026-08-14,197968132966,Product | Glycolic Body Wash,glycolic acid and lactic acid body wash,NONE,glycolic body wash,PHRASE,PHRASE,2,0,0.0,0,0,0,"raw/32_search_term_view_90d.json (2798 rows, uncapped)"
24142894204,Pastry | Search | Product High Intent | 2026-08-14,197968132966,Product | Glycolic Body Wash,glycolic acid and salicylic acid body wash,NONE,glycolic body wash,PHRASE,PHRASE,1,0,0.0,0,0,0,"raw/32_search_term_view_90d.json (2798 rows, uncapped)"
24142894204,Pastry | Search | Product High Intent | 2026-08-14,197968132966,Product | Glycolic Body Wash,glycolic acid body wash benefits,NONE,glycolic body wash,PHRASE,PHRASE,4,0,0.0,0,0,0,"raw/32_search_term_view_90d.json (2798 rows, uncapped)"
24142894204,Pastry | Search | Product High Intent | 2026-08-14,197968132966,Product | Glycolic Body Wash,glycolic acid body wash clicks,NONE,glycolic body wash,PHRASE,PHRASE,5,0,0.0,0,0,0,"raw/32_search_term_view_90d.json (2798 rows, uncapped)"
24142894204,Pastry | Search | Product High Intent | 2026-08-14,197968132966,Product | Glycolic Body Wash,glycolic acid body wash dischem,NONE,glycolic body wash,PHRASE,PHRASE,16,0,0.0,0,0,0,"raw/32_search_term_view_90d.json (2798 rows, uncapped)"
24142894204,Pastry | Search | Product High Intent | 2026-08-14,197968132966,Product | Glycolic Body Wash,glycolic acid salicylic acid body wash,NONE,glycolic body wash,PHRASE,PHRASE,1,0,0.0,0,0,0,"raw/32_search_term_view_90d.json (2798 rows, uncapped)"
24142894204,Pastry | Search | Product High Intent | 2026-08-14,197968132966,Product | Glycolic Body Wash,glytone glycolic acid body wash,NONE,glycolic body wash,PHRASE,PHRASE,1,0,0.0,0,0,0,"raw/32_search_term_view_90d.json (2798 rows, uncapped)"
24142894204,Pastry | Search | Product High Intent | 2026-08-14,197968132966,Product | Glycolic Body Wash,inkey lab glycolic acid body wash,NONE,glycolic body wash,PHRASE,PHRASE,1,0,0.0,0,0,0,"raw/32_search_term_view_90d.json (2798 rows, uncapped)"
24142894204,Pastry | Search | Product High Intent | 2026-08-14,197968132966,Product | Glycolic Body Wash,kojic acid glycolic acid body wash,NONE,glycolic body wash,PHRASE,PHRASE,1,0,0.0,0,0,0,"raw/32_search_term_view_90d.json (2798 rows, uncapped)"
24142894204,Pastry | Search | Product High Intent | 2026-08-14,197968132966,Product | Glycolic Body Wash,medix glycolic and lactic acid body wash,NONE,glycolic body wash,PHRASE,PHRASE,1,0,0.0,0,0,0,"raw/32_search_term_view_90d.json (2798 rows, uncapped)"
24142894204,Pastry | Search | Product High Intent | 2026-08-14,197968132966,Product | Glycolic Body Wash,naturium body wash glycolic,NONE,glycolic body wash,PHRASE,PHRASE,1,0,0.0,0,0,0,"raw/32_search_term_view_90d.json (2798 rows, uncapped)"
24142894204,Pastry | Search | Product High Intent | 2026-08-14,197968132966,Product | Glycolic Body Wash,naturium glycolic acid body wash,NONE,glycolic body wash,PHRASE,PHRASE,9,0,0.0,0,0,0,"raw/32_search_term_view_90d.json (2798 rows, uncapped)"
24142894204,Pastry | Search | Product High Intent | 2026-08-14,197968132966,Product | Glycolic Body Wash,naturium glycolic body wash,NONE,glycolic body wash,PHRASE,PHRASE,13,0,0.0,0,0,0,"raw/32_search_term_view_90d.json (2798 rows, uncapped)"
24142894204,Pastry | Search | Product High Intent | 2026-08-14,197968132966,Product | Glycolic Body Wash,naturium the smoother glycolic acid body wash,NONE,glycolic body wash,PHRASE,PHRASE,1,0,0.0,0,0,0,"raw/32_search_term_view_90d.json (2798 rows, uncapped)"
24142894204,Pastry | Search | Product High Intent | 2026-08-14,197968132966,Product | Glycolic Body Wash,naturium the smoother glycolic acid exfoliating body wash,NONE,glycolic body wash,PHRASE,PHRASE,3,0,0.0,0,0,0,"raw/32_search_term_view_90d.json (2798 rows, uncapped)"
24142894204,Pastry | Search | Product High Intent | 2026-08-14,197968132966,Product | Glycolic Body Wash,salicylic acid glycolic acid body wash,NONE,glycolic body wash,PHRASE,PHRASE,1,0,0.0,0,0,0,"raw/32_search_term_view_90d.json (2798 rows, uncapped)"
24142894204,Pastry | Search | Product High Intent | 2026-08-14,197968132966,Product | Glycolic Body Wash,the ordinary glycolic acid body wash,NONE,glycolic body wash,PHRASE,PHRASE,1,0,0.0,0,0,0,"raw/32_search_term_view_90d.json (2798 rows, uncapped)"
24142894204,Pastry | Search | Product High Intent | 2026-08-14,197968132966,Product | Glycolic Body Wash,glytone exfoliating body wash,NONE,glycolic body wash,PHRASE,NEAR_PHRASE,1,0,0.0,0,0,0,"raw/32_search_term_view_90d.json (2798 rows, uncapped)"
24142894204,Pastry | Search | Product High Intent | 2026-08-14,197968132966,Product | Glycolic Body Wash,body lab glycolic acid,NONE,glycolic acid body cleanser,PHRASE,NEAR_PHRASE,1,0,0.0,0,0,0,"raw/32_search_term_view_90d.json (2798 rows, uncapped)"
24142894204,Pastry | Search | Product High Intent | 2026-08-14,197968132966,Product | Glycolic Body Wash,body scrub with glycolic acid,NONE,glycolic acid body cleanser,PHRASE,NEAR_PHRASE,1,0,0.0,0,0,0,"raw/32_search_term_view_90d.json (2798 rows, uncapped)"
24142894204,Pastry | Search | Product High Intent | 2026-08-14,197968132966,Product | Glycolic Body Wash,glycolic acid bar soap,NONE,glycolic acid body cleanser,PHRASE,NEAR_PHRASE,2,0,0.0,0,0,0,"raw/32_search_term_view_90d.json (2798 rows, uncapped)"
24142894204,Pastry | Search | Product High Intent | 2026-08-14,197968132966,Product | Glycolic Body Wash,glycolic acid soap clicks,NONE,glycolic acid body cleanser,PHRASE,NEAR_PHRASE,1,0,0.0,0,0,0,"raw/32_search_term_view_90d.json (2798 rows, uncapped)"
24142894204,Pastry | Search | Product High Intent | 2026-08-14,197968132966,Product | Glycolic Body Wash,glycolic body scrub,NONE,glycolic acid body cleanser,PHRASE,NEAR_PHRASE,2,0,0.0,0,0,0,"raw/32_search_term_view_90d.json (2798 rows, uncapped)"
24142894204,Pastry | Search | Product High Intent | 2026-08-14,197968132966,Product | Glycolic Body Wash,glytone exfoliating body wash,NONE,glycolic acid body cleanser,PHRASE,NEAR_PHRASE,1,0,0.0,0,0,0,"raw/32_search_term_view_90d.json (2798 rows, uncapped)"
24142894204,Pastry | Search | Product High Intent | 2026-08-14,197968132966,Product | Glycolic Body Wash,standard beauty glycolic acid,NONE,glycolic acid body cleanser,PHRASE,NEAR_PHRASE,1,0,0.0,0,0,0,"raw/32_search_term_view_90d.json (2798 rows, uncapped)"
24142894204,Pastry | Search | Product High Intent | 2026-08-14,197968132966,Product | Glycolic Body Wash,shower gel with glycolic acid,ADDED,shower gel with glycolic acid,EXACT,EXACT,5,0,0.0,0,0,0,"raw/32_search_term_view_90d.json (2798 rows, uncapped)"
24142894204,Pastry | Search | Product High Intent | 2026-08-14,197968132966,Product | Glycolic Body Wash,glycolic acid wash,NONE,shower gel with glycolic acid,EXACT,NEAR_EXACT,5,0,0.0,0,0,0,"raw/32_search_term_view_90d.json (2798 rows, uncapped)"
24142894204,Pastry | Search | Product High Intent | 2026-08-14,197968132966,Product | Glycolic Body Wash,glycolic acid body scrub,NONE,glycolic acid body cleanser,EXACT,NEAR_EXACT,1,0,0.0,0,0,0,"raw/32_search_term_view_90d.json (2798 rows, uncapped)"
24142894204,Pastry | Search | Product High Intent | 2026-08-14,197968132966,Product | Glycolic Body Wash,glycolic shower gel,ADDED,glycolic shower gel,EXACT,EXACT,2,0,0.0,0,0,0,"raw/32_search_term_view_90d.json (2798 rows, uncapped)"
24142894204,Pastry | Search | Product High Intent | 2026-08-14,197968132966,Product | Glycolic Body Wash,shower gel glycolic acid,NONE,glycolic shower gel,EXACT,NEAR_EXACT,1,0,0.0,0,0,0,"raw/32_search_term_view_90d.json (2798 rows, uncapped)"
24142894204,Pastry | Search | Product High Intent | 2026-08-14,197968132966,Product | Glycolic Body Wash,pastry glycolic body wash,NONE,shower gel with glycolic acid,PHRASE,NEAR_PHRASE,1,0,0.0,0,0,0,"raw/32_search_term_view_90d.json (2798 rows, uncapped)"
24142894204,Pastry | Search | Product High Intent | 2026-08-14,197968133206,Product | Hyaluronic Body Lotion,hyaluronic acid body lotion,ADDED,hyaluronic acid body lotion,EXACT,EXACT,5,0,0.0,0,0,0,"raw/32_search_term_view_90d.json (2798 rows, uncapped)"
24142894204,Pastry | Search | Product High Intent | 2026-08-14,197968133206,Product | Hyaluronic Body Lotion,body cream hyaluronic acid,NONE,hyaluronic acid body lotion,EXACT,NEAR_EXACT,1,0,0.0,0,0,0,"raw/32_search_term_view_90d.json (2798 rows, uncapped)"
24142894204,Pastry | Search | Product High Intent | 2026-08-14,197968133206,Product | Hyaluronic Body Lotion,body cream with hyaluronic acid,NONE,hyaluronic acid body lotion,EXACT,NEAR_EXACT,1,0,0.0,0,0,0,"raw/32_search_term_view_90d.json (2798 rows, uncapped)"
24142894204,Pastry | Search | Product High Intent | 2026-08-14,197968133206,Product | Hyaluronic Body Lotion,body lotion with hyaluronic acid,NONE,hyaluronic acid body lotion,EXACT,NEAR_EXACT,1,0,0.0,0,0,0,"raw/32_search_term_view_90d.json (2798 rows, uncapped)"
24142894204,Pastry | Search | Product High Intent | 2026-08-14,197968133206,Product | Hyaluronic Body Lotion,hyaluronic acid body cream,NONE,hyaluronic acid body lotion,EXACT,NEAR_EXACT,1,0,0.0,0,0,0,"raw/32_search_term_view_90d.json (2798 rows, uncapped)"
24142894204,Pastry | Search | Product High Intent | 2026-08-14,197968133206,Product | Hyaluronic Body Lotion,hyaluronic acid for body,NONE,hyaluronic acid body lotion,EXACT,NEAR_EXACT,1,0,0.0,0,0,0,"raw/32_search_term_view_90d.json (2798 rows, uncapped)"
24142894204,Pastry | Search | Product High Intent | 2026-08-14,197968133206,Product | Hyaluronic Body Lotion,hyaluronic acid lotion,NONE,hyaluronic acid body lotion,EXACT,NEAR_EXACT,3,0,0.0,0,0,0,"raw/32_search_term_view_90d.json (2798 rows, uncapped)"
24142894204,Pastry | Search | Product High Intent | 2026-08-14,197968133206,Product | Hyaluronic Body Lotion,hyaluronic acid lotion for body,NONE,hyaluronic acid body lotion,EXACT,NEAR_EXACT,2,0,0.0,0,0,0,"raw/32_search_term_view_90d.json (2798 rows, uncapped)"
24142894204,Pastry | Search | Product High Intent | 2026-08-14,197968133246,Product | Lactic Body Wash,lactic acid body scrub,NONE,lactic acid body wash,EXACT,NEAR_EXACT,1,0,0.0,0,0,0,"raw/32_search_term_view_90d.json (2798 rows, uncapped)"
24142894204,Pastry | Search | Product High Intent | 2026-08-14,197968133246,Product | Lactic Body Wash,lactic acid shower gel,NONE,lactic acid body wash,EXACT,NEAR_EXACT,3,0,0.0,0,0,0,"raw/32_search_term_view_90d.json (2798 rows, uncapped)"
24142894204,Pastry | Search | Product High Intent | 2026-08-14,197968133246,Product | Lactic Body Wash,lactic acid wash,NONE,lactic acid body wash,EXACT,NEAR_EXACT,2,0,0.0,0,0,0,"raw/32_search_term_view_90d.json (2798 rows, uncapped)"
24142894204,Pastry | Search | Product High Intent | 2026-08-14,197968133246,Product | Lactic Body Wash,lactic body wash,NONE,lactic acid body wash,EXACT,NEAR_EXACT,1,0,0.0,0,0,0,"raw/32_search_term_view_90d.json (2798 rows, uncapped)"
24142894204,Pastry | Search | Product High Intent | 2026-08-14,197968133246,Product | Lactic Body Wash,body wash with urea and lactic acid,NONE,lactic acid body wash,PHRASE,PHRASE,1,0,0.0,0,0,0,"raw/32_search_term_view_90d.json (2798 rows, uncapped)"
24142894204,Pastry | Search | Product High Intent | 2026-08-14,197968133246,Product | Lactic Body Wash,glycolic acid and lactic acid body wash,NONE,lactic acid body wash,PHRASE,PHRASE,1,0,0.0,0,0,0,"raw/32_search_term_view_90d.json (2798 rows, uncapped)"
24142894204,Pastry | Search | Product High Intent | 2026-08-14,197968133246,Product | Lactic Body Wash,lactic acid body wash benefits,NONE,lactic acid body wash,PHRASE,PHRASE,1,0,0.0,0,0,0,"raw/32_search_term_view_90d.json (2798 rows, uncapped)"
24142894204,Pastry | Search | Product High Intent | 2026-08-14,197968133246,Product | Lactic Body Wash,medix glycolic and lactic acid body wash,NONE,lactic acid body wash,PHRASE,PHRASE,1,0,0.0,0,0,0,"raw/32_search_term_view_90d.json (2798 rows, uncapped)"
24142894204,Pastry | Search | Product High Intent | 2026-08-14,197968133246,Product | Lactic Body Wash,chemist at play body wash,NONE,lactic acid body wash,PHRASE,NEAR_PHRASE,1,0,0.0,0,0,0,"raw/32_search_term_view_90d.json (2798 rows, uncapped)"
24142894204,Pastry | Search | Product High Intent | 2026-08-14,197968133406,Product | Mandelic Body Wash,body wash with mandelic acid,NONE,mandelic acid body wash,EXACT,NEAR_EXACT,3,0,0.0,0,0,0,"raw/32_search_term_view_90d.json (2798 rows, uncapped)"
24142894204,Pastry | Search | Product High Intent | 2026-08-14,197968133406,Product | Mandelic Body Wash,mandelic acid body,NONE,mandelic acid body wash,EXACT,NEAR_EXACT,2,0,0.0,0,0,0,"raw/32_search_term_view_90d.json (2798 rows, uncapped)"
24142894204,Pastry | Search | Product High Intent | 2026-08-14,197968133406,Product | Mandelic Body Wash,mandelic acid for body,NONE,mandelic acid body wash,EXACT,NEAR_EXACT,4,0,0.0,0,0,0,"raw/32_search_term_view_90d.json (2798 rows, uncapped)"
24142894204,Pastry | Search | Product High Intent | 2026-08-14,197968133406,Product | Mandelic Body Wash,mandelic acid soap,NONE,mandelic acid body wash,EXACT,NEAR_EXACT,1,0,0.0,0,0,0,"raw/32_search_term_view_90d.json (2798 rows, uncapped)"
24142894204,Pastry | Search | Product High Intent | 2026-08-14,197968133406,Product | Mandelic Body Wash,mandelic body wash,NONE,mandelic acid body wash,EXACT,NEAR_EXACT,5,0,0.0,0,0,0,"raw/32_search_term_view_90d.json (2798 rows, uncapped)"
24142894204,Pastry | Search | Product High Intent | 2026-08-14,197968133446,Product | Niacinamide Body Butter,niacinamide body butter,ADDED,niacinamide body butter,EXACT,EXACT,10,0,0.0,0,0,0,"raw/32_search_term_view_90d.json (2798 rows, uncapped)"
24142894204,Pastry | Search | Product High Intent | 2026-08-14,197968133446,Product | Niacinamide Body Butter,body lotion with niacinamide,NONE,niacinamide body butter,EXACT,NEAR_EXACT,1,0,0.0,0,0,0,"raw/32_search_term_view_90d.json (2798 rows, uncapped)"
24142894204,Pastry | Search | Product High Intent | 2026-08-14,197968133446,Product | Niacinamide Body Butter,body moisturizer with niacinamide,NONE,niacinamide body butter,EXACT,NEAR_EXACT,1,0,0.0,0,0,0,"raw/32_search_term_view_90d.json (2798 rows, uncapped)"
24142894204,Pastry | Search | Product High Intent | 2026-08-14,197968133446,Product | Niacinamide Body Butter,niacinamide body cream,NONE,niacinamide body butter,EXACT,NEAR_EXACT,3,0,0.0,0,0,0,"raw/32_search_term_view_90d.json (2798 rows, uncapped)"
24142894204,Pastry | Search | Product High Intent | 2026-08-14,197968133486,Product | Niacinamide Body Lotion,best niacinamide body lotion,NONE,niacinamide body lotion,EXACT,NEAR_EXACT,2,0,0.0,0,0,0,"raw/32_search_term_view_90d.json (2798 rows, uncapped)"
24142894204,Pastry | Search | Product High Intent | 2026-08-14,197968133486,Product | Niacinamide Body Lotion,body lotion with niacinamide,NONE,niacinamide body lotion,EXACT,NEAR_EXACT,6,0,0.0,0,0,0,"raw/32_search_term_view_90d.json (2798 rows, uncapped)"
24142894204,Pastry | Search | Product High Intent | 2026-08-14,197968133486,Product | Niacinamide Body Lotion,body niacinamide,NONE,niacinamide body lotion,EXACT,NEAR_EXACT,2,0,0.0,0,0,0,"raw/32_search_term_view_90d.json (2798 rows, uncapped)"
24142894204,Pastry | Search | Product High Intent | 2026-08-14,197968133486,Product | Niacinamide Body Lotion,lotion with niacinamide,NONE,niacinamide body lotion,EXACT,NEAR_EXACT,4,0,0.0,0,0,0,"raw/32_search_term_view_90d.json (2798 rows, uncapped)"
24142894204,Pastry | Search | Product High Intent | 2026-08-14,197968133486,Product | Niacinamide Body Lotion,lotions with niacinamide,NONE,niacinamide body lotion,EXACT,NEAR_EXACT,1,0,0.0,0,0,0,"raw/32_search_term_view_90d.json (2798 rows, uncapped)"
24142894204,Pastry | Search | Product High Intent | 2026-08-14,197968133486,Product | Niacinamide Body Lotion,niacinamide body,NONE,niacinamide body lotion,EXACT,NEAR_EXACT,3,0,0.0,0,0,0,"raw/32_search_term_view_90d.json (2798 rows, uncapped)"
24142894204,Pastry | Search | Product High Intent | 2026-08-14,197968133486,Product | Niacinamide Body Lotion,niacinamide body cream,NONE,niacinamide body lotion,EXACT,NEAR_EXACT,2,0,0.0,0,0,0,"raw/32_search_term_view_90d.json (2798 rows, uncapped)"
24142894204,Pastry | Search | Product High Intent | 2026-08-14,197968133486,Product | Niacinamide Body Lotion,niacinamide body lotions,NONE,niacinamide body lotion,EXACT,NEAR_EXACT,1,0,0.0,0,0,0,"raw/32_search_term_view_90d.json (2798 rows, uncapped)"
24142894204,Pastry | Search | Product High Intent | 2026-08-14,197968133486,Product | Niacinamide Body Lotion,niacinamide for the body,NONE,niacinamide body lotion,EXACT,NEAR_EXACT,1,0,0.0,0,0,0,"raw/32_search_term_view_90d.json (2798 rows, uncapped)"
24142894204,Pastry | Search | Product High Intent | 2026-08-14,197968133486,Product | Niacinamide Body Lotion,niacinamide lotion for body,NONE,niacinamide body lotion,EXACT,NEAR_EXACT,3,0,0.0,0,0,0,"raw/32_search_term_view_90d.json (2798 rows, uncapped)"
24142894204,Pastry | Search | Product High Intent | 2026-08-14,197968133486,Product | Niacinamide Body Lotion,5 niacinamide body lotion,NONE,niacinamide body lotion,PHRASE,PHRASE,1,0,0.0,0,0,0,"raw/32_search_term_view_90d.json (2798 rows, uncapped)"
24142894204,Pastry | Search | Product High Intent | 2026-08-14,197968133486,Product | Niacinamide Body Lotion,baren vita capsule niacinamide 5 brightening body lotion,NONE,niacinamide body lotion,PHRASE,PHRASE,1,0,0.0,0,0,0,"raw/32_search_term_view_90d.json (2798 rows, uncapped)"
24142894204,Pastry | Search | Product High Intent | 2026-08-14,197968133486,Product | Niacinamide Body Lotion,being kind niacinamide body lotion,NONE,niacinamide body lotion,PHRASE,PHRASE,4,0,0.0,0,0,0,"raw/32_search_term_view_90d.json (2798 rows, uncapped)"
24142894204,Pastry | Search | Product High Intent | 2026-08-14,197968133486,Product | Niacinamide Body Lotion,benefits of niacinamide body lotion,NONE,niacinamide body lotion,PHRASE,PHRASE,1,0,0.0,0,0,0,"raw/32_search_term_view_90d.json (2798 rows, uncapped)"
24142894204,Pastry | Search | Product High Intent | 2026-08-14,197968133486,Product | Niacinamide Body Lotion,body lotion with niacinamide and vitamin c,NONE,niacinamide body lotion,PHRASE,PHRASE,7,0,0.0,0,0,0,"raw/32_search_term_view_90d.json (2798 rows, uncapped)"
24142894204,Pastry | Search | Product High Intent | 2026-08-14,197968133486,Product | Niacinamide Body Lotion,body lotion with vitamin c and niacinamide,NONE,niacinamide body lotion,PHRASE,PHRASE,1,0,0.0,0,0,0,"raw/32_search_term_view_90d.json (2798 rows, uncapped)"
24142894204,Pastry | Search | Product High Intent | 2026-08-14,197968133486,Product | Niacinamide Body Lotion,glutathione and niacinamide body lotion,NONE,niacinamide body lotion,PHRASE,PHRASE,3,0,0.0,0,0,0,"raw/32_search_term_view_90d.json (2798 rows, uncapped)"
24142894204,Pastry | Search | Product High Intent | 2026-08-14,197968133486,Product | Niacinamide Body Lotion,glutathione niacinamide body lotion,NONE,niacinamide body lotion,PHRASE,PHRASE,14,0,0.0,0,0,0,"raw/32_search_term_view_90d.json (2798 rows, uncapped)"
24142894204,Pastry | Search | Product High Intent | 2026-08-14,197968133486,Product | Niacinamide Body Lotion,glutathione niacinamide body lotion price,NONE,niacinamide body lotion,PHRASE,PHRASE,1,0,0.0,0,0,0,"raw/32_search_term_view_90d.json (2798 rows, uncapped)"
24142894204,Pastry | Search | Product High Intent | 2026-08-14,197968133486,Product | Niacinamide Body Lotion,hey you body lotion with niacinamide,NONE,niacinamide body lotion,PHRASE,PHRASE,3,0,0.0,0,0,0,"raw/32_search_term_view_90d.json (2798 rows, uncapped)"
24142894204,Pastry | Search | Product High Intent | 2026-08-14,197968133486,Product | Niacinamide Body Lotion,mixa niacinamide bright body lotion,NONE,niacinamide body lotion,PHRASE,PHRASE,1,0,0.0,0,0,0,"raw/32_search_term_view_90d.json (2798 rows, uncapped)"
24142894204,Pastry | Search | Product High Intent | 2026-08-14,197968133486,Product | Niacinamide Body Lotion,niacinamide and glutathione body lotion,NONE,niacinamide body lotion,PHRASE,PHRASE,1,0,0.0,0,0,0,"raw/32_search_term_view_90d.json (2798 rows, uncapped)"
24142894204,Pastry | Search | Product High Intent | 2026-08-14,197968133486,Product | Niacinamide Body Lotion,niacinamide and vitamin c body lotion,NONE,niacinamide body lotion,PHRASE,PHRASE,2,0,0.0,0,0,0,"raw/32_search_term_view_90d.json (2798 rows, uncapped)"
24142894204,Pastry | Search | Product High Intent | 2026-08-14,197968133486,Product | Niacinamide Body Lotion,niacinamide body lotion benefits,NONE,niacinamide body lotion,PHRASE,PHRASE,3,0,0.0,0,0,0,"raw/32_search_term_view_90d.json (2798 rows, uncapped)"
24142894204,Pastry | Search | Product High Intent | 2026-08-14,197968133486,Product | Niacinamide Body Lotion,niacinamide body lotion clicks,NONE,niacinamide body lotion,PHRASE,PHRASE,4,0,0.0,0,0,0,"raw/32_search_term_view_90d.json (2798 rows, uncapped)"
24142894204,Pastry | Search | Product High Intent | 2026-08-14,197968133486,Product | Niacinamide Body Lotion,niacinamide body lotion dischem,NONE,niacinamide body lotion,PHRASE,PHRASE,2,0,0.0,0,0,0,"raw/32_search_term_view_90d.json (2798 rows, uncapped)"
24142894204,Pastry | Search | Product High Intent | 2026-08-14,197968133486,Product | Niacinamide Body Lotion,vaseline body lotion with niacinamide,NONE,niacinamide body lotion,PHRASE,PHRASE,1,0,0.0,0,0,0,"raw/32_search_term_view_90d.json (2798 rows, uncapped)"
24142894204,Pastry | Search | Product High Intent | 2026-08-14,197968133486,Product | Niacinamide Body Lotion,vitamin c and niacinamide body lotion,NONE,niacinamide body lotion,PHRASE,PHRASE,1,0,0.0,0,0,0,"raw/32_search_term_view_90d.json (2798 rows, uncapped)"
24142894204,Pastry | Search | Product High Intent | 2026-08-14,197968133486,Product | Niacinamide Body Lotion,dove niacinamide lotion,NONE,niacinamide body lotion,PHRASE,NEAR_PHRASE,2,0,0.0,0,0,0,"raw/32_search_term_view_90d.json (2798 rows, uncapped)"
24142894204,Pastry | Search | Product High Intent | 2026-08-14,197968133486,Product | Niacinamide Body Lotion,niacinamide hand lotion,NONE,niacinamide body lotion,PHRASE,NEAR_PHRASE,2,0,0.0,0,0,0,"raw/32_search_term_view_90d.json (2798 rows, uncapped)"
24142894204,Pastry | Search | Product High Intent | 2026-08-14,197968133486,Product | Niacinamide Body Lotion,niacinamide lotion benefits,NONE,niacinamide body lotion,PHRASE,NEAR_PHRASE,1,0,0.0,0,0,0,"raw/32_search_term_view_90d.json (2798 rows, uncapped)"
24142894204,Pastry | Search | Product High Intent | 2026-08-14,197968133486,Product | Niacinamide Body Lotion,niacinamide lotion benefits for skin,NONE,niacinamide body lotion,PHRASE,NEAR_PHRASE,1,0,0.0,0,0,0,"raw/32_search_term_view_90d.json (2798 rows, uncapped)"
24142894204,Pastry | Search | Product High Intent | 2026-08-14,197968133486,Product | Niacinamide Body Lotion,some by mi yuja niacin body lotion,NONE,niacinamide body lotion,PHRASE,NEAR_PHRASE,2,0,0.0,0,0,0,"raw/32_search_term_view_90d.json (2798 rows, uncapped)"
24142894204,Pastry | Search | Product High Intent | 2026-08-14,197968133486,Product | Niacinamide Body Lotion,vaseline niacinamide lotion,NONE,niacinamide body lotion,PHRASE,NEAR_PHRASE,1,0,0.0,0,0,0,"raw/32_search_term_view_90d.json (2798 rows, uncapped)"
24142894204,Pastry | Search | Product High Intent | 2026-08-14,197968133646,Product | Niacinamide Body Mist,niacinamide body mist,ADDED,niacinamide body mist,EXACT,EXACT,2,0,0.0,0,0,0,"raw/32_search_term_view_90d.json (2798 rows, uncapped)"
24142894204,Pastry | Search | Product High Intent | 2026-08-14,197968133646,Product | Niacinamide Body Mist,niacinamide body spray,NONE,niacinamide body mist,EXACT,NEAR_EXACT,1,0,0.0,0,0,0,"raw/32_search_term_view_90d.json (2798 rows, uncapped)"
24142894204,Pastry | Search | Product High Intent | 2026-08-14,197968133686,Product | Niacinamide SPF50,niacinamide sunscreen spf 50,NONE,niacinamide spf50 sunscreen,EXACT,NEAR_EXACT,1,0,0.0,0,0,0,"raw/32_search_term_view_90d.json (2798 rows, uncapped)"
24142894204,Pastry | Search | Product High Intent | 2026-08-14,197968133726,Product | Pigmentation Serum,anti pigment serum,NONE,pigmentation correction serum,EXACT,NEAR_EXACT,1,0,0.0,0,0,0,"raw/32_search_term_view_90d.json (2798 rows, uncapped)"
24142894204,Pastry | Search | Product High Intent | 2026-08-14,197968133726,Product | Pigmentation Serum,anti pigmentation serum,NONE,pigmentation correction serum,EXACT,NEAR_EXACT,1,0,0.0,0,0,0,"raw/32_search_term_view_90d.json (2798 rows, uncapped)"
24142894204,Pastry | Search | Product High Intent | 2026-08-14,197968133726,Product | Pigmentation Serum,anti pigmentation serums,NONE,pigmentation correction serum,EXACT,NEAR_EXACT,1,0,0.0,0,0,0,"raw/32_search_term_view_90d.json (2798 rows, uncapped)"
24142894204,Pastry | Search | Product High Intent | 2026-08-14,197968133726,Product | Pigmentation Serum,best serum for hyperpigmentation,NONE,pigmentation correction serum,EXACT,NEAR_EXACT,3,0,0.0,0,0,0,"raw/32_search_term_view_90d.json (2798 rows, uncapped)"
24142894204,Pastry | Search | Product High Intent | 2026-08-14,197968133726,Product | Pigmentation Serum,best serum for hyperpigmentation on face,NONE,pigmentation correction serum,EXACT,NEAR_EXACT,4,0,0.0,0,0,0,"raw/32_search_term_view_90d.json (2798 rows, uncapped)"
24142894204,Pastry | Search | Product High Intent | 2026-08-14,197968133726,Product | Pigmentation Serum,best serum for pigmentation on face,NONE,pigmentation correction serum,EXACT,NEAR_EXACT,1,0,0.0,0,0,0,"raw/32_search_term_view_90d.json (2798 rows, uncapped)"
24142894204,Pastry | Search | Product High Intent | 2026-08-14,197968133726,Product | Pigmentation Serum,correcting dark spot serum,NONE,pigmentation correction serum,EXACT,NEAR_EXACT,1,0,0.0,0,0,0,"raw/32_search_term_view_90d.json (2798 rows, uncapped)"
24142894204,Pastry | Search | Product High Intent | 2026-08-14,197968133726,Product | Pigmentation Serum,dark spot correcting brightening serum,NONE,pigmentation correction serum,EXACT,NEAR_EXACT,1,0,0.0,0,0,0,"raw/32_search_term_view_90d.json (2798 rows, uncapped)"
24142894204,Pastry | Search | Product High Intent | 2026-08-14,197968133726,Product | Pigmentation Serum,dark spot remover serum for face,NONE,pigmentation correction serum,EXACT,NEAR_EXACT,1,0,0.0,0,0,0,"raw/32_search_term_view_90d.json (2798 rows, uncapped)"
24142894204,Pastry | Search | Product High Intent | 2026-08-14,197968133726,Product | Pigmentation Serum,discoloration correcting serum,NONE,pigmentation correction serum,EXACT,NEAR_EXACT,6,0,0.0,0,0,0,"raw/32_search_term_view_90d.json (2798 rows, uncapped)"
24142894204,Pastry | Search | Product High Intent | 2026-08-14,197968133726,Product | Pigmentation Serum,face serum for dark spots,NONE,pigmentation correction serum,EXACT,NEAR_EXACT,1,0,0.0,0,0,0,"raw/32_search_term_view_90d.json (2798 rows, uncapped)"
24142894204,Pastry | Search | Product High Intent | 2026-08-14,197968133726,Product | Pigmentation Serum,hyperpigmentation serum,NONE,pigmentation correction serum,EXACT,NEAR_EXACT,1,0,0.0,0,0,0,"raw/32_search_term_view_90d.json (2798 rows, uncapped)"
24142894204,Pastry | Search | Product High Intent | 2026-08-14,197968133726,Product | Pigmentation Serum,pigment correcting serum,NONE,pigmentation correction serum,EXACT,NEAR_EXACT,2,0,0.0,0,0,0,"raw/32_search_term_view_90d.json (2798 rows, uncapped)"
24142894204,Pastry | Search | Product High Intent | 2026-08-14,197968133726,Product | Pigmentation Serum,pigmentation serum,NONE,pigmentation correction serum,EXACT,NEAR_EXACT,1,0,0.0,0,0,0,"raw/32_search_term_view_90d.json (2798 rows, uncapped)"
24142894204,Pastry | Search | Product High Intent | 2026-08-14,197968133726,Product | Pigmentation Serum,pigmentation serums,NONE,pigmentation correction serum,EXACT,NEAR_EXACT,1,0,0.0,0,0,0,"raw/32_search_term_view_90d.json (2798 rows, uncapped)"
24142894204,Pastry | Search | Product High Intent | 2026-08-14,197968133726,Product | Pigmentation Serum,serum for dark spots,NONE,pigmentation correction serum,EXACT,NEAR_EXACT,1,0,0.0,0,0,0,"raw/32_search_term_view_90d.json (2798 rows, uncapped)"
24142894204,Pastry | Search | Product High Intent | 2026-08-14,197968133726,Product | Pigmentation Serum,serum to reduce dark spots and pigmentation,NONE,pigmentation correction serum,EXACT,NEAR_EXACT,1,0,0.0,0,0,0,"raw/32_search_term_view_90d.json (2798 rows, uncapped)"
24142894204,Pastry | Search | Product High Intent | 2026-08-14,197968133726,Product | Pigmentation Serum,serum to remove melasma,NONE,pigmentation correction serum,EXACT,NEAR_EXACT,1,0,0.0,0,0,0,"raw/32_search_term_view_90d.json (2798 rows, uncapped)"
24142894204,Pastry | Search | Product High Intent | 2026-08-14,197968133726,Product | Pigmentation Serum,serums for hyperpigmentation and dark spots,NONE,pigmentation correction serum,EXACT,NEAR_EXACT,1,0,0.0,0,0,0,"raw/32_search_term_view_90d.json (2798 rows, uncapped)"
24142894204,Pastry | Search | Product High Intent | 2026-08-14,197968133726,Product | Pigmentation Serum,skin discoloration serum,NONE,pigmentation correction serum,EXACT,NEAR_EXACT,1,0,0.0,0,0,0,"raw/32_search_term_view_90d.json (2798 rows, uncapped)"
24142894204,Pastry | Search | Product High Intent | 2026-08-14,197968133726,Product | Pigmentation Serum,spot serum,NONE,pigmentation correction serum,EXACT,NEAR_EXACT,1,0,0.0,0,0,0,"raw/32_search_term_view_90d.json (2798 rows, uncapped)"
24142894204,Pastry | Search | Product High Intent | 2026-08-14,197968133726,Product | Pigmentation Serum,stubborn pigmentation serum,NONE,pigmentation correction serum,EXACT,NEAR_EXACT,1,0,0.0,0,0,0,"raw/32_search_term_view_90d.json (2798 rows, uncapped)"
24142894204,Pastry | Search | Product High Intent | 2026-08-14,197968133726,Product | Pigmentation Serum,uneven skin tone serum,NONE,pigmentation correction serum,EXACT,NEAR_EXACT,1,0,0.0,0,0,0,"raw/32_search_term_view_90d.json (2798 rows, uncapped)"
24142894204,Pastry | Search | Product High Intent | 2026-08-14,197968133726,Product | Pigmentation Serum,what is the best serum for dark spots,NONE,pigmentation correction serum,EXACT,NEAR_EXACT,1,0,0.0,0,0,0,"raw/32_search_term_view_90d.json (2798 rows, uncapped)"
24142894204,Pastry | Search | Product High Intent | 2026-08-14,197968133726,Product | Pigmentation Serum,what is the best serum for hyperpigmentation,NONE,pigmentation correction serum,EXACT,NEAR_EXACT,1,0,0.0,0,0,0,"raw/32_search_term_view_90d.json (2798 rows, uncapped)"
24142894204,Pastry | Search | Product High Intent | 2026-08-14,197968133726,Product | Pigmentation Serum,which serum is good for pigmentation,NONE,pigmentation correction serum,EXACT,NEAR_EXACT,1,0,0.0,0,0,0,"raw/32_search_term_view_90d.json (2798 rows, uncapped)"
24142894204,Pastry | Search | Product High Intent | 2026-08-14,197968133886,Product | Salicylic Body Wash,1 salicylic acid body wash,NONE,salicylic acid body wash,EXACT,NEAR_EXACT,1,0,0.0,0,0,0,"raw/32_search_term_view_90d.json (2798 rows, uncapped)"
24142894204,Pastry | Search | Product High Intent | 2026-08-14,197968133886,Product | Salicylic Body Wash,acid body wash,NONE,salicylic acid body wash,EXACT,NEAR_EXACT,1,0,0.0,0,0,0,"raw/32_search_term_view_90d.json (2798 rows, uncapped)"
24142894204,Pastry | Search | Product High Intent | 2026-08-14,197968133886,Product | Salicylic Body Wash,best salicylic acid body wash,NONE,salicylic acid body wash,EXACT,NEAR_EXACT,3,0,0.0,0,0,0,"raw/32_search_term_view_90d.json (2798 rows, uncapped)"
24142894204,Pastry | Search | Product High Intent | 2026-08-14,197968133886,Product | Salicylic Body Wash,best salicylic acid for body,NONE,salicylic acid body wash,EXACT,NEAR_EXACT,2,0,0.0,0,0,0,"raw/32_search_term_view_90d.json (2798 rows, uncapped)"
24142894204,Pastry | Search | Product High Intent | 2026-08-14,197968133886,Product | Salicylic Body Wash,body salicylic acid,NONE,salicylic acid body wash,EXACT,NEAR_EXACT,1,0,0.0,0,0,0,"raw/32_search_term_view_90d.json (2798 rows, uncapped)"
24142894204,Pastry | Search | Product High Intent | 2026-08-14,197968133886,Product | Salicylic Body Wash,body scrub salicylic acid,NONE,salicylic acid body wash,EXACT,NEAR_EXACT,1,0,0.0,0,0,0,"raw/32_search_term_view_90d.json (2798 rows, uncapped)"
24142894204,Pastry | Search | Product High Intent | 2026-08-14,197968133886,Product | Salicylic Body Wash,body wash gel with salicylic acid,NONE,salicylic acid body wash,EXACT,NEAR_EXACT,1,0,0.0,0,0,0,"raw/32_search_term_view_90d.json (2798 rows, uncapped)"
24142894204,Pastry | Search | Product High Intent | 2026-08-14,197968133886,Product | Salicylic Body Wash,body wash salicylic acid,NONE,salicylic acid body wash,EXACT,NEAR_EXACT,1,0,0.0,0,0,0,"raw/32_search_term_view_90d.json (2798 rows, uncapped)"
24142894204,Pastry | Search | Product High Intent | 2026-08-14,197968133886,Product | Salicylic Body Wash,body wash that contains salicylic acid,NONE,salicylic acid body wash,EXACT,NEAR_EXACT,1,0,0.0,0,0,0,"raw/32_search_term_view_90d.json (2798 rows, uncapped)"
24142894204,Pastry | Search | Product High Intent | 2026-08-14,197968133886,Product | Salicylic Body Wash,body wash with salicylic acid,NONE,salicylic acid body wash,EXACT,NEAR_EXACT,23,0,0.0,0,0,0,"raw/32_search_term_view_90d.json (2798 rows, uncapped)"
24142894204,Pastry | Search | Product High Intent | 2026-08-14,197968133886,Product | Salicylic Body Wash,body washes containing salicylic acid,NONE,salicylic acid body wash,EXACT,NEAR_EXACT,1,0,0.0,0,0,0,"raw/32_search_term_view_90d.json (2798 rows, uncapped)"
24142894204,Pastry | Search | Product High Intent | 2026-08-14,197968133886,Product | Salicylic Body Wash,exfoliating body wash with salicylic acid,NONE,salicylic acid body wash,EXACT,NEAR_EXACT,1,0,0.0,0,0,0,"raw/32_search_term_view_90d.json (2798 rows, uncapped)"
24142894204,Pastry | Search | Product High Intent | 2026-08-14,197968133886,Product | Salicylic Body Wash,salicylic acid bha body wash,NONE,salicylic acid body wash,EXACT,NEAR_EXACT,2,0,0.0,0,0,0,"raw/32_search_term_view_90d.json (2798 rows, uncapped)"
24142894204,Pastry | Search | Product High Intent | 2026-08-14,197968133886,Product | Salicylic Body Wash,salicylic acid body care,NONE,salicylic acid body wash,EXACT,NEAR_EXACT,1,0,0.0,0,0,0,"raw/32_search_term_view_90d.json (2798 rows, uncapped)"
24142894204,Pastry | Search | Product High Intent | 2026-08-14,197968133886,Product | Salicylic Body Wash,salicylic acid body cleanser,NONE,salicylic acid body wash,EXACT,NEAR_EXACT,2,0,0.0,0,0,0,"raw/32_search_term_view_90d.json (2798 rows, uncapped)"
24142894204,Pastry | Search | Product High Intent | 2026-08-14,197968133886,Product | Salicylic Body Wash,salicylic acid body soap,NONE,salicylic acid body wash,EXACT,NEAR_EXACT,1,0,0.0,0,0,0,"raw/32_search_term_view_90d.json (2798 rows, uncapped)"
24142894204,Pastry | Search | Product High Intent | 2026-08-14,197968133886,Product | Salicylic Body Wash,salicylic acid body washes,NONE,salicylic acid body wash,EXACT,NEAR_EXACT,1,0,0.0,0,0,0,"raw/32_search_term_view_90d.json (2798 rows, uncapped)"
24142894204,Pastry | Search | Product High Intent | 2026-08-14,197968133886,Product | Salicylic Body Wash,salicylic acid for body,NONE,salicylic acid body wash,EXACT,NEAR_EXACT,2,0,0.0,0,0,0,"raw/32_search_term_view_90d.json (2798 rows, uncapped)"
24142894204,Pastry | Search | Product High Intent | 2026-08-14,197968133886,Product | Salicylic Body Wash,salicylic acid for body acne,NONE,salicylic acid body wash,EXACT,NEAR_EXACT,3,0,0.0,0,0,0,"raw/32_search_term_view_90d.json (2798 rows, uncapped)"
24142894204,Pastry | Search | Product High Intent | 2026-08-14,197968133886,Product | Salicylic Body Wash,salicylic acid for body skin,NONE,salicylic acid body wash,EXACT,NEAR_EXACT,1,0,0.0,0,0,0,"raw/32_search_term_view_90d.json (2798 rows, uncapped)"
24142894204,Pastry | Search | Product High Intent | 2026-08-14,197968133886,Product | Salicylic Body Wash,salicylic acid for body wash,NONE,salicylic acid body wash,EXACT,NEAR_EXACT,2,0,0.0,0,0,0,"raw/32_search_term_view_90d.json (2798 rows, uncapped)"
24142894204,Pastry | Search | Product High Intent | 2026-08-14,197968133886,Product | Salicylic Body Wash,salicylic acid scrub body,NONE,salicylic acid body wash,EXACT,NEAR_EXACT,1,0,0.0,0,0,0,"raw/32_search_term_view_90d.json (2798 rows, uncapped)"
24142894204,Pastry | Search | Product High Intent | 2026-08-14,197968133886,Product | Salicylic Body Wash,salicylic acid wash,NONE,salicylic acid body wash,EXACT,NEAR_EXACT,1,0,0.0,0,0,0,"raw/32_search_term_view_90d.json (2798 rows, uncapped)"
24142894204,Pastry | Search | Product High Intent | 2026-08-14,197968133886,Product | Salicylic Body Wash,salicylic acid wash for body,NONE,salicylic acid body wash,EXACT,NEAR_EXACT,5,0,0.0,0,0,0,"raw/32_search_term_view_90d.json (2798 rows, uncapped)"
24142894204,Pastry | Search | Product High Intent | 2026-08-14,197968133886,Product | Salicylic Body Wash,salicylic shower gel,NONE,salicylic acid body wash,EXACT,NEAR_EXACT,1,0,0.0,0,0,0,"raw/32_search_term_view_90d.json (2798 rows, uncapped)"
24142894204,Pastry | Search | Product High Intent | 2026-08-14,197968133886,Product | Salicylic Body Wash,shower gel containing salicylic acid,NONE,salicylic acid body wash,EXACT,NEAR_EXACT,1,0,0.0,0,0,0,"raw/32_search_term_view_90d.json (2798 rows, uncapped)"
24142894204,Pastry | Search | Product High Intent | 2026-08-14,197968133886,Product | Salicylic Body Wash,shower gel with salicylic acid,NONE,salicylic acid body wash,EXACT,NEAR_EXACT,3,0,0.0,0,0,0,"raw/32_search_term_view_90d.json (2798 rows, uncapped)"
24142894204,Pastry | Search | Product High Intent | 2026-08-14,197968133886,Product | Salicylic Body Wash,silicic acid body wash,NONE,salicylic acid body wash,EXACT,NEAR_EXACT,1,0,0.0,0,0,0,"raw/32_search_term_view_90d.json (2798 rows, uncapped)"
24142894204,Pastry | Search | Product High Intent | 2026-08-14,197968133886,Product | Salicylic Body Wash,the best salicylic acid body wash,NONE,salicylic acid body wash,EXACT,NEAR_EXACT,2,0,0.0,0,0,0,"raw/32_search_term_view_90d.json (2798 rows, uncapped)"
24142894204,Pastry | Search | Product High Intent | 2026-08-14,197968133886,Product | Salicylic Body Wash,2 salicylic acid body wash,NONE,salicylic acid body wash,PHRASE,PHRASE,5,0,0.0,0,0,0,"raw/32_search_term_view_90d.json (2798 rows, uncapped)"
24142894204,Pastry | Search | Product High Intent | 2026-08-14,197968133886,Product | Salicylic Body Wash,being kind salicylic acid body wash,NONE,salicylic acid body wash,PHRASE,PHRASE,10,0,0.0,0,0,0,"raw/32_search_term_view_90d.json (2798 rows, uncapped)"
24142894204,Pastry | Search | Product High Intent | 2026-08-14,197968133886,Product | Salicylic Body Wash,body wash with salicylic acid and benzoyl peroxide,NONE,salicylic acid body wash,PHRASE,PHRASE,3,0,0.0,0,0,0,"raw/32_search_term_view_90d.json (2798 rows, uncapped)"
24142894204,Pastry | Search | Product High Intent | 2026-08-14,197968133886,Product | Salicylic Body Wash,body wash with salicylic acid and glycolic acid,NONE,salicylic acid body wash,PHRASE,PHRASE,1,0,0.0,0,0,0,"raw/32_search_term_view_90d.json (2798 rows, uncapped)"
24142894204,Pastry | Search | Product High Intent | 2026-08-14,197968133886,Product | Salicylic Body Wash,cerave salicylic acid body wash,NONE,salicylic acid body wash,PHRASE,PHRASE,1,0,0.0,0,0,0,"raw/32_search_term_view_90d.json (2798 rows, uncapped)"
24142894204,Pastry | Search | Product High Intent | 2026-08-14,197968133886,Product | Salicylic Body Wash,naturium body wash salicylic acid,NONE,salicylic acid body wash,PHRASE,PHRASE,1,0,0.0,0,0,0,"raw/32_search_term_view_90d.json (2798 rows, uncapped)"
24142894204,Pastry | Search | Product High Intent | 2026-08-14,197968133886,Product | Salicylic Body Wash,naturium salicylic acid body wash,NONE,salicylic acid body wash,PHRASE,PHRASE,2,0,0.0,0,0,0,"raw/32_search_term_view_90d.json (2798 rows, uncapped)"
24142894204,Pastry | Search | Product High Intent | 2026-08-14,197968133886,Product | Salicylic Body Wash,naturium the perfector salicylic acid body wash,NONE,salicylic acid body wash,PHRASE,PHRASE,2,0,0.0,0,0,0,"raw/32_search_term_view_90d.json (2798 rows, uncapped)"
24142894204,Pastry | Search | Product High Intent | 2026-08-14,197968133886,Product | Salicylic Body Wash,neutrogena body clear body wash 2 salicylic acid,NONE,salicylic acid body wash,PHRASE,PHRASE,1,0,0.0,0,0,0,"raw/32_search_term_view_90d.json (2798 rows, uncapped)"
24142894204,Pastry | Search | Product High Intent | 2026-08-14,197968133886,Product | Salicylic Body Wash,salicylic acid body wash benefits,NONE,salicylic acid body wash,PHRASE,PHRASE,1,0,0.0,0,0,0,"raw/32_search_term_view_90d.json (2798 rows, uncapped)"
24142894204,Pastry | Search | Product High Intent | 2026-08-14,197968133886,Product | Salicylic Body Wash,salicylic acid body wash cerave,NONE,salicylic acid body wash,PHRASE,PHRASE,1,0,0.0,0,0,0,"raw/32_search_term_view_90d.json (2798 rows, uncapped)"
24142894204,Pastry | Search | Product High Intent | 2026-08-14,197968133886,Product | Salicylic Body Wash,salicylic acid body wash clicks,NONE,salicylic acid body wash,PHRASE,PHRASE,13,0,0.0,0,0,0,"raw/32_search_term_view_90d.json (2798 rows, uncapped)"
24142894204,Pastry | Search | Product High Intent | 2026-08-14,197968133886,Product | Salicylic Body Wash,salicylic acid body wash dischem,NONE,salicylic acid body wash,PHRASE,PHRASE,7,0,0.0,0,0,0,"raw/32_search_term_view_90d.json (2798 rows, uncapped)"
24142894204,Pastry | Search | Product High Intent | 2026-08-14,197968133886,Product | Salicylic Body Wash,salicylic acid body wash for keratosis pilaris,NONE,salicylic acid body wash,PHRASE,PHRASE,1,0,0.0,0,0,0,"raw/32_search_term_view_90d.json (2798 rows, uncapped)"
24142894204,Pastry | Search | Product High Intent | 2026-08-14,197968133886,Product | Salicylic Body Wash,salicylic acid body wash fragrance free,NONE,salicylic acid body wash,PHRASE,PHRASE,1,0,0.0,0,0,0,"raw/32_search_term_view_90d.json (2798 rows, uncapped)"
24142894204,Pastry | Search | Product High Intent | 2026-08-14,197968133886,Product | Salicylic Body Wash,salicylic acid body wash south africa,NONE,salicylic acid body wash,PHRASE,PHRASE,4,0,0.0,0,0,0,"raw/32_search_term_view_90d.json (2798 rows, uncapped)"
24142894204,Pastry | Search | Product High Intent | 2026-08-14,197968133886,Product | Salicylic Body Wash,the naturium salicylic acid body wash,NONE,salicylic acid body wash,PHRASE,PHRASE,1,0,0.0,0,0,0,"raw/32_search_term_view_90d.json (2798 rows, uncapped)"
24142894204,Pastry | Search | Product High Intent | 2026-08-14,197968133886,Product | Salicylic Body Wash,baren sencicative bha body wash,NONE,salicylic acid body wash,PHRASE,NEAR_PHRASE,3,0,0.0,0,0,0,"raw/32_search_term_view_90d.json (2798 rows, uncapped)"
24142894204,Pastry | Search | Product High Intent | 2026-08-14,197968133886,Product | Salicylic Body Wash,bha body wash,NONE,salicylic acid body wash,PHRASE,NEAR_PHRASE,16,0,0.0,0,0,0,"raw/32_search_term_view_90d.json (2798 rows, uncapped)"
24142894204,Pastry | Search | Product High Intent | 2026-08-14,197968133886,Product | Salicylic Body Wash,cerave sa body wash for rough & bumpy skin,NONE,salicylic acid body wash,PHRASE,NEAR_PHRASE,1,0,0.0,0,0,0,"raw/32_search_term_view_90d.json (2798 rows, uncapped)"
24142894204,Pastry | Search | Product High Intent | 2026-08-14,197968133886,Product | Salicylic Body Wash,cetaphil acne relief body wash,NONE,salicylic acid body wash,PHRASE,NEAR_PHRASE,1,0,0.0,0,0,0,"raw/32_search_term_view_90d.json (2798 rows, uncapped)"
24142894204,Pastry | Search | Product High Intent | 2026-08-14,197968133886,Product | Salicylic Body Wash,derma co body wash,NONE,salicylic acid body wash,PHRASE,NEAR_PHRASE,1,0,0.0,0,0,0,"raw/32_search_term_view_90d.json (2798 rows, uncapped)"
24142894204,Pastry | Search | Product High Intent | 2026-08-14,197968133886,Product | Salicylic Body Wash,differin body wash,NONE,salicylic acid body wash,PHRASE,NEAR_PHRASE,1,0,0.0,0,0,0,"raw/32_search_term_view_90d.json (2798 rows, uncapped)"
24142894204,Pastry | Search | Product High Intent | 2026-08-14,197968133886,Product | Salicylic Body Wash,la roche posay effaclar body wash,NONE,salicylic acid body wash,PHRASE,NEAR_PHRASE,1,0,0.0,0,0,0,"raw/32_search_term_view_90d.json (2798 rows, uncapped)"
24142894204,Pastry | Search | Product High Intent | 2026-08-14,197968133886,Product | Salicylic Body Wash,neutrogena body clear 2 salicylic acid,NONE,salicylic acid body wash,PHRASE,NEAR_PHRASE,1,0,0.0,0,0,0,"raw/32_search_term_view_90d.json (2798 rows, uncapped)"
24142894204,Pastry | Search | Product High Intent | 2026-08-14,197968133886,Product | Salicylic Body Wash,neutrogena body clear body wash,NONE,salicylic acid body wash,PHRASE,NEAR_PHRASE,1,0,0.0,0,0,0,"raw/32_search_term_view_90d.json (2798 rows, uncapped)"
24142894204,Pastry | Search | Product High Intent | 2026-08-14,197968133886,Product | Salicylic Body Wash,persistent body acne wash,NONE,salicylic acid body wash,PHRASE,NEAR_PHRASE,1,0,0.0,0,0,0,"raw/32_search_term_view_90d.json (2798 rows, uncapped)"
24142894204,Pastry | Search | Product High Intent | 2026-08-14,197968133886,Product | Salicylic Body Wash,rough and bumpy body wash,NONE,salicylic acid body wash,PHRASE,NEAR_PHRASE,1,0,0.0,0,0,0,"raw/32_search_term_view_90d.json (2798 rows, uncapped)"
24142894204,Pastry | Search | Product High Intent | 2026-08-14,197968133886,Product | Salicylic Body Wash,salicylic body wash south africa,NONE,salicylic acid body wash,PHRASE,NEAR_PHRASE,1,0,0.0,0,0,0,"raw/32_search_term_view_90d.json (2798 rows, uncapped)"
24142894204,Pastry | Search | Product High Intent | 2026-08-14,197968133886,Product | Salicylic Body Wash,skin functional bha body wash,NONE,salicylic acid body wash,PHRASE,NEAR_PHRASE,3,0,0.0,0,0,0,"raw/32_search_term_view_90d.json (2798 rows, uncapped)"
24142894204,Pastry | Search | Product High Intent | 2026-08-14,197968133966,Product | Vitamin C Body Cream,vitamin c body lotion,NONE,vitamin c body cream,EXACT,NEAR_EXACT,5,0,0.0,0,0,0,"raw/32_search_term_view_90d.json (2798 rows, uncapped)"
24142894204,Pastry | Search | Product High Intent | 2026-08-14,197968133966,Product | Vitamin C Body Cream,vitamin c cream body shop,NONE,body cream vitamin c,PHRASE,PHRASE,2,0,0.0,0,0,0,"raw/32_search_term_view_90d.json (2798 rows, uncapped)"
24142894204,Pastry | Search | Product High Intent | 2026-08-14,197968133966,Product | Vitamin C Body Cream,advanced clinicals vitamin c,NONE,body cream vitamin c,PHRASE,NEAR_PHRASE,2,0,0.0,0,0,0,"raw/32_search_term_view_90d.json (2798 rows, uncapped)"
24142894204,Pastry | Search | Product High Intent | 2026-08-14,197968133966,Product | Vitamin C Body Cream,advanced clinicals vitamin c body lotion,NONE,body cream vitamin c,PHRASE,NEAR_PHRASE,2,0,0.0,0,0,0,"raw/32_search_term_view_90d.json (2798 rows, uncapped)"
24142894204,Pastry | Search | Product High Intent | 2026-08-14,197968133966,Product | Vitamin C Body Cream,body lab vitamin c lotion,NONE,body cream vitamin c,PHRASE,NEAR_PHRASE,3,0,0.0,0,0,0,"raw/32_search_term_view_90d.json (2798 rows, uncapped)"
24142894204,Pastry | Search | Product High Intent | 2026-08-14,197968133966,Product | Vitamin C Body Cream,body shop vitamin c lotion,NONE,body cream vitamin c,PHRASE,NEAR_PHRASE,1,0,0.0,0,0,0,"raw/32_search_term_view_90d.json (2798 rows, uncapped)"
24142894204,Pastry | Search | Product High Intent | 2026-08-14,197968133966,Product | Vitamin C Body Cream,clicks body lotion turmeric vitamin c,NONE,body cream vitamin c,PHRASE,NEAR_PHRASE,1,0,0.0,0,0,0,"raw/32_search_term_view_90d.json (2798 rows, uncapped)"
24142894204,Pastry | Search | Product High Intent | 2026-08-14,197968133966,Product | Vitamin C Body Cream,clicks body lotion vitamin c,NONE,body cream vitamin c,PHRASE,NEAR_PHRASE,1,0,0.0,0,0,0,"raw/32_search_term_view_90d.json (2798 rows, uncapped)"
24142894204,Pastry | Search | Product High Intent | 2026-08-14,197968133966,Product | Vitamin C Body Cream,clicks vitamin c body lotion,NONE,body cream vitamin c,PHRASE,NEAR_PHRASE,1,0,0.0,0,0,0,"raw/32_search_term_view_90d.json (2798 rows, uncapped)"
24142894204,Pastry | Search | Product High Intent | 2026-08-14,197968133966,Product | Vitamin C Body Cream,medix 5.5 vitamin c cream,NONE,body cream vitamin c,PHRASE,NEAR_PHRASE,1,0,0.0,0,0,0,"raw/32_search_term_view_90d.json (2798 rows, uncapped)"
24142894204,Pastry | Search | Product High Intent | 2026-08-14,197968133966,Product | Vitamin C Body Cream,nivea c,NONE,body cream vitamin c,PHRASE,NEAR_PHRASE,1,0,0.0,0,0,0,"raw/32_search_term_view_90d.json (2798 rows, uncapped)"
24142894204,Pastry | Search | Product High Intent | 2026-08-14,197968133966,Product | Vitamin C Body Cream,olay vitamin c brightening body lotion,NONE,body cream vitamin c,PHRASE,NEAR_PHRASE,1,0,0.0,0,0,0,"raw/32_search_term_view_90d.json (2798 rows, uncapped)"
24142894204,Pastry | Search | Product High Intent | 2026-08-14,197968133966,Product | Vitamin C Body Cream,skin by zaron vitamin c body lotion,NONE,body cream vitamin c,PHRASE,NEAR_PHRASE,1,0,0.0,0,0,0,"raw/32_search_term_view_90d.json (2798 rows, uncapped)"
24142894204,Pastry | Search | Product High Intent | 2026-08-14,197968133966,Product | Vitamin C Body Cream,turmeric vitamin c body lotion,NONE,body cream vitamin c,PHRASE,NEAR_PHRASE,3,0,0.0,0,0,0,"raw/32_search_term_view_90d.json (2798 rows, uncapped)"
24142894204,Pastry | Search | Product High Intent | 2026-08-14,197968133966,Product | Vitamin C Body Cream,turmeric vitamin c lotion,NONE,body cream vitamin c,PHRASE,NEAR_PHRASE,1,0,0.0,0,0,0,"raw/32_search_term_view_90d.json (2798 rows, uncapped)"
24142894204,Pastry | Search | Product High Intent | 2026-08-14,197968133966,Product | Vitamin C Body Cream,vitamin body lotion,NONE,body cream vitamin c,PHRASE,NEAR_PHRASE,1,0,0.0,0,0,0,"raw/32_search_term_view_90d.json (2798 rows, uncapped)"
24142894204,Pastry | Search | Product High Intent | 2026-08-14,197968133966,Product | Vitamin C Body Cream,vitamin c advanced brightening cream,NONE,body cream vitamin c,PHRASE,NEAR_PHRASE,1,0,0.0,0,0,0,"raw/32_search_term_view_90d.json (2798 rows, uncapped)"
24142894204,Pastry | Search | Product High Intent | 2026-08-14,197968133966,Product | Vitamin C Body Cream,vitamin c body butter,NONE,body cream vitamin c,PHRASE,NEAR_PHRASE,1,0,0.0,0,0,0,"raw/32_search_term_view_90d.json (2798 rows, uncapped)"
24142894204,Pastry | Search | Product High Intent | 2026-08-14,197968133966,Product | Vitamin C Body Cream,vitamin c body lotion benefits,NONE,body cream vitamin c,PHRASE,NEAR_PHRASE,1,0,0.0,0,0,0,"raw/32_search_term_view_90d.json (2798 rows, uncapped)"
24142894204,Pastry | Search | Product High Intent | 2026-08-14,197968133966,Product | Vitamin C Body Cream,vitamin c body lotion body shop,NONE,body cream vitamin c,PHRASE,NEAR_PHRASE,1,0,0.0,0,0,0,"raw/32_search_term_view_90d.json (2798 rows, uncapped)"
24142894204,Pastry | Search | Product High Intent | 2026-08-14,197968133966,Product | Vitamin C Body Cream,vitamin c shea butter,NONE,body cream vitamin c,PHRASE,NEAR_PHRASE,1,0,0.0,0,0,0,"raw/32_search_term_view_90d.json (2798 rows, uncapped)"
24142894204,Pastry | Search | Product High Intent | 2026-08-14,197968133966,Product | Vitamin C Body Cream,where to buy skin by zaron body lotion,NONE,body cream vitamin c,PHRASE,NEAR_PHRASE,1,0,0.0,0,0,0,"raw/32_search_term_view_90d.json (2798 rows, uncapped)"
24142894204,Pastry | Search | Product High Intent | 2026-08-14,197968133966,Product | Vitamin C Body Cream,alana vitamin c lotion,NONE,vitamin c body cream,PHRASE,NEAR_PHRASE,2,0,0.0,0,0,0,"raw/32_search_term_view_90d.json (2798 rows, uncapped)"
24142894204,Pastry | Search | Product High Intent | 2026-08-14,197968133966,Product | Vitamin C Body Cream,clicks skincare collection turmeric vitamin c body lotion,NONE,vitamin c body cream,PHRASE,NEAR_PHRASE,1,0,0.0,0,0,0,"raw/32_search_term_view_90d.json (2798 rows, uncapped)"
24142894204,Pastry | Search | Product High Intent | 2026-08-14,197968133966,Product | Vitamin C Body Cream,kojic acid vitamin c body lotion,NONE,vitamin c body cream,PHRASE,NEAR_PHRASE,1,0,0.0,0,0,0,"raw/32_search_term_view_90d.json (2798 rows, uncapped)"
24142894204,Pastry | Search | Product High Intent | 2026-08-14,197968133966,Product | Vitamin C Body Cream,turmeric vitamin c body lotion,NONE,vitamin c body cream,PHRASE,NEAR_PHRASE,1,0,0.0,0,0,0,"raw/32_search_term_view_90d.json (2798 rows, uncapped)"
24142894204,Pastry | Search | Product High Intent | 2026-08-14,197968133966,Product | Vitamin C Body Cream,vitamin c body,NONE,vitamin c body cream,PHRASE,NEAR_PHRASE,2,0,0.0,0,0,0,"raw/32_search_term_view_90d.json (2798 rows, uncapped)"
24142894204,Pastry | Search | Product High Intent | 2026-08-14,197968133966,Product | Vitamin C Body Cream,body lotion with vitamin c,NONE,body cream vitamin c,EXACT,NEAR_EXACT,1,0,0.0,0,0,0,"raw/32_search_term_view_90d.json (2798 rows, uncapped)"
24142894204,Pastry | Search | Product High Intent | 2026-08-14,197968133966,Product | Vitamin C Body Cream,vitamin c brightening body lotion,NONE,body cream vitamin c,EXACT,NEAR_EXACT,1,0,0.0,0,0,0,"raw/32_search_term_view_90d.json (2798 rows, uncapped)"
24142894204,Pastry | Search | Product High Intent | 2026-08-14,197968133966,Product | Vitamin C Body Cream,vitamin c lotion,NONE,body cream vitamin c,EXACT,NEAR_EXACT,3,0,0.0,0,0,0,"raw/32_search_term_view_90d.json (2798 rows, uncapped)"
24142894204,Pastry | Search | Product High Intent | 2026-08-14,197968133966,Product | Vitamin C Body Cream,vitamin c lotion for body,NONE,body cream vitamin c,EXACT,NEAR_EXACT,1,0,0.0,0,0,0,"raw/32_search_term_view_90d.json (2798 rows, uncapped)"
24094997880,PNC_PASTRY_WAR_Search_Brand_20260803,198582692869,Pastry Skincare,puff pastry online shopping,NONE,pastry online,PHRASE,PHRASE,1,0,0.0,0,0,0,"raw/32_search_term_view_90d.json (2798 rows, uncapped)"
24094997880,PNC_PASTRY_WAR_Search_Brand_20260803,198582692869,Pastry Skincare,assorted french pastries,NONE,pastry online,PHRASE,NEAR_PHRASE,2,0,0.0,0,0,0,"raw/32_search_term_view_90d.json (2798 rows, uncapped)"
24094997880,PNC_PASTRY_WAR_Search_Brand_20260803,198582692869,Pastry Skincare,baked cheesecake for sale,NONE,pastry online,PHRASE,NEAR_PHRASE,1,0,0.0,0,0,0,"raw/32_search_term_view_90d.json (2798 rows, uncapped)"
24094997880,PNC_PASTRY_WAR_Search_Brand_20260803,198582692869,Pastry Skincare,black forest cake price,NONE,pastry online,PHRASE,NEAR_PHRASE,1,0,0.0,0,0,0,"raw/32_search_term_view_90d.json (2798 rows, uncapped)"
24094997880,PNC_PASTRY_WAR_Search_Brand_20260803,198582692869,Pastry Skincare,cake order online,NONE,pastry online,PHRASE,NEAR_PHRASE,3,0,0.0,0,0,0,"raw/32_search_term_view_90d.json (2798 rows, uncapped)"
24094997880,PNC_PASTRY_WAR_Search_Brand_20260803,198582692869,Pastry Skincare,chateau gateaux cakes,NONE,pastry online,PHRASE,NEAR_PHRASE,4,0,0.0,0,0,0,"raw/32_search_term_view_90d.json (2798 rows, uncapped)"
24094997880,PNC_PASTRY_WAR_Search_Brand_20260803,198582692869,Pastry Skincare,chateau gateaux cakes prices,NONE,pastry online,PHRASE,NEAR_PHRASE,3,0,0.0,0,0,0,"raw/32_search_term_view_90d.json (2798 rows, uncapped)"
24094997880,PNC_PASTRY_WAR_Search_Brand_20260803,198582692869,Pastry Skincare,cheesecake for sale,NONE,pastry online,PHRASE,NEAR_PHRASE,1,0,0.0,0,0,0,"raw/32_search_term_view_90d.json (2798 rows, uncapped)"
24094997880,PNC_PASTRY_WAR_Search_Brand_20260803,198582692869,Pastry Skincare,cup cakes for sale,NONE,pastry online,PHRASE,NEAR_PHRASE,1,0,0.0,0,0,0,"raw/32_search_term_view_90d.json (2798 rows, uncapped)"
24094997880,PNC_PASTRY_WAR_Search_Brand_20260803,198582692869,Pastry Skincare,order cake online,NONE,pastry online,PHRASE,NEAR_PHRASE,1,0,0.0,0,0,0,"raw/32_search_term_view_90d.json (2798 rows, uncapped)"
24094997880,PNC_PASTRY_WAR_Search_Brand_20260803,198582692869,Pastry Skincare,order cake online delivery,NONE,pastry online,PHRASE,NEAR_PHRASE,1,0,0.0,0,0,0,"raw/32_search_term_view_90d.json (2798 rows, uncapped)"
24094997880,PNC_PASTRY_WAR_Search_Brand_20260803,198582692869,Pastry Skincare,order cakes online,NONE,pastry online,PHRASE,NEAR_PHRASE,1,0,0.0,0,0,0,"raw/32_search_term_view_90d.json (2798 rows, uncapped)"
24094997880,PNC_PASTRY_WAR_Search_Brand_20260803,198582692869,Pastry Skincare,zounes delivery,NONE,pastry online,PHRASE,NEAR_PHRASE,1,0,0.0,0,0,0,"raw/32_search_term_view_90d.json (2798 rows, uncapped)"
24094997880,PNC_PASTRY_WAR_Search_Brand_20260803,198582692869,Pastry Skincare,where to buy pastry products,NONE,pastry products,PHRASE,PHRASE,2,0,0.0,0,0,0,"raw/32_search_term_view_90d.json (2798 rows, uncapped)"
24094997880,PNC_PASTRY_WAR_Search_Brand_20260803,198582692869,Pastry Skincare,pastey shop,NONE,pastry products,PHRASE,NEAR_PHRASE,3,0,0.0,0,0,0,"raw/32_search_term_view_90d.json (2798 rows, uncapped)"
24094997880,PNC_PASTRY_WAR_Search_Brand_20260803,198582692869,Pastry Skincare,pastry,NONE,pastry products,PHRASE,NEAR_PHRASE,3,0,0.0,0,0,0,"raw/32_search_term_view_90d.json (2798 rows, uncapped)"
24094997880,PNC_PASTRY_WAR_Search_Brand_20260803,198582692869,Pastry Skincare,pastry shop,NONE,pastry products,PHRASE,NEAR_PHRASE,1,0,0.0,0,0,0,"raw/32_search_term_view_90d.json (2798 rows, uncapped)"
24094997880,PNC_PASTRY_WAR_Search_Brand_20260803,198582692869,Pastry Skincare,pastry online,ADDED,pastry online,EXACT,EXACT,1,0,0.0,0,0,0,"raw/32_search_term_view_90d.json (2798 rows, uncapped)"
24094997880,PNC_PASTRY_WAR_Search_Brand_20260803,198582692869,Pastry Skincare,how to order pastry online,NONE,pastry online,EXACT,NEAR_EXACT,1,0,0.0,0,0,0,"raw/32_search_term_view_90d.json (2798 rows, uncapped)"
24094997880,PNC_PASTRY_WAR_Search_Brand_20260803,198582692869,Pastry Skincare,pastry goods,NONE,pastry products,EXACT,NEAR_EXACT,2,0,0.0,0,0,0,"raw/32_search_term_view_90d.json (2798 rows, uncapped)"
24094997880,PNC_PASTRY_WAR_Search_Brand_20260803,198582692869,Pastry Skincare,pastry,NONE,the pastry,PHRASE,NEAR_EXACT,1,0,0.0,0,0,0,"raw/32_search_term_view_90d.json (2798 rows, uncapped)"
24094997880,PNC_PASTRY_WAR_Search_Brand_20260803,198582692869,Pastry Skincare,pastry body,NONE,pastry skin,EXACT,NEAR_EXACT,2,0,0.0,0,0,0,"raw/32_search_term_view_90d.json (2798 rows, uncapped)"
24094997880,PNC_PASTRY_WAR_Search_Brand_20260803,198582692869,Pastry Skincare,pastry skincare shop near me,NONE,pastry skincare,PHRASE,PHRASE,1,0,0.0,0,0,0,"raw/32_search_term_view_90d.json (2798 rows, uncapped)"
24094997880,PNC_PASTRY_WAR_Search_Brand_20260803,198582692869,Pastry Skincare,pastry skincare store near me,NONE,pastry skincare,PHRASE,PHRASE,2,0,0.0,0,0,0,"raw/32_search_term_view_90d.json (2798 rows, uncapped)"
24094997880,PNC_PASTRY_WAR_Search_Brand_20260803,198582692869,Pastry Skincare,pastry skincare woolworths south africa,NONE,pastry skincare,PHRASE,PHRASE,2,0,0.0,0,0,0,"raw/32_search_term_view_90d.json (2798 rows, uncapped)"
24094997880,PNC_PASTRY_WAR_Search_Brand_20260803,198582692869,Pastry Skincare,pastry body mist,NONE,pastry skin care,PHRASE,NEAR_PHRASE,1,0,0.0,0,0,0,"raw/32_search_term_view_90d.json (2798 rows, uncapped)"
24094997880,PNC_PASTRY_WAR_Search_Brand_20260803,198582692869,Pastry Skincare,pastry clicks,NONE,pastry skin care,PHRASE,NEAR_PHRASE,1,0,0.0,0,0,0,"raw/32_search_term_view_90d.json (2798 rows, uncapped)"
24094997880,PNC_PASTRY_WAR_Search_Brand_20260803,198582692869,Pastry Skincare,pastry skin products,NONE,pastry skincare products,EXACT,NEAR_EXACT,1,0,0.0,0,0,0,"raw/32_search_term_view_90d.json (2798 rows, uncapped)"
24094997880,PNC_PASTRY_WAR_Search_Brand_20260803,198582692869,Pastry Skincare,where to buy pastry skincare,NONE,pastry skincare products,EXACT,NEAR_EXACT,1,0,0.0,0,0,0,"raw/32_search_term_view_90d.json (2798 rows, uncapped)"
24094997880,PNC_PASTRY_WAR_Search_Brand_20260803,198582692869,Pastry Skincare,pastry skincare shop near me,NONE,pastry skincare shop,EXACT,NEAR_EXACT,7,0,0.0,0,0,0,"raw/32_search_term_view_90d.json (2798 rows, uncapped)"
24094997880,PNC_PASTRY_WAR_Search_Brand_20260803,198582692869,Pastry Skincare,where can i buy pastry skincare,NONE,pastry skincare shop,EXACT,NEAR_EXACT,4,0,0.0,0,0,0,"raw/32_search_term_view_90d.json (2798 rows, uncapped)"
24094997880,PNC_PASTRY_WAR_Search_Brand_20260803,198582692869,Pastry Skincare,pastry mall of africa,NONE,pastry skin,PHRASE,NEAR_PHRASE,1,0,0.0,0,0,0,"raw/32_search_term_view_90d.json (2798 rows, uncapped)"
24094997880,PNC_PASTRY_WAR_Search_Brand_20260803,198582692869,Pastry Skincare,pastry menlyn,NONE,pasty skincare,PHRASE,NEAR_PHRASE,1,0,0.0,0,0,0,"raw/32_search_term_view_90d.json (2798 rows, uncapped)"
24094997880,PNC_PASTRY_WAR_Search_Brand_20260803,198582692869,Pastry Skincare,pastry skincare clicks,NONE,pastry skincare online,PHRASE,NEAR_PHRASE,5,0,0.0,0,0,0,"raw/32_search_term_view_90d.json (2798 rows, uncapped)"
24094997880,PNC_PASTRY_WAR_Search_Brand_20260803,198582692869,Pastry Skincare,pastry skincare shop near me,NONE,pastry skincare shop,PHRASE,NEAR_EXACT,1,0,0.0,0,0,0,"raw/32_search_term_view_90d.json (2798 rows, uncapped)"
24094997880,PNC_PASTRY_WAR_Search_Brand_20260803,198582692869,Pastry Skincare,pantry skin products,NONE,pantry skincare,PHRASE,PHRASE,1,0,0.0,0,0,0,"raw/32_search_term_view_90d.json (2798 rows, uncapped)"
24094997880,PNC_PASTRY_WAR_Search_Brand_20260803,198582692869,Pastry Skincare,pantry hand cream,NONE,pantry skincare,PHRASE,NEAR_PHRASE,1,0,0.0,0,0,0,"raw/32_search_term_view_90d.json (2798 rows, uncapped)"
24094997880,PNC_PASTRY_WAR_Search_Brand_20260803,198582692869,Pastry Skincare,pantry sunscreen,NONE,pantry skincare,PHRASE,NEAR_PHRASE,1,0,0.0,0,0,0,"raw/32_search_term_view_90d.json (2798 rows, uncapped)"
24094997880,PNC_PASTRY_WAR_Search_Brand_20260803,198582693029,Pastry Body Wash,pantry body wash,ADDED,pantry body wash,EXACT,EXACT,5,0,0.0,0,0,0,"raw/32_search_term_view_90d.json (2798 rows, uncapped)"
24094997880,PNC_PASTRY_WAR_Search_Brand_20260803,198582693029,Pastry Body Wash,pastry salicylic acid body wash,ADDED,pastry salicylic acid body wash,EXACT,EXACT,2,0,0.0,0,0,0,"raw/32_search_term_view_90d.json (2798 rows, uncapped)"
24094997880,PNC_PASTRY_WAR_Search_Brand_20260803,198582693029,Pastry Body Wash,pastry salicylic body wash,NONE,pastry salicylic acid body wash,EXACT,NEAR_EXACT,2,0,0.0,0,0,0,"raw/32_search_term_view_90d.json (2798 rows, uncapped)"
24094997880,PNC_PASTRY_WAR_Search_Brand_20260803,198582693029,Pastry Body Wash,pastry skincare salicylic acid body wash,NONE,pastry salicylic acid body wash,EXACT,NEAR_EXACT,1,0,0.0,0,0,0,"raw/32_search_term_view_90d.json (2798 rows, uncapped)"
24094997880,PNC_PASTRY_WAR_Search_Brand_20260803,198582693069,Pastry Hand Cream,pastry skincare hand cream,NONE,pastry hand cream,EXACT,NEAR_EXACT,1,0,0.0,0,0,0,"raw/32_search_term_view_90d.json (2798 rows, uncapped)"
24094997880,PNC_PASTRY_WAR_Search_Brand_20260803,198582693069,Pastry Hand Cream,pastry anti pigment hand cream,ADDED,pastry anti pigment hand cream,EXACT,EXACT,3,0,0.0,0,0,0,"raw/32_search_term_view_90d.json (2798 rows, uncapped)"
24094997880,PNC_PASTRY_WAR_Search_Brand_20260803,198582693109,Pastry Body Lotion,pantry body lotion,ADDED,pantry body lotion,EXACT,EXACT,1,0,0.0,0,0,0,"raw/32_search_term_view_90d.json (2798 rows, uncapped)"
24094997880,PNC_PASTRY_WAR_Search_Brand_20260803,198582693109,Pastry Body Lotion,pastry niacinamide body lotion,ADDED,pastry niacinamide body lotion,EXACT,EXACT,6,0,0.0,0,0,0,"raw/32_search_term_view_90d.json (2798 rows, uncapped)"
24094997880,PNC_PASTRY_WAR_Search_Brand_20260803,198582693109,Pastry Body Lotion,pastry skincare niacinamide body lotion,NONE,pastry niacinamide body lotion,EXACT,NEAR_EXACT,1,0,0.0,0,0,0,"raw/32_search_term_view_90d.json (2798 rows, uncapped)"
24094997880,PNC_PASTRY_WAR_Search_Brand_20260803,198582693109,Pastry Body Lotion,pastry body lotion price,ADDED,pastry body lotion price,EXACT,EXACT,2,0,0.0,0,0,0,"raw/32_search_term_view_90d.json (2798 rows, uncapped)"
24094997880,PNC_PASTRY_WAR_Search_Brand_20260803,198582693109,Pastry Body Lotion,pastry lotion price,NONE,pastry body lotion price,EXACT,NEAR_EXACT,1,0,0.0,0,0,0,"raw/32_search_term_view_90d.json (2798 rows, uncapped)"
24094997880,PNC_PASTRY_WAR_Search_Brand_20260803,198582693269,Pastry Body Oil,pastry brightening body oil,NONE,pastry body oil,EXACT,NEAR_EXACT,1,0,0.0,0,0,0,"raw/32_search_term_view_90d.json (2798 rows, uncapped)"
24094997880,PNC_PASTRY_WAR_Search_Brand_20260803,198582693349,Pastry Deodorant,pastry deodorant,ADDED,pastry deodorant,EXACT,EXACT,3,0,0.0,0,0,0,"raw/32_search_term_view_90d.json (2798 rows, uncapped)"
24094997880,PNC_PASTRY_WAR_Search_Brand_20260803,198582693349,Pastry Deodorant,pastry anti pigmentation deodorant,NONE,pastry deodorant,EXACT,NEAR_EXACT,3,0,0.0,0,0,0,"raw/32_search_term_view_90d.json (2798 rows, uncapped)"
24094997880,PNC_PASTRY_WAR_Search_Brand_20260803,198582693349,Pastry Deodorant,pastry deodorant roll on,NONE,pastry deodorant,EXACT,NEAR_EXACT,1,0,0.0,0,0,0,"raw/32_search_term_view_90d.json (2798 rows, uncapped)"
24094997880,PNC_PASTRY_WAR_Search_Brand_20260803,198582693349,Pastry Deodorant,pastry roll,NONE,pastry roll on,EXACT,NEAR_EXACT,3,0,0.0,0,0,0,"raw/32_search_term_view_90d.json (2798 rows, uncapped)"
24094997880,PNC_PASTRY_WAR_Search_Brand_20260803,198582693349,Pastry Deodorant,pastry skin roll on,NONE,pastry roll on,EXACT,NEAR_EXACT,1,0,0.0,0,0,0,"raw/32_search_term_view_90d.json (2798 rows, uncapped)"
24105712546,PNC_PASTRY_WAR_Search_Product_20260803,198582693509,Glycolic Body Wash,glycolic wash for body,NONE,glycolic body wash,EXACT,NEAR_EXACT,1,0,0.0,0,0,0,"raw/32_search_term_view_90d.json (2798 rows, uncapped)"
24105712546,PNC_PASTRY_WAR_Search_Product_20260803,198582693509,Glycolic Body Wash,best glycolic acid body wash,NONE,glycolic acid body wash,EXACT,NEAR_EXACT,1,0,0.0,0,0,0,"raw/32_search_term_view_90d.json (2798 rows, uncapped)"
24105712546,PNC_PASTRY_WAR_Search_Product_20260803,198582693509,Glycolic Body Wash,body glycolic acid,NONE,glycolic acid body wash,EXACT,NEAR_EXACT,1,0,0.0,0,0,0,"raw/32_search_term_view_90d.json (2798 rows, uncapped)"
24105712546,PNC_PASTRY_WAR_Search_Product_20260803,198582693509,Glycolic Body Wash,body washes with glycolic acid,NONE,glycolic acid body wash,EXACT,NEAR_EXACT,1,0,0.0,0,0,0,"raw/32_search_term_view_90d.json (2798 rows, uncapped)"
24105712546,PNC_PASTRY_WAR_Search_Product_20260803,198582693509,Glycolic Body Wash,glycolic acid body,NONE,glycolic acid body wash,EXACT,NEAR_EXACT,2,0,0.0,0,0,0,"raw/32_search_term_view_90d.json (2798 rows, uncapped)"
24105712546,PNC_PASTRY_WAR_Search_Product_20260803,198582693509,Glycolic Body Wash,glycolic acid body scrub,NONE,glycolic acid body wash,EXACT,NEAR_EXACT,2,0,0.0,0,0,0,"raw/32_search_term_view_90d.json (2798 rows, uncapped)"
24105712546,PNC_PASTRY_WAR_Search_Product_20260803,198582693509,Glycolic Body Wash,glycolic acid for body,NONE,glycolic acid body wash,EXACT,NEAR_EXACT,1,0,0.0,0,0,0,"raw/32_search_term_view_90d.json (2798 rows, uncapped)"
24105712546,PNC_PASTRY_WAR_Search_Product_20260803,198582693509,Glycolic Body Wash,glycolic acid for the body,NONE,glycolic acid body wash,EXACT,NEAR_EXACT,2,0,0.0,0,0,0,"raw/32_search_term_view_90d.json (2798 rows, uncapped)"
24105712546,PNC_PASTRY_WAR_Search_Product_20260803,198582693509,Glycolic Body Wash,glycolic acid scrub body,NONE,glycolic acid body wash,EXACT,NEAR_EXACT,1,0,0.0,0,0,0,"raw/32_search_term_view_90d.json (2798 rows, uncapped)"
24105712546,PNC_PASTRY_WAR_Search_Product_20260803,198582693509,Glycolic Body Wash,glycolic acid shower gel,NONE,glycolic acid body wash,EXACT,NEAR_EXACT,1,0,0.0,0,0,0,"raw/32_search_term_view_90d.json (2798 rows, uncapped)"
24105712546,PNC_PASTRY_WAR_Search_Product_20260803,198582693509,Glycolic Body Wash,glycolic acid wash,NONE,glycolic acid body wash,EXACT,NEAR_EXACT,3,0,0.0,0,0,0,"raw/32_search_term_view_90d.json (2798 rows, uncapped)"
24105712546,PNC_PASTRY_WAR_Search_Product_20260803,198582693509,Glycolic Body Wash,glycolic body scrub,NONE,glycolic acid body wash,EXACT,NEAR_EXACT,1,0,0.0,0,0,0,"raw/32_search_term_view_90d.json (2798 rows, uncapped)"
24105712546,PNC_PASTRY_WAR_Search_Product_20260803,198582693509,Glycolic Body Wash,glycolic wash,NONE,glycolic acid body wash,EXACT,NEAR_EXACT,2,0,0.0,0,0,0,"raw/32_search_term_view_90d.json (2798 rows, uncapped)"
24105712546,PNC_PASTRY_WAR_Search_Product_20260803,198582693509,Glycolic Body Wash,body lab glycolic acid body wash,NONE,glycolic body wash,PHRASE,PHRASE,2,0,0.0,0,0,0,"raw/32_search_term_view_90d.json (2798 rows, uncapped)"
24105712546,PNC_PASTRY_WAR_Search_Product_20260803,198582693509,Glycolic Body Wash,bodylab glycolic acid body wash,NONE,glycolic body wash,PHRASE,PHRASE,1,0,0.0,0,0,0,"raw/32_search_term_view_90d.json (2798 rows, uncapped)"
24105712546,PNC_PASTRY_WAR_Search_Product_20260803,198582693509,Glycolic Body Wash,dove glycolic serum body wash,NONE,glycolic body wash,PHRASE,PHRASE,3,0,0.0,0,0,0,"raw/32_search_term_view_90d.json (2798 rows, uncapped)"
24105712546,PNC_PASTRY_WAR_Search_Product_20260803,198582693509,Glycolic Body Wash,glycolic acid body wash dischem,NONE,glycolic body wash,PHRASE,PHRASE,2,0,0.0,0,0,0,"raw/32_search_term_view_90d.json (2798 rows, uncapped)"
24105712546,PNC_PASTRY_WAR_Search_Product_20260803,198582693509,Glycolic Body Wash,naturium glycolic body wash,NONE,glycolic body wash,PHRASE,PHRASE,2,0,0.0,0,0,0,"raw/32_search_term_view_90d.json (2798 rows, uncapped)"
24105712546,PNC_PASTRY_WAR_Search_Product_20260803,198582693549,Salicylic Body Wash,salicylic body wash,ADDED,salicylic body wash,EXACT,EXACT,16,0,0.0,0,0,0,"raw/32_search_term_view_90d.json (2798 rows, uncapped)"
24105712546,PNC_PASTRY_WAR_Search_Product_20260803,198582693549,Salicylic Body Wash,acid body wash,NONE,salicylic body wash,EXACT,NEAR_EXACT,1,0,0.0,0,0,0,"raw/32_search_term_view_90d.json (2798 rows, uncapped)"
24105712546,PNC_PASTRY_WAR_Search_Product_20260803,198582693549,Salicylic Body Wash,bathing soap with salicylic acid,NONE,salicylic body wash,EXACT,NEAR_EXACT,1,0,0.0,0,0,0,"raw/32_search_term_view_90d.json (2798 rows, uncapped)"
24105712546,PNC_PASTRY_WAR_Search_Product_20260803,198582693549,Salicylic Body Wash,body wash salicylic acid,NONE,salicylic body wash,EXACT,NEAR_EXACT,1,0,0.0,0,0,0,"raw/32_search_term_view_90d.json (2798 rows, uncapped)"
24105712546,PNC_PASTRY_WAR_Search_Product_20260803,198582693549,Salicylic Body Wash,body wash with salicylic acid,NONE,salicylic body wash,EXACT,NEAR_EXACT,5,0,0.0,0,0,0,"raw/32_search_term_view_90d.json (2798 rows, uncapped)"
24105712546,PNC_PASTRY_WAR_Search_Product_20260803,198582693549,Salicylic Body Wash,body washes with salicylic acid,NONE,salicylic body wash,EXACT,NEAR_EXACT,1,0,0.0,0,0,0,"raw/32_search_term_view_90d.json (2798 rows, uncapped)"
24105712546,PNC_PASTRY_WAR_Search_Product_20260803,198582693549,Salicylic Body Wash,sa body wash,NONE,salicylic body wash,EXACT,NEAR_EXACT,1,0,0.0,0,0,0,"raw/32_search_term_view_90d.json (2798 rows, uncapped)"
24105712546,PNC_PASTRY_WAR_Search_Product_20260803,198582693549,Salicylic Body Wash,salicylic acid bath,NONE,salicylic body wash,EXACT,NEAR_EXACT,1,0,0.0,0,0,0,"raw/32_search_term_view_90d.json (2798 rows, uncapped)"
24105712546,PNC_PASTRY_WAR_Search_Product_20260803,198582693549,Salicylic Body Wash,salicylic acid body and face wash,NONE,salicylic body wash,EXACT,NEAR_EXACT,1,0,0.0,0,0,0,"raw/32_search_term_view_90d.json (2798 rows, uncapped)"
24105712546,PNC_PASTRY_WAR_Search_Product_20260803,198582693549,Salicylic Body Wash,salicylic acid body cleanser,NONE,salicylic body wash,EXACT,NEAR_EXACT,1,0,0.0,0,0,0,"raw/32_search_term_view_90d.json (2798 rows, uncapped)"
24105712546,PNC_PASTRY_WAR_Search_Product_20260803,198582693549,Salicylic Body Wash,salicylic acid body soap,NONE,salicylic body wash,EXACT,NEAR_EXACT,2,0,0.0,0,0,0,"raw/32_search_term_view_90d.json (2798 rows, uncapped)"
24105712546,PNC_PASTRY_WAR_Search_Product_20260803,198582693549,Salicylic Body Wash,salicylic acid cleanser body,NONE,salicylic body wash,EXACT,NEAR_EXACT,3,0,0.0,0,0,0,"raw/32_search_term_view_90d.json (2798 rows, uncapped)"
24105712546,PNC_PASTRY_WAR_Search_Product_20260803,198582693549,Salicylic Body Wash,salicylic acid shower wash,NONE,salicylic body wash,EXACT,NEAR_EXACT,2,0,0.0,0,0,0,"raw/32_search_term_view_90d.json (2798 rows, uncapped)"
24105712546,PNC_PASTRY_WAR_Search_Product_20260803,198582693549,Salicylic Body Wash,salicylic acid wash,NONE,salicylic body wash,EXACT,NEAR_EXACT,4,0,0.0,0,0,0,"raw/32_search_term_view_90d.json (2798 rows, uncapped)"
24105712546,PNC_PASTRY_WAR_Search_Product_20260803,198582693549,Salicylic Body Wash,salicylic acid wash for body,NONE,salicylic body wash,EXACT,NEAR_EXACT,2,0,0.0,0,0,0,"raw/32_search_term_view_90d.json (2798 rows, uncapped)"
24105712546,PNC_PASTRY_WAR_Search_Product_20260803,198582693549,Salicylic Body Wash,shower gel with salicylic acid,NONE,salicylic body wash,EXACT,NEAR_EXACT,2,0,0.0,0,0,0,"raw/32_search_term_view_90d.json (2798 rows, uncapped)"
24105712546,PNC_PASTRY_WAR_Search_Product_20260803,198582693549,Salicylic Body Wash,2 percent salicylic acid body wash,NONE,salicylic body wash,PHRASE,PHRASE,2,0,0.0,0,0,0,"raw/32_search_term_view_90d.json (2798 rows, uncapped)"
24105712546,PNC_PASTRY_WAR_Search_Product_20260803,198582693549,Salicylic Body Wash,being kind salicylic acid body wash,NONE,salicylic body wash,PHRASE,PHRASE,15,0,0.0,0,0,0,"raw/32_search_term_view_90d.json (2798 rows, uncapped)"
24105712546,PNC_PASTRY_WAR_Search_Product_20260803,198582693549,Salicylic Body Wash,benefits of salicylic acid body wash,NONE,salicylic body wash,PHRASE,PHRASE,2,0,0.0,0,0,0,"raw/32_search_term_view_90d.json (2798 rows, uncapped)"
24105712546,PNC_PASTRY_WAR_Search_Product_20260803,198582693549,Salicylic Body Wash,benzoyl peroxide or salicylic acid body wash,NONE,salicylic body wash,PHRASE,PHRASE,1,0,0.0,0,0,0,"raw/32_search_term_view_90d.json (2798 rows, uncapped)"
24105712546,PNC_PASTRY_WAR_Search_Product_20260803,198582693549,Salicylic Body Wash,cerave body wash salicylic acid,NONE,salicylic body wash,PHRASE,PHRASE,1,0,0.0,0,0,0,"raw/32_search_term_view_90d.json (2798 rows, uncapped)"
24105712546,PNC_PASTRY_WAR_Search_Product_20260803,198582693549,Salicylic Body Wash,cerave salicylic acid body wash,NONE,salicylic body wash,PHRASE,PHRASE,2,0,0.0,0,0,0,"raw/32_search_term_view_90d.json (2798 rows, uncapped)"
24105712546,PNC_PASTRY_WAR_Search_Product_20260803,198582693549,Salicylic Body Wash,minimalist 2 salicylic acid body wash,NONE,salicylic body wash,PHRASE,PHRASE,2,0,0.0,0,0,0,"raw/32_search_term_view_90d.json (2798 rows, uncapped)"
24105712546,PNC_PASTRY_WAR_Search_Product_20260803,198582693549,Salicylic Body Wash,naturium salicylic acid body wash,NONE,salicylic body wash,PHRASE,PHRASE,1,0,0.0,0,0,0,"raw/32_search_term_view_90d.json (2798 rows, uncapped)"
24105712546,PNC_PASTRY_WAR_Search_Product_20260803,198582693549,Salicylic Body Wash,salicylic acid and benzoyl peroxide body wash,NONE,salicylic body wash,PHRASE,PHRASE,1,0,0.0,0,0,0,"raw/32_search_term_view_90d.json (2798 rows, uncapped)"
24105712546,PNC_PASTRY_WAR_Search_Product_20260803,198582693549,Salicylic Body Wash,salicylic acid body wash benefits,NONE,salicylic body wash,PHRASE,PHRASE,1,0,0.0,0,0,0,"raw/32_search_term_view_90d.json (2798 rows, uncapped)"
24105712546,PNC_PASTRY_WAR_Search_Product_20260803,198582693549,Salicylic Body Wash,salicylic acid body wash clicks,NONE,salicylic body wash,PHRASE,PHRASE,10,0,0.0,0,0,0,"raw/32_search_term_view_90d.json (2798 rows, uncapped)"
24105712546,PNC_PASTRY_WAR_Search_Product_20260803,198582693549,Salicylic Body Wash,salicylic acid body wash for keratosis pilaris,NONE,salicylic body wash,PHRASE,PHRASE,1,0,0.0,0,0,0,"raw/32_search_term_view_90d.json (2798 rows, uncapped)"
24105712546,PNC_PASTRY_WAR_Search_Product_20260803,198582693549,Salicylic Body Wash,salicylic acid body wash for men,NONE,salicylic body wash,PHRASE,PHRASE,2,0,0.0,0,0,0,"raw/32_search_term_view_90d.json (2798 rows, uncapped)"
24105712546,PNC_PASTRY_WAR_Search_Product_20260803,198582693549,Salicylic Body Wash,salicylic acid body wash naturium,NONE,salicylic body wash,PHRASE,PHRASE,2,0,0.0,0,0,0,"raw/32_search_term_view_90d.json (2798 rows, uncapped)"
24105712546,PNC_PASTRY_WAR_Search_Product_20260803,198582693549,Salicylic Body Wash,salicylic acid body wash review,NONE,salicylic body wash,PHRASE,PHRASE,2,0,0.0,0,0,0,"raw/32_search_term_view_90d.json (2798 rows, uncapped)"
24105712546,PNC_PASTRY_WAR_Search_Product_20260803,198582693549,Salicylic Body Wash,salicylic acid body wash south africa,NONE,salicylic body wash,PHRASE,PHRASE,6,0,0.0,0,0,0,"raw/32_search_term_view_90d.json (2798 rows, uncapped)"
24105712546,PNC_PASTRY_WAR_Search_Product_20260803,198582693549,Salicylic Body Wash,salicylic body wash south africa,NONE,salicylic body wash,PHRASE,PHRASE,4,0,0.0,0,0,0,"raw/32_search_term_view_90d.json (2798 rows, uncapped)"
24105712546,PNC_PASTRY_WAR_Search_Product_20260803,198582693549,Salicylic Body Wash,sanex salicylic acid body wash,NONE,salicylic body wash,PHRASE,PHRASE,2,0,0.0,0,0,0,"raw/32_search_term_view_90d.json (2798 rows, uncapped)"
24105712546,PNC_PASTRY_WAR_Search_Product_20260803,198582693549,Salicylic Body Wash,standard beauty salicylic acid body wash,NONE,salicylic body wash,PHRASE,PHRASE,2,0,0.0,0,0,0,"raw/32_search_term_view_90d.json (2798 rows, uncapped)"
24105712546,PNC_PASTRY_WAR_Search_Product_20260803,198582693549,Salicylic Body Wash,back acne body wash,NONE,salicylic body wash,PHRASE,NEAR_PHRASE,3,0,0.0,0,0,0,"raw/32_search_term_view_90d.json (2798 rows, uncapped)"
24105712546,PNC_PASTRY_WAR_Search_Product_20260803,198582693549,Salicylic Body Wash,baren sencicative bha body wash,NONE,salicylic body wash,PHRASE,NEAR_PHRASE,1,0,0.0,0,0,0,"raw/32_search_term_view_90d.json (2798 rows, uncapped)"
24105712546,PNC_PASTRY_WAR_Search_Product_20260803,198582693549,Salicylic Body Wash,bha body wash,NONE,salicylic body wash,PHRASE,NEAR_PHRASE,3,0,0.0,0,0,0,"raw/32_search_term_view_90d.json (2798 rows, uncapped)"
24105712546,PNC_PASTRY_WAR_Search_Product_20260803,198582693549,Salicylic Body Wash,bha shower gel,NONE,salicylic body wash,PHRASE,NEAR_PHRASE,1,0,0.0,0,0,0,"raw/32_search_term_view_90d.json (2798 rows, uncapped)"
24105712546,PNC_PASTRY_WAR_Search_Product_20260803,198582693549,Salicylic Body Wash,body clear acne wash,NONE,salicylic body wash,PHRASE,NEAR_PHRASE,2,0,0.0,0,0,0,"raw/32_search_term_view_90d.json (2798 rows, uncapped)"
24105712546,PNC_PASTRY_WAR_Search_Product_20260803,198582693549,Salicylic Body Wash,body clear wash,NONE,salicylic body wash,PHRASE,NEAR_PHRASE,2,0,0.0,0,0,0,"raw/32_search_term_view_90d.json (2798 rows, uncapped)"
24105712546,PNC_PASTRY_WAR_Search_Product_20260803,198582693549,Salicylic Body Wash,body wise body wash,NONE,salicylic body wash,PHRASE,NEAR_PHRASE,2,0,0.0,0,0,0,"raw/32_search_term_view_90d.json (2798 rows, uncapped)"
24105712546,PNC_PASTRY_WAR_Search_Product_20260803,198582693549,Salicylic Body Wash,cerave body wash for rough and bumpy skin,NONE,salicylic body wash,PHRASE,NEAR_PHRASE,1,0,0.0,0,0,0,"raw/32_search_term_view_90d.json (2798 rows, uncapped)"
24105712546,PNC_PASTRY_WAR_Search_Product_20260803,198582693549,Salicylic Body Wash,cerave sa body wash,NONE,salicylic body wash,PHRASE,NEAR_PHRASE,5,0,0.0,0,0,0,"raw/32_search_term_view_90d.json (2798 rows, uncapped)"
24105712546,PNC_PASTRY_WAR_Search_Product_20260803,198582693549,Salicylic Body Wash,cerave sa body wash rough and bumpy skin,NONE,salicylic body wash,PHRASE,NEAR_PHRASE,1,0,0.0,0,0,0,"raw/32_search_term_view_90d.json (2798 rows, uncapped)"
24105712546,PNC_PASTRY_WAR_Search_Product_20260803,198582693549,Salicylic Body Wash,dove acne body wash,NONE,salicylic body wash,PHRASE,NEAR_PHRASE,1,0,0.0,0,0,0,"raw/32_search_term_view_90d.json (2798 rows, uncapped)"
24105712546,PNC_PASTRY_WAR_Search_Product_20260803,198582693549,Salicylic Body Wash,dove acne clear body wash,NONE,salicylic body wash,PHRASE,NEAR_PHRASE,3,0,0.0,0,0,0,"raw/32_search_term_view_90d.json (2798 rows, uncapped)"
24105712546,PNC_PASTRY_WAR_Search_Product_20260803,198582693549,Salicylic Body Wash,neutrogena body clear acne body wash,NONE,salicylic body wash,PHRASE,NEAR_PHRASE,1,0,0.0,0,0,0,"raw/32_search_term_view_90d.json (2798 rows, uncapped)"
24105712546,PNC_PASTRY_WAR_Search_Product_20260803,198582693549,Salicylic Body Wash,neutrogena body clear body wash,NONE,salicylic body wash,PHRASE,NEAR_PHRASE,5,0,0.0,0,0,0,"raw/32_search_term_view_90d.json (2798 rows, uncapped)"
24105712546,PNC_PASTRY_WAR_Search_Product_20260803,198582693549,Salicylic Body Wash,neutrogena body clear body wash 2 sa,NONE,salicylic body wash,PHRASE,NEAR_PHRASE,2,0,0.0,0,0,0,"raw/32_search_term_view_90d.json (2798 rows, uncapped)"
24105712546,PNC_PASTRY_WAR_Search_Product_20260803,198582693549,Salicylic Body Wash,salicylic acid cleanser naturium,NONE,salicylic body wash,PHRASE,NEAR_PHRASE,1,0,0.0,0,0,0,"raw/32_search_term_view_90d.json (2798 rows, uncapped)"
24105712546,PNC_PASTRY_WAR_Search_Product_20260803,198582693549,Salicylic Body Wash,skin functional bha body wash,NONE,salicylic body wash,PHRASE,NEAR_PHRASE,3,0,0.0,0,0,0,"raw/32_search_term_view_90d.json (2798 rows, uncapped)"
24105712546,PNC_PASTRY_WAR_Search_Product_20260803,198582693549,Salicylic Body Wash,some by mi body wash,NONE,salicylic body wash,PHRASE,NEAR_PHRASE,3,0,0.0,0,0,0,"raw/32_search_term_view_90d.json (2798 rows, uncapped)"
24105712546,PNC_PASTRY_WAR_Search_Product_20260803,198582693549,Salicylic Body Wash,the ordinary acne body wash,NONE,salicylic body wash,PHRASE,NEAR_PHRASE,1,0,0.0,0,0,0,"raw/32_search_term_view_90d.json (2798 rows, uncapped)"
24105712546,PNC_PASTRY_WAR_Search_Product_20260803,198582693549,Salicylic Body Wash,salicylic acid body scrub,NONE,salicylic acid body wash,EXACT,NEAR_EXACT,3,0,0.0,0,0,0,"raw/32_search_term_view_90d.json (2798 rows, uncapped)"
24105712546,PNC_PASTRY_WAR_Search_Product_20260803,198582693549,Salicylic Body Wash,body wash with niacinamide and salicylic acid,NONE,salicylic acid body wash,PHRASE,PHRASE,1,0,0.0,0,0,0,"raw/32_search_term_view_90d.json (2798 rows, uncapped)"
24105712546,PNC_PASTRY_WAR_Search_Product_20260803,198582693549,Salicylic Body Wash,gel douche cerave,NONE,salicylic acid body wash,PHRASE,NEAR_PHRASE,1,0,0.0,0,0,0,"raw/32_search_term_view_90d.json (2798 rows, uncapped)"
24105712546,PNC_PASTRY_WAR_Search_Product_20260803,198582693549,Salicylic Body Wash,some by mi body wash,NONE,salicylic acid body wash,PHRASE,NEAR_PHRASE,1,0,0.0,0,0,0,"raw/32_search_term_view_90d.json (2798 rows, uncapped)"
24105712546,PNC_PASTRY_WAR_Search_Product_20260803,198582693549,Salicylic Body Wash,standard beauty body wash,NONE,salicylic acid body wash,PHRASE,NEAR_PHRASE,2,0,0.0,0,0,0,"raw/32_search_term_view_90d.json (2798 rows, uncapped)"
24105712546,PNC_PASTRY_WAR_Search_Product_20260803,198582693589,Mandelic Body Wash,mandelic acid body wash,ADDED,mandelic acid body wash,EXACT,EXACT,11,0,0.0,0,0,0,"raw/32_search_term_view_90d.json (2798 rows, uncapped)"
24105712546,PNC_PASTRY_WAR_Search_Product_20260803,198582693589,Mandelic Body Wash,naturium body wash mandelic acid,NONE,mandelic acid body wash,EXACT,NEAR_EXACT,1,0,0.0,0,0,0,"raw/32_search_term_view_90d.json (2798 rows, uncapped)"
24105712546,PNC_PASTRY_WAR_Search_Product_20260803,198582693589,Mandelic Body Wash,naturium mandelic acid body wash,NONE,mandelic acid body wash,EXACT,NEAR_EXACT,2,0,0.0,0,0,0,"raw/32_search_term_view_90d.json (2798 rows, uncapped)"
24105712546,PNC_PASTRY_WAR_Search_Product_20260803,198582693589,Mandelic Body Wash,the energizer mandelic acid body wash,NONE,mandelic acid body wash,PHRASE,PHRASE,1,0,0.0,0,0,0,"raw/32_search_term_view_90d.json (2798 rows, uncapped)"
24105712546,PNC_PASTRY_WAR_Search_Product_20260803,198582693589,Mandelic Body Wash,mandelic body wash,ADDED,mandelic body wash,EXACT,EXACT,3,0,0.0,0,0,0,"raw/32_search_term_view_90d.json (2798 rows, uncapped)"
24105712546,PNC_PASTRY_WAR_Search_Product_20260803,198582693589,Mandelic Body Wash,body wash mandelic acid,NONE,mandelic body wash,EXACT,NEAR_EXACT,1,0,0.0,0,0,0,"raw/32_search_term_view_90d.json (2798 rows, uncapped)"
24105712546,PNC_PASTRY_WAR_Search_Product_20260803,198582693589,Mandelic Body Wash,body wash with mandelic acid,NONE,mandelic body wash,EXACT,NEAR_EXACT,1,0,0.0,0,0,0,"raw/32_search_term_view_90d.json (2798 rows, uncapped)"
24105712546,PNC_PASTRY_WAR_Search_Product_20260803,198582693589,Mandelic Body Wash,mandelic acid wash,NONE,mandelic body wash,EXACT,NEAR_EXACT,1,0,0.0,0,0,0,"raw/32_search_term_view_90d.json (2798 rows, uncapped)"
24105712546,PNC_PASTRY_WAR_Search_Product_20260803,198582693749,Anti-Pigment Hand Cream,anti pigmentation hand cream,ADDED,anti pigmentation hand cream,EXACT,EXACT,2,0,0.0,0,0,0,"raw/32_search_term_view_90d.json (2798 rows, uncapped)"
24105712546,PNC_PASTRY_WAR_Search_Product_20260803,198582693749,Anti-Pigment Hand Cream,brightening cream for hands,NONE,anti pigmentation hand cream,EXACT,NEAR_EXACT,2,0,0.0,0,0,0,"raw/32_search_term_view_90d.json (2798 rows, uncapped)"
24105712546,PNC_PASTRY_WAR_Search_Product_20260803,198582693749,Anti-Pigment Hand Cream,brightening hand cream,NONE,anti pigmentation hand cream,EXACT,NEAR_EXACT,5,0,0.0,0,0,0,"raw/32_search_term_view_90d.json (2798 rows, uncapped)"
24105712546,PNC_PASTRY_WAR_Search_Product_20260803,198582693749,Anti-Pigment Hand Cream,dark hands cream,NONE,anti pigmentation hand cream,EXACT,NEAR_EXACT,1,0,0.0,0,0,0,"raw/32_search_term_view_90d.json (2798 rows, uncapped)"
24105712546,PNC_PASTRY_WAR_Search_Product_20260803,198582693749,Anti-Pigment Hand Cream,hand brightening cream,NONE,anti pigmentation hand cream,EXACT,NEAR_EXACT,3,0,0.0,0,0,0,"raw/32_search_term_view_90d.json (2798 rows, uncapped)"
24105712546,PNC_PASTRY_WAR_Search_Product_20260803,198582693749,Anti-Pigment Hand Cream,hand cream brightening,NONE,anti pigmentation hand cream,EXACT,NEAR_EXACT,1,0,0.0,0,0,0,"raw/32_search_term_view_90d.json (2798 rows, uncapped)"
24105712546,PNC_PASTRY_WAR_Search_Product_20260803,198582693749,Anti-Pigment Hand Cream,hand cream to brighten hands,NONE,anti pigmentation hand cream,EXACT,NEAR_EXACT,2,0,0.0,0,0,0,"raw/32_search_term_view_90d.json (2798 rows, uncapped)"
24105712546,PNC_PASTRY_WAR_Search_Product_20260803,198582693749,Anti-Pigment Hand Cream,hand cream to lighten hands,NONE,anti pigmentation hand cream,EXACT,NEAR_EXACT,1,0,0.0,0,0,0,"raw/32_search_term_view_90d.json (2798 rows, uncapped)"
24105712546,PNC_PASTRY_WAR_Search_Product_20260803,198582693749,Anti-Pigment Hand Cream,hands brightening cream,NONE,anti pigmentation hand cream,EXACT,NEAR_EXACT,1,0,0.0,0,0,0,"raw/32_search_term_view_90d.json (2798 rows, uncapped)"
24105712546,PNC_PASTRY_WAR_Search_Product_20260803,198582693749,Anti-Pigment Hand Cream,hyperpigmentation cream for hands,NONE,anti pigmentation hand cream,EXACT,NEAR_EXACT,2,0,0.0,0,0,0,"raw/32_search_term_view_90d.json (2798 rows, uncapped)"
24105712546,PNC_PASTRY_WAR_Search_Product_20260803,198582693749,Anti-Pigment Hand Cream,hyperpigmentation treatment for hands,NONE,anti pigmentation hand cream,EXACT,NEAR_EXACT,1,0,0.0,0,0,0,"raw/32_search_term_view_90d.json (2798 rows, uncapped)"
24105712546,PNC_PASTRY_WAR_Search_Product_20260803,198582693749,Anti-Pigment Hand Cream,anti pigment hand cream,ADDED,anti pigment hand cream,EXACT,EXACT,8,0,0.0,0,0,0,"raw/32_search_term_view_90d.json (2798 rows, uncapped)"
24105712546,PNC_PASTRY_WAR_Search_Product_20260803,198582693749,Anti-Pigment Hand Cream,pigmentation hand cream,ADDED,pigmentation hand cream,EXACT,EXACT,1,0,0.0,0,0,0,"raw/32_search_term_view_90d.json (2798 rows, uncapped)"
24105712546,PNC_PASTRY_WAR_Search_Product_20260803,198582693749,Anti-Pigment Hand Cream,best cream for dark spots on hands,NONE,pigmentation hand cream,EXACT,NEAR_EXACT,1,0,0.0,0,0,0,"raw/32_search_term_view_90d.json (2798 rows, uncapped)"
24105712546,PNC_PASTRY_WAR_Search_Product_20260803,198582693749,Anti-Pigment Hand Cream,best hand cream for hyperpigmentation,NONE,pigmentation hand cream,EXACT,NEAR_EXACT,1,0,0.0,0,0,0,"raw/32_search_term_view_90d.json (2798 rows, uncapped)"
24105712546,PNC_PASTRY_WAR_Search_Product_20260803,198582693749,Anti-Pigment Hand Cream,brightening hand cream,NONE,pigmentation hand cream,EXACT,NEAR_EXACT,2,0,0.0,0,0,0,"raw/32_search_term_view_90d.json (2798 rows, uncapped)"
24105712546,PNC_PASTRY_WAR_Search_Product_20260803,198582693749,Anti-Pigment Hand Cream,brightening hand lotion,NONE,pigmentation hand cream,EXACT,NEAR_EXACT,1,0,0.0,0,0,0,"raw/32_search_term_view_90d.json (2798 rows, uncapped)"
24105712546,PNC_PASTRY_WAR_Search_Product_20260803,198582693749,Anti-Pigment Hand Cream,hand brightening cream,NONE,pigmentation hand cream,EXACT,NEAR_EXACT,1,0,0.0,0,0,0,"raw/32_search_term_view_90d.json (2798 rows, uncapped)"
24105712546,PNC_PASTRY_WAR_Search_Product_20260803,198582693749,Anti-Pigment Hand Cream,hands brightening cream,NONE,pigmentation hand cream,EXACT,NEAR_EXACT,1,0,0.0,0,0,0,"raw/32_search_term_view_90d.json (2798 rows, uncapped)"
24105712546,PNC_PASTRY_WAR_Search_Product_20260803,198582693749,Anti-Pigment Hand Cream,hands whitening cream,NONE,pigmentation hand cream,EXACT,NEAR_EXACT,2,0,0.0,0,0,0,"raw/32_search_term_view_90d.json (2798 rows, uncapped)"
24105712546,PNC_PASTRY_WAR_Search_Product_20260803,198582693749,Anti-Pigment Hand Cream,dark knuckles cream at clicks,NONE,anti pigmentation hand cream,PHRASE,NEAR_PHRASE,1,0,0.0,0,0,0,"raw/32_search_term_view_90d.json (2798 rows, uncapped)"
24105712546,PNC_PASTRY_WAR_Search_Product_20260803,198582693749,Anti-Pigment Hand Cream,eucerin hyaluron filler hand cream,NONE,anti pigmentation hand cream,PHRASE,NEAR_PHRASE,2,0,0.0,0,0,0,"raw/32_search_term_view_90d.json (2798 rows, uncapped)"
24105712546,PNC_PASTRY_WAR_Search_Product_20260803,198582693749,Anti-Pigment Hand Cream,hand cream for dark knuckles,NONE,anti pigmentation hand cream,PHRASE,NEAR_PHRASE,1,0,0.0,0,0,0,"raw/32_search_term_view_90d.json (2798 rows, uncapped)"
24105712546,PNC_PASTRY_WAR_Search_Product_20260803,198582693749,Anti-Pigment Hand Cream,knuckles cream,NONE,anti pigmentation hand cream,PHRASE,NEAR_PHRASE,1,0,0.0,0,0,0,"raw/32_search_term_view_90d.json (2798 rows, uncapped)"
24105712546,PNC_PASTRY_WAR_Search_Product_20260803,198582693749,Anti-Pigment Hand Cream,knuckles cream at clicks,NONE,anti pigmentation hand cream,PHRASE,NEAR_PHRASE,2,0,0.0,0,0,0,"raw/32_search_term_view_90d.json (2798 rows, uncapped)"
24105712546,PNC_PASTRY_WAR_Search_Product_20260803,198582693749,Anti-Pigment Hand Cream,kojic acid hand cream,NONE,anti pigmentation hand cream,PHRASE,NEAR_PHRASE,1,0,0.0,0,0,0,"raw/32_search_term_view_90d.json (2798 rows, uncapped)"
24105712546,PNC_PASTRY_WAR_Search_Product_20260803,198582693749,Anti-Pigment Hand Cream,lightening hand cream,NONE,anti pigmentation hand cream,PHRASE,NEAR_PHRASE,2,0,0.0,0,0,0,"raw/32_search_term_view_90d.json (2798 rows, uncapped)"
24105712546,PNC_PASTRY_WAR_Search_Product_20260803,198582693749,Anti-Pigment Hand Cream,permanent hand whitening cream at clicks,NONE,anti pigmentation hand cream,PHRASE,NEAR_PHRASE,4,0,0.0,0,0,0,"raw/32_search_term_view_90d.json (2798 rows, uncapped)"
24105712546,PNC_PASTRY_WAR_Search_Product_20260803,198582693749,Anti-Pigment Hand Cream,which hand cream is best for dark knuckles,NONE,anti pigmentation hand cream,PHRASE,NEAR_PHRASE,2,0,0.0,0,0,0,"raw/32_search_term_view_90d.json (2798 rows, uncapped)"
24105712546,PNC_PASTRY_WAR_Search_Product_20260803,198582693749,Anti-Pigment Hand Cream,eucerin even pigment perfector hand cream,NONE,pigmentation hand cream,PHRASE,PHRASE,1,0,0.0,0,0,0,"raw/32_search_term_view_90d.json (2798 rows, uncapped)"
24105712546,PNC_PASTRY_WAR_Search_Product_20260803,198582693749,Anti-Pigment Hand Cream,alpha arbutin hand cream,NONE,pigmentation hand cream,PHRASE,NEAR_PHRASE,1,0,0.0,0,0,0,"raw/32_search_term_view_90d.json (2798 rows, uncapped)"
24105712546,PNC_PASTRY_WAR_Search_Product_20260803,198582693749,Anti-Pigment Hand Cream,clarins creme mains multi intensive,NONE,pigmentation hand cream,PHRASE,NEAR_PHRASE,1,0,0.0,0,0,0,"raw/32_search_term_view_90d.json (2798 rows, uncapped)"
24105712546,PNC_PASTRY_WAR_Search_Product_20260803,198582693749,Anti-Pigment Hand Cream,dark knuckles hand cream,NONE,pigmentation hand cream,PHRASE,NEAR_PHRASE,6,0,0.0,0,0,0,"raw/32_search_term_view_90d.json (2798 rows, uncapped)"
24105712546,PNC_PASTRY_WAR_Search_Product_20260803,198582693749,Anti-Pigment Hand Cream,fixderma brightening hand cream,NONE,pigmentation hand cream,PHRASE,NEAR_PHRASE,1,0,0.0,0,0,0,"raw/32_search_term_view_90d.json (2798 rows, uncapped)"
24105712546,PNC_PASTRY_WAR_Search_Product_20260803,198582693749,Anti-Pigment Hand Cream,hand cream with kojic acid,NONE,pigmentation hand cream,PHRASE,NEAR_PHRASE,1,0,0.0,0,0,0,"raw/32_search_term_view_90d.json (2798 rows, uncapped)"
24105712546,PNC_PASTRY_WAR_Search_Product_20260803,198582693749,Anti-Pigment Hand Cream,hand whitening cream,NONE,pigmentation hand cream,PHRASE,NEAR_PHRASE,2,0,0.0,0,0,0,"raw/32_search_term_view_90d.json (2798 rows, uncapped)"
24105712546,PNC_PASTRY_WAR_Search_Product_20260803,198582693749,Anti-Pigment Hand Cream,hand whitening cream at clicks,NONE,pigmentation hand cream,PHRASE,NEAR_PHRASE,4,0,0.0,0,0,0,"raw/32_search_term_view_90d.json (2798 rows, uncapped)"
24105712546,PNC_PASTRY_WAR_Search_Product_20260803,198582693749,Anti-Pigment Hand Cream,hands dark spot remover,NONE,pigmentation hand cream,PHRASE,NEAR_PHRASE,1,0,0.0,0,0,0,"raw/32_search_term_view_90d.json (2798 rows, uncapped)"
24105712546,PNC_PASTRY_WAR_Search_Product_20260803,198582693749,Anti-Pigment Hand Cream,hands whitening cream,NONE,pigmentation hand cream,PHRASE,NEAR_PHRASE,1,0,0.0,0,0,0,"raw/32_search_term_view_90d.json (2798 rows, uncapped)"
24105712546,PNC_PASTRY_WAR_Search_Product_20260803,198582693749,Anti-Pigment Hand Cream,permanent hand whitening cream at clicks,NONE,pigmentation hand cream,PHRASE,NEAR_PHRASE,4,0,0.0,0,0,0,"raw/32_search_term_view_90d.json (2798 rows, uncapped)"
24105712546,PNC_PASTRY_WAR_Search_Product_20260803,198582693749,Anti-Pigment Hand Cream,which is the best cream for hand whitening,NONE,pigmentation hand cream,PHRASE,NEAR_PHRASE,1,0,0.0,0,0,0,"raw/32_search_term_view_90d.json (2798 rows, uncapped)"
24105712546,PNC_PASTRY_WAR_Search_Product_20260803,198582693749,Anti-Pigment Hand Cream,eucerin anti pigment hand cream,NONE,anti pigment hand cream,PHRASE,PHRASE,1,0,0.0,0,0,0,"raw/32_search_term_view_90d.json (2798 rows, uncapped)"
24105712546,PNC_PASTRY_WAR_Search_Product_20260803,198582693749,Anti-Pigment Hand Cream,eucerin hyaluron filler elasticity age spot correcting hand cream,NONE,anti pigment hand cream,PHRASE,NEAR_PHRASE,1,0,0.0,0,0,0,"raw/32_search_term_view_90d.json (2798 rows, uncapped)"
24105712546,PNC_PASTRY_WAR_Search_Product_20260803,198582693749,Anti-Pigment Hand Cream,eucerin hyaluron filler elasticity age spot correcting hand cream spf 30,NONE,anti pigment hand cream,PHRASE,NEAR_PHRASE,1,0,0.0,0,0,0,"raw/32_search_term_view_90d.json (2798 rows, uncapped)"
24105712546,PNC_PASTRY_WAR_Search_Product_20260803,198582693749,Anti-Pigment Hand Cream,eucerin anti pigment hand cream spf 30,NONE,anti pigment hand cream spf30,EXACT,NEAR_EXACT,1,0,0.0,0,0,0,"raw/32_search_term_view_90d.json (2798 rows, uncapped)"
24105712546,PNC_PASTRY_WAR_Search_Product_20260803,198582693749,Anti-Pigment Hand Cream,eucerin hyaluron filler elasticity hand cream spf 30,NONE,anti pigment hand cream spf30,PHRASE,NEAR_PHRASE,1,0,0.0,0,0,0,"raw/32_search_term_view_90d.json (2798 rows, uncapped)"
24105712546,PNC_PASTRY_WAR_Search_Product_20260803,198582693789,Niacinamide Body Lotion,niacinamide lotion,ADDED,niacinamide lotion,EXACT,EXACT,15,0,0.0,0,0,0,"raw/32_search_term_view_90d.json (2798 rows, uncapped)"
24105712546,PNC_PASTRY_WAR_Search_Product_20260803,198582693789,Niacinamide Body Lotion,body lotion niacinamide,NONE,niacinamide lotion,EXACT,NEAR_EXACT,1,0,0.0,0,0,0,"raw/32_search_term_view_90d.json (2798 rows, uncapped)"
24105712546,PNC_PASTRY_WAR_Search_Product_20260803,198582693789,Niacinamide Body Lotion,body lotion with niacinamide,NONE,niacinamide lotion,EXACT,NEAR_EXACT,5,0,0.0,0,0,0,"raw/32_search_term_view_90d.json (2798 rows, uncapped)"
24105712546,PNC_PASTRY_WAR_Search_Product_20260803,198582693789,Niacinamide Body Lotion,body lotions with niacinamide,NONE,niacinamide lotion,EXACT,NEAR_EXACT,1,0,0.0,0,0,0,"raw/32_search_term_view_90d.json (2798 rows, uncapped)"
24105712546,PNC_PASTRY_WAR_Search_Product_20260803,198582693789,Niacinamide Body Lotion,body niacinamide,NONE,niacinamide lotion,EXACT,NEAR_EXACT,3,0,0.0,0,0,0,"raw/32_search_term_view_90d.json (2798 rows, uncapped)"
24105712546,PNC_PASTRY_WAR_Search_Product_20260803,198582693789,Niacinamide Body Lotion,lotion with niacinamide,NONE,niacinamide lotion,EXACT,NEAR_EXACT,1,0,0.0,0,0,0,"raw/32_search_term_view_90d.json (2798 rows, uncapped)"
24105712546,PNC_PASTRY_WAR_Search_Product_20260803,198582693789,Niacinamide Body Lotion,moisturizer with niacinamide,NONE,niacinamide lotion,EXACT,NEAR_EXACT,3,0,0.0,0,0,0,"raw/32_search_term_view_90d.json (2798 rows, uncapped)"
24105712546,PNC_PASTRY_WAR_Search_Product_20260803,198582693789,Niacinamide Body Lotion,niacinamide body cream,NONE,niacinamide lotion,EXACT,NEAR_EXACT,1,0,0.0,0,0,0,"raw/32_search_term_view_90d.json (2798 rows, uncapped)"
24105712546,PNC_PASTRY_WAR_Search_Product_20260803,198582693789,Niacinamide Body Lotion,niacinamide body lotions,NONE,niacinamide lotion,EXACT,NEAR_EXACT,1,0,0.0,0,0,0,"raw/32_search_term_view_90d.json (2798 rows, uncapped)"
24105712546,PNC_PASTRY_WAR_Search_Product_20260803,198582693789,Niacinamide Body Lotion,niacinamide for body,NONE,niacinamide lotion,EXACT,NEAR_EXACT,4,0,0.0,0,0,0,"raw/32_search_term_view_90d.json (2798 rows, uncapped)"
24105712546,PNC_PASTRY_WAR_Search_Product_20260803,198582693789,Niacinamide Body Lotion,niacinamide lotions,NONE,niacinamide lotion,EXACT,NEAR_EXACT,1,0,0.0,0,0,0,"raw/32_search_term_view_90d.json (2798 rows, uncapped)"
24105712546,PNC_PASTRY_WAR_Search_Product_20260803,198582693789,Niacinamide Body Lotion,niacinamide moisturiser,NONE,niacinamide lotion,EXACT,NEAR_EXACT,2,0,0.0,0,0,0,"raw/32_search_term_view_90d.json (2798 rows, uncapped)"
24105712546,PNC_PASTRY_WAR_Search_Product_20260803,198582693789,Niacinamide Body Lotion,niacinamide moisturizer,NONE,niacinamide lotion,EXACT,NEAR_EXACT,7,0,0.0,0,0,0,"raw/32_search_term_view_90d.json (2798 rows, uncapped)"
24105712546,PNC_PASTRY_WAR_Search_Product_20260803,198582693789,Niacinamide Body Lotion,lotion with niacinamide and vitamin c,NONE,niacinamide lotion,PHRASE,PHRASE,2,0,0.0,0,0,0,"raw/32_search_term_view_90d.json (2798 rows, uncapped)"
24105712546,PNC_PASTRY_WAR_Search_Product_20260803,198582693789,Niacinamide Body Lotion,niacinamide vitamin c lotion,NONE,niacinamide lotion,PHRASE,PHRASE,2,0,0.0,0,0,0,"raw/32_search_term_view_90d.json (2798 rows, uncapped)"
24105712546,PNC_PASTRY_WAR_Search_Product_20260803,198582693789,Niacinamide Body Lotion,pro lab alpha arbutin and niacinamide lotion,NONE,niacinamide lotion,PHRASE,PHRASE,2,0,0.0,0,0,0,"raw/32_search_term_view_90d.json (2798 rows, uncapped)"
24105712546,PNC_PASTRY_WAR_Search_Product_20260803,198582693789,Niacinamide Body Lotion,vaseline niacinamide lotion,NONE,niacinamide lotion,PHRASE,PHRASE,4,0,0.0,0,0,0,"raw/32_search_term_view_90d.json (2798 rows, uncapped)"
24105712546,PNC_PASTRY_WAR_Search_Product_20260803,198582693789,Niacinamide Body Lotion,cerave cream with niacinamide,NONE,niacinamide lotion,PHRASE,NEAR_PHRASE,1,0,0.0,0,0,0,"raw/32_search_term_view_90d.json (2798 rows, uncapped)"
24105712546,PNC_PASTRY_WAR_Search_Product_20260803,198582693789,Niacinamide Body Lotion,creams with niacinamide,NONE,niacinamide lotion,PHRASE,NEAR_PHRASE,1,0,0.0,0,0,0,"raw/32_search_term_view_90d.json (2798 rows, uncapped)"
24105712546,PNC_PASTRY_WAR_Search_Product_20260803,198582693789,Niacinamide Body Lotion,disaar niacinamide whitening cream,NONE,niacinamide lotion,PHRASE,NEAR_PHRASE,1,0,0.0,0,0,0,"raw/32_search_term_view_90d.json (2798 rows, uncapped)"
24105712546,PNC_PASTRY_WAR_Search_Product_20260803,198582693789,Niacinamide Body Lotion,faces canada comfy glow 4 niacinamide moisturizer,NONE,niacinamide lotion,PHRASE,NEAR_PHRASE,1,0,0.0,0,0,0,"raw/32_search_term_view_90d.json (2798 rows, uncapped)"
24105712546,PNC_PASTRY_WAR_Search_Product_20260803,198582693789,Niacinamide Body Lotion,gel moisturizer niacinamide,NONE,niacinamide lotion,PHRASE,NEAR_PHRASE,1,0,0.0,0,0,0,"raw/32_search_term_view_90d.json (2798 rows, uncapped)"
24105712546,PNC_PASTRY_WAR_Search_Product_20260803,198582693789,Niacinamide Body Lotion,hand cream with niacinamide and hyaluronic acid,NONE,niacinamide lotion,PHRASE,NEAR_PHRASE,4,0,0.0,0,0,0,"raw/32_search_term_view_90d.json (2798 rows, uncapped)"
24105712546,PNC_PASTRY_WAR_Search_Product_20260803,198582693789,Niacinamide Body Lotion,mixa niacinamide bright,NONE,niacinamide lotion,PHRASE,NEAR_PHRASE,4,0,0.0,0,0,0,"raw/32_search_term_view_90d.json (2798 rows, uncapped)"
24105712546,PNC_PASTRY_WAR_Search_Product_20260803,198582693789,Niacinamide Body Lotion,moisturizer that contains niacinamide and hyaluronic acid,NONE,niacinamide lotion,PHRASE,NEAR_PHRASE,2,0,0.0,0,0,0,"raw/32_search_term_view_90d.json (2798 rows, uncapped)"
24105712546,PNC_PASTRY_WAR_Search_Product_20260803,198582693789,Niacinamide Body Lotion,moisturizer with azelaic acid and niacinamide,NONE,niacinamide lotion,PHRASE,NEAR_PHRASE,1,0,0.0,0,0,0,"raw/32_search_term_view_90d.json (2798 rows, uncapped)"
24105712546,PNC_PASTRY_WAR_Search_Product_20260803,198582693789,Niacinamide Body Lotion,moisturizers with niacinamide and ceramides,NONE,niacinamide lotion,PHRASE,NEAR_PHRASE,1,0,0.0,0,0,0,"raw/32_search_term_view_90d.json (2798 rows, uncapped)"
24105712546,PNC_PASTRY_WAR_Search_Product_20260803,198582693789,Niacinamide Body Lotion,naturium niacinamide gel cream,NONE,niacinamide lotion,PHRASE,NEAR_PHRASE,1,0,0.0,0,0,0,"raw/32_search_term_view_90d.json (2798 rows, uncapped)"
24105712546,PNC_PASTRY_WAR_Search_Product_20260803,198582693789,Niacinamide Body Lotion,niacinamide 4 cream,NONE,niacinamide lotion,PHRASE,NEAR_PHRASE,1,0,0.0,0,0,0,"raw/32_search_term_view_90d.json (2798 rows, uncapped)"
24105712546,PNC_PASTRY_WAR_Search_Product_20260803,198582693789,Niacinamide Body Lotion,niacinamide and hyaluronic acid moisturizer,NONE,niacinamide lotion,PHRASE,NEAR_PHRASE,1,0,0.0,0,0,0,"raw/32_search_term_view_90d.json (2798 rows, uncapped)"
24105712546,PNC_PASTRY_WAR_Search_Product_20260803,198582693789,Niacinamide Body Lotion,niacinamide and panthenol moisturizer,NONE,niacinamide lotion,PHRASE,NEAR_PHRASE,2,0,0.0,0,0,0,"raw/32_search_term_view_90d.json (2798 rows, uncapped)"
24105712546,PNC_PASTRY_WAR_Search_Product_20260803,198582693789,Niacinamide Body Lotion,niacinamide cream clicks,NONE,niacinamide lotion,PHRASE,NEAR_PHRASE,4,0,0.0,0,0,0,"raw/32_search_term_view_90d.json (2798 rows, uncapped)"
24105712546,PNC_PASTRY_WAR_Search_Product_20260803,198582693789,Niacinamide Body Lotion,niacinamide cream dischem,NONE,niacinamide lotion,PHRASE,NEAR_PHRASE,3,0,0.0,0,0,0,"raw/32_search_term_view_90d.json (2798 rows, uncapped)"
24105712546,PNC_PASTRY_WAR_Search_Product_20260803,198582693789,Niacinamide Body Lotion,niacinamide face moisturizer,NONE,niacinamide lotion,PHRASE,NEAR_PHRASE,1,0,0.0,0,0,0,"raw/32_search_term_view_90d.json (2798 rows, uncapped)"
24105712546,PNC_PASTRY_WAR_Search_Product_20260803,198582693789,Niacinamide Body Lotion,niacinamide hand cream,NONE,niacinamide lotion,PHRASE,NEAR_PHRASE,1,0,0.0,0,0,0,"raw/32_search_term_view_90d.json (2798 rows, uncapped)"
24105712546,PNC_PASTRY_WAR_Search_Product_20260803,198582693789,Niacinamide Body Lotion,niacinamide tube cream,NONE,niacinamide lotion,PHRASE,NEAR_PHRASE,2,0,0.0,0,0,0,"raw/32_search_term_view_90d.json (2798 rows, uncapped)"
24105712546,PNC_PASTRY_WAR_Search_Product_20260803,198582693789,Niacinamide Body Lotion,nivea with niacinamide,NONE,niacinamide lotion,PHRASE,NEAR_PHRASE,2,0,0.0,0,0,0,"raw/32_search_term_view_90d.json (2798 rows, uncapped)"
24105712546,PNC_PASTRY_WAR_Search_Product_20260803,198582693789,Niacinamide Body Lotion,onura niacinamide brightening cream,NONE,niacinamide lotion,PHRASE,NEAR_PHRASE,1,0,0.0,0,0,0,"raw/32_search_term_view_90d.json (2798 rows, uncapped)"
24105712546,PNC_PASTRY_WAR_Search_Product_20260803,198582693789,Niacinamide Body Lotion,orien zero film niacinamide,NONE,niacinamide lotion,PHRASE,NEAR_PHRASE,2,0,0.0,0,0,0,"raw/32_search_term_view_90d.json (2798 rows, uncapped)"
24105712546,PNC_PASTRY_WAR_Search_Product_20260803,198582693789,Niacinamide Body Lotion,the ordinary 5 niacinamide,NONE,niacinamide lotion,PHRASE,NEAR_PHRASE,1,0,0.0,0,0,0,"raw/32_search_term_view_90d.json (2798 rows, uncapped)"
24105712546,PNC_PASTRY_WAR_Search_Product_20260803,198582693789,Niacinamide Body Lotion,aplb glutathione niacinamide body lotion,NONE,niacinamide body lotion,PHRASE,PHRASE,4,0,0.0,0,0,0,"raw/32_search_term_view_90d.json (2798 rows, uncapped)"
24105712546,PNC_PASTRY_WAR_Search_Product_20260803,198582693789,Niacinamide Body Lotion,being kind niacinamide body lotion,NONE,niacinamide body lotion,PHRASE,PHRASE,9,0,0.0,0,0,0,"raw/32_search_term_view_90d.json (2798 rows, uncapped)"
24105712546,PNC_PASTRY_WAR_Search_Product_20260803,198582693789,Niacinamide Body Lotion,benefits of niacinamide body lotion,NONE,niacinamide body lotion,PHRASE,PHRASE,2,0,0.0,0,0,0,"raw/32_search_term_view_90d.json (2798 rows, uncapped)"
24105712546,PNC_PASTRY_WAR_Search_Product_20260803,198582693789,Niacinamide Body Lotion,glutathione niacinamide body lotion,NONE,niacinamide body lotion,PHRASE,PHRASE,4,0,0.0,0,0,0,"raw/32_search_term_view_90d.json (2798 rows, uncapped)"
24105712546,PNC_PASTRY_WAR_Search_Product_20260803,198582693789,Niacinamide Body Lotion,niacinamide and vitamin c body lotion,NONE,niacinamide body lotion,PHRASE,PHRASE,1,0,0.0,0,0,0,"raw/32_search_term_view_90d.json (2798 rows, uncapped)"
24105712546,PNC_PASTRY_WAR_Search_Product_20260803,198582693789,Niacinamide Body Lotion,niacinamide body lotion clicks,NONE,niacinamide body lotion,PHRASE,PHRASE,3,0,0.0,0,0,0,"raw/32_search_term_view_90d.json (2798 rows, uncapped)"
24105712546,PNC_PASTRY_WAR_Search_Product_20260803,198582693789,Niacinamide Body Lotion,nivea niacinamide body lotion,NONE,niacinamide body lotion,PHRASE,PHRASE,1,0,0.0,0,0,0,"raw/32_search_term_view_90d.json (2798 rows, uncapped)"
24105712546,PNC_PASTRY_WAR_Search_Product_20260803,198582693789,Niacinamide Body Lotion,olay niacinamide body lotion,NONE,niacinamide body lotion,PHRASE,PHRASE,3,0,0.0,0,0,0,"raw/32_search_term_view_90d.json (2798 rows, uncapped)"
24105712546,PNC_PASTRY_WAR_Search_Product_20260803,198582693789,Niacinamide Body Lotion,body cream with niacinamide and vitamin c,NONE,niacinamide body lotion,PHRASE,NEAR_PHRASE,1,0,0.0,0,0,0,"raw/32_search_term_view_90d.json (2798 rows, uncapped)"
24105712546,PNC_PASTRY_WAR_Search_Product_20260803,198582693789,Niacinamide Body Lotion,bodywise lotion,NONE,niacinamide body lotion,PHRASE,NEAR_PHRASE,1,0,0.0,0,0,0,"raw/32_search_term_view_90d.json (2798 rows, uncapped)"
24105712546,PNC_PASTRY_WAR_Search_Product_20260803,198582693789,Niacinamide Body Lotion,la roche posay mela b3 body,NONE,niacinamide body lotion,PHRASE,NEAR_PHRASE,1,0,0.0,0,0,0,"raw/32_search_term_view_90d.json (2798 rows, uncapped)"
24105712546,PNC_PASTRY_WAR_Search_Product_20260803,198582693789,Niacinamide Body Lotion,mela b3 body lotion,NONE,niacinamide body lotion,PHRASE,NEAR_PHRASE,2,0,0.0,0,0,0,"raw/32_search_term_view_90d.json (2798 rows, uncapped)"
24105712546,PNC_PASTRY_WAR_Search_Product_20260803,198582693789,Niacinamide Body Lotion,mixa cream niacinamide,NONE,niacinamide body lotion,PHRASE,NEAR_PHRASE,1,0,0.0,0,0,0,"raw/32_search_term_view_90d.json (2798 rows, uncapped)"
24105712546,PNC_PASTRY_WAR_Search_Product_20260803,198582693789,Niacinamide Body Lotion,mixa niacinamide bright south africa,NONE,niacinamide body lotion,PHRASE,NEAR_PHRASE,6,0,0.0,0,0,0,"raw/32_search_term_view_90d.json (2798 rows, uncapped)"
24105712546,PNC_PASTRY_WAR_Search_Product_20260803,198582693789,Niacinamide Body Lotion,niacinamide 5 face and body emulsion,NONE,niacinamide body lotion,PHRASE,NEAR_PHRASE,2,0,0.0,0,0,0,"raw/32_search_term_view_90d.json (2798 rows, uncapped)"
24105712546,PNC_PASTRY_WAR_Search_Product_20260803,198582693789,Niacinamide Body Lotion,niacinamide body butter,NONE,niacinamide body lotion,PHRASE,NEAR_PHRASE,1,0,0.0,0,0,0,"raw/32_search_term_view_90d.json (2798 rows, uncapped)"
24105712546,PNC_PASTRY_WAR_Search_Product_20260803,198582693789,Niacinamide Body Lotion,niacinamide cream for inner thighs,NONE,niacinamide body lotion,PHRASE,NEAR_PHRASE,2,0,0.0,0,0,0,"raw/32_search_term_view_90d.json (2798 rows, uncapped)"
24105712546,PNC_PASTRY_WAR_Search_Product_20260803,198582693789,Niacinamide Body Lotion,ordinary niacinamide body,NONE,niacinamide body lotion,PHRASE,NEAR_PHRASE,1,0,0.0,0,0,0,"raw/32_search_term_view_90d.json (2798 rows, uncapped)"
24105712546,PNC_PASTRY_WAR_Search_Product_20260803,198582693789,Niacinamide Body Lotion,the ordinary niacinamide 5 face and body emulsion,NONE,niacinamide body lotion,PHRASE,NEAR_PHRASE,4,0,0.0,0,0,0,"raw/32_search_term_view_90d.json (2798 rows, uncapped)"
24105712546,PNC_PASTRY_WAR_Search_Product_20260803,198582693789,Niacinamide Body Lotion,the ordinary niacinamide face and body emulsion,NONE,niacinamide body lotion,PHRASE,NEAR_PHRASE,3,0,0.0,0,0,0,"raw/32_search_term_view_90d.json (2798 rows, uncapped)"
24105712546,PNC_PASTRY_WAR_Search_Product_20260803,198582693829,Brightening Body Oil,brightening body oil,ADDED,brightening body oil,EXACT,EXACT,9,0,0.0,0,0,0,"raw/32_search_term_view_90d.json (2798 rows, uncapped)"
24105712546,PNC_PASTRY_WAR_Search_Product_20260803,198582693829,Brightening Body Oil,body oil shine,NONE,brightening body oil,EXACT,NEAR_EXACT,2,0,0.0,0,0,0,"raw/32_search_term_view_90d.json (2798 rows, uncapped)"
24105712546,PNC_PASTRY_WAR_Search_Product_20260803,198582693829,Brightening Body Oil,glow oil for skin,NONE,brightening body oil,EXACT,NEAR_EXACT,1,0,0.0,0,0,0,"raw/32_search_term_view_90d.json (2798 rows, uncapped)"
24105712546,PNC_PASTRY_WAR_Search_Product_20260803,198582693829,Brightening Body Oil,what is the best body oil for glowing skin,NONE,brightening body oil,EXACT,NEAR_EXACT,1,0,0.0,0,0,0,"raw/32_search_term_view_90d.json (2798 rows, uncapped)"
24105712546,PNC_PASTRY_WAR_Search_Product_20260803,198582693829,Brightening Body Oil,which oils lighten skin,NONE,brightening body oil,EXACT,NEAR_EXACT,1,0,0.0,0,0,0,"raw/32_search_term_view_90d.json (2798 rows, uncapped)"
24105712546,PNC_PASTRY_WAR_Search_Product_20260803,198582693829,Brightening Body Oil,body oil vitamin c,NONE,vitamin c body oil,EXACT,NEAR_EXACT,1,0,0.0,0,0,0,"raw/32_search_term_view_90d.json (2798 rows, uncapped)"
24105712546,PNC_PASTRY_WAR_Search_Product_20260803,198582693829,Brightening Body Oil,body oil with vitamin c,NONE,vitamin c body oil,EXACT,NEAR_EXACT,2,0,0.0,0,0,0,"raw/32_search_term_view_90d.json (2798 rows, uncapped)"
24105712546,PNC_PASTRY_WAR_Search_Product_20260803,198582693829,Brightening Body Oil,vitamin c massage oil,NONE,vitamin c body oil,EXACT,NEAR_EXACT,3,0,0.0,0,0,0,"raw/32_search_term_view_90d.json (2798 rows, uncapped)"
24105712546,PNC_PASTRY_WAR_Search_Product_20260803,198582693829,Brightening Body Oil,vitamin c tissue oil,NONE,vitamin c body oil,EXACT,NEAR_EXACT,2,0,0.0,0,0,0,"raw/32_search_term_view_90d.json (2798 rows, uncapped)"
24105712546,PNC_PASTRY_WAR_Search_Product_20260803,198582693829,Brightening Body Oil,bodylab vitamin c complex body oil,NONE,vitamin c body oil,PHRASE,PHRASE,3,0,0.0,0,0,0,"raw/32_search_term_view_90d.json (2798 rows, uncapped)"
24105712546,PNC_PASTRY_WAR_Search_Product_20260803,198582693829,Brightening Body Oil,dr davey vitamin c glow body oil,NONE,vitamin c body oil,PHRASE,PHRASE,1,0,0.0,0,0,0,"raw/32_search_term_view_90d.json (2798 rows, uncapped)"
24105712546,PNC_PASTRY_WAR_Search_Product_20260803,198582693829,Brightening Body Oil,active caviar drip oil,NONE,vitamin c body oil,PHRASE,NEAR_PHRASE,3,0,0.0,0,0,0,"raw/32_search_term_view_90d.json (2798 rows, uncapped)"
24105712546,PNC_PASTRY_WAR_Search_Product_20260803,198582693829,Brightening Body Oil,bodylab body oil,NONE,vitamin c body oil,PHRASE,NEAR_PHRASE,5,0,0.0,0,0,0,"raw/32_search_term_view_90d.json (2798 rows, uncapped)"
24105712546,PNC_PASTRY_WAR_Search_Product_20260803,198582693829,Brightening Body Oil,clere vitamin c oil,NONE,vitamin c body oil,PHRASE,NEAR_PHRASE,3,0,0.0,0,0,0,"raw/32_search_term_view_90d.json (2798 rows, uncapped)"
24105712546,PNC_PASTRY_WAR_Search_Product_20260803,198582693829,Brightening Body Oil,clicks vitamin c oil,NONE,vitamin c body oil,PHRASE,NEAR_PHRASE,1,0,0.0,0,0,0,"raw/32_search_term_view_90d.json (2798 rows, uncapped)"
24105712546,PNC_PASTRY_WAR_Search_Product_20260803,198582693829,Brightening Body Oil,dr davey glow body oil,NONE,vitamin c body oil,PHRASE,NEAR_PHRASE,2,0,0.0,0,0,0,"raw/32_search_term_view_90d.json (2798 rows, uncapped)"
24105712546,PNC_PASTRY_WAR_Search_Product_20260803,198582693829,Brightening Body Oil,dr davey omega 3 turmeric glow body oil,NONE,vitamin c body oil,PHRASE,NEAR_PHRASE,1,0,0.0,0,0,0,"raw/32_search_term_view_90d.json (2798 rows, uncapped)"
24105712546,PNC_PASTRY_WAR_Search_Product_20260803,198582693829,Brightening Body Oil,dr davey turmeric body oil,NONE,vitamin c body oil,PHRASE,NEAR_PHRASE,1,0,0.0,0,0,0,"raw/32_search_term_view_90d.json (2798 rows, uncapped)"
24105712546,PNC_PASTRY_WAR_Search_Product_20260803,198582693829,Brightening Body Oil,dr rashel oil,NONE,vitamin c body oil,PHRASE,NEAR_PHRASE,1,0,0.0,0,0,0,"raw/32_search_term_view_90d.json (2798 rows, uncapped)"
24105712546,PNC_PASTRY_WAR_Search_Product_20260803,198582693829,Brightening Body Oil,glow oil dr davey,NONE,vitamin c body oil,PHRASE,NEAR_PHRASE,1,0,0.0,0,0,0,"raw/32_search_term_view_90d.json (2798 rows, uncapped)"
24105712546,PNC_PASTRY_WAR_Search_Product_20260803,198582693829,Brightening Body Oil,kalahari vitamin c booster oil,NONE,vitamin c body oil,PHRASE,NEAR_PHRASE,1,0,0.0,0,0,0,"raw/32_search_term_view_90d.json (2798 rows, uncapped)"
24105712546,PNC_PASTRY_WAR_Search_Product_20260803,198582693829,Brightening Body Oil,marula oil vitamin c,NONE,vitamin c body oil,PHRASE,NEAR_PHRASE,1,0,0.0,0,0,0,"raw/32_search_term_view_90d.json (2798 rows, uncapped)"
24105712546,PNC_PASTRY_WAR_Search_Product_20260803,198582693829,Brightening Body Oil,moroccan argan oil vitamin c and e,NONE,vitamin c body oil,PHRASE,NEAR_PHRASE,1,0,0.0,0,0,0,"raw/32_search_term_view_90d.json (2798 rows, uncapped)"
24105712546,PNC_PASTRY_WAR_Search_Product_20260803,198582693829,Brightening Body Oil,palmer's vitamin c oil,NONE,vitamin c body oil,PHRASE,NEAR_PHRASE,1,0,0.0,0,0,0,"raw/32_search_term_view_90d.json (2798 rows, uncapped)"
24105712546,PNC_PASTRY_WAR_Search_Product_20260803,198582693829,Brightening Body Oil,pro white oil,NONE,vitamin c body oil,PHRASE,NEAR_PHRASE,3,0,0.0,0,0,0,"raw/32_search_term_view_90d.json (2798 rows, uncapped)"
24105712546,PNC_PASTRY_WAR_Search_Product_20260803,198582693829,Brightening Body Oil,tissue oil with vitamin c,NONE,vitamin c body oil,PHRASE,NEAR_PHRASE,2,0,0.0,0,0,0,"raw/32_search_term_view_90d.json (2798 rows, uncapped)"
24105712546,PNC_PASTRY_WAR_Search_Product_20260803,198582693829,Brightening Body Oil,turmeric vitamin c oil,NONE,vitamin c body oil,PHRASE,NEAR_PHRASE,1,0,0.0,0,0,0,"raw/32_search_term_view_90d.json (2798 rows, uncapped)"
24105712546,PNC_PASTRY_WAR_Search_Product_20260803,198582693829,Brightening Body Oil,vitamin c oil clicks,NONE,vitamin c body oil,PHRASE,NEAR_PHRASE,2,0,0.0,0,0,0,"raw/32_search_term_view_90d.json (2798 rows, uncapped)"
24105712546,PNC_PASTRY_WAR_Search_Product_20260803,198582693829,Brightening Body Oil,vitamin c oil dischem,NONE,vitamin c body oil,PHRASE,NEAR_PHRASE,1,0,0.0,0,0,0,"raw/32_search_term_view_90d.json (2798 rows, uncapped)"
24105712546,PNC_PASTRY_WAR_Search_Product_20260803,198582693829,Brightening Body Oil,vitamin c oil for skin,NONE,vitamin c body oil,PHRASE,NEAR_PHRASE,1,0,0.0,0,0,0,"raw/32_search_term_view_90d.json (2798 rows, uncapped)"
24105712546,PNC_PASTRY_WAR_Search_Product_20260803,198582693829,Brightening Body Oil,cyklar vanilla verve body oil,NONE,brightening body oil,PHRASE,NEAR_PHRASE,1,0,0.0,0,0,0,"raw/32_search_term_view_90d.json (2798 rows, uncapped)"
24105712546,PNC_PASTRY_WAR_Search_Product_20260803,198582693829,Brightening Body Oil,does clere glyco oil marula lighten skin,NONE,brightening body oil,PHRASE,NEAR_PHRASE,1,0,0.0,0,0,0,"raw/32_search_term_view_90d.json (2798 rows, uncapped)"
24105712546,PNC_PASTRY_WAR_Search_Product_20260803,198582693829,Brightening Body Oil,dr davey body oil clicks,NONE,brightening body oil,PHRASE,NEAR_PHRASE,1,0,0.0,0,0,0,"raw/32_search_term_view_90d.json (2798 rows, uncapped)"
24105712546,PNC_PASTRY_WAR_Search_Product_20260803,198582693829,Brightening Body Oil,dr davey body oil dischem,NONE,brightening body oil,PHRASE,NEAR_PHRASE,1,0,0.0,0,0,0,"raw/32_search_term_view_90d.json (2798 rows, uncapped)"
24105712546,PNC_PASTRY_WAR_Search_Product_20260803,198582693829,Brightening Body Oil,dr davey body oil reviews,NONE,brightening body oil,PHRASE,NEAR_PHRASE,1,0,0.0,0,0,0,"raw/32_search_term_view_90d.json (2798 rows, uncapped)"
24105712546,PNC_PASTRY_WAR_Search_Product_20260803,198582693829,Brightening Body Oil,goop beauty afterglow,NONE,brightening body oil,PHRASE,NEAR_PHRASE,1,0,0.0,0,0,0,"raw/32_search_term_view_90d.json (2798 rows, uncapped)"
24105712546,PNC_PASTRY_WAR_Search_Product_20260803,198582693829,Brightening Body Oil,how to use turmeric oil for skin lightening,NONE,brightening body oil,PHRASE,NEAR_PHRASE,1,0,0.0,0,0,0,"raw/32_search_term_view_90d.json (2798 rows, uncapped)"
24105712546,PNC_PASTRY_WAR_Search_Product_20260803,198582693829,Brightening Body Oil,ingrams radiant glow tissue oil,NONE,brightening body oil,PHRASE,NEAR_PHRASE,1,0,0.0,0,0,0,"raw/32_search_term_view_90d.json (2798 rows, uncapped)"
24105712546,PNC_PASTRY_WAR_Search_Product_20260803,198582693829,Brightening Body Oil,kojic acid oil for skin lightening,NONE,brightening body oil,PHRASE,NEAR_PHRASE,1,0,0.0,0,0,0,"raw/32_search_term_view_90d.json (2798 rows, uncapped)"
24105712546,PNC_PASTRY_WAR_Search_Product_20260803,198582693829,Brightening Body Oil,oh so heavenly duo glow oil,NONE,brightening body oil,PHRASE,NEAR_PHRASE,1,0,0.0,0,0,0,"raw/32_search_term_view_90d.json (2798 rows, uncapped)"
24105712546,PNC_PASTRY_WAR_Search_Product_20260803,198582693829,Brightening Body Oil,oh so heavenly glow oil,NONE,brightening body oil,PHRASE,NEAR_PHRASE,1,0,0.0,0,0,0,"raw/32_search_term_view_90d.json (2798 rows, uncapped)"
24105712546,PNC_PASTRY_WAR_Search_Product_20260803,198582693829,Brightening Body Oil,vaseline body shimmer oil,NONE,brightening body oil,PHRASE,NEAR_PHRASE,1,0,0.0,0,0,0,"raw/32_search_term_view_90d.json (2798 rows, uncapped)"
24105712546,PNC_PASTRY_WAR_Search_Product_20260803,198582693829,Brightening Body Oil,vaseline cera glow body gel oil clicks,NONE,brightening body oil,PHRASE,NEAR_PHRASE,1,0,0.0,0,0,0,"raw/32_search_term_view_90d.json (2798 rows, uncapped)"
24105712546,PNC_PASTRY_WAR_Search_Product_20260803,198582693829,Brightening Body Oil,where to buy kumkumadi oil,NONE,brightening body oil,PHRASE,NEAR_PHRASE,1,0,0.0,0,0,0,"raw/32_search_term_view_90d.json (2798 rows, uncapped)"
24105712546,PNC_PASTRY_WAR_Search_Product_20260803,198582693829,Brightening Body Oil,which tissue oil is the best for dark spots,NONE,brightening body oil,PHRASE,NEAR_PHRASE,5,0,0.0,0,0,0,"raw/32_search_term_view_90d.json (2798 rows, uncapped)"
24105712546,PNC_PASTRY_WAR_Search_Product_20260803,198582693829,Brightening Body Oil,best body oil for glowing skin,NONE,body brightening oil,EXACT,NEAR_EXACT,3,0,0.0,0,0,0,"raw/32_search_term_view_90d.json (2798 rows, uncapped)"
24105712546,PNC_PASTRY_WAR_Search_Product_20260803,198582693829,Brightening Body Oil,best oil for brightening skin,NONE,body brightening oil,EXACT,NEAR_EXACT,2,0,0.0,0,0,0,"raw/32_search_term_view_90d.json (2798 rows, uncapped)"
24105712546,PNC_PASTRY_WAR_Search_Product_20260803,198582693829,Brightening Body Oil,best oil for lightening skin,NONE,body brightening oil,EXACT,NEAR_EXACT,1,0,0.0,0,0,0,"raw/32_search_term_view_90d.json (2798 rows, uncapped)"
24105712546,PNC_PASTRY_WAR_Search_Product_20260803,198582693829,Brightening Body Oil,best oil for skin whitening and glowing,NONE,body brightening oil,EXACT,NEAR_EXACT,1,0,0.0,0,0,0,"raw/32_search_term_view_90d.json (2798 rows, uncapped)"
24105712546,PNC_PASTRY_WAR_Search_Product_20260803,198582693829,Brightening Body Oil,bleaching oil for skin,NONE,body brightening oil,EXACT,NEAR_EXACT,2,0,0.0,0,0,0,"raw/32_search_term_view_90d.json (2798 rows, uncapped)"
24105712546,PNC_PASTRY_WAR_Search_Product_20260803,198582693829,Brightening Body Oil,body glow oil,NONE,body brightening oil,EXACT,NEAR_EXACT,8,0,0.0,0,0,0,"raw/32_search_term_view_90d.json (2798 rows, uncapped)"
24105712546,PNC_PASTRY_WAR_Search_Product_20260803,198582693829,Brightening Body Oil,body oil for glowing skin,NONE,body brightening oil,EXACT,NEAR_EXACT,4,0,0.0,0,0,0,"raw/32_search_term_view_90d.json (2798 rows, uncapped)"
24105712546,PNC_PASTRY_WAR_Search_Product_20260803,198582693829,Brightening Body Oil,body oil glow,NONE,body brightening oil,EXACT,NEAR_EXACT,1,0,0.0,0,0,0,"raw/32_search_term_view_90d.json (2798 rows, uncapped)"
24105712546,PNC_PASTRY_WAR_Search_Product_20260803,198582693829,Brightening Body Oil,body oil that brightens the skin,NONE,body brightening oil,EXACT,NEAR_EXACT,2,0,0.0,0,0,0,"raw/32_search_term_view_90d.json (2798 rows, uncapped)"
24105712546,PNC_PASTRY_WAR_Search_Product_20260803,198582693829,Brightening Body Oil,brighten body oil,NONE,body brightening oil,EXACT,NEAR_EXACT,2,0,0.0,0,0,0,"raw/32_search_term_view_90d.json (2798 rows, uncapped)"
24105712546,PNC_PASTRY_WAR_Search_Product_20260803,198582693829,Brightening Body Oil,brightening body oil for dark skin,NONE,body brightening oil,EXACT,NEAR_EXACT,1,0,0.0,0,0,0,"raw/32_search_term_view_90d.json (2798 rows, uncapped)"
24105712546,PNC_PASTRY_WAR_Search_Product_20260803,198582693829,Brightening Body Oil,brightening oil,NONE,body brightening oil,EXACT,NEAR_EXACT,3,0,0.0,0,0,0,"raw/32_search_term_view_90d.json (2798 rows, uncapped)"
24105712546,PNC_PASTRY_WAR_Search_Product_20260803,198582693829,Brightening Body Oil,brightening oil for face and body,NONE,body brightening oil,EXACT,NEAR_EXACT,2,0,0.0,0,0,0,"raw/32_search_term_view_90d.json (2798 rows, uncapped)"
24105712546,PNC_PASTRY_WAR_Search_Product_20260803,198582693829,Brightening Body Oil,glow body oil,NONE,body brightening oil,EXACT,NEAR_EXACT,11,0,0.0,0,0,0,"raw/32_search_term_view_90d.json (2798 rows, uncapped)"
24105712546,PNC_PASTRY_WAR_Search_Product_20260803,198582693829,Brightening Body Oil,glow oil for body,NONE,body brightening oil,EXACT,NEAR_EXACT,2,0,0.0,0,0,0,"raw/32_search_term_view_90d.json (2798 rows, uncapped)"
24105712546,PNC_PASTRY_WAR_Search_Product_20260803,198582693829,Brightening Body Oil,glowing body oil,NONE,body brightening oil,EXACT,NEAR_EXACT,1,0,0.0,0,0,0,"raw/32_search_term_view_90d.json (2798 rows, uncapped)"
24105712546,PNC_PASTRY_WAR_Search_Product_20260803,198582693829,Brightening Body Oil,good body oil for glowing skin,NONE,body brightening oil,EXACT,NEAR_EXACT,2,0,0.0,0,0,0,"raw/32_search_term_view_90d.json (2798 rows, uncapped)"
24105712546,PNC_PASTRY_WAR_Search_Product_20260803,198582693829,Brightening Body Oil,lightening oil,NONE,body brightening oil,EXACT,NEAR_EXACT,1,0,0.0,0,0,0,"raw/32_search_term_view_90d.json (2798 rows, uncapped)"
24105712546,PNC_PASTRY_WAR_Search_Product_20260803,198582693829,Brightening Body Oil,lightening oil for skin,NONE,body brightening oil,EXACT,NEAR_EXACT,1,0,0.0,0,0,0,"raw/32_search_term_view_90d.json (2798 rows, uncapped)"
24105712546,PNC_PASTRY_WAR_Search_Product_20260803,198582693829,Brightening Body Oil,oil for skin lightening,NONE,body brightening oil,EXACT,NEAR_EXACT,1,0,0.0,0,0,0,"raw/32_search_term_view_90d.json (2798 rows, uncapped)"
24105712546,PNC_PASTRY_WAR_Search_Product_20260803,198582693829,Brightening Body Oil,oil whitening skin,NONE,body brightening oil,EXACT,NEAR_EXACT,2,0,0.0,0,0,0,"raw/32_search_term_view_90d.json (2798 rows, uncapped)"
24105712546,PNC_PASTRY_WAR_Search_Product_20260803,198582693829,Brightening Body Oil,skin bleaching oil,NONE,body brightening oil,EXACT,NEAR_EXACT,2,0,0.0,0,0,0,"raw/32_search_term_view_90d.json (2798 rows, uncapped)"
24105712546,PNC_PASTRY_WAR_Search_Product_20260803,198582693829,Brightening Body Oil,skin brightening oil,NONE,body brightening oil,EXACT,NEAR_EXACT,2,0,0.0,0,0,0,"raw/32_search_term_view_90d.json (2798 rows, uncapped)"
24105712546,PNC_PASTRY_WAR_Search_Product_20260803,198582693829,Brightening Body Oil,skin brightening oil for body,NONE,body brightening oil,EXACT,NEAR_EXACT,1,0,0.0,0,0,0,"raw/32_search_term_view_90d.json (2798 rows, uncapped)"
24105712546,PNC_PASTRY_WAR_Search_Product_20260803,198582693829,Brightening Body Oil,skin lightening oil,NONE,body brightening oil,EXACT,NEAR_EXACT,2,0,0.0,0,0,0,"raw/32_search_term_view_90d.json (2798 rows, uncapped)"
24105712546,PNC_PASTRY_WAR_Search_Product_20260803,198582693829,Brightening Body Oil,skin whitening best body oil for glowing skin,NONE,body brightening oil,EXACT,NEAR_EXACT,2,0,0.0,0,0,0,"raw/32_search_term_view_90d.json (2798 rows, uncapped)"
24105712546,PNC_PASTRY_WAR_Search_Product_20260803,198582693829,Brightening Body Oil,what oil brightens skin,NONE,body brightening oil,EXACT,NEAR_EXACT,1,0,0.0,0,0,0,"raw/32_search_term_view_90d.json (2798 rows, uncapped)"
24105712546,PNC_PASTRY_WAR_Search_Product_20260803,198582693829,Brightening Body Oil,what oil is best for skin whitening,NONE,body brightening oil,EXACT,NEAR_EXACT,1,0,0.0,0,0,0,"raw/32_search_term_view_90d.json (2798 rows, uncapped)"
24105712546,PNC_PASTRY_WAR_Search_Product_20260803,198582693829,Brightening Body Oil,which oil for skin lightening,NONE,body brightening oil,EXACT,NEAR_EXACT,1,0,0.0,0,0,0,"raw/32_search_term_view_90d.json (2798 rows, uncapped)"
24105712546,PNC_PASTRY_WAR_Search_Product_20260803,198582693829,Brightening Body Oil,which oil is good for skin brightening,NONE,body brightening oil,EXACT,NEAR_EXACT,1,0,0.0,0,0,0,"raw/32_search_term_view_90d.json (2798 rows, uncapped)"
24105712546,PNC_PASTRY_WAR_Search_Product_20260803,198582693829,Brightening Body Oil,which oil is the best for skin lightening,NONE,body brightening oil,EXACT,NEAR_EXACT,1,0,0.0,0,0,0,"raw/32_search_term_view_90d.json (2798 rows, uncapped)"
24105712546,PNC_PASTRY_WAR_Search_Product_20260803,198582693829,Brightening Body Oil,which oil lightens the skin faster,NONE,body brightening oil,EXACT,NEAR_EXACT,1,0,0.0,0,0,0,"raw/32_search_term_view_90d.json (2798 rows, uncapped)"
24105712546,PNC_PASTRY_WAR_Search_Product_20260803,198582693829,Brightening Body Oil,which oils lighten skin,NONE,body brightening oil,EXACT,NEAR_EXACT,3,0,0.0,0,0,0,"raw/32_search_term_view_90d.json (2798 rows, uncapped)"
24105712546,PNC_PASTRY_WAR_Search_Product_20260803,198582693829,Brightening Body Oil,whitening oil,NONE,body brightening oil,EXACT,NEAR_EXACT,3,0,0.0,0,0,0,"raw/32_search_term_view_90d.json (2798 rows, uncapped)"
24105712546,PNC_PASTRY_WAR_Search_Product_20260803,198582693829,Brightening Body Oil,whitening oil for body,NONE,body brightening oil,EXACT,NEAR_EXACT,2,0,0.0,0,0,0,"raw/32_search_term_view_90d.json (2798 rows, uncapped)"
24105712546,PNC_PASTRY_WAR_Search_Product_20260803,198582693829,Brightening Body Oil,amino acid brightening body oil,NONE,body brightening oil,PHRASE,PHRASE,1,0,0.0,0,0,0,"raw/32_search_term_view_90d.json (2798 rows, uncapped)"
24105712546,PNC_PASTRY_WAR_Search_Product_20260803,198582693829,Brightening Body Oil,brightening body oil at clicks,NONE,body brightening oil,PHRASE,PHRASE,6,0,0.0,0,0,0,"raw/32_search_term_view_90d.json (2798 rows, uncapped)"
24105712546,PNC_PASTRY_WAR_Search_Product_20260803,198582693829,Brightening Body Oil,dr davey brightening body oil,NONE,body brightening oil,PHRASE,PHRASE,1,0,0.0,0,0,0,"raw/32_search_term_view_90d.json (2798 rows, uncapped)"
24105712546,PNC_PASTRY_WAR_Search_Product_20260803,198582693829,Brightening Body Oil,ead tissue oil brightening body cream,NONE,body brightening oil,PHRASE,PHRASE,3,0,0.0,0,0,0,"raw/32_search_term_view_90d.json (2798 rows, uncapped)"
24105712546,PNC_PASTRY_WAR_Search_Product_20260803,198582693829,Brightening Body Oil,glo melanin brightening body oil,NONE,body brightening oil,PHRASE,PHRASE,4,0,0.0,0,0,0,"raw/32_search_term_view_90d.json (2798 rows, uncapped)"
24105712546,PNC_PASTRY_WAR_Search_Product_20260803,198582693829,Brightening Body Oil,vaseline brightening body oil,NONE,body brightening oil,PHRASE,PHRASE,3,0,0.0,0,0,0,"raw/32_search_term_view_90d.json (2798 rows, uncapped)"
24105712546,PNC_PASTRY_WAR_Search_Product_20260803,198582693829,Brightening Body Oil,which vaseline body oil is good for brightening skin,NONE,body brightening oil,PHRASE,PHRASE,1,0,0.0,0,0,0,"raw/32_search_term_view_90d.json (2798 rows, uncapped)"
24105712546,PNC_PASTRY_WAR_Search_Product_20260803,198582693829,Brightening Body Oil,abidjanaise oil,NONE,body brightening oil,PHRASE,NEAR_PHRASE,2,0,0.0,0,0,0,"raw/32_search_term_view_90d.json (2798 rows, uncapped)"
24105712546,PNC_PASTRY_WAR_Search_Product_20260803,198582693829,Brightening Body Oil,active caviar body oil,NONE,body brightening oil,PHRASE,NEAR_PHRASE,3,0,0.0,0,0,0,"raw/32_search_term_view_90d.json (2798 rows, uncapped)"
24105712546,PNC_PASTRY_WAR_Search_Product_20260803,198582693829,Brightening Body Oil,active caviar drip skin perfect tone body oil,NONE,body brightening oil,PHRASE,NEAR_PHRASE,1,0,0.0,0,0,0,"raw/32_search_term_view_90d.json (2798 rows, uncapped)"
24105712546,PNC_PASTRY_WAR_Search_Product_20260803,198582693829,Brightening Body Oil,advanced korean skin body oil,NONE,body brightening oil,PHRASE,NEAR_PHRASE,3,0,0.0,0,0,0,"raw/32_search_term_view_90d.json (2798 rows, uncapped)"
24105712546,PNC_PASTRY_WAR_Search_Product_20260803,198582693829,Brightening Body Oil,alpha arbutin body oil,NONE,body brightening oil,PHRASE,NEAR_PHRASE,5,0,0.0,0,0,0,"raw/32_search_term_view_90d.json (2798 rows, uncapped)"
24105712546,PNC_PASTRY_WAR_Search_Product_20260803,198582693829,Brightening Body Oil,arabian whitening oil,NONE,body brightening oil,PHRASE,NEAR_PHRASE,1,0,0.0,0,0,0,"raw/32_search_term_view_90d.json (2798 rows, uncapped)"
24105712546,PNC_PASTRY_WAR_Search_Product_20260803,198582693829,Brightening Body Oil,arabian yellow tone oil,NONE,body brightening oil,PHRASE,NEAR_PHRASE,1,0,0.0,0,0,0,"raw/32_search_term_view_90d.json (2798 rows, uncapped)"
24105712546,PNC_PASTRY_WAR_Search_Product_20260803,198582693829,Brightening Body Oil,best body oil for glowing skin at clicks,NONE,body brightening oil,PHRASE,NEAR_PHRASE,3,0,0.0,0,0,0,"raw/32_search_term_view_90d.json (2798 rows, uncapped)"
24105712546,PNC_PASTRY_WAR_Search_Product_20260803,198582693829,Brightening Body Oil,best body oil for hyperpigmentation,NONE,body brightening oil,PHRASE,NEAR_PHRASE,4,0,0.0,0,0,0,"raw/32_search_term_view_90d.json (2798 rows, uncapped)"
24105712546,PNC_PASTRY_WAR_Search_Product_20260803,198582693829,Brightening Body Oil,best glowing oil for chocolate skin,NONE,body brightening oil,PHRASE,NEAR_PHRASE,1,0,0.0,0,0,0,"raw/32_search_term_view_90d.json (2798 rows, uncapped)"
24105712546,PNC_PASTRY_WAR_Search_Product_20260803,198582693829,Brightening Body Oil,best oil for dark spots on body,NONE,body brightening oil,PHRASE,NEAR_PHRASE,2,0,0.0,0,0,0,"raw/32_search_term_view_90d.json (2798 rows, uncapped)"
24105712546,PNC_PASTRY_WAR_Search_Product_20260803,198582693829,Brightening Body Oil,best turmeric oil for skin whitening,NONE,body brightening oil,PHRASE,NEAR_PHRASE,1,0,0.0,0,0,0,"raw/32_search_term_view_90d.json (2798 rows, uncapped)"
24105712546,PNC_PASTRY_WAR_Search_Product_20260803,198582693829,Brightening Body Oil,bio claire oil,NONE,body brightening oil,PHRASE,NEAR_PHRASE,1,0,0.0,0,0,0,"raw/32_search_term_view_90d.json (2798 rows, uncapped)"
24105712546,PNC_PASTRY_WAR_Search_Product_20260803,198582693829,Brightening Body Oil,bio oil 125ml price,NONE,body brightening oil,PHRASE,NEAR_PHRASE,1,0,0.0,0,0,0,"raw/32_search_term_view_90d.json (2798 rows, uncapped)"
24105712546,PNC_PASTRY_WAR_Search_Product_20260803,198582693829,Brightening Body Oil,bio oil 200ml price clicks,NONE,body brightening oil,PHRASE,NEAR_PHRASE,1,0,0.0,0,0,0,"raw/32_search_term_view_90d.json (2798 rows, uncapped)"
24105712546,PNC_PASTRY_WAR_Search_Product_20260803,198582693829,Brightening Body Oil,body oil with alpha arbutin and niacinamide,NONE,body brightening oil,PHRASE,NEAR_PHRASE,1,0,0.0,0,0,0,"raw/32_search_term_view_90d.json (2798 rows, uncapped)"
24105712546,PNC_PASTRY_WAR_Search_Product_20260803,198582693829,Brightening Body Oil,body white paris oil,NONE,body brightening oil,PHRASE,NEAR_PHRASE,1,0,0.0,0,0,0,"raw/32_search_term_view_90d.json (2798 rows, uncapped)"
24105712546,PNC_PASTRY_WAR_Search_Product_20260803,198582693829,Brightening Body Oil,brightening tissue oil,NONE,body brightening oil,PHRASE,NEAR_PHRASE,3,0,0.0,0,0,0,"raw/32_search_term_view_90d.json (2798 rows, uncapped)"
24105712546,PNC_PASTRY_WAR_Search_Product_20260803,198582693829,Brightening Body Oil,brunel glow oil,NONE,body brightening oil,PHRASE,NEAR_PHRASE,1,0,0.0,0,0,0,"raw/32_search_term_view_90d.json (2798 rows, uncapped)"
24105712546,PNC_PASTRY_WAR_Search_Product_20260803,198582693829,Brightening Body Oil,caro light cream and oil,NONE,body brightening oil,PHRASE,NEAR_PHRASE,2,0,0.0,0,0,0,"raw/32_search_term_view_90d.json (2798 rows, uncapped)"
24105712546,PNC_PASTRY_WAR_Search_Product_20260803,198582693829,Brightening Body Oil,caro light oil,NONE,body brightening oil,PHRASE,NEAR_PHRASE,3,0,0.0,0,0,0,"raw/32_search_term_view_90d.json (2798 rows, uncapped)"
24105712546,PNC_PASTRY_WAR_Search_Product_20260803,198582693829,Brightening Body Oil,caro tone oil,NONE,body brightening oil,PHRASE,NEAR_PHRASE,2,0,0.0,0,0,0,"raw/32_search_term_view_90d.json (2798 rows, uncapped)"
24105712546,PNC_PASTRY_WAR_Search_Product_20260803,198582693829,Brightening Body Oil,carotone brightening oil,NONE,body brightening oil,PHRASE,NEAR_PHRASE,1,0,0.0,0,0,0,"raw/32_search_term_view_90d.json (2798 rows, uncapped)"
24105712546,PNC_PASTRY_WAR_Search_Product_20260803,198582693829,Brightening Body Oil,carotone oil price,NONE,body brightening oil,PHRASE,NEAR_PHRASE,1,0,0.0,0,0,0,"raw/32_search_term_view_90d.json (2798 rows, uncapped)"
24105712546,PNC_PASTRY_WAR_Search_Product_20260803,198582693829,Brightening Body Oil,carovate oil,NONE,body brightening oil,PHRASE,NEAR_PHRASE,4,0,0.0,0,0,0,"raw/32_search_term_view_90d.json (2798 rows, uncapped)"
24105712546,PNC_PASTRY_WAR_Search_Product_20260803,198582693829,Brightening Body Oil,carrot oil for skin,NONE,body brightening oil,PHRASE,NEAR_PHRASE,4,0,0.0,0,0,0,"raw/32_search_term_view_90d.json (2798 rows, uncapped)"
24105712546,PNC_PASTRY_WAR_Search_Product_20260803,198582693829,Brightening Body Oil,carrot oil for skin whitening,NONE,body brightening oil,PHRASE,NEAR_PHRASE,1,0,0.0,0,0,0,"raw/32_search_term_view_90d.json (2798 rows, uncapped)"
24105712546,PNC_PASTRY_WAR_Search_Product_20260803,198582693829,Brightening Body Oil,castor oil for skin whitening,NONE,body brightening oil,PHRASE,NEAR_PHRASE,1,0,0.0,0,0,0,"raw/32_search_term_view_90d.json (2798 rows, uncapped)"
24105712546,PNC_PASTRY_WAR_Search_Product_20260803,198582693829,Brightening Body Oil,cera glow body gel oil,NONE,body brightening oil,PHRASE,NEAR_PHRASE,12,0,0.0,0,0,0,"raw/32_search_term_view_90d.json (2798 rows, uncapped)"
24105712546,PNC_PASTRY_WAR_Search_Product_20260803,198582693829,Brightening Body Oil,cera glow body oil,NONE,body brightening oil,PHRASE,NEAR_PHRASE,3,0,0.0,0,0,0,"raw/32_search_term_view_90d.json (2798 rows, uncapped)"
24105712546,PNC_PASTRY_WAR_Search_Product_20260803,198582693829,Brightening Body Oil,cera glow oil,NONE,body brightening oil,PHRASE,NEAR_PHRASE,28,0,0.0,0,0,0,"raw/32_search_term_view_90d.json (2798 rows, uncapped)"
24105712546,PNC_PASTRY_WAR_Search_Product_20260803,198582693829,Brightening Body Oil,cera glow oil reviews,NONE,body brightening oil,PHRASE,NEAR_PHRASE,1,0,0.0,0,0,0,"raw/32_search_term_view_90d.json (2798 rows, uncapped)"
24105712546,PNC_PASTRY_WAR_Search_Product_20260803,198582693829,Brightening Body Oil,cera glow vaseline,NONE,body brightening oil,PHRASE,NEAR_PHRASE,2,0,0.0,0,0,0,"raw/32_search_term_view_90d.json (2798 rows, uncapped)"
24105712546,PNC_PASTRY_WAR_Search_Product_20260803,198582693829,Brightening Body Oil,cera glow vaseline body gel oil,NONE,body brightening oil,PHRASE,NEAR_PHRASE,3,0,0.0,0,0,0,"raw/32_search_term_view_90d.json (2798 rows, uncapped)"
24105712546,PNC_PASTRY_WAR_Search_Product_20260803,198582693829,Brightening Body Oil,cera glow vaseline gel oil,NONE,body brightening oil,PHRASE,NEAR_PHRASE,2,0,0.0,0,0,0,"raw/32_search_term_view_90d.json (2798 rows, uncapped)"
24105712546,PNC_PASTRY_WAR_Search_Product_20260803,198582693829,Brightening Body Oil,ceraglow oil,NONE,body brightening oil,PHRASE,NEAR_PHRASE,2,0,0.0,0,0,0,"raw/32_search_term_view_90d.json (2798 rows, uncapped)"
24105712546,PNC_PASTRY_WAR_Search_Product_20260803,198582693829,Brightening Body Oil,clear essence platinum skin beautifying body oil,NONE,body brightening oil,PHRASE,NEAR_PHRASE,1,0,0.0,0,0,0,"raw/32_search_term_view_90d.json (2798 rows, uncapped)"
24105712546,PNC_PASTRY_WAR_Search_Product_20260803,198582693829,Brightening Body Oil,clicks body oil for glowing skin,NONE,body brightening oil,PHRASE,NEAR_PHRASE,1,0,0.0,0,0,0,"raw/32_search_term_view_90d.json (2798 rows, uncapped)"
24105712546,PNC_PASTRY_WAR_Search_Product_20260803,198582693829,Brightening Body Oil,clicks coconut oil for skin whitening,NONE,body brightening oil,PHRASE,NEAR_PHRASE,4,0,0.0,0,0,0,"raw/32_search_term_view_90d.json (2798 rows, uncapped)"
24105712546,PNC_PASTRY_WAR_Search_Product_20260803,198582693829,Brightening Body Oil,clicks glow oil,NONE,body brightening oil,PHRASE,NEAR_PHRASE,2,0,0.0,0,0,0,"raw/32_search_term_view_90d.json (2798 rows, uncapped)"
24105712546,PNC_PASTRY_WAR_Search_Product_20260803,198582693829,Brightening Body Oil,clrs ltd tissue oil,NONE,body brightening oil,PHRASE,NEAR_PHRASE,1,0,0.0,0,0,0,"raw/32_search_term_view_90d.json (2798 rows, uncapped)"
24105712546,PNC_PASTRY_WAR_Search_Product_20260803,198582693829,Brightening Body Oil,coco pulp oil,NONE,body brightening oil,PHRASE,NEAR_PHRASE,7,0,0.0,0,0,0,"raw/32_search_term_view_90d.json (2798 rows, uncapped)"
24105712546,PNC_PASTRY_WAR_Search_Product_20260803,198582693829,Brightening Body Oil,coconut oil for skin whitening,NONE,body brightening oil,PHRASE,NEAR_PHRASE,4,0,0.0,0,0,0,"raw/32_search_term_view_90d.json (2798 rows, uncapped)"
24105712546,PNC_PASTRY_WAR_Search_Product_20260803,198582693829,Brightening Body Oil,coconut oil for skin whitening overnight,NONE,body brightening oil,PHRASE,NEAR_PHRASE,1,0,0.0,0,0,0,"raw/32_search_term_view_90d.json (2798 rows, uncapped)"
24105712546,PNC_PASTRY_WAR_Search_Product_20260803,198582693829,Brightening Body Oil,coconut oil skin lightening,NONE,body brightening oil,PHRASE,NEAR_PHRASE,1,0,0.0,0,0,0,"raw/32_search_term_view_90d.json (2798 rows, uncapped)"
24105712546,PNC_PASTRY_WAR_Search_Product_20260803,198582693829,Brightening Body Oil,cocopulp oil,NONE,body brightening oil,PHRASE,NEAR_PHRASE,11,0,0.0,0,0,0,"raw/32_search_term_view_90d.json (2798 rows, uncapped)"
24105712546,PNC_PASTRY_WAR_Search_Product_20260803,198582693829,Brightening Body Oil,collagen snail whitening oil,NONE,body brightening oil,PHRASE,NEAR_PHRASE,1,0,0.0,0,0,0,"raw/32_search_term_view_90d.json (2798 rows, uncapped)"
24105712546,PNC_PASTRY_WAR_Search_Product_20260803,198582693829,Brightening Body Oil,cyklar body oil,NONE,body brightening oil,PHRASE,NEAR_PHRASE,2,0,0.0,0,0,0,"raw/32_search_term_view_90d.json (2798 rows, uncapped)"
24105712546,PNC_PASTRY_WAR_Search_Product_20260803,198582693829,Brightening Body Oil,dark inner thighs oil,NONE,body brightening oil,PHRASE,NEAR_PHRASE,1,0,0.0,0,0,0,"raw/32_search_term_view_90d.json (2798 rows, uncapped)"
24105712546,PNC_PASTRY_WAR_Search_Product_20260803,198582693829,Brightening Body Oil,does clere glyco oil marula lighten skin,NONE,body brightening oil,PHRASE,NEAR_PHRASE,1,0,0.0,0,0,0,"raw/32_search_term_view_90d.json (2798 rows, uncapped)"
24105712546,PNC_PASTRY_WAR_Search_Product_20260803,198582693829,Brightening Body Oil,does gentle magic oil lighten skin,NONE,body brightening oil,PHRASE,NEAR_PHRASE,2,0,0.0,0,0,0,"raw/32_search_term_view_90d.json (2798 rows, uncapped)"
24105712546,PNC_PASTRY_WAR_Search_Product_20260803,198582693829,Brightening Body Oil,does tissue oil lighten skin,NONE,body brightening oil,PHRASE,NEAR_PHRASE,3,0,0.0,0,0,0,"raw/32_search_term_view_90d.json (2798 rows, uncapped)"
24105712546,PNC_PASTRY_WAR_Search_Product_20260803,198582693829,Brightening Body Oil,does vaseline nourishing argan oil brighten skin,NONE,body brightening oil,PHRASE,NEAR_PHRASE,1,0,0.0,0,0,0,"raw/32_search_term_view_90d.json (2798 rows, uncapped)"
24105712546,PNC_PASTRY_WAR_Search_Product_20260803,198582693829,Brightening Body Oil,dr davey b3 body oil,NONE,body brightening oil,PHRASE,NEAR_PHRASE,1,0,0.0,0,0,0,"raw/32_search_term_view_90d.json (2798 rows, uncapped)"
24105712546,PNC_PASTRY_WAR_Search_Product_20260803,198582693829,Brightening Body Oil,dr davey body gel oil,NONE,body brightening oil,PHRASE,NEAR_PHRASE,2,0,0.0,0,0,0,"raw/32_search_term_view_90d.json (2798 rows, uncapped)"
24105712546,PNC_PASTRY_WAR_Search_Product_20260803,198582693829,Brightening Body Oil,dr davey body oil clicks,NONE,body brightening oil,PHRASE,NEAR_PHRASE,3,0,0.0,0,0,0,"raw/32_search_term_view_90d.json (2798 rows, uncapped)"
24105712546,PNC_PASTRY_WAR_Search_Product_20260803,198582693829,Brightening Body Oil,dr davey body oil clicks price,NONE,body brightening oil,PHRASE,NEAR_PHRASE,1,0,0.0,0,0,0,"raw/32_search_term_view_90d.json (2798 rows, uncapped)"
24105712546,PNC_PASTRY_WAR_Search_Product_20260803,198582693829,Brightening Body Oil,dr davey pure papaya glow body oil,NONE,body brightening oil,PHRASE,NEAR_PHRASE,1,0,0.0,0,0,0,"raw/32_search_term_view_90d.json (2798 rows, uncapped)"
24105712546,PNC_PASTRY_WAR_Search_Product_20260803,198582693829,Brightening Body Oil,dr davey turmeric glow body oil,NONE,body brightening oil,PHRASE,NEAR_PHRASE,1,0,0.0,0,0,0,"raw/32_search_term_view_90d.json (2798 rows, uncapped)"
24105712546,PNC_PASTRY_WAR_Search_Product_20260803,198582693829,Brightening Body Oil,dr davey turmeric oil,NONE,body brightening oil,PHRASE,NEAR_PHRASE,1,0,0.0,0,0,0,"raw/32_search_term_view_90d.json (2798 rows, uncapped)"
24105712546,PNC_PASTRY_WAR_Search_Product_20260803,198582693829,Brightening Body Oil,ead tissue oil cream,NONE,body brightening oil,PHRASE,NEAR_PHRASE,1,0,0.0,0,0,0,"raw/32_search_term_view_90d.json (2798 rows, uncapped)"
24105712546,PNC_PASTRY_WAR_Search_Product_20260803,198582693829,Brightening Body Oil,edguard oil,NONE,body brightening oil,PHRASE,NEAR_PHRASE,2,0,0.0,0,0,0,"raw/32_search_term_view_90d.json (2798 rows, uncapped)"
24105712546,PNC_PASTRY_WAR_Search_Product_20260803,198582693829,Brightening Body Oil,extra clear oil,NONE,body brightening oil,PHRASE,NEAR_PHRASE,1,0,0.0,0,0,0,"raw/32_search_term_view_90d.json (2798 rows, uncapped)"
24105712546,PNC_PASTRY_WAR_Search_Product_20260803,198582693829,Brightening Body Oil,fair and white so white brightening oil,NONE,body brightening oil,PHRASE,NEAR_PHRASE,1,0,0.0,0,0,0,"raw/32_search_term_view_90d.json (2798 rows, uncapped)"
24105712546,PNC_PASTRY_WAR_Search_Product_20260803,198582693829,Brightening Body Oil,glow body oil dr davey,NONE,body brightening oil,PHRASE,NEAR_PHRASE,3,0,0.0,0,0,0,"raw/32_search_term_view_90d.json (2798 rows, uncapped)"
24105712546,PNC_PASTRY_WAR_Search_Product_20260803,198582693829,Brightening Body Oil,glow oil dr davey,NONE,body brightening oil,PHRASE,NEAR_PHRASE,2,0,0.0,0,0,0,"raw/32_search_term_view_90d.json (2798 rows, uncapped)"
24105712546,PNC_PASTRY_WAR_Search_Product_20260803,198582693829,Brightening Body Oil,glow oil for caramel skin,NONE,body brightening oil,PHRASE,NEAR_PHRASE,1,0,0.0,0,0,0,"raw/32_search_term_view_90d.json (2798 rows, uncapped)"
24105712546,PNC_PASTRY_WAR_Search_Product_20260803,198582693829,Brightening Body Oil,glowpink skin oil,NONE,body brightening oil,PHRASE,NEAR_PHRASE,1,0,0.0,0,0,0,"raw/32_search_term_view_90d.json (2798 rows, uncapped)"
24105712546,PNC_PASTRY_WAR_Search_Product_20260803,198582693829,Brightening Body Oil,gluta oil,NONE,body brightening oil,PHRASE,NEAR_PHRASE,1,0,0.0,0,0,0,"raw/32_search_term_view_90d.json (2798 rows, uncapped)"
24105712546,PNC_PASTRY_WAR_Search_Product_20260803,198582693829,Brightening Body Oil,gluta white oil,NONE,body brightening oil,PHRASE,NEAR_PHRASE,1,0,0.0,0,0,0,"raw/32_search_term_view_90d.json (2798 rows, uncapped)"
24105712546,PNC_PASTRY_WAR_Search_Product_20260803,198582693829,Brightening Body Oil,glutathione oil for skin whitening,NONE,body brightening oil,PHRASE,NEAR_PHRASE,1,0,0.0,0,0,0,"raw/32_search_term_view_90d.json (2798 rows, uncapped)"
24105712546,PNC_PASTRY_WAR_Search_Product_20260803,198582693829,Brightening Body Oil,half cast oil,NONE,body brightening oil,PHRASE,NEAR_PHRASE,1,0,0.0,0,0,0,"raw/32_search_term_view_90d.json (2798 rows, uncapped)"
24105712546,PNC_PASTRY_WAR_Search_Product_20260803,198582693829,Brightening Body Oil,half cast oil for skin whitening,NONE,body brightening oil,PHRASE,NEAR_PHRASE,2,0,0.0,0,0,0,"raw/32_search_term_view_90d.json (2798 rows, uncapped)"
24105712546,PNC_PASTRY_WAR_Search_Product_20260803,198582693829,Brightening Body Oil,half cast whitening oil,NONE,body brightening oil,PHRASE,NEAR_PHRASE,1,0,0.0,0,0,0,"raw/32_search_term_view_90d.json (2798 rows, uncapped)"
24105712546,PNC_PASTRY_WAR_Search_Product_20260803,198582693829,Brightening Body Oil,halfcast oil,NONE,body brightening oil,PHRASE,NEAR_PHRASE,2,0,0.0,0,0,0,"raw/32_search_term_view_90d.json (2798 rows, uncapped)"
24105712546,PNC_PASTRY_WAR_Search_Product_20260803,198582693829,Brightening Body Oil,healthy glow oil,NONE,body brightening oil,PHRASE,NEAR_PHRASE,2,0,0.0,0,0,0,"raw/32_search_term_view_90d.json (2798 rows, uncapped)"
24105712546,PNC_PASTRY_WAR_Search_Product_20260803,198582693829,Brightening Body Oil,how much is dr davey body oil,NONE,body brightening oil,PHRASE,NEAR_PHRASE,1,0,0.0,0,0,0,"raw/32_search_term_view_90d.json (2798 rows, uncapped)"
24105712546,PNC_PASTRY_WAR_Search_Product_20260803,198582693829,Brightening Body Oil,how to use castor oil for skin whitening,NONE,body brightening oil,PHRASE,NEAR_PHRASE,1,0,0.0,0,0,0,"raw/32_search_term_view_90d.json (2798 rows, uncapped)"
24105712546,PNC_PASTRY_WAR_Search_Product_20260803,198582693829,Brightening Body Oil,how to use molato oil,NONE,body brightening oil,PHRASE,NEAR_PHRASE,2,0,0.0,0,0,0,"raw/32_search_term_view_90d.json (2798 rows, uncapped)"
24105712546,PNC_PASTRY_WAR_Search_Product_20260803,198582693829,Brightening Body Oil,huile clarifiante,NONE,body brightening oil,PHRASE,NEAR_PHRASE,2,0,0.0,0,0,0,"raw/32_search_term_view_90d.json (2798 rows, uncapped)"
24105712546,PNC_PASTRY_WAR_Search_Product_20260803,198582693829,Brightening Body Oil,ihecio turmeric oil,NONE,body brightening oil,PHRASE,NEAR_PHRASE,1,0,0.0,0,0,0,"raw/32_search_term_view_90d.json (2798 rows, uncapped)"
24105712546,PNC_PASTRY_WAR_Search_Product_20260803,198582693829,Brightening Body Oil,ingrams radiant glow tissue oil,NONE,body brightening oil,PHRASE,NEAR_PHRASE,1,0,0.0,0,0,0,"raw/32_search_term_view_90d.json (2798 rows, uncapped)"
24105712546,PNC_PASTRY_WAR_Search_Product_20260803,198582693829,Brightening Body Oil,iqhawe turmeric super whitening oil,NONE,body brightening oil,PHRASE,NEAR_PHRASE,1,0,0.0,0,0,0,"raw/32_search_term_view_90d.json (2798 rows, uncapped)"
24105712546,PNC_PASTRY_WAR_Search_Product_20260803,198582693829,Brightening Body Oil,jojoba oil benefits for skin whitening,NONE,body brightening oil,PHRASE,NEAR_PHRASE,1,0,0.0,0,0,0,"raw/32_search_term_view_90d.json (2798 rows, uncapped)"
24105712546,PNC_PASTRY_WAR_Search_Product_20260803,198582693829,Brightening Body Oil,juli gold whitening oil,NONE,body brightening oil,PHRASE,NEAR_PHRASE,3,0,0.0,0,0,0,"raw/32_search_term_view_90d.json (2798 rows, uncapped)"
24105712546,PNC_PASTRY_WAR_Search_Product_20260803,198582693829,Brightening Body Oil,kenacol oil,NONE,body brightening oil,PHRASE,NEAR_PHRASE,2,0,0.0,0,0,0,"raw/32_search_term_view_90d.json (2798 rows, uncapped)"
24105712546,PNC_PASTRY_WAR_Search_Product_20260803,198582693829,Brightening Body Oil,kesar kumkumadi oil,NONE,body brightening oil,PHRASE,NEAR_PHRASE,1,0,0.0,0,0,0,"raw/32_search_term_view_90d.json (2798 rows, uncapped)"
24105712546,PNC_PASTRY_WAR_Search_Product_20260803,198582693829,Brightening Body Oil,kira gold whitening oil,NONE,body brightening oil,PHRASE,NEAR_PHRASE,1,0,0.0,0,0,0,"raw/32_search_term_view_90d.json (2798 rows, uncapped)"
24105712546,PNC_PASTRY_WAR_Search_Product_20260803,198582693829,Brightening Body Oil,kirah gold body oil,NONE,body brightening oil,PHRASE,NEAR_PHRASE,2,0,0.0,0,0,0,"raw/32_search_term_view_90d.json (2798 rows, uncapped)"
24105712546,PNC_PASTRY_WAR_Search_Product_20260803,198582693829,Brightening Body Oil,kirah gold whitening oil,NONE,body brightening oil,PHRASE,NEAR_PHRASE,2,0,0.0,0,0,0,"raw/32_search_term_view_90d.json (2798 rows, uncapped)"
24105712546,PNC_PASTRY_WAR_Search_Product_20260803,198582693829,Brightening Body Oil,knuckle oil,NONE,body brightening oil,PHRASE,NEAR_PHRASE,1,0,0.0,0,0,0,"raw/32_search_term_view_90d.json (2798 rows, uncapped)"
24105712546,PNC_PASTRY_WAR_Search_Product_20260803,198582693829,Brightening Body Oil,kojic acid body oil gel,NONE,body brightening oil,PHRASE,NEAR_PHRASE,1,0,0.0,0,0,0,"raw/32_search_term_view_90d.json (2798 rows, uncapped)"
24105712546,PNC_PASTRY_WAR_Search_Product_20260803,198582693829,Brightening Body Oil,kojic acid oil,NONE,body brightening oil,PHRASE,NEAR_PHRASE,8,0,0.0,0,0,0,"raw/32_search_term_view_90d.json (2798 rows, uncapped)"
24105712546,PNC_PASTRY_WAR_Search_Product_20260803,198582693829,Brightening Body Oil,kojic acid oil for skin lightening,NONE,body brightening oil,PHRASE,NEAR_PHRASE,4,0,0.0,0,0,0,"raw/32_search_term_view_90d.json (2798 rows, uncapped)"
24105712546,PNC_PASTRY_WAR_Search_Product_20260803,198582693829,Brightening Body Oil,kojic acid skin oil,NONE,body brightening oil,PHRASE,NEAR_PHRASE,1,0,0.0,0,0,0,"raw/32_search_term_view_90d.json (2798 rows, uncapped)"
24105712546,PNC_PASTRY_WAR_Search_Product_20260803,198582693829,Brightening Body Oil,kojic body glow oil,NONE,body brightening oil,PHRASE,NEAR_PHRASE,2,0,0.0,0,0,0,"raw/32_search_term_view_90d.json (2798 rows, uncapped)"
24105712546,PNC_PASTRY_WAR_Search_Product_20260803,198582693829,Brightening Body Oil,kojic body oil,NONE,body brightening oil,PHRASE,NEAR_PHRASE,2,0,0.0,0,0,0,"raw/32_search_term_view_90d.json (2798 rows, uncapped)"
24105712546,PNC_PASTRY_WAR_Search_Product_20260803,198582693829,Brightening Body Oil,kojic glow body oil,NONE,body brightening oil,PHRASE,NEAR_PHRASE,2,0,0.0,0,0,0,"raw/32_search_term_view_90d.json (2798 rows, uncapped)"
24105712546,PNC_PASTRY_WAR_Search_Product_20260803,198582693829,Brightening Body Oil,kojic oil benefits for skin,NONE,body brightening oil,PHRASE,NEAR_PHRASE,1,0,0.0,0,0,0,"raw/32_search_term_view_90d.json (2798 rows, uncapped)"
24105712546,PNC_PASTRY_WAR_Search_Product_20260803,198582693829,Brightening Body Oil,kojic pure collagen skin glow body oil,NONE,body brightening oil,PHRASE,NEAR_PHRASE,1,0,0.0,0,0,0,"raw/32_search_term_view_90d.json (2798 rows, uncapped)"
24105712546,PNC_PASTRY_WAR_Search_Product_20260803,198582693829,Brightening Body Oil,kora glow body oil,NONE,body brightening oil,PHRASE,NEAR_PHRASE,1,0,0.0,0,0,0,"raw/32_search_term_view_90d.json (2798 rows, uncapped)"
24105712546,PNC_PASTRY_WAR_Search_Product_20260803,198582693829,Brightening Body Oil,kumkumadi oil,NONE,body brightening oil,PHRASE,NEAR_PHRASE,1,0,0.0,0,0,0,"raw/32_search_term_view_90d.json (2798 rows, uncapped)"
24105712546,PNC_PASTRY_WAR_Search_Product_20260803,198582693829,Brightening Body Oil,kumkumadi oil south africa,NONE,body brightening oil,PHRASE,NEAR_PHRASE,1,0,0.0,0,0,0,"raw/32_search_term_view_90d.json (2798 rows, uncapped)"
24105712546,PNC_PASTRY_WAR_Search_Product_20260803,198582693829,Brightening Body Oil,labidjanaise oil,NONE,body brightening oil,PHRASE,NEAR_PHRASE,2,0,0.0,0,0,0,"raw/32_search_term_view_90d.json (2798 rows, uncapped)"
24105712546,PNC_PASTRY_WAR_Search_Product_20260803,198582693829,Brightening Body Oil,lelive brighten glow body oil,NONE,body brightening oil,PHRASE,NEAR_PHRASE,1,0,0.0,0,0,0,"raw/32_search_term_view_90d.json (2798 rows, uncapped)"
24105712546,PNC_PASTRY_WAR_Search_Product_20260803,198582693829,Brightening Body Oil,lelive oil,NONE,body brightening oil,PHRASE,NEAR_PHRASE,3,0,0.0,0,0,0,"raw/32_search_term_view_90d.json (2798 rows, uncapped)"
24105712546,PNC_PASTRY_WAR_Search_Product_20260803,198582693829,Brightening Body Oil,lelive oil la la,NONE,body brightening oil,PHRASE,NEAR_PHRASE,5,0,0.0,0,0,0,"raw/32_search_term_view_90d.json (2798 rows, uncapped)"
24105712546,PNC_PASTRY_WAR_Search_Product_20260803,198582693829,Brightening Body Oil,lemon clear oil,NONE,body brightening oil,PHRASE,NEAR_PHRASE,2,0,0.0,0,0,0,"raw/32_search_term_view_90d.json (2798 rows, uncapped)"
24105712546,PNC_PASTRY_WAR_Search_Product_20260803,198582693829,Brightening Body Oil,lily arabian whitening oil,NONE,body brightening oil,PHRASE,NEAR_PHRASE,1,0,0.0,0,0,0,"raw/32_search_term_view_90d.json (2798 rows, uncapped)"
24105712546,PNC_PASTRY_WAR_Search_Product_20260803,198582693829,Brightening Body Oil,loccitane shimmering oil,NONE,body brightening oil,PHRASE,NEAR_PHRASE,1,0,0.0,0,0,0,"raw/32_search_term_view_90d.json (2798 rows, uncapped)"
24105712546,PNC_PASTRY_WAR_Search_Product_20260803,198582693829,Brightening Body Oil,luminous glow body gel oil,NONE,body brightening oil,PHRASE,NEAR_PHRASE,2,0,0.0,0,0,0,"raw/32_search_term_view_90d.json (2798 rows, uncapped)"
24105712546,PNC_PASTRY_WAR_Search_Product_20260803,198582693829,Brightening Body Oil,magic glow oil,NONE,body brightening oil,PHRASE,NEAR_PHRASE,1,0,0.0,0,0,0,"raw/32_search_term_view_90d.json (2798 rows, uncapped)"
24105712546,PNC_PASTRY_WAR_Search_Product_20260803,198582693829,Brightening Body Oil,magnolia oil clicks,NONE,body brightening oil,PHRASE,NEAR_PHRASE,1,0,0.0,0,0,0,"raw/32_search_term_view_90d.json (2798 rows, uncapped)"
24105712546,PNC_PASTRY_WAR_Search_Product_20260803,198582693829,Brightening Body Oil,magnolia tissue,NONE,body brightening oil,PHRASE,NEAR_PHRASE,1,0,0.0,0,0,0,"raw/32_search_term_view_90d.json (2798 rows, uncapped)"
24105712546,PNC_PASTRY_WAR_Search_Product_20260803,198582693829,Brightening Body Oil,moringa oil for skin lightening,NONE,body brightening oil,PHRASE,NEAR_PHRASE,1,0,0.0,0,0,0,"raw/32_search_term_view_90d.json (2798 rows, uncapped)"
24105712546,PNC_PASTRY_WAR_Search_Product_20260803,198582693829,Brightening Body Oil,mr davey body oil,NONE,body brightening oil,PHRASE,NEAR_PHRASE,2,0,0.0,0,0,0,"raw/32_search_term_view_90d.json (2798 rows, uncapped)"
24105712546,PNC_PASTRY_WAR_Search_Product_20260803,198582693829,Brightening Body Oil,myrrh oil for skin lightening,NONE,body brightening oil,PHRASE,NEAR_PHRASE,1,0,0.0,0,0,0,"raw/32_search_term_view_90d.json (2798 rows, uncapped)"
24105712546,PNC_PASTRY_WAR_Search_Product_20260803,198582693829,Brightening Body Oil,new veet gold turmeric oil,NONE,body brightening oil,PHRASE,NEAR_PHRASE,1,0,0.0,0,0,0,"raw/32_search_term_view_90d.json (2798 rows, uncapped)"
24105712546,PNC_PASTRY_WAR_Search_Product_20260803,198582693829,Brightening Body Oil,niacinamide body oil,NONE,body brightening oil,PHRASE,NEAR_PHRASE,2,0,0.0,0,0,0,"raw/32_search_term_view_90d.json (2798 rows, uncapped)"
24105712546,PNC_PASTRY_WAR_Search_Product_20260803,198582693829,Brightening Body Oil,nivea cera glow oil,NONE,body brightening oil,PHRASE,NEAR_PHRASE,5,0,0.0,0,0,0,"raw/32_search_term_view_90d.json (2798 rows, uncapped)"
24105712546,PNC_PASTRY_WAR_Search_Product_20260803,198582693829,Brightening Body Oil,nivea glow oil,NONE,body brightening oil,PHRASE,NEAR_PHRASE,3,0,0.0,0,0,0,"raw/32_search_term_view_90d.json (2798 rows, uncapped)"
24105712546,PNC_PASTRY_WAR_Search_Product_20260803,198582693829,Brightening Body Oil,nivea luminous 630 body oil,NONE,body brightening oil,PHRASE,NEAR_PHRASE,1,0,0.0,0,0,0,"raw/32_search_term_view_90d.json (2798 rows, uncapped)"
24105712546,PNC_PASTRY_WAR_Search_Product_20260803,198582693829,Brightening Body Oil,nivea luminous body oil serum,NONE,body brightening oil,PHRASE,NEAR_PHRASE,2,0,0.0,0,0,0,"raw/32_search_term_view_90d.json (2798 rows, uncapped)"
24105712546,PNC_PASTRY_WAR_Search_Product_20260803,198582693829,Brightening Body Oil,nivea luminous oil,NONE,body brightening oil,PHRASE,NEAR_PHRASE,2,0,0.0,0,0,0,"raw/32_search_term_view_90d.json (2798 rows, uncapped)"
24105712546,PNC_PASTRY_WAR_Search_Product_20260803,198582693829,Brightening Body Oil,nivea luminous630 anti stretch marks body oil serum 100ml,NONE,body brightening oil,PHRASE,NEAR_PHRASE,1,0,0.0,0,0,0,"raw/32_search_term_view_90d.json (2798 rows, uncapped)"
24105712546,PNC_PASTRY_WAR_Search_Product_20260803,198582693829,Brightening Body Oil,nivea radiant body oil,NONE,body brightening oil,PHRASE,NEAR_PHRASE,2,0,0.0,0,0,0,"raw/32_search_term_view_90d.json (2798 rows, uncapped)"
24105712546,PNC_PASTRY_WAR_Search_Product_20260803,198582693829,Brightening Body Oil,no spot oil,NONE,body brightening oil,PHRASE,NEAR_PHRASE,1,0,0.0,0,0,0,"raw/32_search_term_view_90d.json (2798 rows, uncapped)"
24105712546,PNC_PASTRY_WAR_Search_Product_20260803,198582693829,Brightening Body Oil,oh so heavenly duo glow oil,NONE,body brightening oil,PHRASE,NEAR_PHRASE,6,0,0.0,0,0,0,"raw/32_search_term_view_90d.json (2798 rows, uncapped)"
24105712546,PNC_PASTRY_WAR_Search_Product_20260803,198582693829,Brightening Body Oil,oh so heavenly glow oil,NONE,body brightening oil,PHRASE,NEAR_PHRASE,20,0,0.0,0,0,0,"raw/32_search_term_view_90d.json (2798 rows, uncapped)"
24105712546,PNC_PASTRY_WAR_Search_Product_20260803,198582693829,Brightening Body Oil,oh so heavenly glowing body oil,NONE,body brightening oil,PHRASE,NEAR_PHRASE,3,0,0.0,0,0,0,"raw/32_search_term_view_90d.json (2798 rows, uncapped)"
24105712546,PNC_PASTRY_WAR_Search_Product_20260803,198582693829,Brightening Body Oil,oh so heavenly luminous glow body gel oil clicks,NONE,body brightening oil,PHRASE,NEAR_PHRASE,8,0,0.0,0,0,0,"raw/32_search_term_view_90d.json (2798 rows, uncapped)"
24105712546,PNC_PASTRY_WAR_Search_Product_20260803,198582693829,Brightening Body Oil,oh so heavenly luminous glow body gel oil dischem,NONE,body brightening oil,PHRASE,NEAR_PHRASE,5,0,0.0,0,0,0,"raw/32_search_term_view_90d.json (2798 rows, uncapped)"
24105712546,PNC_PASTRY_WAR_Search_Product_20260803,198582693829,Brightening Body Oil,oh so heavenly luminous glow body gel oil price,NONE,body brightening oil,PHRASE,NEAR_PHRASE,1,0,0.0,0,0,0,"raw/32_search_term_view_90d.json (2798 rows, uncapped)"
24105712546,PNC_PASTRY_WAR_Search_Product_20260803,198582693829,Brightening Body Oil,oh so heavenly radiance oil,NONE,body brightening oil,PHRASE,NEAR_PHRASE,2,0,0.0,0,0,0,"raw/32_search_term_view_90d.json (2798 rows, uncapped)"
24105712546,PNC_PASTRY_WAR_Search_Product_20260803,198582693829,Brightening Body Oil,oil for dark inner thighs,NONE,body brightening oil,PHRASE,NEAR_PHRASE,1,0,0.0,0,0,0,"raw/32_search_term_view_90d.json (2798 rows, uncapped)"
24105712546,PNC_PASTRY_WAR_Search_Product_20260803,198582693829,Brightening Body Oil,olive oil for brightening skin,NONE,body brightening oil,PHRASE,NEAR_PHRASE,1,0,0.0,0,0,0,"raw/32_search_term_view_90d.json (2798 rows, uncapped)"
24105712546,PNC_PASTRY_WAR_Search_Product_20260803,198582693829,Brightening Body Oil,omega 3 tumeric glow body oil,NONE,body brightening oil,PHRASE,NEAR_PHRASE,1,0,0.0,0,0,0,"raw/32_search_term_view_90d.json (2798 rows, uncapped)"
24105712546,PNC_PASTRY_WAR_Search_Product_20260803,198582693829,Brightening Body Oil,omega 3 turmeric glow body oil,NONE,body brightening oil,PHRASE,NEAR_PHRASE,3,0,0.0,0,0,0,"raw/32_search_term_view_90d.json (2798 rows, uncapped)"
24105712546,PNC_PASTRY_WAR_Search_Product_20260803,198582693829,Brightening Body Oil,organic health solutions l glutathione skin oil,NONE,body brightening oil,PHRASE,NEAR_PHRASE,1,0,0.0,0,0,0,"raw/32_search_term_view_90d.json (2798 rows, uncapped)"
24105712546,PNC_PASTRY_WAR_Search_Product_20260803,198582693829,Brightening Body Oil,palmers body oil shimmer,NONE,body brightening oil,PHRASE,NEAR_PHRASE,3,0,0.0,0,0,0,"raw/32_search_term_view_90d.json (2798 rows, uncapped)"
24105712546,PNC_PASTRY_WAR_Search_Product_20260803,198582693829,Brightening Body Oil,palmers cocoa butter formula shimmer radiance body oil,NONE,body brightening oil,PHRASE,NEAR_PHRASE,1,0,0.0,0,0,0,"raw/32_search_term_view_90d.json (2798 rows, uncapped)"
24105712546,PNC_PASTRY_WAR_Search_Product_20260803,198582693829,Brightening Body Oil,palmers cocoa butter shimmer,NONE,body brightening oil,PHRASE,NEAR_PHRASE,3,0,0.0,0,0,0,"raw/32_search_term_view_90d.json (2798 rows, uncapped)"
24105712546,PNC_PASTRY_WAR_Search_Product_20260803,198582693829,Brightening Body Oil,palmers shimmer body oil,NONE,body brightening oil,PHRASE,NEAR_PHRASE,6,0,0.0,0,0,0,"raw/32_search_term_view_90d.json (2798 rows, uncapped)"
24105712546,PNC_PASTRY_WAR_Search_Product_20260803,198582693829,Brightening Body Oil,palmers shimmer radiance body oil,NONE,body brightening oil,PHRASE,NEAR_PHRASE,1,0,0.0,0,0,0,"raw/32_search_term_view_90d.json (2798 rows, uncapped)"
24105712546,PNC_PASTRY_WAR_Search_Product_20260803,198582693829,Brightening Body Oil,paw paw clarifying oil,NONE,body brightening oil,PHRASE,NEAR_PHRASE,1,0,0.0,0,0,0,"raw/32_search_term_view_90d.json (2798 rows, uncapped)"
24105712546,PNC_PASTRY_WAR_Search_Product_20260803,198582693829,Brightening Body Oil,pawpaw oil,NONE,body brightening oil,PHRASE,NEAR_PHRASE,2,0,0.0,0,0,0,"raw/32_search_term_view_90d.json (2798 rows, uncapped)"
24105712546,PNC_PASTRY_WAR_Search_Product_20260803,198582693829,Brightening Body Oil,payot healthy glow radiance oil,NONE,body brightening oil,PHRASE,NEAR_PHRASE,2,0,0.0,0,0,0,"raw/32_search_term_view_90d.json (2798 rows, uncapped)"
24105712546,PNC_PASTRY_WAR_Search_Product_20260803,198582693829,Brightening Body Oil,pearl whitening concentrate oil,NONE,body brightening oil,PHRASE,NEAR_PHRASE,1,0,0.0,0,0,0,"raw/32_search_term_view_90d.json (2798 rows, uncapped)"
24105712546,PNC_PASTRY_WAR_Search_Product_20260803,198582693829,Brightening Body Oil,peeling oil for skin whitening,NONE,body brightening oil,PHRASE,NEAR_PHRASE,2,0,0.0,0,0,0,"raw/32_search_term_view_90d.json (2798 rows, uncapped)"
24105712546,PNC_PASTRY_WAR_Search_Product_20260803,198582693829,Brightening Body Oil,perfect white oil,NONE,body brightening oil,PHRASE,NEAR_PHRASE,1,0,0.0,0,0,0,"raw/32_search_term_view_90d.json (2798 rows, uncapped)"
24105712546,PNC_PASTRY_WAR_Search_Product_20260803,198582693829,Brightening Body Oil,pretty white oil,NONE,body brightening oil,PHRASE,NEAR_PHRASE,1,0,0.0,0,0,0,"raw/32_search_term_view_90d.json (2798 rows, uncapped)"
24105712546,PNC_PASTRY_WAR_Search_Product_20260803,198582693829,Brightening Body Oil,pro white oil,NONE,body brightening oil,PHRASE,NEAR_PHRASE,1,0,0.0,0,0,0,"raw/32_search_term_view_90d.json (2798 rows, uncapped)"
24105712546,PNC_PASTRY_WAR_Search_Product_20260803,198582693829,Brightening Body Oil,pure white oil,NONE,body brightening oil,PHRASE,NEAR_PHRASE,1,0,0.0,0,0,0,"raw/32_search_term_view_90d.json (2798 rows, uncapped)"
24105712546,PNC_PASTRY_WAR_Search_Product_20260803,198582693829,Brightening Body Oil,radiance body oil,NONE,body brightening oil,PHRASE,NEAR_PHRASE,1,0,0.0,0,0,0,"raw/32_search_term_view_90d.json (2798 rows, uncapped)"
24105712546,PNC_PASTRY_WAR_Search_Product_20260803,198582693829,Brightening Body Oil,shimmering body oil nuxe,NONE,body brightening oil,PHRASE,NEAR_PHRASE,1,0,0.0,0,0,0,"raw/32_search_term_view_90d.json (2798 rows, uncapped)"
24105712546,PNC_PASTRY_WAR_Search_Product_20260803,198582693829,Brightening Body Oil,skin lightening gentle magic oil,NONE,body brightening oil,PHRASE,NEAR_PHRASE,2,0,0.0,0,0,0,"raw/32_search_term_view_90d.json (2798 rows, uncapped)"
24105712546,PNC_PASTRY_WAR_Search_Product_20260803,198582693829,Brightening Body Oil,smooth arabian whitening yellow tone oil,NONE,body brightening oil,PHRASE,NEAR_PHRASE,1,0,0.0,0,0,0,"raw/32_search_term_view_90d.json (2798 rows, uncapped)"
24105712546,PNC_PASTRY_WAR_Search_Product_20260803,198582693829,Brightening Body Oil,so white oil review,NONE,body brightening oil,PHRASE,NEAR_PHRASE,1,0,0.0,0,0,0,"raw/32_search_term_view_90d.json (2798 rows, uncapped)"
24105712546,PNC_PASTRY_WAR_Search_Product_20260803,198582693829,Brightening Body Oil,tea tree oil for skin whitening,NONE,body brightening oil,PHRASE,NEAR_PHRASE,2,0,0.0,0,0,0,"raw/32_search_term_view_90d.json (2798 rows, uncapped)"
24105712546,PNC_PASTRY_WAR_Search_Product_20260803,198582693829,Brightening Body Oil,tiatio oil,NONE,body brightening oil,PHRASE,NEAR_PHRASE,1,0,0.0,0,0,0,"raw/32_search_term_view_90d.json (2798 rows, uncapped)"
24105712546,PNC_PASTRY_WAR_Search_Product_20260803,198582693829,Brightening Body Oil,truth tissue oil,NONE,body brightening oil,PHRASE,NEAR_PHRASE,3,0,0.0,0,0,0,"raw/32_search_term_view_90d.json (2798 rows, uncapped)"
24105712546,PNC_PASTRY_WAR_Search_Product_20260803,198582693829,Brightening Body Oil,turmeric brightening oil,NONE,body brightening oil,PHRASE,NEAR_PHRASE,2,0,0.0,0,0,0,"raw/32_search_term_view_90d.json (2798 rows, uncapped)"
24105712546,PNC_PASTRY_WAR_Search_Product_20260803,198582693829,Brightening Body Oil,turmeric lightening oil,NONE,body brightening oil,PHRASE,NEAR_PHRASE,1,0,0.0,0,0,0,"raw/32_search_term_view_90d.json (2798 rows, uncapped)"
24105712546,PNC_PASTRY_WAR_Search_Product_20260803,198582693829,Brightening Body Oil,turmeric omega 3 glow body oil,NONE,body brightening oil,PHRASE,NEAR_PHRASE,1,0,0.0,0,0,0,"raw/32_search_term_view_90d.json (2798 rows, uncapped)"
24105712546,PNC_PASTRY_WAR_Search_Product_20260803,198582693829,Brightening Body Oil,turmeric super whitening oil,NONE,body brightening oil,PHRASE,NEAR_PHRASE,3,0,0.0,0,0,0,"raw/32_search_term_view_90d.json (2798 rows, uncapped)"
24105712546,PNC_PASTRY_WAR_Search_Product_20260803,198582693829,Brightening Body Oil,turmeric super whitening oil 7 days,NONE,body brightening oil,PHRASE,NEAR_PHRASE,3,0,0.0,0,0,0,"raw/32_search_term_view_90d.json (2798 rows, uncapped)"
24105712546,PNC_PASTRY_WAR_Search_Product_20260803,198582693829,Brightening Body Oil,turmeric tissue oil,NONE,body brightening oil,PHRASE,NEAR_PHRASE,1,0,0.0,0,0,0,"raw/32_search_term_view_90d.json (2798 rows, uncapped)"
24105712546,PNC_PASTRY_WAR_Search_Product_20260803,198582693829,Brightening Body Oil,turmeric tissue oil at clicks,NONE,body brightening oil,PHRASE,NEAR_PHRASE,1,0,0.0,0,0,0,"raw/32_search_term_view_90d.json (2798 rows, uncapped)"
24105712546,PNC_PASTRY_WAR_Search_Product_20260803,198582693829,Brightening Body Oil,vaseline body gel oil cera glow,NONE,body brightening oil,PHRASE,NEAR_PHRASE,1,0,0.0,0,0,0,"raw/32_search_term_view_90d.json (2798 rows, uncapped)"
24105712546,PNC_PASTRY_WAR_Search_Product_20260803,198582693829,Brightening Body Oil,vaseline body glow oil,NONE,body brightening oil,PHRASE,NEAR_PHRASE,1,0,0.0,0,0,0,"raw/32_search_term_view_90d.json (2798 rows, uncapped)"
24105712546,PNC_PASTRY_WAR_Search_Product_20260803,198582693829,Brightening Body Oil,vaseline body oil cera glow,NONE,body brightening oil,PHRASE,NEAR_PHRASE,4,0,0.0,0,0,0,"raw/32_search_term_view_90d.json (2798 rows, uncapped)"
24105712546,PNC_PASTRY_WAR_Search_Product_20260803,198582693829,Brightening Body Oil,vaseline body oil glow,NONE,body brightening oil,PHRASE,NEAR_PHRASE,1,0,0.0,0,0,0,"raw/32_search_term_view_90d.json (2798 rows, uncapped)"
24105712546,PNC_PASTRY_WAR_Search_Product_20260803,198582693829,Brightening Body Oil,vaseline body oil golden hour glow,NONE,body brightening oil,PHRASE,NEAR_PHRASE,1,0,0.0,0,0,0,"raw/32_search_term_view_90d.json (2798 rows, uncapped)"
24105712546,PNC_PASTRY_WAR_Search_Product_20260803,198582693829,Brightening Body Oil,vaseline body oil shimmer,NONE,body brightening oil,PHRASE,NEAR_PHRASE,1,0,0.0,0,0,0,"raw/32_search_term_view_90d.json (2798 rows, uncapped)"
24105712546,PNC_PASTRY_WAR_Search_Product_20260803,198582693829,Brightening Body Oil,vaseline cera glow body gel oil,NONE,body brightening oil,PHRASE,NEAR_PHRASE,20,0,0.0,0,0,0,"raw/32_search_term_view_90d.json (2798 rows, uncapped)"
24105712546,PNC_PASTRY_WAR_Search_Product_20260803,198582693829,Brightening Body Oil,vaseline cera glow body gel oil clicks,NONE,body brightening oil,PHRASE,NEAR_PHRASE,1,0,0.0,0,0,0,"raw/32_search_term_view_90d.json (2798 rows, uncapped)"
24105712546,PNC_PASTRY_WAR_Search_Product_20260803,198582693829,Brightening Body Oil,vaseline cera glow body gel oil dischem,NONE,body brightening oil,PHRASE,NEAR_PHRASE,3,0,0.0,0,0,0,"raw/32_search_term_view_90d.json (2798 rows, uncapped)"
24105712546,PNC_PASTRY_WAR_Search_Product_20260803,198582693829,Brightening Body Oil,vaseline cera glow body gel oil for healthy glowing skin,NONE,body brightening oil,PHRASE,NEAR_PHRASE,1,0,0.0,0,0,0,"raw/32_search_term_view_90d.json (2798 rows, uncapped)"
24105712546,PNC_PASTRY_WAR_Search_Product_20260803,198582693829,Brightening Body Oil,vaseline cera glow body gel oil price,NONE,body brightening oil,PHRASE,NEAR_PHRASE,1,0,0.0,0,0,0,"raw/32_search_term_view_90d.json (2798 rows, uncapped)"
24105712546,PNC_PASTRY_WAR_Search_Product_20260803,198582693829,Brightening Body Oil,vaseline cera glow oil,NONE,body brightening oil,PHRASE,NEAR_PHRASE,2,0,0.0,0,0,0,"raw/32_search_term_view_90d.json (2798 rows, uncapped)"
24105712546,PNC_PASTRY_WAR_Search_Product_20260803,198582693829,Brightening Body Oil,vaseline cocoa glow oil,NONE,body brightening oil,PHRASE,NEAR_PHRASE,1,0,0.0,0,0,0,"raw/32_search_term_view_90d.json (2798 rows, uncapped)"
24105712546,PNC_PASTRY_WAR_Search_Product_20260803,198582693829,Brightening Body Oil,vaseline cocoa radiant body oil,NONE,body brightening oil,PHRASE,NEAR_PHRASE,20,0,0.0,0,0,0,"raw/32_search_term_view_90d.json (2798 rows, uncapped)"
24105712546,PNC_PASTRY_WAR_Search_Product_20260803,198582693829,Brightening Body Oil,vaseline cocoa radiant body oil clicks,NONE,body brightening oil,PHRASE,NEAR_PHRASE,2,0,0.0,0,0,0,"raw/32_search_term_view_90d.json (2798 rows, uncapped)"
24105712546,PNC_PASTRY_WAR_Search_Product_20260803,198582693829,Brightening Body Oil,vaseline glitter oil,NONE,body brightening oil,PHRASE,NEAR_PHRASE,1,0,0.0,0,0,0,"raw/32_search_term_view_90d.json (2798 rows, uncapped)"
24105712546,PNC_PASTRY_WAR_Search_Product_20260803,198582693829,Brightening Body Oil,vaseline glow body oil,NONE,body brightening oil,PHRASE,NEAR_PHRASE,2,0,0.0,0,0,0,"raw/32_search_term_view_90d.json (2798 rows, uncapped)"
24105712546,PNC_PASTRY_WAR_Search_Product_20260803,198582693829,Brightening Body Oil,vaseline glow oil,NONE,body brightening oil,PHRASE,NEAR_PHRASE,17,0,0.0,0,0,0,"raw/32_search_term_view_90d.json (2798 rows, uncapped)"
24105712546,PNC_PASTRY_WAR_Search_Product_20260803,198582693829,Brightening Body Oil,vaseline glow oil clicks,NONE,body brightening oil,PHRASE,NEAR_PHRASE,4,0,0.0,0,0,0,"raw/32_search_term_view_90d.json (2798 rows, uncapped)"
24105712546,PNC_PASTRY_WAR_Search_Product_20260803,198582693829,Brightening Body Oil,vaseline glow oil dischem,NONE,body brightening oil,PHRASE,NEAR_PHRASE,1,0,0.0,0,0,0,"raw/32_search_term_view_90d.json (2798 rows, uncapped)"
24105712546,PNC_PASTRY_WAR_Search_Product_20260803,198582693829,Brightening Body Oil,vaseline oil for light skin,NONE,body brightening oil,PHRASE,NEAR_PHRASE,1,0,0.0,0,0,0,"raw/32_search_term_view_90d.json (2798 rows, uncapped)"
24105712546,PNC_PASTRY_WAR_Search_Product_20260803,198582693829,Brightening Body Oil,vaseline oil glow,NONE,body brightening oil,PHRASE,NEAR_PHRASE,3,0,0.0,0,0,0,"raw/32_search_term_view_90d.json (2798 rows, uncapped)"
24105712546,PNC_PASTRY_WAR_Search_Product_20260803,198582693829,Brightening Body Oil,vaseline radiant body oil,NONE,body brightening oil,PHRASE,NEAR_PHRASE,1,0,0.0,0,0,0,"raw/32_search_term_view_90d.json (2798 rows, uncapped)"
24105712546,PNC_PASTRY_WAR_Search_Product_20260803,198582693829,Brightening Body Oil,vaseline radiant oil,NONE,body brightening oil,PHRASE,NEAR_PHRASE,4,0,0.0,0,0,0,"raw/32_search_term_view_90d.json (2798 rows, uncapped)"
24105712546,PNC_PASTRY_WAR_Search_Product_20260803,198582693829,Brightening Body Oil,vaseline shimmer body oil,NONE,body brightening oil,PHRASE,NEAR_PHRASE,4,0,0.0,0,0,0,"raw/32_search_term_view_90d.json (2798 rows, uncapped)"
24105712546,PNC_PASTRY_WAR_Search_Product_20260803,198582693829,Brightening Body Oil,vaseline sunlit glow shimmer gel oil,NONE,body brightening oil,PHRASE,NEAR_PHRASE,2,0,0.0,0,0,0,"raw/32_search_term_view_90d.json (2798 rows, uncapped)"
24105712546,PNC_PASTRY_WAR_Search_Product_20260803,198582693829,Brightening Body Oil,vaseline vanilla glow body oil,NONE,body brightening oil,PHRASE,NEAR_PHRASE,2,0,0.0,0,0,0,"raw/32_search_term_view_90d.json (2798 rows, uncapped)"
24105712546,PNC_PASTRY_WAR_Search_Product_20260803,198582693829,Brightening Body Oil,vaseline vitamin b3 body oil,NONE,body brightening oil,PHRASE,NEAR_PHRASE,2,0,0.0,0,0,0,"raw/32_search_term_view_90d.json (2798 rows, uncapped)"
24105712546,PNC_PASTRY_WAR_Search_Product_20260803,198582693829,Brightening Body Oil,veet gold oil,NONE,body brightening oil,PHRASE,NEAR_PHRASE,1,0,0.0,0,0,0,"raw/32_search_term_view_90d.json (2798 rows, uncapped)"
24105712546,PNC_PASTRY_WAR_Search_Product_20260803,198582693829,Brightening Body Oil,veet gold turmeric super whitening oil,NONE,body brightening oil,PHRASE,NEAR_PHRASE,6,0,0.0,0,0,0,"raw/32_search_term_view_90d.json (2798 rows, uncapped)"
24105712546,PNC_PASTRY_WAR_Search_Product_20260803,198582693829,Brightening Body Oil,veet gold turmeric super whitening oil reviews,NONE,body brightening oil,PHRASE,NEAR_PHRASE,1,0,0.0,0,0,0,"raw/32_search_term_view_90d.json (2798 rows, uncapped)"
24105712546,PNC_PASTRY_WAR_Search_Product_20260803,198582693829,Brightening Body Oil,veet turmeric oil,NONE,body brightening oil,PHRASE,NEAR_PHRASE,4,0,0.0,0,0,0,"raw/32_search_term_view_90d.json (2798 rows, uncapped)"
24105712546,PNC_PASTRY_WAR_Search_Product_20260803,198582693829,Brightening Body Oil,veetgold halfcast oil,NONE,body brightening oil,PHRASE,NEAR_PHRASE,1,0,0.0,0,0,0,"raw/32_search_term_view_90d.json (2798 rows, uncapped)"
24105712546,PNC_PASTRY_WAR_Search_Product_20260803,198582693829,Brightening Body Oil,veetgold turmeric oil,NONE,body brightening oil,PHRASE,NEAR_PHRASE,1,0,0.0,0,0,0,"raw/32_search_term_view_90d.json (2798 rows, uncapped)"
24105712546,PNC_PASTRY_WAR_Search_Product_20260803,198582693829,Brightening Body Oil,vitamin b3 body oil,NONE,body brightening oil,PHRASE,NEAR_PHRASE,2,0,0.0,0,0,0,"raw/32_search_term_view_90d.json (2798 rows, uncapped)"
24105712546,PNC_PASTRY_WAR_Search_Product_20260803,198582693829,Brightening Body Oil,vitamin b3 glow body oil,NONE,body brightening oil,PHRASE,NEAR_PHRASE,2,0,0.0,0,0,0,"raw/32_search_term_view_90d.json (2798 rows, uncapped)"
24105712546,PNC_PASTRY_WAR_Search_Product_20260803,198582693829,Brightening Body Oil,vitamin b3 glow body oil benefits,NONE,body brightening oil,PHRASE,NEAR_PHRASE,1,0,0.0,0,0,0,"raw/32_search_term_view_90d.json (2798 rows, uncapped)"
24105712546,PNC_PASTRY_WAR_Search_Product_20260803,198582693829,Brightening Body Oil,where to buy kumkumadi oil,NONE,body brightening oil,PHRASE,NEAR_PHRASE,1,0,0.0,0,0,0,"raw/32_search_term_view_90d.json (2798 rows, uncapped)"
24105712546,PNC_PASTRY_WAR_Search_Product_20260803,198582693829,Brightening Body Oil,which essential oil is best for skin brightening,NONE,body brightening oil,PHRASE,NEAR_PHRASE,1,0,0.0,0,0,0,"raw/32_search_term_view_90d.json (2798 rows, uncapped)"
24105712546,PNC_PASTRY_WAR_Search_Product_20260803,198582693829,Brightening Body Oil,which oil brightens skin naturally,NONE,body brightening oil,PHRASE,NEAR_PHRASE,2,0,0.0,0,0,0,"raw/32_search_term_view_90d.json (2798 rows, uncapped)"
24105712546,PNC_PASTRY_WAR_Search_Product_20260803,198582693829,Brightening Body Oil,which oil is best for skin whitening,NONE,body brightening oil,PHRASE,NEAR_PHRASE,1,0,0.0,0,0,0,"raw/32_search_term_view_90d.json (2798 rows, uncapped)"
24105712546,PNC_PASTRY_WAR_Search_Product_20260803,198582693829,Brightening Body Oil,which tissue oil is best for skin lightening,NONE,body brightening oil,PHRASE,NEAR_PHRASE,2,0,0.0,0,0,0,"raw/32_search_term_view_90d.json (2798 rows, uncapped)"
24105712546,PNC_PASTRY_WAR_Search_Product_20260803,198582693829,Brightening Body Oil,white night bleaching oil,NONE,body brightening oil,PHRASE,NEAR_PHRASE,1,0,0.0,0,0,0,"raw/32_search_term_view_90d.json (2798 rows, uncapped)"
24105712546,PNC_PASTRY_WAR_Search_Product_20260803,198582693829,Brightening Body Oil,white secret oil,NONE,body brightening oil,PHRASE,NEAR_PHRASE,1,0,0.0,0,0,0,"raw/32_search_term_view_90d.json (2798 rows, uncapped)"
24105712546,PNC_PASTRY_WAR_Search_Product_20260803,198582693829,Brightening Body Oil,xxwhite oil,NONE,body brightening oil,PHRASE,NEAR_PHRASE,1,0,0.0,0,0,0,"raw/32_search_term_view_90d.json (2798 rows, uncapped)"
24105712546,PNC_PASTRY_WAR_Search_Product_20260803,198582693989,Glow Brightening Bundle,lelive body glow up mini edition,NONE,glow body bundle,PHRASE,NEAR_PHRASE,1,0,0.0,0,0,0,"raw/32_search_term_view_90d.json (2798 rows, uncapped)"
24105712546,PNC_PASTRY_WAR_Search_Product_20260803,198582693989,Glow Brightening Bundle,brightening body wash and lotion,NONE,body brightening bundle,PHRASE,NEAR_PHRASE,1,0,0.0,0,0,0,"raw/32_search_term_view_90d.json (2798 rows, uncapped)"
24105712546,PNC_PASTRY_WAR_Search_Product_20260803,198582694069,BHA Body Gel,paula's choice 2 bha body treatment,NONE,bha body serum,PHRASE,NEAR_PHRASE,1,0,0.0,0,0,0,"raw/32_search_term_view_90d.json (2798 rows, uncapped)"
24105712546,PNC_PASTRY_WAR_Search_Product_20260803,198582694069,BHA Body Gel,salicylic acid body serum,NONE,bha body serum,PHRASE,NEAR_PHRASE,2,0,0.0,0,0,0,"raw/32_search_term_view_90d.json (2798 rows, uncapped)"
24105712546,PNC_PASTRY_WAR_Search_Product_20260803,198582694229,BHA Overnight Balm,bha body lotion,NONE,bha body balm,EXACT,NEAR_EXACT,1,0,0.0,0,0,0,"raw/32_search_term_view_90d.json (2798 rows, uncapped)"
24105712546,PNC_PASTRY_WAR_Search_Product_20260803,198582694269,Lactic Acid Body Wash,lactic acid body wash,ADDED,lactic acid body wash,EXACT,EXACT,8,0,0.0,0,0,0,"raw/32_search_term_view_90d.json (2798 rows, uncapped)"
24105712546,PNC_PASTRY_WAR_Search_Product_20260803,198582694269,Lactic Acid Body Wash,lactic acid body scrub,NONE,lactic acid body wash,EXACT,NEAR_EXACT,1,0,0.0,0,0,0,"raw/32_search_term_view_90d.json (2798 rows, uncapped)"
24105712546,PNC_PASTRY_WAR_Search_Product_20260803,198582694269,Lactic Acid Body Wash,lactic acid wash,NONE,lactic acid body wash,EXACT,NEAR_EXACT,1,0,0.0,0,0,0,"raw/32_search_term_view_90d.json (2798 rows, uncapped)"
24105712546,PNC_PASTRY_WAR_Search_Product_20260803,198582694269,Lactic Acid Body Wash,chemist at play body wash,NONE,lactic acid body wash,PHRASE,NEAR_PHRASE,1,0,0.0,0,0,0,"raw/32_search_term_view_90d.json (2798 rows, uncapped)"
24105712546,PNC_PASTRY_WAR_Search_Product_20260803,198582694309,Niacinamide Sunscreen,niacinamide sunscreen,ADDED,niacinamide sunscreen,EXACT,EXACT,1,0,0.0,0,0,0,"raw/32_search_term_view_90d.json (2798 rows, uncapped)"
24105712546,PNC_PASTRY_WAR_Search_Product_20260803,198582694309,Niacinamide Sunscreen,sunscreen containing niacinamide,NONE,niacinamide sunscreen,EXACT,NEAR_EXACT,1,0,0.0,0,0,0,"raw/32_search_term_view_90d.json (2798 rows, uncapped)"
24105712546,PNC_PASTRY_WAR_Search_Product_20260803,198582694309,Niacinamide Sunscreen,sunscreen with niacinamide,NONE,niacinamide sunscreen,EXACT,NEAR_EXACT,2,0,0.0,0,0,0,"raw/32_search_term_view_90d.json (2798 rows, uncapped)"
24105712546,PNC_PASTRY_WAR_Search_Product_20260803,198582694309,Niacinamide Sunscreen,sunscreen with niacinamide and hyaluronic acid,NONE,niacinamide sunscreen,PHRASE,PHRASE,3,0,0.0,0,0,0,"raw/32_search_term_view_90d.json (2798 rows, uncapped)"
24105712546,PNC_PASTRY_WAR_Search_Product_20260803,198582694309,Niacinamide Sunscreen,b3 niacin sunscreen,NONE,niacinamide sunscreen,PHRASE,NEAR_PHRASE,3,0,0.0,0,0,0,"raw/32_search_term_view_90d.json (2798 rows, uncapped)"
24105712546,PNC_PASTRY_WAR_Search_Product_20260803,198582694309,Niacinamide Sunscreen,b3 sunscreen,NONE,niacinamide sunscreen,PHRASE,NEAR_PHRASE,2,0,0.0,0,0,0,"raw/32_search_term_view_90d.json (2798 rows, uncapped)"
24105712546,PNC_PASTRY_WAR_Search_Product_20260803,198582694309,Niacinamide Sunscreen,berry bright sunscreen,NONE,niacinamide sunscreen,PHRASE,NEAR_PHRASE,1,0,0.0,0,0,0,"raw/32_search_term_view_90d.json (2798 rows, uncapped)"
24105712546,PNC_PASTRY_WAR_Search_Product_20260803,198582694309,Niacinamide Sunscreen,la roche posay mela b3 sunscreen,NONE,niacinamide sunscreen,PHRASE,NEAR_PHRASE,1,0,0.0,0,0,0,"raw/32_search_term_view_90d.json (2798 rows, uncapped)"
24105712546,PNC_PASTRY_WAR_Search_Product_20260803,198582694309,Niacinamide Sunscreen,mela b3 sunscreen,NONE,niacinamide sunscreen,PHRASE,NEAR_PHRASE,1,0,0.0,0,0,0,"raw/32_search_term_view_90d.json (2798 rows, uncapped)"
24105712546,PNC_PASTRY_WAR_Search_Product_20260803,198582694309,Niacinamide Sunscreen,melasyl sunscreen,NONE,niacinamide sunscreen,PHRASE,NEAR_PHRASE,1,0,0.0,0,0,0,"raw/32_search_term_view_90d.json (2798 rows, uncapped)"
24105712546,PNC_PASTRY_WAR_Search_Product_20260803,198582694309,Niacinamide Sunscreen,niacinamide banana sun serum,NONE,niacinamide sunscreen,PHRASE,NEAR_PHRASE,2,0,0.0,0,0,0,"raw/32_search_term_view_90d.json (2798 rows, uncapped)"
24105712546,PNC_PASTRY_WAR_Search_Product_20260803,198582694309,Niacinamide Sunscreen,skin1004 centella sunscreen,NONE,niacinamide sunscreen,PHRASE,NEAR_PHRASE,1,0,0.0,0,0,0,"raw/32_search_term_view_90d.json (2798 rows, uncapped)"
24105712546,PNC_PASTRY_WAR_Search_Product_20260803,198582694309,Niacinamide Sunscreen,tiam b3 niacin sunscreen,NONE,niacinamide sunscreen,PHRASE,NEAR_PHRASE,1,0,0.0,0,0,0,"raw/32_search_term_view_90d.json (2798 rows, uncapped)"
24105712546,PNC_PASTRY_WAR_Search_Product_20260803,198582694309,Niacinamide Sunscreen,tiam niacin sunscreen,NONE,niacinamide sunscreen,PHRASE,NEAR_PHRASE,2,0,0.0,0,0,0,"raw/32_search_term_view_90d.json (2798 rows, uncapped)"
24105712546,PNC_PASTRY_WAR_Search_Product_20260803,198582694309,Niacinamide Sunscreen,spf 50 sunscreen with niacinamide,NONE,niacinamide spf 50 sunscreen,EXACT,NEAR_EXACT,1,0,0.0,0,0,0,"raw/32_search_term_view_90d.json (2798 rows, uncapped)"
24105712546,PNC_PASTRY_WAR_Search_Product_20260803,198582694469,Pigmentation Serum,niacinamide for dark spots,NONE,niacinamide pigmentation serum,EXACT,NEAR_EXACT,1,0,0.0,0,0,0,"raw/32_search_term_view_90d.json (2798 rows, uncapped)"
24105712546,PNC_PASTRY_WAR_Search_Product_20260803,198582694469,Pigmentation Serum,niacinamide for hyperpigmentation,NONE,niacinamide pigmentation serum,EXACT,NEAR_EXACT,2,0,0.0,0,0,0,"raw/32_search_term_view_90d.json (2798 rows, uncapped)"
24105712546,PNC_PASTRY_WAR_Search_Product_20260803,198582694469,Pigmentation Serum,niacinamide in serum,NONE,niacinamide pigmentation serum,EXACT,NEAR_EXACT,1,0,0.0,0,0,0,"raw/32_search_term_view_90d.json (2798 rows, uncapped)"
24105712546,PNC_PASTRY_WAR_Search_Product_20260803,198582694469,Pigmentation Serum,niacinamide serum for melasma,NONE,niacinamide pigmentation serum,EXACT,NEAR_EXACT,1,0,0.0,0,0,0,"raw/32_search_term_view_90d.json (2798 rows, uncapped)"
24105712546,PNC_PASTRY_WAR_Search_Product_20260803,198582694469,Pigmentation Serum,anti dark spot serum,NONE,pigmentation correcting serum,EXACT,NEAR_EXACT,1,0,0.0,0,0,0,"raw/32_search_term_view_90d.json (2798 rows, uncapped)"
24105712546,PNC_PASTRY_WAR_Search_Product_20260803,198582694469,Pigmentation Serum,anti pigmentation serum,NONE,pigmentation correcting serum,EXACT,NEAR_EXACT,1,0,0.0,0,0,0,"raw/32_search_term_view_90d.json (2798 rows, uncapped)"
24105712546,PNC_PASTRY_WAR_Search_Product_20260803,198582694469,Pigmentation Serum,best dark spot remover serum for face,NONE,pigmentation correcting serum,EXACT,NEAR_EXACT,1,0,0.0,0,0,0,"raw/32_search_term_view_90d.json (2798 rows, uncapped)"
24105712546,PNC_PASTRY_WAR_Search_Product_20260803,198582694469,Pigmentation Serum,best face serum for pigmentation,NONE,pigmentation correcting serum,EXACT,NEAR_EXACT,1,0,0.0,0,0,0,"raw/32_search_term_view_90d.json (2798 rows, uncapped)"
24105712546,PNC_PASTRY_WAR_Search_Product_20260803,198582694469,Pigmentation Serum,best hyperpigmentation serums,NONE,pigmentation correcting serum,EXACT,NEAR_EXACT,1,0,0.0,0,0,0,"raw/32_search_term_view_90d.json (2798 rows, uncapped)"
24105712546,PNC_PASTRY_WAR_Search_Product_20260803,198582694469,Pigmentation Serum,best pigmentation serum,NONE,pigmentation correcting serum,EXACT,NEAR_EXACT,1,0,0.0,0,0,0,"raw/32_search_term_view_90d.json (2798 rows, uncapped)"
24105712546,PNC_PASTRY_WAR_Search_Product_20260803,198582694469,Pigmentation Serum,best serum for dark spots,NONE,pigmentation correcting serum,EXACT,NEAR_EXACT,6,0,0.0,0,0,0,"raw/32_search_term_view_90d.json (2798 rows, uncapped)"
24105712546,PNC_PASTRY_WAR_Search_Product_20260803,198582694469,Pigmentation Serum,best serum for hyperpigmentation and dark spots,NONE,pigmentation correcting serum,EXACT,NEAR_EXACT,2,0,0.0,0,0,0,"raw/32_search_term_view_90d.json (2798 rows, uncapped)"
24105712546,PNC_PASTRY_WAR_Search_Product_20260803,198582694469,Pigmentation Serum,best serum for pigmentation,NONE,pigmentation correcting serum,EXACT,NEAR_EXACT,1,0,0.0,0,0,0,"raw/32_search_term_view_90d.json (2798 rows, uncapped)"
24105712546,PNC_PASTRY_WAR_Search_Product_20260803,198582694469,Pigmentation Serum,dark correcting glow serum,NONE,pigmentation correcting serum,EXACT,NEAR_EXACT,1,0,0.0,0,0,0,"raw/32_search_term_view_90d.json (2798 rows, uncapped)"
24105712546,PNC_PASTRY_WAR_Search_Product_20260803,198582694469,Pigmentation Serum,dark mark serum,NONE,pigmentation correcting serum,EXACT,NEAR_EXACT,1,0,0.0,0,0,0,"raw/32_search_term_view_90d.json (2798 rows, uncapped)"
24105712546,PNC_PASTRY_WAR_Search_Product_20260803,198582694469,Pigmentation Serum,dark marks serum,NONE,pigmentation correcting serum,EXACT,NEAR_EXACT,1,0,0.0,0,0,0,"raw/32_search_term_view_90d.json (2798 rows, uncapped)"
24105712546,PNC_PASTRY_WAR_Search_Product_20260803,198582694469,Pigmentation Serum,dark spot clearing serum,NONE,pigmentation correcting serum,EXACT,NEAR_EXACT,1,0,0.0,0,0,0,"raw/32_search_term_view_90d.json (2798 rows, uncapped)"
24105712546,PNC_PASTRY_WAR_Search_Product_20260803,198582694469,Pigmentation Serum,dark spot correcting serum,NONE,pigmentation correcting serum,EXACT,NEAR_EXACT,3,0,0.0,0,0,0,"raw/32_search_term_view_90d.json (2798 rows, uncapped)"
24105712546,PNC_PASTRY_WAR_Search_Product_20260803,198582694469,Pigmentation Serum,dark spot correction glow serum,NONE,pigmentation correcting serum,EXACT,NEAR_EXACT,1,0,0.0,0,0,0,"raw/32_search_term_view_90d.json (2798 rows, uncapped)"
24105712546,PNC_PASTRY_WAR_Search_Product_20260803,198582694469,Pigmentation Serum,dark spot serum,NONE,pigmentation correcting serum,EXACT,NEAR_EXACT,9,0,0.0,0,0,0,"raw/32_search_term_view_90d.json (2798 rows, uncapped)"
24105712546,PNC_PASTRY_WAR_Search_Product_20260803,198582694469,Pigmentation Serum,dark spots correcting glow serum,NONE,pigmentation correcting serum,EXACT,NEAR_EXACT,6,0,0.0,0,0,0,"raw/32_search_term_view_90d.json (2798 rows, uncapped)"
24105712546,PNC_PASTRY_WAR_Search_Product_20260803,198582694469,Pigmentation Serum,dark spots correcting serum,NONE,pigmentation correcting serum,EXACT,NEAR_EXACT,1,0,0.0,0,0,0,"raw/32_search_term_view_90d.json (2798 rows, uncapped)"
24105712546,PNC_PASTRY_WAR_Search_Product_20260803,198582694469,Pigmentation Serum,dark spots glow serum,NONE,pigmentation correcting serum,EXACT,NEAR_EXACT,1,0,0.0,0,0,0,"raw/32_search_term_view_90d.json (2798 rows, uncapped)"
24105712546,PNC_PASTRY_WAR_Search_Product_20260803,198582694469,Pigmentation Serum,dark spots serum,NONE,pigmentation correcting serum,EXACT,NEAR_EXACT,1,0,0.0,0,0,0,"raw/32_search_term_view_90d.json (2798 rows, uncapped)"
24105712546,PNC_PASTRY_WAR_Search_Product_20260803,198582694469,Pigmentation Serum,dark spots serum for face,NONE,pigmentation correcting serum,EXACT,NEAR_EXACT,1,0,0.0,0,0,0,"raw/32_search_term_view_90d.json (2798 rows, uncapped)"
24105712546,PNC_PASTRY_WAR_Search_Product_20260803,198582694469,Pigmentation Serum,face serum for dark spots,NONE,pigmentation correcting serum,EXACT,NEAR_EXACT,3,0,0.0,0,0,0,"raw/32_search_term_view_90d.json (2798 rows, uncapped)"
24105712546,PNC_PASTRY_WAR_Search_Product_20260803,198582694469,Pigmentation Serum,good serum for dark spots,NONE,pigmentation correcting serum,EXACT,NEAR_EXACT,3,0,0.0,0,0,0,"raw/32_search_term_view_90d.json (2798 rows, uncapped)"
24105712546,PNC_PASTRY_WAR_Search_Product_20260803,198582694469,Pigmentation Serum,good serum for pigmentation,NONE,pigmentation correcting serum,EXACT,NEAR_EXACT,1,0,0.0,0,0,0,"raw/32_search_term_view_90d.json (2798 rows, uncapped)"
24105712546,PNC_PASTRY_WAR_Search_Product_20260803,198582694469,Pigmentation Serum,hyperpigmentation serum,NONE,pigmentation correcting serum,EXACT,NEAR_EXACT,6,0,0.0,0,0,0,"raw/32_search_term_view_90d.json (2798 rows, uncapped)"
24105712546,PNC_PASTRY_WAR_Search_Product_20260803,198582694469,Pigmentation Serum,pigment correcting serum,NONE,pigmentation correcting serum,EXACT,NEAR_EXACT,1,0,0.0,0,0,0,"raw/32_search_term_view_90d.json (2798 rows, uncapped)"
24105712546,PNC_PASTRY_WAR_Search_Product_20260803,198582694469,Pigmentation Serum,pigmentation serum,NONE,pigmentation correcting serum,EXACT,NEAR_EXACT,3,0,0.0,0,0,0,"raw/32_search_term_view_90d.json (2798 rows, uncapped)"
24105712546,PNC_PASTRY_WAR_Search_Product_20260803,198582694469,Pigmentation Serum,remedy for dark spots serum,NONE,pigmentation correcting serum,EXACT,NEAR_EXACT,1,0,0.0,0,0,0,"raw/32_search_term_view_90d.json (2798 rows, uncapped)"
24105712546,PNC_PASTRY_WAR_Search_Product_20260803,198582694469,Pigmentation Serum,serum for dark,NONE,pigmentation correcting serum,EXACT,NEAR_EXACT,1,0,0.0,0,0,0,"raw/32_search_term_view_90d.json (2798 rows, uncapped)"
24105712546,PNC_PASTRY_WAR_Search_Product_20260803,198582694469,Pigmentation Serum,serum for dark spots,NONE,pigmentation correcting serum,EXACT,NEAR_EXACT,10,0,0.0,0,0,0,"raw/32_search_term_view_90d.json (2798 rows, uncapped)"
24105712546,PNC_PASTRY_WAR_Search_Product_20260803,198582694469,Pigmentation Serum,serum for dull pigmented skin,NONE,pigmentation correcting serum,EXACT,NEAR_EXACT,1,0,0.0,0,0,0,"raw/32_search_term_view_90d.json (2798 rows, uncapped)"
24105712546,PNC_PASTRY_WAR_Search_Product_20260803,198582694469,Pigmentation Serum,serum for hyperpigmentation,NONE,pigmentation correcting serum,EXACT,NEAR_EXACT,2,0,0.0,0,0,0,"raw/32_search_term_view_90d.json (2798 rows, uncapped)"
24105712546,PNC_PASTRY_WAR_Search_Product_20260803,198582694469,Pigmentation Serum,serum for hyperpigmentation and dark spots,NONE,pigmentation correcting serum,EXACT,NEAR_EXACT,3,0,0.0,0,0,0,"raw/32_search_term_view_90d.json (2798 rows, uncapped)"
24105712546,PNC_PASTRY_WAR_Search_Product_20260803,198582694469,Pigmentation Serum,serum for hyperpigmentation on face,NONE,pigmentation correcting serum,EXACT,NEAR_EXACT,1,0,0.0,0,0,0,"raw/32_search_term_view_90d.json (2798 rows, uncapped)"
24105712546,PNC_PASTRY_WAR_Search_Product_20260803,198582694469,Pigmentation Serum,serum for pigmentation and dull skin,NONE,pigmentation correcting serum,EXACT,NEAR_EXACT,1,0,0.0,0,0,0,"raw/32_search_term_view_90d.json (2798 rows, uncapped)"
24105712546,PNC_PASTRY_WAR_Search_Product_20260803,198582694469,Pigmentation Serum,serum for uneven skin tone,NONE,pigmentation correcting serum,EXACT,NEAR_EXACT,1,0,0.0,0,0,0,"raw/32_search_term_view_90d.json (2798 rows, uncapped)"
24105712546,PNC_PASTRY_WAR_Search_Product_20260803,198582694469,Pigmentation Serum,serum good for pigmentation,NONE,pigmentation correcting serum,EXACT,NEAR_EXACT,1,0,0.0,0,0,0,"raw/32_search_term_view_90d.json (2798 rows, uncapped)"
24105712546,PNC_PASTRY_WAR_Search_Product_20260803,198582694469,Pigmentation Serum,serum that removes dark spots,NONE,pigmentation correcting serum,EXACT,NEAR_EXACT,1,0,0.0,0,0,0,"raw/32_search_term_view_90d.json (2798 rows, uncapped)"
24105712546,PNC_PASTRY_WAR_Search_Product_20260803,198582694469,Pigmentation Serum,serums for dark spots,NONE,pigmentation correcting serum,EXACT,NEAR_EXACT,1,0,0.0,0,0,0,"raw/32_search_term_view_90d.json (2798 rows, uncapped)"
24105712546,PNC_PASTRY_WAR_Search_Product_20260803,198582694469,Pigmentation Serum,spot control serum,NONE,pigmentation correcting serum,EXACT,NEAR_EXACT,1,0,0.0,0,0,0,"raw/32_search_term_view_90d.json (2798 rows, uncapped)"
24105712546,PNC_PASTRY_WAR_Search_Product_20260803,198582694469,Pigmentation Serum,what serum is good for dark spots,NONE,pigmentation correcting serum,EXACT,NEAR_EXACT,1,0,0.0,0,0,0,"raw/32_search_term_view_90d.json (2798 rows, uncapped)"
24105712546,PNC_PASTRY_WAR_Search_Product_20260803,198582694469,Pigmentation Serum,which serum is best for hyperpigmentation,NONE,pigmentation correcting serum,EXACT,NEAR_EXACT,1,0,0.0,0,0,0,"raw/32_search_term_view_90d.json (2798 rows, uncapped)"
24105712546,PNC_PASTRY_WAR_Search_Product_20260803,198582694469,Pigmentation Serum,which serum is best for hyperpigmentation and dark spots,NONE,pigmentation correcting serum,EXACT,NEAR_EXACT,1,0,0.0,0,0,0,"raw/32_search_term_view_90d.json (2798 rows, uncapped)"
24105712546,PNC_PASTRY_WAR_Search_Product_20260803,198582694469,Pigmentation Serum,which serum is good for dark spots,NONE,pigmentation correcting serum,EXACT,NEAR_EXACT,1,0,0.0,0,0,0,"raw/32_search_term_view_90d.json (2798 rows, uncapped)"
24105712546,PNC_PASTRY_WAR_Search_Product_20260803,198582694469,Pigmentation Serum,which serum reduces pigmentation,NONE,pigmentation correcting serum,EXACT,NEAR_EXACT,1,0,0.0,0,0,0,"raw/32_search_term_view_90d.json (2798 rows, uncapped)"
24105712546,PNC_PASTRY_WAR_Search_Product_20260803,198582694469,Pigmentation Serum,pigmentation corrector serum,NONE,pigmentation correction serum,EXACT,NEAR_EXACT,1,0,0.0,0,0,0,"raw/32_search_term_view_90d.json (2798 rows, uncapped)"
24105712546,PNC_PASTRY_WAR_Search_Product_20260803,198582694469,Pigmentation Serum,serum for dark spots,NONE,pigmentation correction serum,EXACT,NEAR_EXACT,2,0,0.0,0,0,0,"raw/32_search_term_view_90d.json (2798 rows, uncapped)"
24105712546,PNC_PASTRY_WAR_Search_Product_20260803,198582694469,Pigmentation Serum,tone correcting serum,NONE,pigmentation correction serum,EXACT,NEAR_EXACT,1,0,0.0,0,0,0,"raw/32_search_term_view_90d.json (2798 rows, uncapped)"
24105712546,PNC_PASTRY_WAR_Search_Product_20260803,198582694469,Pigmentation Serum,anua 10 niacinamide serum,NONE,niacinamide pigmentation serum,PHRASE,NEAR_PHRASE,2,0,0.0,0,0,0,"raw/32_search_term_view_90d.json (2798 rows, uncapped)"
24105712546,PNC_PASTRY_WAR_Search_Product_20260803,198582694469,Pigmentation Serum,anua niacinamide 10 txa,NONE,niacinamide pigmentation serum,PHRASE,NEAR_PHRASE,1,0,0.0,0,0,0,"raw/32_search_term_view_90d.json (2798 rows, uncapped)"
24105712546,PNC_PASTRY_WAR_Search_Product_20260803,198582694469,Pigmentation Serum,anua niacinamide price,NONE,niacinamide pigmentation serum,PHRASE,NEAR_PHRASE,1,0,0.0,0,0,0,"raw/32_search_term_view_90d.json (2798 rows, uncapped)"
24105712546,PNC_PASTRY_WAR_Search_Product_20260803,198582694469,Pigmentation Serum,anua niacinamide serum,NONE,niacinamide pigmentation serum,PHRASE,NEAR_PHRASE,1,0,0.0,0,0,0,"raw/32_search_term_view_90d.json (2798 rows, uncapped)"
24105712546,PNC_PASTRY_WAR_Search_Product_20260803,198582694469,Pigmentation Serum,anua niacinamide serum clicks south africa,NONE,niacinamide pigmentation serum,PHRASE,NEAR_PHRASE,1,0,0.0,0,0,0,"raw/32_search_term_view_90d.json (2798 rows, uncapped)"
24105712546,PNC_PASTRY_WAR_Search_Product_20260803,198582694469,Pigmentation Serum,anua niacinamide serum for acne prone skin,NONE,niacinamide pigmentation serum,PHRASE,NEAR_PHRASE,1,0,0.0,0,0,0,"raw/32_search_term_view_90d.json (2798 rows, uncapped)"
24105712546,PNC_PASTRY_WAR_Search_Product_20260803,198582694469,Pigmentation Serum,anua niacinamide serum review,NONE,niacinamide pigmentation serum,PHRASE,NEAR_PHRASE,1,0,0.0,0,0,0,"raw/32_search_term_view_90d.json (2798 rows, uncapped)"
24105712546,PNC_PASTRY_WAR_Search_Product_20260803,198582694469,Pigmentation Serum,chok chok niacinamide brightening serum,NONE,niacinamide pigmentation serum,PHRASE,NEAR_PHRASE,3,0,0.0,0,0,0,"raw/32_search_term_view_90d.json (2798 rows, uncapped)"
24105712546,PNC_PASTRY_WAR_Search_Product_20260803,198582694469,Pigmentation Serum,clicks niacinamide serum,NONE,niacinamide pigmentation serum,PHRASE,NEAR_PHRASE,2,0,0.0,0,0,0,"raw/32_search_term_view_90d.json (2798 rows, uncapped)"
24105712546,PNC_PASTRY_WAR_Search_Product_20260803,198582694469,Pigmentation Serum,does niacinamide remove dark spots,NONE,niacinamide pigmentation serum,PHRASE,NEAR_PHRASE,1,0,0.0,0,0,0,"raw/32_search_term_view_90d.json (2798 rows, uncapped)"
24105712546,PNC_PASTRY_WAR_Search_Product_20260803,198582694469,Pigmentation Serum,garnier niacinamide serum,NONE,niacinamide pigmentation serum,PHRASE,NEAR_PHRASE,1,0,0.0,0,0,0,"raw/32_search_term_view_90d.json (2798 rows, uncapped)"
24105712546,PNC_PASTRY_WAR_Search_Product_20260803,198582694469,Pigmentation Serum,geek & gorgeous b bomb 10 niacinamide,NONE,niacinamide pigmentation serum,PHRASE,NEAR_PHRASE,1,0,0.0,0,0,0,"raw/32_search_term_view_90d.json (2798 rows, uncapped)"
24105712546,PNC_PASTRY_WAR_Search_Product_20260803,198582694469,Pigmentation Serum,good molecules niacinamide serum,NONE,niacinamide pigmentation serum,PHRASE,NEAR_PHRASE,2,0,0.0,0,0,0,"raw/32_search_term_view_90d.json (2798 rows, uncapped)"
24105712546,PNC_PASTRY_WAR_Search_Product_20260803,198582694469,Pigmentation Serum,how to apply mela b3 serum,NONE,niacinamide pigmentation serum,PHRASE,NEAR_PHRASE,1,0,0.0,0,0,0,"raw/32_search_term_view_90d.json (2798 rows, uncapped)"
24105712546,PNC_PASTRY_WAR_Search_Product_20260803,198582694469,Pigmentation Serum,hoygi niacinamide serum,NONE,niacinamide pigmentation serum,PHRASE,NEAR_PHRASE,1,0,0.0,0,0,0,"raw/32_search_term_view_90d.json (2798 rows, uncapped)"
24105712546,PNC_PASTRY_WAR_Search_Product_20260803,198582694469,Pigmentation Serum,inopharm niacinamide serum,NONE,niacinamide pigmentation serum,PHRASE,NEAR_PHRASE,2,0,0.0,0,0,0,"raw/32_search_term_view_90d.json (2798 rows, uncapped)"
24105712546,PNC_PASTRY_WAR_Search_Product_20260803,198582694469,Pigmentation Serum,jumiso niacinamide 20,NONE,niacinamide pigmentation serum,PHRASE,NEAR_PHRASE,1,0,0.0,0,0,0,"raw/32_search_term_view_90d.json (2798 rows, uncapped)"
24105712546,PNC_PASTRY_WAR_Search_Product_20260803,198582694469,Pigmentation Serum,jumiso niacinamide 20 serum review,NONE,niacinamide pigmentation serum,PHRASE,NEAR_PHRASE,1,0,0.0,0,0,0,"raw/32_search_term_view_90d.json (2798 rows, uncapped)"
24105712546,PNC_PASTRY_WAR_Search_Product_20260803,198582694469,Pigmentation Serum,kojic acid and niacinamide serum,NONE,niacinamide pigmentation serum,PHRASE,NEAR_PHRASE,1,0,0.0,0,0,0,"raw/32_search_term_view_90d.json (2798 rows, uncapped)"
24105712546,PNC_PASTRY_WAR_Search_Product_20260803,198582694469,Pigmentation Serum,la roche posay mela b3 serum,NONE,niacinamide pigmentation serum,PHRASE,NEAR_PHRASE,1,0,0.0,0,0,0,"raw/32_search_term_view_90d.json (2798 rows, uncapped)"
24105712546,PNC_PASTRY_WAR_Search_Product_20260803,198582694469,Pigmentation Serum,la roche posay niacinamide,NONE,niacinamide pigmentation serum,PHRASE,NEAR_PHRASE,1,0,0.0,0,0,0,"raw/32_search_term_view_90d.json (2798 rows, uncapped)"
24105712546,PNC_PASTRY_WAR_Search_Product_20260803,198582694469,Pigmentation Serum,la roche posay niacinamide serum clicks,NONE,niacinamide pigmentation serum,PHRASE,NEAR_PHRASE,2,0,0.0,0,0,0,"raw/32_search_term_view_90d.json (2798 rows, uncapped)"
24105712546,PNC_PASTRY_WAR_Search_Product_20260803,198582694469,Pigmentation Serum,la roche posay with niacinamide,NONE,niacinamide pigmentation serum,PHRASE,NEAR_PHRASE,1,0,0.0,0,0,0,"raw/32_search_term_view_90d.json (2798 rows, uncapped)"
24105712546,PNC_PASTRY_WAR_Search_Product_20260803,198582694469,Pigmentation Serum,la roche serum for dark spots,NONE,niacinamide pigmentation serum,PHRASE,NEAR_PHRASE,1,0,0.0,0,0,0,"raw/32_search_term_view_90d.json (2798 rows, uncapped)"
24105712546,PNC_PASTRY_WAR_Search_Product_20260803,198582694469,Pigmentation Serum,laroche posay niacinamide,NONE,niacinamide pigmentation serum,PHRASE,NEAR_PHRASE,1,0,0.0,0,0,0,"raw/32_search_term_view_90d.json (2798 rows, uncapped)"
24105712546,PNC_PASTRY_WAR_Search_Product_20260803,198582694469,Pigmentation Serum,mela b3 double dose discoloration treatment,NONE,niacinamide pigmentation serum,PHRASE,NEAR_PHRASE,1,0,0.0,0,0,0,"raw/32_search_term_view_90d.json (2798 rows, uncapped)"
24105712546,PNC_PASTRY_WAR_Search_Product_20260803,198582694469,Pigmentation Serum,mela b3 double dose discoloration treatment with melasyl,NONE,niacinamide pigmentation serum,PHRASE,NEAR_PHRASE,3,0,0.0,0,0,0,"raw/32_search_term_view_90d.json (2798 rows, uncapped)"
24105712546,PNC_PASTRY_WAR_Search_Product_20260803,198582694469,Pigmentation Serum,mela b3 serum,NONE,niacinamide pigmentation serum,PHRASE,NEAR_PHRASE,1,0,0.0,0,0,0,"raw/32_search_term_view_90d.json (2798 rows, uncapped)"
24105712546,PNC_PASTRY_WAR_Search_Product_20260803,198582694469,Pigmentation Serum,niacinamide 10,NONE,niacinamide pigmentation serum,PHRASE,NEAR_PHRASE,1,0,0.0,0,0,0,"raw/32_search_term_view_90d.json (2798 rows, uncapped)"
24105712546,PNC_PASTRY_WAR_Search_Product_20260803,198582694469,Pigmentation Serum,niacinamide brightening serum,NONE,niacinamide pigmentation serum,PHRASE,NEAR_PHRASE,1,0,0.0,0,0,0,"raw/32_search_term_view_90d.json (2798 rows, uncapped)"
24105712546,PNC_PASTRY_WAR_Search_Product_20260803,198582694469,Pigmentation Serum,niacinamide clicks price,NONE,niacinamide pigmentation serum,PHRASE,NEAR_PHRASE,3,0,0.0,0,0,0,"raw/32_search_term_view_90d.json (2798 rows, uncapped)"
24105712546,PNC_PASTRY_WAR_Search_Product_20260803,198582694469,Pigmentation Serum,niacinamide for dark inner thighs,NONE,niacinamide pigmentation serum,PHRASE,NEAR_PHRASE,1,0,0.0,0,0,0,"raw/32_search_term_view_90d.json (2798 rows, uncapped)"
24105712546,PNC_PASTRY_WAR_Search_Product_20260803,198582694469,Pigmentation Serum,niacinamide for dark spots,NONE,niacinamide pigmentation serum,PHRASE,NEAR_PHRASE,2,0,0.0,0,0,0,"raw/32_search_term_view_90d.json (2798 rows, uncapped)"
24105712546,PNC_PASTRY_WAR_Search_Product_20260803,198582694469,Pigmentation Serum,niacinamide serum 4 10,NONE,niacinamide pigmentation serum,PHRASE,NEAR_PHRASE,1,0,0.0,0,0,0,"raw/32_search_term_view_90d.json (2798 rows, uncapped)"
24105712546,PNC_PASTRY_WAR_Search_Product_20260803,198582694469,Pigmentation Serum,niacinamide serum 5 10,NONE,niacinamide pigmentation serum,PHRASE,NEAR_PHRASE,1,0,0.0,0,0,0,"raw/32_search_term_view_90d.json (2798 rows, uncapped)"
24105712546,PNC_PASTRY_WAR_Search_Product_20260803,198582694469,Pigmentation Serum,niacinamide serum clicks price,NONE,niacinamide pigmentation serum,PHRASE,NEAR_PHRASE,1,0,0.0,0,0,0,"raw/32_search_term_view_90d.json (2798 rows, uncapped)"
24105712546,PNC_PASTRY_WAR_Search_Product_20260803,198582694469,Pigmentation Serum,niacinamide serum for dark spots,NONE,niacinamide pigmentation serum,PHRASE,NEAR_PHRASE,3,0,0.0,0,0,0,"raw/32_search_term_view_90d.json (2798 rows, uncapped)"
24105712546,PNC_PASTRY_WAR_Search_Product_20260803,198582694469,Pigmentation Serum,niacinamide serum skin republic,NONE,niacinamide pigmentation serum,PHRASE,NEAR_PHRASE,1,0,0.0,0,0,0,"raw/32_search_term_view_90d.json (2798 rows, uncapped)"
24105712546,PNC_PASTRY_WAR_Search_Product_20260803,198582694469,Pigmentation Serum,olay niacinamide vitamin c,NONE,niacinamide pigmentation serum,PHRASE,NEAR_PHRASE,1,0,0.0,0,0,0,"raw/32_search_term_view_90d.json (2798 rows, uncapped)"
24105712546,PNC_PASTRY_WAR_Search_Product_20260803,198582694469,Pigmentation Serum,ordinary niacinamide serum dischem,NONE,niacinamide pigmentation serum,PHRASE,NEAR_PHRASE,1,0,0.0,0,0,0,"raw/32_search_term_view_90d.json (2798 rows, uncapped)"
24105712546,PNC_PASTRY_WAR_Search_Product_20260803,198582694469,Pigmentation Serum,oxy niacinamide serum,NONE,niacinamide pigmentation serum,PHRASE,NEAR_PHRASE,2,0,0.0,0,0,0,"raw/32_search_term_view_90d.json (2798 rows, uncapped)"
24105712546,PNC_PASTRY_WAR_Search_Product_20260803,198582694469,Pigmentation Serum,paula choice niacinamide 20,NONE,niacinamide pigmentation serum,PHRASE,NEAR_PHRASE,1,0,0.0,0,0,0,"raw/32_search_term_view_90d.json (2798 rows, uncapped)"
24105712546,PNC_PASTRY_WAR_Search_Product_20260803,198582694469,Pigmentation Serum,paula's choice 10 niacinamide booster,NONE,niacinamide pigmentation serum,PHRASE,NEAR_PHRASE,1,0,0.0,0,0,0,"raw/32_search_term_view_90d.json (2798 rows, uncapped)"
24105712546,PNC_PASTRY_WAR_Search_Product_20260803,198582694469,Pigmentation Serum,skin functional 5 niacinamide blemish corrector lite,NONE,niacinamide pigmentation serum,PHRASE,NEAR_PHRASE,2,0,0.0,0,0,0,"raw/32_search_term_view_90d.json (2798 rows, uncapped)"
24105712546,PNC_PASTRY_WAR_Search_Product_20260803,198582694469,Pigmentation Serum,the niacinamide 15 serum,NONE,niacinamide pigmentation serum,PHRASE,NEAR_PHRASE,1,0,0.0,0,0,0,"raw/32_search_term_view_90d.json (2798 rows, uncapped)"
24105712546,PNC_PASTRY_WAR_Search_Product_20260803,198582694469,Pigmentation Serum,the ordinary niacinamide clicks,NONE,niacinamide pigmentation serum,PHRASE,NEAR_PHRASE,6,0,0.0,0,0,0,"raw/32_search_term_view_90d.json (2798 rows, uncapped)"
24105712546,PNC_PASTRY_WAR_Search_Product_20260803,198582694469,Pigmentation Serum,thiamidol and niacinamide together,NONE,niacinamide pigmentation serum,PHRASE,NEAR_PHRASE,1,0,0.0,0,0,0,"raw/32_search_term_view_90d.json (2798 rows, uncapped)"
24105712546,PNC_PASTRY_WAR_Search_Product_20260803,198582694469,Pigmentation Serum,vitamin c kojic acid niacinamide serum,NONE,niacinamide pigmentation serum,PHRASE,NEAR_PHRASE,1,0,0.0,0,0,0,"raw/32_search_term_view_90d.json (2798 rows, uncapped)"
24105712546,PNC_PASTRY_WAR_Search_Product_20260803,198582694469,Pigmentation Serum,vitamin c with niacinamide serum,NONE,niacinamide pigmentation serum,PHRASE,NEAR_PHRASE,1,0,0.0,0,0,0,"raw/32_search_term_view_90d.json (2798 rows, uncapped)"
24105712546,PNC_PASTRY_WAR_Search_Product_20260803,198582694469,Pigmentation Serum,acide azélaïque 10,NONE,pigmentation correction serum,PHRASE,NEAR_PHRASE,1,0,0.0,0,0,0,"raw/32_search_term_view_90d.json (2798 rows, uncapped)"
24105712546,PNC_PASTRY_WAR_Search_Product_20260803,198582694469,Pigmentation Serum,allies of skin tranexamic & arbutin advanced brightening serum,NONE,pigmentation correction serum,PHRASE,NEAR_PHRASE,1,0,0.0,0,0,0,"raw/32_search_term_view_90d.json (2798 rows, uncapped)"
24105712546,PNC_PASTRY_WAR_Search_Product_20260803,198582694469,Pigmentation Serum,alpha arbutin,NONE,pigmentation correction serum,PHRASE,NEAR_PHRASE,2,0,0.0,0,0,0,"raw/32_search_term_view_90d.json (2798 rows, uncapped)"
24105712546,PNC_PASTRY_WAR_Search_Product_20260803,198582694469,Pigmentation Serum,alpha arbutin and niacinamide serum,NONE,pigmentation correction serum,PHRASE,NEAR_PHRASE,1,0,0.0,0,0,0,"raw/32_search_term_view_90d.json (2798 rows, uncapped)"
24105712546,PNC_PASTRY_WAR_Search_Product_20260803,198582694469,Pigmentation Serum,alpha arbutin dischem,NONE,pigmentation correction serum,PHRASE,NEAR_PHRASE,1,0,0.0,0,0,0,"raw/32_search_term_view_90d.json (2798 rows, uncapped)"
24105712546,PNC_PASTRY_WAR_Search_Product_20260803,198582694469,Pigmentation Serum,alpha arbutin korean serum,NONE,pigmentation correction serum,PHRASE,NEAR_PHRASE,1,0,0.0,0,0,0,"raw/32_search_term_view_90d.json (2798 rows, uncapped)"
24105712546,PNC_PASTRY_WAR_Search_Product_20260803,198582694469,Pigmentation Serum,alpha arbutin price at clicks,NONE,pigmentation correction serum,PHRASE,NEAR_PHRASE,1,0,0.0,0,0,0,"raw/32_search_term_view_90d.json (2798 rows, uncapped)"
24105712546,PNC_PASTRY_WAR_Search_Product_20260803,198582694469,Pigmentation Serum,alpha arbutin serum,NONE,pigmentation correction serum,PHRASE,NEAR_PHRASE,2,0,0.0,0,0,0,"raw/32_search_term_view_90d.json (2798 rows, uncapped)"
24105712546,PNC_PASTRY_WAR_Search_Product_20260803,198582694469,Pigmentation Serum,alpha arbutin serum the ordinary,NONE,pigmentation correction serum,PHRASE,NEAR_PHRASE,1,0,0.0,0,0,0,"raw/32_search_term_view_90d.json (2798 rows, uncapped)"
24105712546,PNC_PASTRY_WAR_Search_Product_20260803,198582694469,Pigmentation Serum,alpha arbutin skin republic,NONE,pigmentation correction serum,PHRASE,NEAR_PHRASE,2,0,0.0,0,0,0,"raw/32_search_term_view_90d.json (2798 rows, uncapped)"
24105712546,PNC_PASTRY_WAR_Search_Product_20260803,198582694469,Pigmentation Serum,anua 10,NONE,pigmentation correction serum,PHRASE,NEAR_PHRASE,4,0,0.0,0,0,0,"raw/32_search_term_view_90d.json (2798 rows, uncapped)"
24105712546,PNC_PASTRY_WAR_Search_Product_20260803,198582694469,Pigmentation Serum,anua 10 niacinamide 4 txa serum,NONE,pigmentation correction serum,PHRASE,NEAR_PHRASE,1,0,0.0,0,0,0,"raw/32_search_term_view_90d.json (2798 rows, uncapped)"
24105712546,PNC_PASTRY_WAR_Search_Product_20260803,198582694469,Pigmentation Serum,anua 10 plus serum,NONE,pigmentation correction serum,PHRASE,NEAR_PHRASE,1,0,0.0,0,0,0,"raw/32_search_term_view_90d.json (2798 rows, uncapped)"
24105712546,PNC_PASTRY_WAR_Search_Product_20260803,198582694469,Pigmentation Serum,anua niacinamide,NONE,pigmentation correction serum,PHRASE,NEAR_PHRASE,3,0,0.0,0,0,0,"raw/32_search_term_view_90d.json (2798 rows, uncapped)"
24105712546,PNC_PASTRY_WAR_Search_Product_20260803,198582694469,Pigmentation Serum,anua niacinamide 10 txa 4,NONE,pigmentation correction serum,PHRASE,NEAR_PHRASE,1,0,0.0,0,0,0,"raw/32_search_term_view_90d.json (2798 rows, uncapped)"
24105712546,PNC_PASTRY_WAR_Search_Product_20260803,198582694469,Pigmentation Serum,anua niacinamide 10 txa 4 serum,NONE,pigmentation correction serum,PHRASE,NEAR_PHRASE,4,0,0.0,0,0,0,"raw/32_search_term_view_90d.json (2798 rows, uncapped)"
24105712546,PNC_PASTRY_WAR_Search_Product_20260803,198582694469,Pigmentation Serum,anua niacinamide 10 txa serum,NONE,pigmentation correction serum,PHRASE,NEAR_PHRASE,1,0,0.0,0,0,0,"raw/32_search_term_view_90d.json (2798 rows, uncapped)"
24105712546,PNC_PASTRY_WAR_Search_Product_20260803,198582694469,Pigmentation Serum,anua niacinamide serum,NONE,pigmentation correction serum,PHRASE,NEAR_PHRASE,12,0,0.0,0,0,0,"raw/32_search_term_view_90d.json (2798 rows, uncapped)"
24105712546,PNC_PASTRY_WAR_Search_Product_20260803,198582694469,Pigmentation Serum,anua niacinamide serum clicks,NONE,pigmentation correction serum,PHRASE,NEAR_PHRASE,1,0,0.0,0,0,0,"raw/32_search_term_view_90d.json (2798 rows, uncapped)"
24105712546,PNC_PASTRY_WAR_Search_Product_20260803,198582694469,Pigmentation Serum,anua niacinamide serum clicks south africa,NONE,pigmentation correction serum,PHRASE,NEAR_PHRASE,1,0,0.0,0,0,0,"raw/32_search_term_view_90d.json (2798 rows, uncapped)"
24105712546,PNC_PASTRY_WAR_Search_Product_20260803,198582694469,Pigmentation Serum,anua serum niacinamide 10,NONE,pigmentation correction serum,PHRASE,NEAR_PHRASE,1,0,0.0,0,0,0,"raw/32_search_term_view_90d.json (2798 rows, uncapped)"
24105712546,PNC_PASTRY_WAR_Search_Product_20260803,198582694469,Pigmentation Serum,anua txa,NONE,pigmentation correction serum,PHRASE,NEAR_PHRASE,2,0,0.0,0,0,0,"raw/32_search_term_view_90d.json (2798 rows, uncapped)"
24105712546,PNC_PASTRY_WAR_Search_Product_20260803,198582694469,Pigmentation Serum,anua txa and niacinamide serum,NONE,pigmentation correction serum,PHRASE,NEAR_PHRASE,2,0,0.0,0,0,0,"raw/32_search_term_view_90d.json (2798 rows, uncapped)"
24105712546,PNC_PASTRY_WAR_Search_Product_20260803,198582694469,Pigmentation Serum,aobenz,NONE,pigmentation correction serum,PHRASE,NEAR_PHRASE,8,0,0.0,0,0,0,"raw/32_search_term_view_90d.json (2798 rows, uncapped)"
24105712546,PNC_PASTRY_WAR_Search_Product_20260803,198582694469,Pigmentation Serum,aobenz at clicks price,NONE,pigmentation correction serum,PHRASE,NEAR_PHRASE,4,0,0.0,0,0,0,"raw/32_search_term_view_90d.json (2798 rows, uncapped)"
24105712546,PNC_PASTRY_WAR_Search_Product_20260803,198582694469,Pigmentation Serum,aobenz at dischem,NONE,pigmentation correction serum,PHRASE,NEAR_PHRASE,2,0,0.0,0,0,0,"raw/32_search_term_view_90d.json (2798 rows, uncapped)"
24105712546,PNC_PASTRY_WAR_Search_Product_20260803,198582694469,Pigmentation Serum,arbutin dischem,NONE,pigmentation correction serum,PHRASE,NEAR_PHRASE,1,0,0.0,0,0,0,"raw/32_search_term_view_90d.json (2798 rows, uncapped)"
24105712546,PNC_PASTRY_WAR_Search_Product_20260803,198582694469,Pigmentation Serum,axis y dark spot,NONE,pigmentation correction serum,PHRASE,NEAR_PHRASE,2,0,0.0,0,0,0,"raw/32_search_term_view_90d.json (2798 rows, uncapped)"
24105712546,PNC_PASTRY_WAR_Search_Product_20260803,198582694469,Pigmentation Serum,axis y serum,NONE,pigmentation correction serum,PHRASE,NEAR_PHRASE,2,0,0.0,0,0,0,"raw/32_search_term_view_90d.json (2798 rows, uncapped)"
24105712546,PNC_PASTRY_WAR_Search_Product_20260803,198582694469,Pigmentation Serum,azelaic acid bioderma,NONE,pigmentation correction serum,PHRASE,NEAR_PHRASE,1,0,0.0,0,0,0,"raw/32_search_term_view_90d.json (2798 rows, uncapped)"
24105712546,PNC_PASTRY_WAR_Search_Product_20260803,198582694469,Pigmentation Serum,azelaic acid ordinary serum,NONE,pigmentation correction serum,PHRASE,NEAR_PHRASE,1,0,0.0,0,0,0,"raw/32_search_term_view_90d.json (2798 rows, uncapped)"
24105712546,PNC_PASTRY_WAR_Search_Product_20260803,198582694469,Pigmentation Serum,azelaic acid serum,NONE,pigmentation correction serum,PHRASE,NEAR_PHRASE,5,0,0.0,0,0,0,"raw/32_search_term_view_90d.json (2798 rows, uncapped)"
24105712546,PNC_PASTRY_WAR_Search_Product_20260803,198582694469,Pigmentation Serum,azelaic acid serum the ordinary,NONE,pigmentation correction serum,PHRASE,NEAR_PHRASE,1,0,0.0,0,0,0,"raw/32_search_term_view_90d.json (2798 rows, uncapped)"
24105712546,PNC_PASTRY_WAR_Search_Product_20260803,198582694469,Pigmentation Serum,b3 serum,NONE,pigmentation correction serum,PHRASE,NEAR_PHRASE,2,0,0.0,0,0,0,"raw/32_search_term_view_90d.json (2798 rows, uncapped)"
24105712546,PNC_PASTRY_WAR_Search_Product_20260803,198582694469,Pigmentation Serum,bela 3 serum,NONE,pigmentation correction serum,PHRASE,NEAR_PHRASE,1,0,0.0,0,0,0,"raw/32_search_term_view_90d.json (2798 rows, uncapped)"
24105712546,PNC_PASTRY_WAR_Search_Product_20260803,198582694469,Pigmentation Serum,best pigmentation serum,NONE,pigmentation correction serum,PHRASE,NEAR_PHRASE,1,0,0.0,0,0,0,"raw/32_search_term_view_90d.json (2798 rows, uncapped)"
24105712546,PNC_PASTRY_WAR_Search_Product_20260803,198582694469,Pigmentation Serum,caudalie serum,NONE,pigmentation correction serum,PHRASE,NEAR_PHRASE,1,0,0.0,0,0,0,"raw/32_search_term_view_90d.json (2798 rows, uncapped)"
24105712546,PNC_PASTRY_WAR_Search_Product_20260803,198582694469,Pigmentation Serum,celltone serum,NONE,pigmentation correction serum,PHRASE,NEAR_PHRASE,1,0,0.0,0,0,0,"raw/32_search_term_view_90d.json (2798 rows, uncapped)"
24105712546,PNC_PASTRY_WAR_Search_Product_20260803,198582694469,Pigmentation Serum,cos de baha 15 azelaic acid,NONE,pigmentation correction serum,PHRASE,NEAR_PHRASE,1,0,0.0,0,0,0,"raw/32_search_term_view_90d.json (2798 rows, uncapped)"
24105712546,PNC_PASTRY_WAR_Search_Product_20260803,198582694469,Pigmentation Serum,cos de baha azelaic acid,NONE,pigmentation correction serum,PHRASE,NEAR_PHRASE,1,0,0.0,0,0,0,"raw/32_search_term_view_90d.json (2798 rows, uncapped)"
24105712546,PNC_PASTRY_WAR_Search_Product_20260803,198582694469,Pigmentation Serum,cosrx alpha arbutin serum review,NONE,pigmentation correction serum,PHRASE,NEAR_PHRASE,1,0,0.0,0,0,0,"raw/32_search_term_view_90d.json (2798 rows, uncapped)"
24105712546,PNC_PASTRY_WAR_Search_Product_20260803,198582694469,Pigmentation Serum,dark correcting glow serum,NONE,pigmentation correction serum,PHRASE,NEAR_PHRASE,1,0,0.0,0,0,0,"raw/32_search_term_view_90d.json (2798 rows, uncapped)"
24105712546,PNC_PASTRY_WAR_Search_Product_20260803,198582694469,Pigmentation Serum,dark spot correcting glow serum,NONE,pigmentation correction serum,PHRASE,NEAR_PHRASE,3,0,0.0,0,0,0,"raw/32_search_term_view_90d.json (2798 rows, uncapped)"
24105712546,PNC_PASTRY_WAR_Search_Product_20260803,198582694469,Pigmentation Serum,dark spot correcting glow serum where to buy,NONE,pigmentation correction serum,PHRASE,NEAR_PHRASE,1,0,0.0,0,0,0,"raw/32_search_term_view_90d.json (2798 rows, uncapped)"
24105712546,PNC_PASTRY_WAR_Search_Product_20260803,198582694469,Pigmentation Serum,dark spots correcting glow serum,NONE,pigmentation correction serum,PHRASE,NEAR_PHRASE,1,0,0.0,0,0,0,"raw/32_search_term_view_90d.json (2798 rows, uncapped)"
24105712546,PNC_PASTRY_WAR_Search_Product_20260803,198582694469,Pigmentation Serum,derma factory txa,NONE,pigmentation correction serum,PHRASE,NEAR_PHRASE,1,0,0.0,0,0,0,"raw/32_search_term_view_90d.json (2798 rows, uncapped)"
24105712546,PNC_PASTRY_WAR_Search_Product_20260803,198582694469,Pigmentation Serum,dermalmd dark circle serum,NONE,pigmentation correction serum,PHRASE,NEAR_PHRASE,1,0,0.0,0,0,0,"raw/32_search_term_view_90d.json (2798 rows, uncapped)"
24105712546,PNC_PASTRY_WAR_Search_Product_20260803,198582694469,Pigmentation Serum,differin dark spot correcting serum,NONE,pigmentation correction serum,PHRASE,NEAR_PHRASE,2,0,0.0,0,0,0,"raw/32_search_term_view_90d.json (2798 rows, uncapped)"
24105712546,PNC_PASTRY_WAR_Search_Product_20260803,198582694469,Pigmentation Serum,estee lauder perfectionist pro rapid brightening treatment,NONE,pigmentation correction serum,PHRASE,NEAR_PHRASE,1,0,0.0,0,0,0,"raw/32_search_term_view_90d.json (2798 rows, uncapped)"
24105712546,PNC_PASTRY_WAR_Search_Product_20260803,198582694469,Pigmentation Serum,estelin niacinamide serum,NONE,pigmentation correction serum,PHRASE,NEAR_PHRASE,3,0,0.0,0,0,0,"raw/32_search_term_view_90d.json (2798 rows, uncapped)"
24105712546,PNC_PASTRY_WAR_Search_Product_20260803,198582694469,Pigmentation Serum,eucerin anti pigment dual serum review,NONE,pigmentation correction serum,PHRASE,NEAR_PHRASE,1,0,0.0,0,0,0,"raw/32_search_term_view_90d.json (2798 rows, uncapped)"
24105712546,PNC_PASTRY_WAR_Search_Product_20260803,198582694469,Pigmentation Serum,eucerin even pigment perfector,NONE,pigmentation correction serum,PHRASE,NEAR_PHRASE,2,0,0.0,0,0,0,"raw/32_search_term_view_90d.json (2798 rows, uncapped)"
24105712546,PNC_PASTRY_WAR_Search_Product_20260803,198582694469,Pigmentation Serum,eucerin pink serum,NONE,pigmentation correction serum,PHRASE,NEAR_PHRASE,1,0,0.0,0,0,0,"raw/32_search_term_view_90d.json (2798 rows, uncapped)"
24105712546,PNC_PASTRY_WAR_Search_Product_20260803,198582694469,Pigmentation Serum,eucerin serum clicks,NONE,pigmentation correction serum,PHRASE,NEAR_PHRASE,8,0,0.0,0,0,0,"raw/32_search_term_view_90d.json (2798 rows, uncapped)"
24105712546,PNC_PASTRY_WAR_Search_Product_20260803,198582694469,Pigmentation Serum,even and bright booster serum,NONE,pigmentation correction serum,PHRASE,NEAR_PHRASE,1,0,0.0,0,0,0,"raw/32_search_term_view_90d.json (2798 rows, uncapped)"
24105712546,PNC_PASTRY_WAR_Search_Product_20260803,198582694469,Pigmentation Serum,even and bright serum,NONE,pigmentation correction serum,PHRASE,NEAR_PHRASE,1,0,0.0,0,0,0,"raw/32_search_term_view_90d.json (2798 rows, uncapped)"
24105712546,PNC_PASTRY_WAR_Search_Product_20260803,198582694469,Pigmentation Serum,faded topicals where to buy,NONE,pigmentation correction serum,PHRASE,NEAR_PHRASE,3,0,0.0,0,0,0,"raw/32_search_term_view_90d.json (2798 rows, uncapped)"
24105712546,PNC_PASTRY_WAR_Search_Product_20260803,198582694469,Pigmentation Serum,garnier bright vitamin c serum,NONE,pigmentation correction serum,PHRASE,NEAR_PHRASE,1,0,0.0,0,0,0,"raw/32_search_term_view_90d.json (2798 rows, uncapped)"
24105712546,PNC_PASTRY_WAR_Search_Product_20260803,198582694469,Pigmentation Serum,garnier dark spots remover,NONE,pigmentation correction serum,PHRASE,NEAR_PHRASE,3,0,0.0,0,0,0,"raw/32_search_term_view_90d.json (2798 rows, uncapped)"
24105712546,PNC_PASTRY_WAR_Search_Product_20260803,198582694469,Pigmentation Serum,garnier even and bright,NONE,pigmentation correction serum,PHRASE,NEAR_PHRASE,4,0,0.0,0,0,0,"raw/32_search_term_view_90d.json (2798 rows, uncapped)"
24105712546,PNC_PASTRY_WAR_Search_Product_20260803,198582694469,Pigmentation Serum,garnier even and bright night booster serum,NONE,pigmentation correction serum,PHRASE,NEAR_PHRASE,2,0,0.0,0,0,0,"raw/32_search_term_view_90d.json (2798 rows, uncapped)"
24105712546,PNC_PASTRY_WAR_Search_Product_20260803,198582694469,Pigmentation Serum,garnier even and bright night booster serum clicks,NONE,pigmentation correction serum,PHRASE,NEAR_PHRASE,1,0,0.0,0,0,0,"raw/32_search_term_view_90d.json (2798 rows, uncapped)"
24105712546,PNC_PASTRY_WAR_Search_Product_20260803,198582694469,Pigmentation Serum,garnier even and bright serum,NONE,pigmentation correction serum,PHRASE,NEAR_PHRASE,2,0,0.0,0,0,0,"raw/32_search_term_view_90d.json (2798 rows, uncapped)"
24105712546,PNC_PASTRY_WAR_Search_Product_20260803,198582694469,Pigmentation Serum,garnier even and bright serum clicks,NONE,pigmentation correction serum,PHRASE,NEAR_PHRASE,1,0,0.0,0,0,0,"raw/32_search_term_view_90d.json (2798 rows, uncapped)"
24105712546,PNC_PASTRY_WAR_Search_Product_20260803,198582694469,Pigmentation Serum,garnier even and bright vitamin c serum,NONE,pigmentation correction serum,PHRASE,NEAR_PHRASE,2,0,0.0,0,0,0,"raw/32_search_term_view_90d.json (2798 rows, uncapped)"
24105712546,PNC_PASTRY_WAR_Search_Product_20260803,198582694469,Pigmentation Serum,garnier vitamin c night serum,NONE,pigmentation correction serum,PHRASE,NEAR_PHRASE,1,0,0.0,0,0,0,"raw/32_search_term_view_90d.json (2798 rows, uncapped)"
24105712546,PNC_PASTRY_WAR_Search_Product_20260803,198582694469,Pigmentation Serum,garnier vitamin c serum,NONE,pigmentation correction serum,PHRASE,NEAR_PHRASE,49,0,0.0,0,0,0,"raw/32_search_term_view_90d.json (2798 rows, uncapped)"
24105712546,PNC_PASTRY_WAR_Search_Product_20260803,198582694469,Pigmentation Serum,garnier vitamin c serum clicks,NONE,pigmentation correction serum,PHRASE,NEAR_PHRASE,1,0,0.0,0,0,0,"raw/32_search_term_view_90d.json (2798 rows, uncapped)"
24105712546,PNC_PASTRY_WAR_Search_Product_20260803,198582694469,Pigmentation Serum,gluta white serum,NONE,pigmentation correction serum,PHRASE,NEAR_PHRASE,1,0,0.0,0,0,0,"raw/32_search_term_view_90d.json (2798 rows, uncapped)"
24105712546,PNC_PASTRY_WAR_Search_Product_20260803,198582694469,Pigmentation Serum,glycolic bright,NONE,pigmentation correction serum,PHRASE,NEAR_PHRASE,2,0,0.0,0,0,0,"raw/32_search_term_view_90d.json (2798 rows, uncapped)"
24105712546,PNC_PASTRY_WAR_Search_Product_20260803,198582694469,Pigmentation Serum,glycolic serum loreal,NONE,pigmentation correction serum,PHRASE,NEAR_PHRASE,1,0,0.0,0,0,0,"raw/32_search_term_view_90d.json (2798 rows, uncapped)"
24105712546,PNC_PASTRY_WAR_Search_Product_20260803,198582694469,Pigmentation Serum,goodal green tangerine vitamin c serum,NONE,pigmentation correction serum,PHRASE,NEAR_PHRASE,1,0,0.0,0,0,0,"raw/32_search_term_view_90d.json (2798 rows, uncapped)"
24105712546,PNC_PASTRY_WAR_Search_Product_20260803,198582694469,Pigmentation Serum,goodal vitamin c serum,NONE,pigmentation correction serum,PHRASE,NEAR_PHRASE,1,0,0.0,0,0,0,"raw/32_search_term_view_90d.json (2798 rows, uncapped)"
24105712546,PNC_PASTRY_WAR_Search_Product_20260803,198582694469,Pigmentation Serum,haruharu txa serum,NONE,pigmentation correction serum,PHRASE,NEAR_PHRASE,2,0,0.0,0,0,0,"raw/32_search_term_view_90d.json (2798 rows, uncapped)"
24105712546,PNC_PASTRY_WAR_Search_Product_20260803,198582694469,Pigmentation Serum,haruharu wonder txa,NONE,pigmentation correction serum,PHRASE,NEAR_PHRASE,1,0,0.0,0,0,0,"raw/32_search_term_view_90d.json (2798 rows, uncapped)"
24105712546,PNC_PASTRY_WAR_Search_Product_20260803,198582694469,Pigmentation Serum,himalaya face serum,NONE,pigmentation correction serum,PHRASE,NEAR_PHRASE,2,0,0.0,0,0,0,"raw/32_search_term_view_90d.json (2798 rows, uncapped)"
24105712546,PNC_PASTRY_WAR_Search_Product_20260803,198582694469,Pigmentation Serum,himalaya serum,NONE,pigmentation correction serum,PHRASE,NEAR_PHRASE,1,0,0.0,0,0,0,"raw/32_search_term_view_90d.json (2798 rows, uncapped)"
24105712546,PNC_PASTRY_WAR_Search_Product_20260803,198582694469,Pigmentation Serum,himalaya serum at dischem,NONE,pigmentation correction serum,PHRASE,NEAR_PHRASE,1,0,0.0,0,0,0,"raw/32_search_term_view_90d.json (2798 rows, uncapped)"
24105712546,PNC_PASTRY_WAR_Search_Product_20260803,198582694469,Pigmentation Serum,himalaya serum reviews,NONE,pigmentation correction serum,PHRASE,NEAR_PHRASE,2,0,0.0,0,0,0,"raw/32_search_term_view_90d.json (2798 rows, uncapped)"
24105712546,PNC_PASTRY_WAR_Search_Product_20260803,198582694469,Pigmentation Serum,himalaya turmeric serum,NONE,pigmentation correction serum,PHRASE,NEAR_PHRASE,2,0,0.0,0,0,0,"raw/32_search_term_view_90d.json (2798 rows, uncapped)"
24105712546,PNC_PASTRY_WAR_Search_Product_20260803,198582694469,Pigmentation Serum,himalaya turmeric serum cream,NONE,pigmentation correction serum,PHRASE,NEAR_PHRASE,1,0,0.0,0,0,0,"raw/32_search_term_view_90d.json (2798 rows, uncapped)"
24105712546,PNC_PASTRY_WAR_Search_Product_20260803,198582694469,Pigmentation Serum,how much is himalaya serum at clicks,NONE,pigmentation correction serum,PHRASE,NEAR_PHRASE,1,0,0.0,0,0,0,"raw/32_search_term_view_90d.json (2798 rows, uncapped)"
24105712546,PNC_PASTRY_WAR_Search_Product_20260803,198582694469,Pigmentation Serum,how much is mela b3 serum,NONE,pigmentation correction serum,PHRASE,NEAR_PHRASE,1,0,0.0,0,0,0,"raw/32_search_term_view_90d.json (2798 rows, uncapped)"
24105712546,PNC_PASTRY_WAR_Search_Product_20260803,198582694469,Pigmentation Serum,kojic acid serum clicks,NONE,pigmentation correction serum,PHRASE,NEAR_PHRASE,1,0,0.0,0,0,0,"raw/32_search_term_view_90d.json (2798 rows, uncapped)"
24105712546,PNC_PASTRY_WAR_Search_Product_20260803,198582694469,Pigmentation Serum,l oreal glycolic bright serum,NONE,pigmentation correction serum,PHRASE,NEAR_PHRASE,1,0,0.0,0,0,0,"raw/32_search_term_view_90d.json (2798 rows, uncapped)"
24105712546,PNC_PASTRY_WAR_Search_Product_20260803,198582694469,Pigmentation Serum,l oreal glycolic bright serum clicks,NONE,pigmentation correction serum,PHRASE,NEAR_PHRASE,2,0,0.0,0,0,0,"raw/32_search_term_view_90d.json (2798 rows, uncapped)"
24105712546,PNC_PASTRY_WAR_Search_Product_20260803,198582694469,Pigmentation Serum,l oreal paris glycolic bright,NONE,pigmentation correction serum,PHRASE,NEAR_PHRASE,1,0,0.0,0,0,0,"raw/32_search_term_view_90d.json (2798 rows, uncapped)"
24105712546,PNC_PASTRY_WAR_Search_Product_20260803,198582694469,Pigmentation Serum,la roche posay b3 double dose,NONE,pigmentation correction serum,PHRASE,NEAR_PHRASE,1,0,0.0,0,0,0,"raw/32_search_term_view_90d.json (2798 rows, uncapped)"
24105712546,PNC_PASTRY_WAR_Search_Product_20260803,198582694469,Pigmentation Serum,la roche posay b3 serum,NONE,pigmentation correction serum,PHRASE,NEAR_PHRASE,1,0,0.0,0,0,0,"raw/32_search_term_view_90d.json (2798 rows, uncapped)"
24105712546,PNC_PASTRY_WAR_Search_Product_20260803,198582694469,Pigmentation Serum,la roche posay double dose mela b3 emulsion 40ml,NONE,pigmentation correction serum,PHRASE,NEAR_PHRASE,1,0,0.0,0,0,0,"raw/32_search_term_view_90d.json (2798 rows, uncapped)"
24105712546,PNC_PASTRY_WAR_Search_Product_20260803,198582694469,Pigmentation Serum,la roche posay mela b3 clicks,NONE,pigmentation correction serum,PHRASE,NEAR_PHRASE,1,0,0.0,0,0,0,"raw/32_search_term_view_90d.json (2798 rows, uncapped)"
24105712546,PNC_PASTRY_WAR_Search_Product_20260803,198582694469,Pigmentation Serum,la roche posay mela b3 double dose 40ml,NONE,pigmentation correction serum,PHRASE,NEAR_PHRASE,1,0,0.0,0,0,0,"raw/32_search_term_view_90d.json (2798 rows, uncapped)"
24105712546,PNC_PASTRY_WAR_Search_Product_20260803,198582694469,Pigmentation Serum,la roche posay mela b3 dual body treatment 200ml,NONE,pigmentation correction serum,PHRASE,NEAR_PHRASE,1,0,0.0,0,0,0,"raw/32_search_term_view_90d.json (2798 rows, uncapped)"
24105712546,PNC_PASTRY_WAR_Search_Product_20260803,198582694469,Pigmentation Serum,la roche posay mela b3 retinol,NONE,pigmentation correction serum,PHRASE,NEAR_PHRASE,1,0,0.0,0,0,0,"raw/32_search_term_view_90d.json (2798 rows, uncapped)"
24105712546,PNC_PASTRY_WAR_Search_Product_20260803,198582694469,Pigmentation Serum,la roche posay mela b3 serum,NONE,pigmentation correction serum,PHRASE,NEAR_PHRASE,2,0,0.0,0,0,0,"raw/32_search_term_view_90d.json (2798 rows, uncapped)"
24105712546,PNC_PASTRY_WAR_Search_Product_20260803,198582694469,Pigmentation Serum,la roche posay mela b3 serum dischem,NONE,pigmentation correction serum,PHRASE,NEAR_PHRASE,1,0,0.0,0,0,0,"raw/32_search_term_view_90d.json (2798 rows, uncapped)"
24105712546,PNC_PASTRY_WAR_Search_Product_20260803,198582694469,Pigmentation Serum,la roche posay melab3,NONE,pigmentation correction serum,PHRASE,NEAR_PHRASE,1,0,0.0,0,0,0,"raw/32_search_term_view_90d.json (2798 rows, uncapped)"
24105712546,PNC_PASTRY_WAR_Search_Product_20260803,198582694469,Pigmentation Serum,la roche posay niacinamide,NONE,pigmentation correction serum,PHRASE,NEAR_PHRASE,1,0,0.0,0,0,0,"raw/32_search_term_view_90d.json (2798 rows, uncapped)"
24105712546,PNC_PASTRY_WAR_Search_Product_20260803,198582694469,Pigmentation Serum,la roche posay niacinamide 10 serum,NONE,pigmentation correction serum,PHRASE,NEAR_PHRASE,1,0,0.0,0,0,0,"raw/32_search_term_view_90d.json (2798 rows, uncapped)"
24105712546,PNC_PASTRY_WAR_Search_Product_20260803,198582694469,Pigmentation Serum,la roche posay niacinamide serum,NONE,pigmentation correction serum,PHRASE,NEAR_PHRASE,1,0,0.0,0,0,0,"raw/32_search_term_view_90d.json (2798 rows, uncapped)"
24105712546,PNC_PASTRY_WAR_Search_Product_20260803,198582694469,Pigmentation Serum,lightening serum,NONE,pigmentation correction serum,PHRASE,NEAR_PHRASE,2,0,0.0,0,0,0,"raw/32_search_term_view_90d.json (2798 rows, uncapped)"
24105712546,PNC_PASTRY_WAR_Search_Product_20260803,198582694469,Pigmentation Serum,litaderm dermexcel,NONE,pigmentation correction serum,PHRASE,NEAR_PHRASE,1,0,0.0,0,0,0,"raw/32_search_term_view_90d.json (2798 rows, uncapped)"
24105712546,PNC_PASTRY_WAR_Search_Product_20260803,198582694469,Pigmentation Serum,litaderm serum,NONE,pigmentation correction serum,PHRASE,NEAR_PHRASE,1,0,0.0,0,0,0,"raw/32_search_term_view_90d.json (2798 rows, uncapped)"
24105712546,PNC_PASTRY_WAR_Search_Product_20260803,198582694469,Pigmentation Serum,loreal bright reveal dark spot,NONE,pigmentation correction serum,PHRASE,NEAR_PHRASE,1,0,0.0,0,0,0,"raw/32_search_term_view_90d.json (2798 rows, uncapped)"
24105712546,PNC_PASTRY_WAR_Search_Product_20260803,198582694469,Pigmentation Serum,loreal bright serum,NONE,pigmentation correction serum,PHRASE,NEAR_PHRASE,3,0,0.0,0,0,0,"raw/32_search_term_view_90d.json (2798 rows, uncapped)"
24105712546,PNC_PASTRY_WAR_Search_Product_20260803,198582694469,Pigmentation Serum,loreal glycolic acid serum,NONE,pigmentation correction serum,PHRASE,NEAR_PHRASE,3,0,0.0,0,0,0,"raw/32_search_term_view_90d.json (2798 rows, uncapped)"
24105712546,PNC_PASTRY_WAR_Search_Product_20260803,198582694469,Pigmentation Serum,loreal glycolic bright,NONE,pigmentation correction serum,PHRASE,NEAR_PHRASE,2,0,0.0,0,0,0,"raw/32_search_term_view_90d.json (2798 rows, uncapped)"
24105712546,PNC_PASTRY_WAR_Search_Product_20260803,198582694469,Pigmentation Serum,loreal glycolic bright serum,NONE,pigmentation correction serum,PHRASE,NEAR_PHRASE,4,0,0.0,0,0,0,"raw/32_search_term_view_90d.json (2798 rows, uncapped)"
24105712546,PNC_PASTRY_WAR_Search_Product_20260803,198582694469,Pigmentation Serum,loreal glycolic serum,NONE,pigmentation correction serum,PHRASE,NEAR_PHRASE,1,0,0.0,0,0,0,"raw/32_search_term_view_90d.json (2798 rows, uncapped)"
24105712546,PNC_PASTRY_WAR_Search_Product_20260803,198582694469,Pigmentation Serum,loreal melasyl serum,NONE,pigmentation correction serum,PHRASE,NEAR_PHRASE,2,0,0.0,0,0,0,"raw/32_search_term_view_90d.json (2798 rows, uncapped)"
24105712546,PNC_PASTRY_WAR_Search_Product_20260803,198582694469,Pigmentation Serum,loreal niacinamide serum,NONE,pigmentation correction serum,PHRASE,NEAR_PHRASE,2,0,0.0,0,0,0,"raw/32_search_term_view_90d.json (2798 rows, uncapped)"
24105712546,PNC_PASTRY_WAR_Search_Product_20260803,198582694469,Pigmentation Serum,loreal paris brightening serum,NONE,pigmentation correction serum,PHRASE,NEAR_PHRASE,1,0,0.0,0,0,0,"raw/32_search_term_view_90d.json (2798 rows, uncapped)"
24105712546,PNC_PASTRY_WAR_Search_Product_20260803,198582694469,Pigmentation Serum,luminous nivea,NONE,pigmentation correction serum,PHRASE,NEAR_PHRASE,1,0,0.0,0,0,0,"raw/32_search_term_view_90d.json (2798 rows, uncapped)"
24105712546,PNC_PASTRY_WAR_Search_Product_20260803,198582694469,Pigmentation Serum,luminous nivea serum,NONE,pigmentation correction serum,PHRASE,NEAR_PHRASE,1,0,0.0,0,0,0,"raw/32_search_term_view_90d.json (2798 rows, uncapped)"
24105712546,PNC_PASTRY_WAR_Search_Product_20260803,198582694469,Pigmentation Serum,luminous serum,NONE,pigmentation correction serum,PHRASE,NEAR_PHRASE,2,0,0.0,0,0,0,"raw/32_search_term_view_90d.json (2798 rows, uncapped)"
24105712546,PNC_PASTRY_WAR_Search_Product_20260803,198582694469,Pigmentation Serum,luminous630 skin glow,NONE,pigmentation correction serum,PHRASE,NEAR_PHRASE,1,0,0.0,0,0,0,"raw/32_search_term_view_90d.json (2798 rows, uncapped)"
24105712546,PNC_PASTRY_WAR_Search_Product_20260803,198582694469,Pigmentation Serum,mela b 3,NONE,pigmentation correction serum,PHRASE,NEAR_PHRASE,1,0,0.0,0,0,0,"raw/32_search_term_view_90d.json (2798 rows, uncapped)"
24105712546,PNC_PASTRY_WAR_Search_Product_20260803,198582694469,Pigmentation Serum,mela b3,NONE,pigmentation correction serum,PHRASE,NEAR_PHRASE,2,0,0.0,0,0,0,"raw/32_search_term_view_90d.json (2798 rows, uncapped)"
24105712546,PNC_PASTRY_WAR_Search_Product_20260803,198582694469,Pigmentation Serum,mela b3 serum clicks,NONE,pigmentation correction serum,PHRASE,NEAR_PHRASE,1,0,0.0,0,0,0,"raw/32_search_term_view_90d.json (2798 rows, uncapped)"
24105712546,PNC_PASTRY_WAR_Search_Product_20260803,198582694469,Pigmentation Serum,mela b3 serum la roche posay,NONE,pigmentation correction serum,PHRASE,NEAR_PHRASE,5,0,0.0,0,0,0,"raw/32_search_term_view_90d.json (2798 rows, uncapped)"
24105712546,PNC_PASTRY_WAR_Search_Product_20260803,198582694469,Pigmentation Serum,melab3 serum,NONE,pigmentation correction serum,PHRASE,NEAR_PHRASE,1,0,0.0,0,0,0,"raw/32_search_term_view_90d.json (2798 rows, uncapped)"
24105712546,PNC_PASTRY_WAR_Search_Product_20260803,198582694469,Pigmentation Serum,melaless serum,NONE,pigmentation correction serum,PHRASE,NEAR_PHRASE,1,0,0.0,0,0,0,"raw/32_search_term_view_90d.json (2798 rows, uncapped)"
24105712546,PNC_PASTRY_WAR_Search_Product_20260803,198582694469,Pigmentation Serum,melasyl,NONE,pigmentation correction serum,PHRASE,NEAR_PHRASE,2,0,0.0,0,0,0,"raw/32_search_term_view_90d.json (2798 rows, uncapped)"
24105712546,PNC_PASTRY_WAR_Search_Product_20260803,198582694469,Pigmentation Serum,melasyl loreal serum,NONE,pigmentation correction serum,PHRASE,NEAR_PHRASE,3,0,0.0,0,0,0,"raw/32_search_term_view_90d.json (2798 rows, uncapped)"
24105712546,PNC_PASTRY_WAR_Search_Product_20260803,198582694469,Pigmentation Serum,melasyl serum loreal,NONE,pigmentation correction serum,PHRASE,NEAR_PHRASE,1,0,0.0,0,0,0,"raw/32_search_term_view_90d.json (2798 rows, uncapped)"
24105712546,PNC_PASTRY_WAR_Search_Product_20260803,198582694469,Pigmentation Serum,melba b3 la roche posay,NONE,pigmentation correction serum,PHRASE,NEAR_PHRASE,1,0,0.0,0,0,0,"raw/32_search_term_view_90d.json (2798 rows, uncapped)"
24105712546,PNC_PASTRY_WAR_Search_Product_20260803,198582694469,Pigmentation Serum,neostrata enlighten illuminating serum,NONE,pigmentation correction serum,PHRASE,NEAR_PHRASE,1,0,0.0,0,0,0,"raw/32_search_term_view_90d.json (2798 rows, uncapped)"
24105712546,PNC_PASTRY_WAR_Search_Product_20260803,198582694469,Pigmentation Serum,neostrata illuminating serum,NONE,pigmentation correction serum,PHRASE,NEAR_PHRASE,1,0,0.0,0,0,0,"raw/32_search_term_view_90d.json (2798 rows, uncapped)"
24105712546,PNC_PASTRY_WAR_Search_Product_20260803,198582694469,Pigmentation Serum,neostrata vitamin c serum,NONE,pigmentation correction serum,PHRASE,NEAR_PHRASE,6,0,0.0,0,0,0,"raw/32_search_term_view_90d.json (2798 rows, uncapped)"
24105712546,PNC_PASTRY_WAR_Search_Product_20260803,198582694469,Pigmentation Serum,neutrogena bright boost serum,NONE,pigmentation correction serum,PHRASE,NEAR_PHRASE,1,0,0.0,0,0,0,"raw/32_search_term_view_90d.json (2798 rows, uncapped)"
24105712546,PNC_PASTRY_WAR_Search_Product_20260803,198582694469,Pigmentation Serum,niacinamide 10 txa 4 serum,NONE,pigmentation correction serum,PHRASE,NEAR_PHRASE,2,0,0.0,0,0,0,"raw/32_search_term_view_90d.json (2798 rows, uncapped)"
24105712546,PNC_PASTRY_WAR_Search_Product_20260803,198582694469,Pigmentation Serum,nine less azelaic acid serum,NONE,pigmentation correction serum,PHRASE,NEAR_PHRASE,1,0,0.0,0,0,0,"raw/32_search_term_view_90d.json (2798 rows, uncapped)"
24105712546,PNC_PASTRY_WAR_Search_Product_20260803,198582694469,Pigmentation Serum,nineless azelaic acid,NONE,pigmentation correction serum,PHRASE,NEAR_PHRASE,4,0,0.0,0,0,0,"raw/32_search_term_view_90d.json (2798 rows, uncapped)"
24105712546,PNC_PASTRY_WAR_Search_Product_20260803,198582694469,Pigmentation Serum,nivea 630 luminous,NONE,pigmentation correction serum,PHRASE,NEAR_PHRASE,2,0,0.0,0,0,0,"raw/32_search_term_view_90d.json (2798 rows, uncapped)"
24105712546,PNC_PASTRY_WAR_Search_Product_20260803,198582694469,Pigmentation Serum,nivea anti age and spot serum,NONE,pigmentation correction serum,PHRASE,NEAR_PHRASE,1,0,0.0,0,0,0,"raw/32_search_term_view_90d.json (2798 rows, uncapped)"
24105712546,PNC_PASTRY_WAR_Search_Product_20260803,198582694469,Pigmentation Serum,nivea brightening serum,NONE,pigmentation correction serum,PHRASE,NEAR_PHRASE,1,0,0.0,0,0,0,"raw/32_search_term_view_90d.json (2798 rows, uncapped)"
24105712546,PNC_PASTRY_WAR_Search_Product_20260803,198582694469,Pigmentation Serum,nivea dark spot remover,NONE,pigmentation correction serum,PHRASE,NEAR_PHRASE,2,0,0.0,0,0,0,"raw/32_search_term_view_90d.json (2798 rows, uncapped)"
24105712546,PNC_PASTRY_WAR_Search_Product_20260803,198582694469,Pigmentation Serum,nivea dark spot remover clicks,NONE,pigmentation correction serum,PHRASE,NEAR_PHRASE,1,0,0.0,0,0,0,"raw/32_search_term_view_90d.json (2798 rows, uncapped)"
24105712546,PNC_PASTRY_WAR_Search_Product_20260803,198582694469,Pigmentation Serum,nivea dark spots,NONE,pigmentation correction serum,PHRASE,NEAR_PHRASE,1,0,0.0,0,0,0,"raw/32_search_term_view_90d.json (2798 rows, uncapped)"
24105712546,PNC_PASTRY_WAR_Search_Product_20260803,198582694469,Pigmentation Serum,nivea luminous,NONE,pigmentation correction serum,PHRASE,NEAR_PHRASE,10,0,0.0,0,0,0,"raw/32_search_term_view_90d.json (2798 rows, uncapped)"
24105712546,PNC_PASTRY_WAR_Search_Product_20260803,198582694469,Pigmentation Serum,nivea luminous 630,NONE,pigmentation correction serum,PHRASE,NEAR_PHRASE,9,0,0.0,0,0,0,"raw/32_search_term_view_90d.json (2798 rows, uncapped)"
24105712546,PNC_PASTRY_WAR_Search_Product_20260803,198582694469,Pigmentation Serum,nivea luminous 630 serum clicks,NONE,pigmentation correction serum,PHRASE,NEAR_PHRASE,1,0,0.0,0,0,0,"raw/32_search_term_view_90d.json (2798 rows, uncapped)"
24105712546,PNC_PASTRY_WAR_Search_Product_20260803,198582694469,Pigmentation Serum,nivea luminous 640,NONE,pigmentation correction serum,PHRASE,NEAR_PHRASE,1,0,0.0,0,0,0,"raw/32_search_term_view_90d.json (2798 rows, uncapped)"
24105712546,PNC_PASTRY_WAR_Search_Product_20260803,198582694469,Pigmentation Serum,nivea luminous clicks,NONE,pigmentation correction serum,PHRASE,NEAR_PHRASE,1,0,0.0,0,0,0,"raw/32_search_term_view_90d.json (2798 rows, uncapped)"
24105712546,PNC_PASTRY_WAR_Search_Product_20260803,198582694469,Pigmentation Serum,nivea luminous even glow serum,NONE,pigmentation correction serum,PHRASE,NEAR_PHRASE,2,0,0.0,0,0,0,"raw/32_search_term_view_90d.json (2798 rows, uncapped)"
24105712546,PNC_PASTRY_WAR_Search_Product_20260803,198582694469,Pigmentation Serum,nivea luminous glow range,NONE,pigmentation correction serum,PHRASE,NEAR_PHRASE,1,0,0.0,0,0,0,"raw/32_search_term_view_90d.json (2798 rows, uncapped)"
24105712546,PNC_PASTRY_WAR_Search_Product_20260803,198582694469,Pigmentation Serum,nivea luminous refiner,NONE,pigmentation correction serum,PHRASE,NEAR_PHRASE,1,0,0.0,0,0,0,"raw/32_search_term_view_90d.json (2798 rows, uncapped)"
24105712546,PNC_PASTRY_WAR_Search_Product_20260803,198582694469,Pigmentation Serum,nivea luminous serum,NONE,pigmentation correction serum,PHRASE,NEAR_PHRASE,4,0,0.0,0,0,0,"raw/32_search_term_view_90d.json (2798 rows, uncapped)"
24105712546,PNC_PASTRY_WAR_Search_Product_20260803,198582694469,Pigmentation Serum,nivea luminous serum clicks,NONE,pigmentation correction serum,PHRASE,NEAR_PHRASE,1,0,0.0,0,0,0,"raw/32_search_term_view_90d.json (2798 rows, uncapped)"
24105712546,PNC_PASTRY_WAR_Search_Product_20260803,198582694469,Pigmentation Serum,nivea luminous skin glow,NONE,pigmentation correction serum,PHRASE,NEAR_PHRASE,35,0,0.0,0,0,0,"raw/32_search_term_view_90d.json (2798 rows, uncapped)"
24105712546,PNC_PASTRY_WAR_Search_Product_20260803,198582694469,Pigmentation Serum,nivea luminous skin glow anti dark marks,NONE,pigmentation correction serum,PHRASE,NEAR_PHRASE,1,0,0.0,0,0,0,"raw/32_search_term_view_90d.json (2798 rows, uncapped)"
24105712546,PNC_PASTRY_WAR_Search_Product_20260803,198582694469,Pigmentation Serum,nivea luminous skin glow serum,NONE,pigmentation correction serum,PHRASE,NEAR_PHRASE,6,0,0.0,0,0,0,"raw/32_search_term_view_90d.json (2798 rows, uncapped)"
24105712546,PNC_PASTRY_WAR_Search_Product_20260803,198582694469,Pigmentation Serum,nivea luminous skin glow serum price,NONE,pigmentation correction serum,PHRASE,NEAR_PHRASE,2,0,0.0,0,0,0,"raw/32_search_term_view_90d.json (2798 rows, uncapped)"
24105712546,PNC_PASTRY_WAR_Search_Product_20260803,198582694469,Pigmentation Serum,nivea skin luminous glow,NONE,pigmentation correction serum,PHRASE,NEAR_PHRASE,1,0,0.0,0,0,0,"raw/32_search_term_view_90d.json (2798 rows, uncapped)"
24105712546,PNC_PASTRY_WAR_Search_Product_20260803,198582694469,Pigmentation Serum,numbuzin glutathione serum,NONE,pigmentation correction serum,PHRASE,NEAR_PHRASE,2,0,0.0,0,0,0,"raw/32_search_term_view_90d.json (2798 rows, uncapped)"
24105712546,PNC_PASTRY_WAR_Search_Product_20260803,198582694469,Pigmentation Serum,numbuzin no 5,NONE,pigmentation correction serum,PHRASE,NEAR_PHRASE,14,0,0.0,0,0,0,"raw/32_search_term_view_90d.json (2798 rows, uncapped)"
24105712546,PNC_PASTRY_WAR_Search_Product_20260803,198582694469,Pigmentation Serum,numbuzin no 5 glutathione vitamin concentrated serum,NONE,pigmentation correction serum,PHRASE,NEAR_PHRASE,2,0,0.0,0,0,0,"raw/32_search_term_view_90d.json (2798 rows, uncapped)"
24105712546,PNC_PASTRY_WAR_Search_Product_20260803,198582694469,Pigmentation Serum,numbuzin no 5 serum,NONE,pigmentation correction serum,PHRASE,NEAR_PHRASE,2,0,0.0,0,0,0,"raw/32_search_term_view_90d.json (2798 rows, uncapped)"
24105712546,PNC_PASTRY_WAR_Search_Product_20260803,198582694469,Pigmentation Serum,numbuzin serum 5,NONE,pigmentation correction serum,PHRASE,NEAR_PHRASE,1,0,0.0,0,0,0,"raw/32_search_term_view_90d.json (2798 rows, uncapped)"
24105712546,PNC_PASTRY_WAR_Search_Product_20260803,198582694469,Pigmentation Serum,nutriderma even derm,NONE,pigmentation correction serum,PHRASE,NEAR_PHRASE,2,0,0.0,0,0,0,"raw/32_search_term_view_90d.json (2798 rows, uncapped)"
24105712546,PNC_PASTRY_WAR_Search_Product_20260803,198582694469,Pigmentation Serum,olay luminous light perfecting serum,NONE,pigmentation correction serum,PHRASE,NEAR_PHRASE,2,0,0.0,0,0,0,"raw/32_search_term_view_90d.json (2798 rows, uncapped)"
24105712546,PNC_PASTRY_WAR_Search_Product_20260803,198582694469,Pigmentation Serum,ordinary azelaic acid serum,NONE,pigmentation correction serum,PHRASE,NEAR_PHRASE,1,0,0.0,0,0,0,"raw/32_search_term_view_90d.json (2798 rows, uncapped)"
24105712546,PNC_PASTRY_WAR_Search_Product_20260803,198582694469,Pigmentation Serum,ordinary dark spot treatment,NONE,pigmentation correction serum,PHRASE,NEAR_PHRASE,1,0,0.0,0,0,0,"raw/32_search_term_view_90d.json (2798 rows, uncapped)"
24105712546,PNC_PASTRY_WAR_Search_Product_20260803,198582694469,Pigmentation Serum,perfect white serum,NONE,pigmentation correction serum,PHRASE,NEAR_PHRASE,1,0,0.0,0,0,0,"raw/32_search_term_view_90d.json (2798 rows, uncapped)"
24105712546,PNC_PASTRY_WAR_Search_Product_20260803,198582694469,Pigmentation Serum,ph formula txn serum,NONE,pigmentation correction serum,PHRASE,NEAR_PHRASE,1,0,0.0,0,0,0,"raw/32_search_term_view_90d.json (2798 rows, uncapped)"
24105712546,PNC_PASTRY_WAR_Search_Product_20260803,198582694469,Pigmentation Serum,phloretin cf,NONE,pigmentation correction serum,PHRASE,NEAR_PHRASE,2,0,0.0,0,0,0,"raw/32_search_term_view_90d.json (2798 rows, uncapped)"
24105712546,PNC_PASTRY_WAR_Search_Product_20260803,198582694469,Pigmentation Serum,prandest arbutin,NONE,pigmentation correction serum,PHRASE,NEAR_PHRASE,1,0,0.0,0,0,0,"raw/32_search_term_view_90d.json (2798 rows, uncapped)"
24105712546,PNC_PASTRY_WAR_Search_Product_20260803,198582694469,Pigmentation Serum,pure half cast whitening serum,NONE,pigmentation correction serum,PHRASE,NEAR_PHRASE,1,0,0.0,0,0,0,"raw/32_search_term_view_90d.json (2798 rows, uncapped)"
24105712546,PNC_PASTRY_WAR_Search_Product_20260803,198582694469,Pigmentation Serum,purito kojic tea tree serum,NONE,pigmentation correction serum,PHRASE,NEAR_PHRASE,1,0,0.0,0,0,0,"raw/32_search_term_view_90d.json (2798 rows, uncapped)"
24105712546,PNC_PASTRY_WAR_Search_Product_20260803,198582694469,Pigmentation Serum,reju all advanced retino mela serum,NONE,pigmentation correction serum,PHRASE,NEAR_PHRASE,1,0,0.0,0,0,0,"raw/32_search_term_view_90d.json (2798 rows, uncapped)"
24105712546,PNC_PASTRY_WAR_Search_Product_20260803,198582694469,Pigmentation Serum,rohto melano vitamin c,NONE,pigmentation correction serum,PHRASE,NEAR_PHRASE,1,0,0.0,0,0,0,"raw/32_search_term_view_90d.json (2798 rows, uncapped)"
24105712546,PNC_PASTRY_WAR_Search_Product_20260803,198582694469,Pigmentation Serum,rooibos brightening serum,NONE,pigmentation correction serum,PHRASE,NEAR_PHRASE,1,0,0.0,0,0,0,"raw/32_search_term_view_90d.json (2798 rows, uncapped)"
24105712546,PNC_PASTRY_WAR_Search_Product_20260803,198582694469,Pigmentation Serum,seemsure dark spot corrector,NONE,pigmentation correction serum,PHRASE,NEAR_PHRASE,1,0,0.0,0,0,0,"raw/32_search_term_view_90d.json (2798 rows, uncapped)"
24105712546,PNC_PASTRY_WAR_Search_Product_20260803,198582694469,Pigmentation Serum,serum nivea luminous,NONE,pigmentation correction serum,PHRASE,NEAR_PHRASE,1,0,0.0,0,0,0,"raw/32_search_term_view_90d.json (2798 rows, uncapped)"
24105712546,PNC_PASTRY_WAR_Search_Product_20260803,198582694469,Pigmentation Serum,serum turmeric,NONE,pigmentation correction serum,PHRASE,NEAR_PHRASE,1,0,0.0,0,0,0,"raw/32_search_term_view_90d.json (2798 rows, uncapped)"
24105712546,PNC_PASTRY_WAR_Search_Product_20260803,198582694469,Pigmentation Serum,serum turmeric himalaya,NONE,pigmentation correction serum,PHRASE,NEAR_PHRASE,1,0,0.0,0,0,0,"raw/32_search_term_view_90d.json (2798 rows, uncapped)"
24105712546,PNC_PASTRY_WAR_Search_Product_20260803,198582694469,Pigmentation Serum,shiseido white lucent illuminating micro spot serum,NONE,pigmentation correction serum,PHRASE,NEAR_PHRASE,1,0,0.0,0,0,0,"raw/32_search_term_view_90d.json (2798 rows, uncapped)"
24105712546,PNC_PASTRY_WAR_Search_Product_20260803,198582694469,Pigmentation Serum,skin functional melanoclear,NONE,pigmentation correction serum,PHRASE,NEAR_PHRASE,9,0,0.0,0,0,0,"raw/32_search_term_view_90d.json (2798 rows, uncapped)"
24105712546,PNC_PASTRY_WAR_Search_Product_20260803,198582694469,Pigmentation Serum,skin republic alpha arbutin,NONE,pigmentation correction serum,PHRASE,NEAR_PHRASE,3,0,0.0,0,0,0,"raw/32_search_term_view_90d.json (2798 rows, uncapped)"
24105712546,PNC_PASTRY_WAR_Search_Product_20260803,198582694469,Pigmentation Serum,skin republic alpha arbutin serum,NONE,pigmentation correction serum,PHRASE,NEAR_PHRASE,2,0,0.0,0,0,0,"raw/32_search_term_view_90d.json (2798 rows, uncapped)"
24105712546,PNC_PASTRY_WAR_Search_Product_20260803,198582694469,Pigmentation Serum,skin republic vitamin c 6 serum,NONE,pigmentation correction serum,PHRASE,NEAR_PHRASE,1,0,0.0,0,0,0,"raw/32_search_term_view_90d.json (2798 rows, uncapped)"
24105712546,PNC_PASTRY_WAR_Search_Product_20260803,198582694469,Pigmentation Serum,the best alpha arbutin,NONE,pigmentation correction serum,PHRASE,NEAR_PHRASE,1,0,0.0,0,0,0,"raw/32_search_term_view_90d.json (2798 rows, uncapped)"
24105712546,PNC_PASTRY_WAR_Search_Product_20260803,198582694469,Pigmentation Serum,the ordinary alpha arbutin 2 ha,NONE,pigmentation correction serum,PHRASE,NEAR_PHRASE,1,0,0.0,0,0,0,"raw/32_search_term_view_90d.json (2798 rows, uncapped)"
24105712546,PNC_PASTRY_WAR_Search_Product_20260803,198582694469,Pigmentation Serum,the ordinary azelaic acid 10,NONE,pigmentation correction serum,PHRASE,NEAR_PHRASE,2,0,0.0,0,0,0,"raw/32_search_term_view_90d.json (2798 rows, uncapped)"
24105712546,PNC_PASTRY_WAR_Search_Product_20260803,198582694469,Pigmentation Serum,the ordinary dark spots,NONE,pigmentation correction serum,PHRASE,NEAR_PHRASE,1,0,0.0,0,0,0,"raw/32_search_term_view_90d.json (2798 rows, uncapped)"
24105712546,PNC_PASTRY_WAR_Search_Product_20260803,198582694469,Pigmentation Serum,the ordinary hyperpigmentation before and after,NONE,pigmentation correction serum,PHRASE,NEAR_PHRASE,1,0,0.0,0,0,0,"raw/32_search_term_view_90d.json (2798 rows, uncapped)"
24105712546,PNC_PASTRY_WAR_Search_Product_20260803,198582694469,Pigmentation Serum,tiam face serum,NONE,pigmentation correction serum,PHRASE,NEAR_PHRASE,2,0,0.0,0,0,0,"raw/32_search_term_view_90d.json (2798 rows, uncapped)"
24105712546,PNC_PASTRY_WAR_Search_Product_20260803,198582694469,Pigmentation Serum,tiam niacinamide serum,NONE,pigmentation correction serum,PHRASE,NEAR_PHRASE,1,0,0.0,0,0,0,"raw/32_search_term_view_90d.json (2798 rows, uncapped)"
24105712546,PNC_PASTRY_WAR_Search_Product_20260803,198582694469,Pigmentation Serum,tosowoong arbutin,NONE,pigmentation correction serum,PHRASE,NEAR_PHRASE,1,0,0.0,0,0,0,"raw/32_search_term_view_90d.json (2798 rows, uncapped)"
24105712546,PNC_PASTRY_WAR_Search_Product_20260803,198582694469,Pigmentation Serum,turmeric dark spot remover,NONE,pigmentation correction serum,PHRASE,NEAR_PHRASE,2,0,0.0,0,0,0,"raw/32_search_term_view_90d.json (2798 rows, uncapped)"
24105712546,PNC_PASTRY_WAR_Search_Product_20260803,198582694469,Pigmentation Serum,turmeric face serum,NONE,pigmentation correction serum,PHRASE,NEAR_PHRASE,1,0,0.0,0,0,0,"raw/32_search_term_view_90d.json (2798 rows, uncapped)"
24105712546,PNC_PASTRY_WAR_Search_Product_20260803,198582694469,Pigmentation Serum,turmeric serum,NONE,pigmentation correction serum,PHRASE,NEAR_PHRASE,4,0,0.0,0,0,0,"raw/32_search_term_view_90d.json (2798 rows, uncapped)"
24105712546,PNC_PASTRY_WAR_Search_Product_20260803,198582694469,Pigmentation Serum,turmeric serum clicks,NONE,pigmentation correction serum,PHRASE,NEAR_PHRASE,2,0,0.0,0,0,0,"raw/32_search_term_view_90d.json (2798 rows, uncapped)"
24105712546,PNC_PASTRY_WAR_Search_Product_20260803,198582694469,Pigmentation Serum,turmeric serum dischem,NONE,pigmentation correction serum,PHRASE,NEAR_PHRASE,1,0,0.0,0,0,0,"raw/32_search_term_view_90d.json (2798 rows, uncapped)"
24105712546,PNC_PASTRY_WAR_Search_Product_20260803,198582694469,Pigmentation Serum,turmeric serum for face,NONE,pigmentation correction serum,PHRASE,NEAR_PHRASE,1,0,0.0,0,0,0,"raw/32_search_term_view_90d.json (2798 rows, uncapped)"
24105712546,PNC_PASTRY_WAR_Search_Product_20260803,198582694469,Pigmentation Serum,vitamin c and alpha arbutin,NONE,pigmentation correction serum,PHRASE,NEAR_PHRASE,2,0,0.0,0,0,0,"raw/32_search_term_view_90d.json (2798 rows, uncapped)"
24105712546,PNC_PASTRY_WAR_Search_Product_20260803,198582694469,Pigmentation Serum,vitamin c and turmeric serum,NONE,pigmentation correction serum,PHRASE,NEAR_PHRASE,1,0,0.0,0,0,0,"raw/32_search_term_view_90d.json (2798 rows, uncapped)"
24105712546,PNC_PASTRY_WAR_Search_Product_20260803,198582694469,Pigmentation Serum,vitamin c serum for dark spots,NONE,pigmentation correction serum,PHRASE,NEAR_PHRASE,1,0,0.0,0,0,0,"raw/32_search_term_view_90d.json (2798 rows, uncapped)"
24105712546,PNC_PASTRY_WAR_Search_Product_20260803,198582694469,Pigmentation Serum,where can i get aobenz,NONE,pigmentation correction serum,PHRASE,NEAR_PHRASE,2,0,0.0,0,0,0,"raw/32_search_term_view_90d.json (2798 rows, uncapped)"
24105712546,PNC_PASTRY_WAR_Search_Product_20260803,198582694469,Pigmentation Serum,2 alpha arbutin serum,NONE,pigmentation correcting serum,PHRASE,NEAR_PHRASE,1,0,0.0,0,0,0,"raw/32_search_term_view_90d.json (2798 rows, uncapped)"
24105712546,PNC_PASTRY_WAR_Search_Product_20260803,198582694469,Pigmentation Serum,2 kojic acid,NONE,pigmentation correcting serum,PHRASE,NEAR_PHRASE,1,0,0.0,0,0,0,"raw/32_search_term_view_90d.json (2798 rows, uncapped)"
24105712546,PNC_PASTRY_WAR_Search_Product_20260803,198582694469,Pigmentation Serum,2 kojic acid serum,NONE,pigmentation correcting serum,PHRASE,NEAR_PHRASE,1,0,0.0,0,0,0,"raw/32_search_term_view_90d.json (2798 rows, uncapped)"
24105712546,PNC_PASTRY_WAR_Search_Product_20260803,198582694469,Pigmentation Serum,7 arbutin,NONE,pigmentation correcting serum,PHRASE,NEAR_PHRASE,1,0,0.0,0,0,0,"raw/32_search_term_view_90d.json (2798 rows, uncapped)"
24105712546,PNC_PASTRY_WAR_Search_Product_20260803,198582694469,Pigmentation Serum,abib glutathione,NONE,pigmentation correcting serum,PHRASE,NEAR_PHRASE,1,0,0.0,0,0,0,"raw/32_search_term_view_90d.json (2798 rows, uncapped)"
24105712546,PNC_PASTRY_WAR_Search_Product_20260803,198582694469,Pigmentation Serum,african extracts dark mark correcting serum,NONE,pigmentation correcting serum,PHRASE,NEAR_PHRASE,3,0,0.0,0,0,0,"raw/32_search_term_view_90d.json (2798 rows, uncapped)"
24105712546,PNC_PASTRY_WAR_Search_Product_20260803,198582694469,Pigmentation Serum,aha alpha arbutin,NONE,pigmentation correcting serum,PHRASE,NEAR_PHRASE,1,0,0.0,0,0,0,"raw/32_search_term_view_90d.json (2798 rows, uncapped)"
24105712546,PNC_PASTRY_WAR_Search_Product_20260803,198582694469,Pigmentation Serum,alpha arbutin 2 ha,NONE,pigmentation correcting serum,PHRASE,NEAR_PHRASE,4,0,0.0,0,0,0,"raw/32_search_term_view_90d.json (2798 rows, uncapped)"
24105712546,PNC_PASTRY_WAR_Search_Product_20260803,198582694469,Pigmentation Serum,alpha arbutin 2 ha 30ml,NONE,pigmentation correcting serum,PHRASE,NEAR_PHRASE,1,0,0.0,0,0,0,"raw/32_search_term_view_90d.json (2798 rows, uncapped)"
24105712546,PNC_PASTRY_WAR_Search_Product_20260803,198582694469,Pigmentation Serum,alpha arbutin 2 ha reviews,NONE,pigmentation correcting serum,PHRASE,NEAR_PHRASE,1,0,0.0,0,0,0,"raw/32_search_term_view_90d.json (2798 rows, uncapped)"
24105712546,PNC_PASTRY_WAR_Search_Product_20260803,198582694469,Pigmentation Serum,alpha arbutin and niacinamide,NONE,pigmentation correcting serum,PHRASE,NEAR_PHRASE,1,0,0.0,0,0,0,"raw/32_search_term_view_90d.json (2798 rows, uncapped)"
24105712546,PNC_PASTRY_WAR_Search_Product_20260803,198582694469,Pigmentation Serum,alpha arbutin and niacinamide serum,NONE,pigmentation correcting serum,PHRASE,NEAR_PHRASE,1,0,0.0,0,0,0,"raw/32_search_term_view_90d.json (2798 rows, uncapped)"
24105712546,PNC_PASTRY_WAR_Search_Product_20260803,198582694469,Pigmentation Serum,alpha arbutin clicks,NONE,pigmentation correcting serum,PHRASE,NEAR_PHRASE,5,0,0.0,0,0,0,"raw/32_search_term_view_90d.json (2798 rows, uncapped)"
24105712546,PNC_PASTRY_WAR_Search_Product_20260803,198582694469,Pigmentation Serum,alpha arbutin concentrate,NONE,pigmentation correcting serum,PHRASE,NEAR_PHRASE,2,0,0.0,0,0,0,"raw/32_search_term_view_90d.json (2798 rows, uncapped)"
24105712546,PNC_PASTRY_WAR_Search_Product_20260803,198582694469,Pigmentation Serum,alpha arbutin cosrx,NONE,pigmentation correcting serum,PHRASE,NEAR_PHRASE,3,0,0.0,0,0,0,"raw/32_search_term_view_90d.json (2798 rows, uncapped)"
24105712546,PNC_PASTRY_WAR_Search_Product_20260803,198582694469,Pigmentation Serum,alpha arbutin dischem,NONE,pigmentation correcting serum,PHRASE,NEAR_PHRASE,3,0,0.0,0,0,0,"raw/32_search_term_view_90d.json (2798 rows, uncapped)"
24105712546,PNC_PASTRY_WAR_Search_Product_20260803,198582694469,Pigmentation Serum,alpha arbutin or azelaic acid for dark spots,NONE,pigmentation correcting serum,PHRASE,NEAR_PHRASE,1,0,0.0,0,0,0,"raw/32_search_term_view_90d.json (2798 rows, uncapped)"
24105712546,PNC_PASTRY_WAR_Search_Product_20260803,198582694469,Pigmentation Serum,alpha arbutin pigmentation serum,NONE,pigmentation correcting serum,PHRASE,NEAR_PHRASE,1,0,0.0,0,0,0,"raw/32_search_term_view_90d.json (2798 rows, uncapped)"
24105712546,PNC_PASTRY_WAR_Search_Product_20260803,198582694469,Pigmentation Serum,alpha arbutin serum,NONE,pigmentation correcting serum,PHRASE,NEAR_PHRASE,49,0,0.0,0,0,0,"raw/32_search_term_view_90d.json (2798 rows, uncapped)"
24105712546,PNC_PASTRY_WAR_Search_Product_20260803,198582694469,Pigmentation Serum,alpha arbutin serum clicks,NONE,pigmentation correcting serum,PHRASE,NEAR_PHRASE,2,0,0.0,0,0,0,"raw/32_search_term_view_90d.json (2798 rows, uncapped)"
24105712546,PNC_PASTRY_WAR_Search_Product_20260803,198582694469,Pigmentation Serum,alpha arbutin serum skin republic,NONE,pigmentation correcting serum,PHRASE,NEAR_PHRASE,1,0,0.0,0,0,0,"raw/32_search_term_view_90d.json (2798 rows, uncapped)"
24105712546,PNC_PASTRY_WAR_Search_Product_20260803,198582694469,Pigmentation Serum,alpha arbutin serum the ordinary,NONE,pigmentation correcting serum,PHRASE,NEAR_PHRASE,2,0,0.0,0,0,0,"raw/32_search_term_view_90d.json (2798 rows, uncapped)"
24105712546,PNC_PASTRY_WAR_Search_Product_20260803,198582694469,Pigmentation Serum,alpha arbutin serums,NONE,pigmentation correcting serum,PHRASE,NEAR_PHRASE,1,0,0.0,0,0,0,"raw/32_search_term_view_90d.json (2798 rows, uncapped)"
24105712546,PNC_PASTRY_WAR_Search_Product_20260803,198582694469,Pigmentation Serum,alpha arbutin skin republic,NONE,pigmentation correcting serum,PHRASE,NEAR_PHRASE,2,0,0.0,0,0,0,"raw/32_search_term_view_90d.json (2798 rows, uncapped)"
24105712546,PNC_PASTRY_WAR_Search_Product_20260803,198582694469,Pigmentation Serum,alpha arbutin takealot,NONE,pigmentation correcting serum,PHRASE,NEAR_PHRASE,1,0,0.0,0,0,0,"raw/32_search_term_view_90d.json (2798 rows, uncapped)"
24105712546,PNC_PASTRY_WAR_Search_Product_20260803,198582694469,Pigmentation Serum,alpha arbutin the ordinary,NONE,pigmentation correcting serum,PHRASE,NEAR_PHRASE,6,0,0.0,0,0,0,"raw/32_search_term_view_90d.json (2798 rows, uncapped)"
24105712546,PNC_PASTRY_WAR_Search_Product_20260803,198582694469,Pigmentation Serum,anti dark spot brightening serum loreal,NONE,pigmentation correcting serum,PHRASE,NEAR_PHRASE,1,0,0.0,0,0,0,"raw/32_search_term_view_90d.json (2798 rows, uncapped)"
24105712546,PNC_PASTRY_WAR_Search_Product_20260803,198582694469,Pigmentation Serum,anti pigment spot corrector,NONE,pigmentation correcting serum,PHRASE,NEAR_PHRASE,2,0,0.0,0,0,0,"raw/32_search_term_view_90d.json (2798 rows, uncapped)"
24105712546,PNC_PASTRY_WAR_Search_Product_20260803,198582694469,Pigmentation Serum,anua dark spot correcting serum,NONE,pigmentation correcting serum,PHRASE,NEAR_PHRASE,2,0,0.0,0,0,0,"raw/32_search_term_view_90d.json (2798 rows, uncapped)"
24105712546,PNC_PASTRY_WAR_Search_Product_20260803,198582694469,Pigmentation Serum,anua dark spot serum,NONE,pigmentation correcting serum,PHRASE,NEAR_PHRASE,3,0,0.0,0,0,0,"raw/32_search_term_view_90d.json (2798 rows, uncapped)"
24105712546,PNC_PASTRY_WAR_Search_Product_20260803,198582694469,Pigmentation Serum,anua niacinamide 10,NONE,pigmentation correcting serum,PHRASE,NEAR_PHRASE,1,0,0.0,0,0,0,"raw/32_search_term_view_90d.json (2798 rows, uncapped)"
24105712546,PNC_PASTRY_WAR_Search_Product_20260803,198582694469,Pigmentation Serum,anua niacinamide 10 txa 4 dark spot correcting serum,NONE,pigmentation correcting serum,PHRASE,NEAR_PHRASE,1,0,0.0,0,0,0,"raw/32_search_term_view_90d.json (2798 rows, uncapped)"
24105712546,PNC_PASTRY_WAR_Search_Product_20260803,198582694469,Pigmentation Serum,anua niacinamide dark spot serum,NONE,pigmentation correcting serum,PHRASE,NEAR_PHRASE,1,0,0.0,0,0,0,"raw/32_search_term_view_90d.json (2798 rows, uncapped)"
24105712546,PNC_PASTRY_WAR_Search_Product_20260803,198582694469,Pigmentation Serum,anua niacinamide serum,NONE,pigmentation correcting serum,PHRASE,NEAR_PHRASE,9,0,0.0,0,0,0,"raw/32_search_term_view_90d.json (2798 rows, uncapped)"
24105712546,PNC_PASTRY_WAR_Search_Product_20260803,198582694469,Pigmentation Serum,anua txa serum,NONE,pigmentation correcting serum,PHRASE,NEAR_PHRASE,1,0,0.0,0,0,0,"raw/32_search_term_view_90d.json (2798 rows, uncapped)"
24105712546,PNC_PASTRY_WAR_Search_Product_20260803,198582694469,Pigmentation Serum,aobenz,NONE,pigmentation correcting serum,PHRASE,NEAR_PHRASE,7,0,0.0,0,0,0,"raw/32_search_term_view_90d.json (2798 rows, uncapped)"
24105712546,PNC_PASTRY_WAR_Search_Product_20260803,198582694469,Pigmentation Serum,aobenz sinpin,NONE,pigmentation correcting serum,PHRASE,NEAR_PHRASE,1,0,0.0,0,0,0,"raw/32_search_term_view_90d.json (2798 rows, uncapped)"
24105712546,PNC_PASTRY_WAR_Search_Product_20260803,198582694469,Pigmentation Serum,aobenz spot remover price,NONE,pigmentation correcting serum,PHRASE,NEAR_PHRASE,1,0,0.0,0,0,0,"raw/32_search_term_view_90d.json (2798 rows, uncapped)"
24105712546,PNC_PASTRY_WAR_Search_Product_20260803,198582694469,Pigmentation Serum,aobenz takealot,NONE,pigmentation correcting serum,PHRASE,NEAR_PHRASE,1,0,0.0,0,0,0,"raw/32_search_term_view_90d.json (2798 rows, uncapped)"
24105712546,PNC_PASTRY_WAR_Search_Product_20260803,198582694469,Pigmentation Serum,arbutin 7 0,NONE,pigmentation correcting serum,PHRASE,NEAR_PHRASE,1,0,0.0,0,0,0,"raw/32_search_term_view_90d.json (2798 rows, uncapped)"
24105712546,PNC_PASTRY_WAR_Search_Product_20260803,198582694469,Pigmentation Serum,arbutin 7.0,NONE,pigmentation correcting serum,PHRASE,NEAR_PHRASE,2,0,0.0,0,0,0,"raw/32_search_term_view_90d.json (2798 rows, uncapped)"
24105712546,PNC_PASTRY_WAR_Search_Product_20260803,198582694469,Pigmentation Serum,arbutin at clicks,NONE,pigmentation correcting serum,PHRASE,NEAR_PHRASE,2,0,0.0,0,0,0,"raw/32_search_term_view_90d.json (2798 rows, uncapped)"
24105712546,PNC_PASTRY_WAR_Search_Product_20260803,198582694469,Pigmentation Serum,arbutin at clicks price,NONE,pigmentation correcting serum,PHRASE,NEAR_PHRASE,1,0,0.0,0,0,0,"raw/32_search_term_view_90d.json (2798 rows, uncapped)"
24105712546,PNC_PASTRY_WAR_Search_Product_20260803,198582694469,Pigmentation Serum,arbutin clicks,NONE,pigmentation correcting serum,PHRASE,NEAR_PHRASE,4,0,0.0,0,0,0,"raw/32_search_term_view_90d.json (2798 rows, uncapped)"
24105712546,PNC_PASTRY_WAR_Search_Product_20260803,198582694469,Pigmentation Serum,arbutin price at clicks,NONE,pigmentation correcting serum,PHRASE,NEAR_PHRASE,2,0,0.0,0,0,0,"raw/32_search_term_view_90d.json (2798 rows, uncapped)"
24105712546,PNC_PASTRY_WAR_Search_Product_20260803,198582694469,Pigmentation Serum,arbutin serum,NONE,pigmentation correcting serum,PHRASE,NEAR_PHRASE,3,0,0.0,0,0,0,"raw/32_search_term_view_90d.json (2798 rows, uncapped)"
24105712546,PNC_PASTRY_WAR_Search_Product_20260803,198582694469,Pigmentation Serum,ascorbic acid and alpha arbutin the ordinary,NONE,pigmentation correcting serum,PHRASE,NEAR_PHRASE,1,0,0.0,0,0,0,"raw/32_search_term_view_90d.json (2798 rows, uncapped)"
24105712546,PNC_PASTRY_WAR_Search_Product_20260803,198582694469,Pigmentation Serum,axis dark spot correcting glow serum,NONE,pigmentation correcting serum,PHRASE,NEAR_PHRASE,1,0,0.0,0,0,0,"raw/32_search_term_view_90d.json (2798 rows, uncapped)"
24105712546,PNC_PASTRY_WAR_Search_Product_20260803,198582694469,Pigmentation Serum,axis dark spot corrector,NONE,pigmentation correcting serum,PHRASE,NEAR_PHRASE,1,0,0.0,0,0,0,"raw/32_search_term_view_90d.json (2798 rows, uncapped)"
24105712546,PNC_PASTRY_WAR_Search_Product_20260803,198582694469,Pigmentation Serum,axis serum,NONE,pigmentation correcting serum,PHRASE,NEAR_PHRASE,1,0,0.0,0,0,0,"raw/32_search_term_view_90d.json (2798 rows, uncapped)"
24105712546,PNC_PASTRY_WAR_Search_Product_20260803,198582694469,Pigmentation Serum,axis y brightening,NONE,pigmentation correcting serum,PHRASE,NEAR_PHRASE,2,0,0.0,0,0,0,"raw/32_search_term_view_90d.json (2798 rows, uncapped)"
24105712546,PNC_PASTRY_WAR_Search_Product_20260803,198582694469,Pigmentation Serum,axis y correcting glow serum,NONE,pigmentation correcting serum,PHRASE,NEAR_PHRASE,2,0,0.0,0,0,0,"raw/32_search_term_view_90d.json (2798 rows, uncapped)"
24105712546,PNC_PASTRY_WAR_Search_Product_20260803,198582694469,Pigmentation Serum,axis y dark spot,NONE,pigmentation correcting serum,PHRASE,NEAR_PHRASE,21,0,0.0,0,0,0,"raw/32_search_term_view_90d.json (2798 rows, uncapped)"
24105712546,PNC_PASTRY_WAR_Search_Product_20260803,198582694469,Pigmentation Serum,axis y dark spot correcting glow serum 50ml,NONE,pigmentation correcting serum,PHRASE,NEAR_PHRASE,1,0,0.0,0,0,0,"raw/32_search_term_view_90d.json (2798 rows, uncapped)"
24105712546,PNC_PASTRY_WAR_Search_Product_20260803,198582694469,Pigmentation Serum,axis y dark spot correcting serum,NONE,pigmentation correcting serum,PHRASE,NEAR_PHRASE,1,0,0.0,0,0,0,"raw/32_search_term_view_90d.json (2798 rows, uncapped)"
24105712546,PNC_PASTRY_WAR_Search_Product_20260803,198582694469,Pigmentation Serum,axis y dark spot corrector,NONE,pigmentation correcting serum,PHRASE,NEAR_PHRASE,1,0,0.0,0,0,0,"raw/32_search_term_view_90d.json (2798 rows, uncapped)"
24105712546,PNC_PASTRY_WAR_Search_Product_20260803,198582694469,Pigmentation Serum,axis y dark spot glow serum,NONE,pigmentation correcting serum,PHRASE,NEAR_PHRASE,2,0,0.0,0,0,0,"raw/32_search_term_view_90d.json (2798 rows, uncapped)"
24105712546,PNC_PASTRY_WAR_Search_Product_20260803,198582694469,Pigmentation Serum,axis y dark spot remover,NONE,pigmentation correcting serum,PHRASE,NEAR_PHRASE,1,0,0.0,0,0,0,"raw/32_search_term_view_90d.json (2798 rows, uncapped)"
24105712546,PNC_PASTRY_WAR_Search_Product_20260803,198582694469,Pigmentation Serum,axis y dark spot serum at clicks,NONE,pigmentation correcting serum,PHRASE,NEAR_PHRASE,3,0,0.0,0,0,0,"raw/32_search_term_view_90d.json (2798 rows, uncapped)"
24105712546,PNC_PASTRY_WAR_Search_Product_20260803,198582694469,Pigmentation Serum,axis y dark spot serum clicks,NONE,pigmentation correcting serum,PHRASE,NEAR_PHRASE,6,0,0.0,0,0,0,"raw/32_search_term_view_90d.json (2798 rows, uncapped)"
24105712546,PNC_PASTRY_WAR_Search_Product_20260803,198582694469,Pigmentation Serum,axis y dark spot serum dischem,NONE,pigmentation correcting serum,PHRASE,NEAR_PHRASE,5,0,0.0,0,0,0,"raw/32_search_term_view_90d.json (2798 rows, uncapped)"
24105712546,PNC_PASTRY_WAR_Search_Product_20260803,198582694469,Pigmentation Serum,axis y dark spot serum takealot,NONE,pigmentation correcting serum,PHRASE,NEAR_PHRASE,1,0,0.0,0,0,0,"raw/32_search_term_view_90d.json (2798 rows, uncapped)"
24105712546,PNC_PASTRY_WAR_Search_Product_20260803,198582694469,Pigmentation Serum,axis y dark spot serum uses,NONE,pigmentation correcting serum,PHRASE,NEAR_PHRASE,1,0,0.0,0,0,0,"raw/32_search_term_view_90d.json (2798 rows, uncapped)"
24105712546,PNC_PASTRY_WAR_Search_Product_20260803,198582694469,Pigmentation Serum,axis y dark spot serum woolworths,NONE,pigmentation correcting serum,PHRASE,NEAR_PHRASE,1,0,0.0,0,0,0,"raw/32_search_term_view_90d.json (2798 rows, uncapped)"
24105712546,PNC_PASTRY_WAR_Search_Product_20260803,198582694469,Pigmentation Serum,axis y glow serum,NONE,pigmentation correcting serum,PHRASE,NEAR_PHRASE,1,0,0.0,0,0,0,"raw/32_search_term_view_90d.json (2798 rows, uncapped)"
24105712546,PNC_PASTRY_WAR_Search_Product_20260803,198582694469,Pigmentation Serum,axis y reviews,NONE,pigmentation correcting serum,PHRASE,NEAR_PHRASE,1,0,0.0,0,0,0,"raw/32_search_term_view_90d.json (2798 rows, uncapped)"
24105712546,PNC_PASTRY_WAR_Search_Product_20260803,198582694469,Pigmentation Serum,axis y serum,NONE,pigmentation correcting serum,PHRASE,NEAR_PHRASE,9,0,0.0,0,0,0,"raw/32_search_term_view_90d.json (2798 rows, uncapped)"
24105712546,PNC_PASTRY_WAR_Search_Product_20260803,198582694469,Pigmentation Serum,axis y serum at clicks price,NONE,pigmentation correcting serum,PHRASE,NEAR_PHRASE,1,0,0.0,0,0,0,"raw/32_search_term_view_90d.json (2798 rows, uncapped)"
24105712546,PNC_PASTRY_WAR_Search_Product_20260803,198582694469,Pigmentation Serum,axis y serum clicks,NONE,pigmentation correcting serum,PHRASE,NEAR_PHRASE,1,0,0.0,0,0,0,"raw/32_search_term_view_90d.json (2798 rows, uncapped)"
24105712546,PNC_PASTRY_WAR_Search_Product_20260803,198582694469,Pigmentation Serum,benefits of alpha arbutin serum,NONE,pigmentation correcting serum,PHRASE,NEAR_PHRASE,1,0,0.0,0,0,0,"raw/32_search_term_view_90d.json (2798 rows, uncapped)"
24105712546,PNC_PASTRY_WAR_Search_Product_20260803,198582694469,Pigmentation Serum,best affordable serum for dark spots,NONE,pigmentation correcting serum,PHRASE,NEAR_PHRASE,1,0,0.0,0,0,0,"raw/32_search_term_view_90d.json (2798 rows, uncapped)"
24105712546,PNC_PASTRY_WAR_Search_Product_20260803,198582694469,Pigmentation Serum,best face serum for dark spots and pigmentation and glowing skin,NONE,pigmentation correcting serum,PHRASE,NEAR_PHRASE,1,0,0.0,0,0,0,"raw/32_search_term_view_90d.json (2798 rows, uncapped)"
24105712546,PNC_PASTRY_WAR_Search_Product_20260803,198582694469,Pigmentation Serum,best kojic acid serum for hyperpigmentation,NONE,pigmentation correcting serum,PHRASE,NEAR_PHRASE,1,0,0.0,0,0,0,"raw/32_search_term_view_90d.json (2798 rows, uncapped)"
24105712546,PNC_PASTRY_WAR_Search_Product_20260803,198582694469,Pigmentation Serum,best pigmentation serum,NONE,pigmentation correcting serum,PHRASE,NEAR_PHRASE,3,0,0.0,0,0,0,"raw/32_search_term_view_90d.json (2798 rows, uncapped)"
24105712546,PNC_PASTRY_WAR_Search_Product_20260803,198582694469,Pigmentation Serum,best serum for anti aging and dark spots,NONE,pigmentation correcting serum,PHRASE,NEAR_PHRASE,1,0,0.0,0,0,0,"raw/32_search_term_view_90d.json (2798 rows, uncapped)"
24105712546,PNC_PASTRY_WAR_Search_Product_20260803,198582694469,Pigmentation Serum,best serum for dark spots,NONE,pigmentation correcting serum,PHRASE,NEAR_PHRASE,2,0,0.0,0,0,0,"raw/32_search_term_view_90d.json (2798 rows, uncapped)"
24105712546,PNC_PASTRY_WAR_Search_Product_20260803,198582694469,Pigmentation Serum,best serum for dark spots and acne scars,NONE,pigmentation correcting serum,PHRASE,NEAR_PHRASE,1,0,0.0,0,0,0,"raw/32_search_term_view_90d.json (2798 rows, uncapped)"
24105712546,PNC_PASTRY_WAR_Search_Product_20260803,198582694469,Pigmentation Serum,best serum for dark spots at clicks,NONE,pigmentation correcting serum,PHRASE,NEAR_PHRASE,2,0,0.0,0,0,0,"raw/32_search_term_view_90d.json (2798 rows, uncapped)"
24105712546,PNC_PASTRY_WAR_Search_Product_20260803,198582694469,Pigmentation Serum,best serum for hyperpigmentation,NONE,pigmentation correcting serum,PHRASE,NEAR_PHRASE,2,0,0.0,0,0,0,"raw/32_search_term_view_90d.json (2798 rows, uncapped)"
24105712546,PNC_PASTRY_WAR_Search_Product_20260803,198582694469,Pigmentation Serum,best serum for hyperpigmentation sensitive skin,NONE,pigmentation correcting serum,PHRASE,NEAR_PHRASE,1,0,0.0,0,0,0,"raw/32_search_term_view_90d.json (2798 rows, uncapped)"
24105712546,PNC_PASTRY_WAR_Search_Product_20260803,198582694469,Pigmentation Serum,best serum for melasma,NONE,pigmentation correcting serum,PHRASE,NEAR_PHRASE,1,0,0.0,0,0,0,"raw/32_search_term_view_90d.json (2798 rows, uncapped)"
24105712546,PNC_PASTRY_WAR_Search_Product_20260803,198582694469,Pigmentation Serum,best serum for pigmentation and dark spots in south africa,NONE,pigmentation correcting serum,PHRASE,NEAR_PHRASE,2,0,0.0,0,0,0,"raw/32_search_term_view_90d.json (2798 rows, uncapped)"
24105712546,PNC_PASTRY_WAR_Search_Product_20260803,198582694469,Pigmentation Serum,best serum for pimples and dark spots,NONE,pigmentation correcting serum,PHRASE,NEAR_PHRASE,1,0,0.0,0,0,0,"raw/32_search_term_view_90d.json (2798 rows, uncapped)"
24105712546,PNC_PASTRY_WAR_Search_Product_20260803,198582694469,Pigmentation Serum,best serum for stubborn dark spots,NONE,pigmentation correcting serum,PHRASE,NEAR_PHRASE,1,0,0.0,0,0,0,"raw/32_search_term_view_90d.json (2798 rows, uncapped)"
24105712546,PNC_PASTRY_WAR_Search_Product_20260803,198582694469,Pigmentation Serum,best vitamin c for hyperpigmentation dark skin,NONE,pigmentation correcting serum,PHRASE,NEAR_PHRASE,1,0,0.0,0,0,0,"raw/32_search_term_view_90d.json (2798 rows, uncapped)"
24105712546,PNC_PASTRY_WAR_Search_Product_20260803,198582694469,Pigmentation Serum,best vitamin c serum for dark spots,NONE,pigmentation correcting serum,PHRASE,NEAR_PHRASE,1,0,0.0,0,0,0,"raw/32_search_term_view_90d.json (2798 rows, uncapped)"
24105712546,PNC_PASTRY_WAR_Search_Product_20260803,198582694469,Pigmentation Serum,best vitamin c serum for hyperpigmentation,NONE,pigmentation correcting serum,PHRASE,NEAR_PHRASE,1,0,0.0,0,0,0,"raw/32_search_term_view_90d.json (2798 rows, uncapped)"
24105712546,PNC_PASTRY_WAR_Search_Product_20260803,198582694469,Pigmentation Serum,best vitamin c serum for melasma,NONE,pigmentation correcting serum,PHRASE,NEAR_PHRASE,1,0,0.0,0,0,0,"raw/32_search_term_view_90d.json (2798 rows, uncapped)"
24105712546,PNC_PASTRY_WAR_Search_Product_20260803,198582694469,Pigmentation Serum,biobright skin lightening serum,NONE,pigmentation correcting serum,PHRASE,NEAR_PHRASE,1,0,0.0,0,0,0,"raw/32_search_term_view_90d.json (2798 rows, uncapped)"
24105712546,PNC_PASTRY_WAR_Search_Product_20260803,198582694469,Pigmentation Serum,biocos emergency whitening serum,NONE,pigmentation correcting serum,PHRASE,NEAR_PHRASE,1,0,0.0,0,0,0,"raw/32_search_term_view_90d.json (2798 rows, uncapped)"
24105712546,PNC_PASTRY_WAR_Search_Product_20260803,198582694469,Pigmentation Serum,bioderma pigmentbio c,NONE,pigmentation correcting serum,PHRASE,NEAR_PHRASE,1,0,0.0,0,0,0,"raw/32_search_term_view_90d.json (2798 rows, uncapped)"
24105712546,PNC_PASTRY_WAR_Search_Product_20260803,198582694469,Pigmentation Serum,bioderma pigmentbio c concentrate,NONE,pigmentation correcting serum,PHRASE,NEAR_PHRASE,3,0,0.0,0,0,0,"raw/32_search_term_view_90d.json (2798 rows, uncapped)"
24105712546,PNC_PASTRY_WAR_Search_Product_20260803,198582694469,Pigmentation Serum,bioderma pigmentbio c concentrate serum,NONE,pigmentation correcting serum,PHRASE,NEAR_PHRASE,1,0,0.0,0,0,0,"raw/32_search_term_view_90d.json (2798 rows, uncapped)"
24105712546,PNC_PASTRY_WAR_Search_Product_20260803,198582694469,Pigmentation Serum,bioderma serum vitamin c,NONE,pigmentation correcting serum,PHRASE,NEAR_PHRASE,1,0,0.0,0,0,0,"raw/32_search_term_view_90d.json (2798 rows, uncapped)"
24105712546,PNC_PASTRY_WAR_Search_Product_20260803,198582694469,Pigmentation Serum,bionike b lucent concentrate,NONE,pigmentation correcting serum,PHRASE,NEAR_PHRASE,1,0,0.0,0,0,0,"raw/32_search_term_view_90d.json (2798 rows, uncapped)"
24105712546,PNC_PASTRY_WAR_Search_Product_20260803,198582694469,Pigmentation Serum,bright plus advanced,NONE,pigmentation correcting serum,PHRASE,NEAR_PHRASE,1,0,0.0,0,0,0,"raw/32_search_term_view_90d.json (2798 rows, uncapped)"
24105712546,PNC_PASTRY_WAR_Search_Product_20260803,198582694469,Pigmentation Serum,c concentrate serum bioderma,NONE,pigmentation correcting serum,PHRASE,NEAR_PHRASE,1,0,0.0,0,0,0,"raw/32_search_term_view_90d.json (2798 rows, uncapped)"
24105712546,PNC_PASTRY_WAR_Search_Product_20260803,198582694469,Pigmentation Serum,can i use vitamin c serum for hyperpigmentation,NONE,pigmentation correcting serum,PHRASE,NEAR_PHRASE,1,0,0.0,0,0,0,"raw/32_search_term_view_90d.json (2798 rows, uncapped)"
24105712546,PNC_PASTRY_WAR_Search_Product_20260803,198582694469,Pigmentation Serum,carotone serum,NONE,pigmentation correcting serum,PHRASE,NEAR_PHRASE,1,0,0.0,0,0,0,"raw/32_search_term_view_90d.json (2798 rows, uncapped)"
24105712546,PNC_PASTRY_WAR_Search_Product_20260803,198582694469,Pigmentation Serum,caudalie dark spot serum,NONE,pigmentation correcting serum,PHRASE,NEAR_PHRASE,1,0,0.0,0,0,0,"raw/32_search_term_view_90d.json (2798 rows, uncapped)"
24105712546,PNC_PASTRY_WAR_Search_Product_20260803,198582694469,Pigmentation Serum,caudalie pigment serum,NONE,pigmentation correcting serum,PHRASE,NEAR_PHRASE,1,0,0.0,0,0,0,"raw/32_search_term_view_90d.json (2798 rows, uncapped)"
24105712546,PNC_PASTRY_WAR_Search_Product_20260803,198582694469,Pigmentation Serum,caudalie vinoperfect alternative,NONE,pigmentation correcting serum,PHRASE,NEAR_PHRASE,1,0,0.0,0,0,0,"raw/32_search_term_view_90d.json (2798 rows, uncapped)"
24105712546,PNC_PASTRY_WAR_Search_Product_20260803,198582694469,Pigmentation Serum,caudalie vinoperfect serum,NONE,pigmentation correcting serum,PHRASE,NEAR_PHRASE,10,0,0.0,0,0,0,"raw/32_search_term_view_90d.json (2798 rows, uncapped)"
24105712546,PNC_PASTRY_WAR_Search_Product_20260803,198582694469,Pigmentation Serum,celimax dark spot serum,NONE,pigmentation correcting serum,PHRASE,NEAR_PHRASE,1,0,0.0,0,0,0,"raw/32_search_term_view_90d.json (2798 rows, uncapped)"
24105712546,PNC_PASTRY_WAR_Search_Product_20260803,198582694469,Pigmentation Serum,centella hyperpigmentation serum,NONE,pigmentation correcting serum,PHRASE,NEAR_PHRASE,1,0,0.0,0,0,0,"raw/32_search_term_view_90d.json (2798 rows, uncapped)"
24105712546,PNC_PASTRY_WAR_Search_Product_20260803,198582694469,Pigmentation Serum,centella serum for hyperpigmentation,NONE,pigmentation correcting serum,PHRASE,NEAR_PHRASE,1,0,0.0,0,0,0,"raw/32_search_term_view_90d.json (2798 rows, uncapped)"
24105712546,PNC_PASTRY_WAR_Search_Product_20260803,198582694469,Pigmentation Serum,cerave dark spot remover,NONE,pigmentation correcting serum,PHRASE,NEAR_PHRASE,1,0,0.0,0,0,0,"raw/32_search_term_view_90d.json (2798 rows, uncapped)"
24105712546,PNC_PASTRY_WAR_Search_Product_20260803,198582694469,Pigmentation Serum,cerave dark spots,NONE,pigmentation correcting serum,PHRASE,NEAR_PHRASE,1,0,0.0,0,0,0,"raw/32_search_term_view_90d.json (2798 rows, uncapped)"
24105712546,PNC_PASTRY_WAR_Search_Product_20260803,198582694469,Pigmentation Serum,clarins bright plus,NONE,pigmentation correcting serum,PHRASE,NEAR_PHRASE,2,0,0.0,0,0,0,"raw/32_search_term_view_90d.json (2798 rows, uncapped)"
24105712546,PNC_PASTRY_WAR_Search_Product_20260803,198582694469,Pigmentation Serum,clarins bright plus serum,NONE,pigmentation correcting serum,PHRASE,NEAR_PHRASE,1,0,0.0,0,0,0,"raw/32_search_term_view_90d.json (2798 rows, uncapped)"
24105712546,PNC_PASTRY_WAR_Search_Product_20260803,198582694469,Pigmentation Serum,clarins brightening serum,NONE,pigmentation correcting serum,PHRASE,NEAR_PHRASE,1,0,0.0,0,0,0,"raw/32_search_term_view_90d.json (2798 rows, uncapped)"
24105712546,PNC_PASTRY_WAR_Search_Product_20260803,198582694469,Pigmentation Serum,clicks alpha arbutin,NONE,pigmentation correcting serum,PHRASE,NEAR_PHRASE,1,0,0.0,0,0,0,"raw/32_search_term_view_90d.json (2798 rows, uncapped)"
24105712546,PNC_PASTRY_WAR_Search_Product_20260803,198582694469,Pigmentation Serum,clicks dark spot corrector,NONE,pigmentation correcting serum,PHRASE,NEAR_PHRASE,9,0,0.0,0,0,0,"raw/32_search_term_view_90d.json (2798 rows, uncapped)"
24105712546,PNC_PASTRY_WAR_Search_Product_20260803,198582694469,Pigmentation Serum,clicks even tone serum,NONE,pigmentation correcting serum,PHRASE,NEAR_PHRASE,1,0,0.0,0,0,0,"raw/32_search_term_view_90d.json (2798 rows, uncapped)"
24105712546,PNC_PASTRY_WAR_Search_Product_20260803,198582694469,Pigmentation Serum,clinique dark spot corrector before and after,NONE,pigmentation correcting serum,PHRASE,NEAR_PHRASE,1,0,0.0,0,0,0,"raw/32_search_term_view_90d.json (2798 rows, uncapped)"
24105712546,PNC_PASTRY_WAR_Search_Product_20260803,198582694469,Pigmentation Serum,clinique spot corrector,NONE,pigmentation correcting serum,PHRASE,NEAR_PHRASE,2,0,0.0,0,0,0,"raw/32_search_term_view_90d.json (2798 rows, uncapped)"
24105712546,PNC_PASTRY_WAR_Search_Product_20260803,198582694469,Pigmentation Serum,correction glow serum,NONE,pigmentation correcting serum,PHRASE,NEAR_PHRASE,1,0,0.0,0,0,0,"raw/32_search_term_view_90d.json (2798 rows, uncapped)"
24105712546,PNC_PASTRY_WAR_Search_Product_20260803,198582694469,Pigmentation Serum,corrector serum,NONE,pigmentation correcting serum,PHRASE,NEAR_PHRASE,1,0,0.0,0,0,0,"raw/32_search_term_view_90d.json (2798 rows, uncapped)"
24105712546,PNC_PASTRY_WAR_Search_Product_20260803,198582694469,Pigmentation Serum,cos de baha azelaic acid serum,NONE,pigmentation correcting serum,PHRASE,NEAR_PHRASE,1,0,0.0,0,0,0,"raw/32_search_term_view_90d.json (2798 rows, uncapped)"
24105712546,PNC_PASTRY_WAR_Search_Product_20260803,198582694469,Pigmentation Serum,cos de baha hydroquinone,NONE,pigmentation correcting serum,PHRASE,NEAR_PHRASE,2,0,0.0,0,0,0,"raw/32_search_term_view_90d.json (2798 rows, uncapped)"
24105712546,PNC_PASTRY_WAR_Search_Product_20260803,198582694469,Pigmentation Serum,cosrx alpha arbutin,NONE,pigmentation correcting serum,PHRASE,NEAR_PHRASE,7,0,0.0,0,0,0,"raw/32_search_term_view_90d.json (2798 rows, uncapped)"
24105712546,PNC_PASTRY_WAR_Search_Product_20260803,198582694469,Pigmentation Serum,cosrx alpha arbutin 2 discoloration care,NONE,pigmentation correcting serum,PHRASE,NEAR_PHRASE,1,0,0.0,0,0,0,"raw/32_search_term_view_90d.json (2798 rows, uncapped)"
24105712546,PNC_PASTRY_WAR_Search_Product_20260803,198582694469,Pigmentation Serum,cosrx alpha arbutin 2 discoloration care serum,NONE,pigmentation correcting serum,PHRASE,NEAR_PHRASE,1,0,0.0,0,0,0,"raw/32_search_term_view_90d.json (2798 rows, uncapped)"
24105712546,PNC_PASTRY_WAR_Search_Product_20260803,198582694469,Pigmentation Serum,cosrx discoloration serum,NONE,pigmentation correcting serum,PHRASE,NEAR_PHRASE,1,0,0.0,0,0,0,"raw/32_search_term_view_90d.json (2798 rows, uncapped)"
24105712546,PNC_PASTRY_WAR_Search_Product_20260803,198582694469,Pigmentation Serum,cosrx txa,NONE,pigmentation correcting serum,PHRASE,NEAR_PHRASE,1,0,0.0,0,0,0,"raw/32_search_term_view_90d.json (2798 rows, uncapped)"
24105712546,PNC_PASTRY_WAR_Search_Product_20260803,198582694469,Pigmentation Serum,cosrx txa serum,NONE,pigmentation correcting serum,PHRASE,NEAR_PHRASE,1,0,0.0,0,0,0,"raw/32_search_term_view_90d.json (2798 rows, uncapped)"
24105712546,PNC_PASTRY_WAR_Search_Product_20260803,198582694469,Pigmentation Serum,dark correcting glow serum,NONE,pigmentation correcting serum,PHRASE,NEAR_PHRASE,2,0,0.0,0,0,0,"raw/32_search_term_view_90d.json (2798 rows, uncapped)"
24105712546,PNC_PASTRY_WAR_Search_Product_20260803,198582694469,Pigmentation Serum,dark management skin functional,NONE,pigmentation correcting serum,PHRASE,NEAR_PHRASE,2,0,0.0,0,0,0,"raw/32_search_term_view_90d.json (2798 rows, uncapped)"
24105712546,PNC_PASTRY_WAR_Search_Product_20260803,198582694469,Pigmentation Serum,dark mark serum,NONE,pigmentation correcting serum,PHRASE,NEAR_PHRASE,1,0,0.0,0,0,0,"raw/32_search_term_view_90d.json (2798 rows, uncapped)"
24105712546,PNC_PASTRY_WAR_Search_Product_20260803,198582694469,Pigmentation Serum,dark marks serum,NONE,pigmentation correcting serum,PHRASE,NEAR_PHRASE,2,0,0.0,0,0,0,"raw/32_search_term_view_90d.json (2798 rows, uncapped)"
24105712546,PNC_PASTRY_WAR_Search_Product_20260803,198582694469,Pigmentation Serum,dark spot axis y,NONE,pigmentation correcting serum,PHRASE,NEAR_PHRASE,1,0,0.0,0,0,0,"raw/32_search_term_view_90d.json (2798 rows, uncapped)"
24105712546,PNC_PASTRY_WAR_Search_Product_20260803,198582694469,Pigmentation Serum,dark spot clearing turmeric face serum,NONE,pigmentation correcting serum,PHRASE,NEAR_PHRASE,1,0,0.0,0,0,0,"raw/32_search_term_view_90d.json (2798 rows, uncapped)"
24105712546,PNC_PASTRY_WAR_Search_Product_20260803,198582694469,Pigmentation Serum,dark spot correcting,NONE,pigmentation correcting serum,PHRASE,NEAR_PHRASE,3,0,0.0,0,0,0,"raw/32_search_term_view_90d.json (2798 rows, uncapped)"
24105712546,PNC_PASTRY_WAR_Search_Product_20260803,198582694469,Pigmentation Serum,dark spot correcting glow,NONE,pigmentation correcting serum,PHRASE,NEAR_PHRASE,1,0,0.0,0,0,0,"raw/32_search_term_view_90d.json (2798 rows, uncapped)"
24105712546,PNC_PASTRY_WAR_Search_Product_20260803,198582694469,Pigmentation Serum,dark spot correcting glow serum,NONE,pigmentation correcting serum,PHRASE,NEAR_PHRASE,97,0,0.0,0,0,0,"raw/32_search_term_view_90d.json (2798 rows, uncapped)"
24105712546,PNC_PASTRY_WAR_Search_Product_20260803,198582694469,Pigmentation Serum,dark spot correcting glow serum at clicks,NONE,pigmentation correcting serum,PHRASE,NEAR_PHRASE,2,0,0.0,0,0,0,"raw/32_search_term_view_90d.json (2798 rows, uncapped)"
24105712546,PNC_PASTRY_WAR_Search_Product_20260803,198582694469,Pigmentation Serum,dark spot correcting glow serum at takealot,NONE,pigmentation correcting serum,PHRASE,NEAR_PHRASE,1,0,0.0,0,0,0,"raw/32_search_term_view_90d.json (2798 rows, uncapped)"
24105712546,PNC_PASTRY_WAR_Search_Product_20260803,198582694469,Pigmentation Serum,dark spot correcting glow serum at woolworths,NONE,pigmentation correcting serum,PHRASE,NEAR_PHRASE,1,0,0.0,0,0,0,"raw/32_search_term_view_90d.json (2798 rows, uncapped)"
24105712546,PNC_PASTRY_WAR_Search_Product_20260803,198582694469,Pigmentation Serum,dark spot correcting glow serum axis y,NONE,pigmentation correcting serum,PHRASE,NEAR_PHRASE,4,0,0.0,0,0,0,"raw/32_search_term_view_90d.json (2798 rows, uncapped)"
24105712546,PNC_PASTRY_WAR_Search_Product_20260803,198582694469,Pigmentation Serum,dark spot correcting glow serum axis y how to use,NONE,pigmentation correcting serum,PHRASE,NEAR_PHRASE,1,0,0.0,0,0,0,"raw/32_search_term_view_90d.json (2798 rows, uncapped)"
24105712546,PNC_PASTRY_WAR_Search_Product_20260803,198582694469,Pigmentation Serum,dark spot correcting glow serum clicks price,NONE,pigmentation correcting serum,PHRASE,NEAR_PHRASE,3,0,0.0,0,0,0,"raw/32_search_term_view_90d.json (2798 rows, uncapped)"
24105712546,PNC_PASTRY_WAR_Search_Product_20260803,198582694469,Pigmentation Serum,dark spot correcting glow serum clicks price dischem,NONE,pigmentation correcting serum,PHRASE,NEAR_PHRASE,1,0,0.0,0,0,0,"raw/32_search_term_view_90d.json (2798 rows, uncapped)"
24105712546,PNC_PASTRY_WAR_Search_Product_20260803,198582694469,Pigmentation Serum,dark spot correcting glow serum clicks reviews,NONE,pigmentation correcting serum,PHRASE,NEAR_PHRASE,1,0,0.0,0,0,0,"raw/32_search_term_view_90d.json (2798 rows, uncapped)"
24105712546,PNC_PASTRY_WAR_Search_Product_20260803,198582694469,Pigmentation Serum,dark spot correcting glow serum clicks south africa,NONE,pigmentation correcting serum,PHRASE,NEAR_PHRASE,1,0,0.0,0,0,0,"raw/32_search_term_view_90d.json (2798 rows, uncapped)"
24105712546,PNC_PASTRY_WAR_Search_Product_20260803,198582694469,Pigmentation Serum,dark spot correcting glow serum combo,NONE,pigmentation correcting serum,PHRASE,NEAR_PHRASE,4,0,0.0,0,0,0,"raw/32_search_term_view_90d.json (2798 rows, uncapped)"
24105712546,PNC_PASTRY_WAR_Search_Product_20260803,198582694469,Pigmentation Serum,dark spot correcting glow serum dischem,NONE,pigmentation correcting serum,PHRASE,NEAR_PHRASE,13,0,0.0,0,0,0,"raw/32_search_term_view_90d.json (2798 rows, uncapped)"
24105712546,PNC_PASTRY_WAR_Search_Product_20260803,198582694469,Pigmentation Serum,dark spot correcting glow serum dischem price,NONE,pigmentation correcting serum,PHRASE,NEAR_PHRASE,2,0,0.0,0,0,0,"raw/32_search_term_view_90d.json (2798 rows, uncapped)"
24105712546,PNC_PASTRY_WAR_Search_Product_20260803,198582694469,Pigmentation Serum,dark spot correcting glow serum garnier,NONE,pigmentation correcting serum,PHRASE,NEAR_PHRASE,2,0,0.0,0,0,0,"raw/32_search_term_view_90d.json (2798 rows, uncapped)"
24105712546,PNC_PASTRY_WAR_Search_Product_20260803,198582694469,Pigmentation Serum,dark spot correcting glow serum korean axis y,NONE,pigmentation correcting serum,PHRASE,NEAR_PHRASE,2,0,0.0,0,0,0,"raw/32_search_term_view_90d.json (2798 rows, uncapped)"
24105712546,PNC_PASTRY_WAR_Search_Product_20260803,198582694469,Pigmentation Serum,dark spot correcting glow serum reviews,NONE,pigmentation correcting serum,PHRASE,NEAR_PHRASE,2,0,0.0,0,0,0,"raw/32_search_term_view_90d.json (2798 rows, uncapped)"
24105712546,PNC_PASTRY_WAR_Search_Product_20260803,198582694469,Pigmentation Serum,dark spot correcting glow serum takealot,NONE,pigmentation correcting serum,PHRASE,NEAR_PHRASE,2,0,0.0,0,0,0,"raw/32_search_term_view_90d.json (2798 rows, uncapped)"
24105712546,PNC_PASTRY_WAR_Search_Product_20260803,198582694469,Pigmentation Serum,dark spot correcting glow serum where to buy,NONE,pigmentation correcting serum,PHRASE,NEAR_PHRASE,1,0,0.0,0,0,0,"raw/32_search_term_view_90d.json (2798 rows, uncapped)"
24105712546,PNC_PASTRY_WAR_Search_Product_20260803,198582694469,Pigmentation Serum,dark spot correcting glow serum woolworths,NONE,pigmentation correcting serum,PHRASE,NEAR_PHRASE,1,0,0.0,0,0,0,"raw/32_search_term_view_90d.json (2798 rows, uncapped)"
24105712546,PNC_PASTRY_WAR_Search_Product_20260803,198582694469,Pigmentation Serum,dark spot correcting glowing serum,NONE,pigmentation correcting serum,PHRASE,NEAR_PHRASE,1,0,0.0,0,0,0,"raw/32_search_term_view_90d.json (2798 rows, uncapped)"
24105712546,PNC_PASTRY_WAR_Search_Product_20260803,198582694469,Pigmentation Serum,dark spot correcting korean skincare,NONE,pigmentation correcting serum,PHRASE,NEAR_PHRASE,1,0,0.0,0,0,0,"raw/32_search_term_view_90d.json (2798 rows, uncapped)"
24105712546,PNC_PASTRY_WAR_Search_Product_20260803,198582694469,Pigmentation Serum,dark spot correcting serum,NONE,pigmentation correcting serum,PHRASE,NEAR_PHRASE,2,0,0.0,0,0,0,"raw/32_search_term_view_90d.json (2798 rows, uncapped)"
24105712546,PNC_PASTRY_WAR_Search_Product_20260803,198582694469,Pigmentation Serum,dark spot correcting serum axis y,NONE,pigmentation correcting serum,PHRASE,NEAR_PHRASE,1,0,0.0,0,0,0,"raw/32_search_term_view_90d.json (2798 rows, uncapped)"
24105712546,PNC_PASTRY_WAR_Search_Product_20260803,198582694469,Pigmentation Serum,dark spot correcting serum clicks,NONE,pigmentation correcting serum,PHRASE,NEAR_PHRASE,2,0,0.0,0,0,0,"raw/32_search_term_view_90d.json (2798 rows, uncapped)"
24105712546,PNC_PASTRY_WAR_Search_Product_20260803,198582694469,Pigmentation Serum,dark spot glow serum at clicks price,NONE,pigmentation correcting serum,PHRASE,NEAR_PHRASE,1,0,0.0,0,0,0,"raw/32_search_term_view_90d.json (2798 rows, uncapped)"
24105712546,PNC_PASTRY_WAR_Search_Product_20260803,198582694469,Pigmentation Serum,dark spot remover ordinary,NONE,pigmentation correcting serum,PHRASE,NEAR_PHRASE,1,0,0.0,0,0,0,"raw/32_search_term_view_90d.json (2798 rows, uncapped)"
24105712546,PNC_PASTRY_WAR_Search_Product_20260803,198582694469,Pigmentation Serum,dark spot serum,NONE,pigmentation correcting serum,PHRASE,NEAR_PHRASE,1,0,0.0,0,0,0,"raw/32_search_term_view_90d.json (2798 rows, uncapped)"
24105712546,PNC_PASTRY_WAR_Search_Product_20260803,198582694469,Pigmentation Serum,dark spot serum clicks,NONE,pigmentation correcting serum,PHRASE,NEAR_PHRASE,1,0,0.0,0,0,0,"raw/32_search_term_view_90d.json (2798 rows, uncapped)"
24105712546,PNC_PASTRY_WAR_Search_Product_20260803,198582694469,Pigmentation Serum,dark spot serum himalaya,NONE,pigmentation correcting serum,PHRASE,NEAR_PHRASE,2,0,0.0,0,0,0,"raw/32_search_term_view_90d.json (2798 rows, uncapped)"
24105712546,PNC_PASTRY_WAR_Search_Product_20260803,198582694469,Pigmentation Serum,dark spots correcting glow serum,NONE,pigmentation correcting serum,PHRASE,NEAR_PHRASE,4,0,0.0,0,0,0,"raw/32_search_term_view_90d.json (2798 rows, uncapped)"
24105712546,PNC_PASTRY_WAR_Search_Product_20260803,198582694469,Pigmentation Serum,dark spots correcting glow serum at clicks,NONE,pigmentation correcting serum,PHRASE,NEAR_PHRASE,2,0,0.0,0,0,0,"raw/32_search_term_view_90d.json (2798 rows, uncapped)"
24105712546,PNC_PASTRY_WAR_Search_Product_20260803,198582694469,Pigmentation Serum,dermactin dark spot serum,NONE,pigmentation correcting serum,PHRASE,NEAR_PHRASE,4,0,0.0,0,0,0,"raw/32_search_term_view_90d.json (2798 rows, uncapped)"
24105712546,PNC_PASTRY_WAR_Search_Product_20260803,198582694469,Pigmentation Serum,dermactin serum,NONE,pigmentation correcting serum,PHRASE,NEAR_PHRASE,2,0,0.0,0,0,0,"raw/32_search_term_view_90d.json (2798 rows, uncapped)"
24105712546,PNC_PASTRY_WAR_Search_Product_20260803,198582694469,Pigmentation Serum,dermactin ts dark spot serum,NONE,pigmentation correcting serum,PHRASE,NEAR_PHRASE,1,0,0.0,0,0,0,"raw/32_search_term_view_90d.json (2798 rows, uncapped)"
24105712546,PNC_PASTRY_WAR_Search_Product_20260803,198582694469,Pigmentation Serum,dermalogica dark spot serum,NONE,pigmentation correcting serum,PHRASE,NEAR_PHRASE,3,0,0.0,0,0,0,"raw/32_search_term_view_90d.json (2798 rows, uncapped)"
24105712546,PNC_PASTRY_WAR_Search_Product_20260803,198582694469,Pigmentation Serum,dermalogica powerbright dark spot serum,NONE,pigmentation correcting serum,PHRASE,NEAR_PHRASE,2,0,0.0,0,0,0,"raw/32_search_term_view_90d.json (2798 rows, uncapped)"
24105712546,PNC_PASTRY_WAR_Search_Product_20260803,198582694469,Pigmentation Serum,dermalogica powerbright serum,NONE,pigmentation correcting serum,PHRASE,NEAR_PHRASE,1,0,0.0,0,0,0,"raw/32_search_term_view_90d.json (2798 rows, uncapped)"
24105712546,PNC_PASTRY_WAR_Search_Product_20260803,198582694469,Pigmentation Serum,dermaplex anti dark spot serum,NONE,pigmentation correcting serum,PHRASE,NEAR_PHRASE,2,0,0.0,0,0,0,"raw/32_search_term_view_90d.json (2798 rows, uncapped)"
24105712546,PNC_PASTRY_WAR_Search_Product_20260803,198582694469,Pigmentation Serum,dischem alpha arbutin,NONE,pigmentation correcting serum,PHRASE,NEAR_PHRASE,1,0,0.0,0,0,0,"raw/32_search_term_view_90d.json (2798 rows, uncapped)"
24105712546,PNC_PASTRY_WAR_Search_Product_20260803,198582694469,Pigmentation Serum,dischem dark spot correcting glow serum,NONE,pigmentation correcting serum,PHRASE,NEAR_PHRASE,1,0,0.0,0,0,0,"raw/32_search_term_view_90d.json (2798 rows, uncapped)"
24105712546,PNC_PASTRY_WAR_Search_Product_20260803,198582694469,Pigmentation Serum,discoloration defense serum,NONE,pigmentation correcting serum,PHRASE,NEAR_PHRASE,3,0,0.0,0,0,0,"raw/32_search_term_view_90d.json (2798 rows, uncapped)"
24105712546,PNC_PASTRY_WAR_Search_Product_20260803,198582694469,Pigmentation Serum,dr dermis anti hyperpigmentation serum,NONE,pigmentation correcting serum,PHRASE,NEAR_PHRASE,1,0,0.0,0,0,0,"raw/32_search_term_view_90d.json (2798 rows, uncapped)"
24105712546,PNC_PASTRY_WAR_Search_Product_20260803,198582694469,Pigmentation Serum,dr melaxin brightening serum,NONE,pigmentation correcting serum,PHRASE,NEAR_PHRASE,2,0,0.0,0,0,0,"raw/32_search_term_view_90d.json (2798 rows, uncapped)"
24105712546,PNC_PASTRY_WAR_Search_Product_20260803,198582694469,Pigmentation Serum,dr shah remedy for dark spots,NONE,pigmentation correcting serum,PHRASE,NEAR_PHRASE,2,0,0.0,0,0,0,"raw/32_search_term_view_90d.json (2798 rows, uncapped)"
24105712546,PNC_PASTRY_WAR_Search_Product_20260803,198582694469,Pigmentation Serum,ds laboratories advanced dark spot corrector,NONE,pigmentation correcting serum,PHRASE,NEAR_PHRASE,1,0,0.0,0,0,0,"raw/32_search_term_view_90d.json (2798 rows, uncapped)"
24105712546,PNC_PASTRY_WAR_Search_Product_20260803,198582694469,Pigmentation Serum,dx smooth dark spot solution,NONE,pigmentation correcting serum,PHRASE,NEAR_PHRASE,2,0,0.0,0,0,0,"raw/32_search_term_view_90d.json (2798 rows, uncapped)"
24105712546,PNC_PASTRY_WAR_Search_Product_20260803,198582694469,Pigmentation Serum,eadem serum,NONE,pigmentation correcting serum,PHRASE,NEAR_PHRASE,2,0,0.0,0,0,0,"raw/32_search_term_view_90d.json (2798 rows, uncapped)"
24105712546,PNC_PASTRY_WAR_Search_Product_20260803,198582694469,Pigmentation Serum,eelhoe dark spot corrector,NONE,pigmentation correcting serum,PHRASE,NEAR_PHRASE,4,0,0.0,0,0,0,"raw/32_search_term_view_90d.json (2798 rows, uncapped)"
24105712546,PNC_PASTRY_WAR_Search_Product_20260803,198582694469,Pigmentation Serum,equatone dark spot serum,NONE,pigmentation correcting serum,PHRASE,NEAR_PHRASE,2,0,0.0,0,0,0,"raw/32_search_term_view_90d.json (2798 rows, uncapped)"
24105712546,PNC_PASTRY_WAR_Search_Product_20260803,198582694469,Pigmentation Serum,eucerin anti pigment dual serum,NONE,pigmentation correcting serum,PHRASE,NEAR_PHRASE,13,0,0.0,0,0,0,"raw/32_search_term_view_90d.json (2798 rows, uncapped)"
24105712546,PNC_PASTRY_WAR_Search_Product_20260803,198582694469,Pigmentation Serum,eucerin anti pigment serum,NONE,pigmentation correcting serum,PHRASE,NEAR_PHRASE,1,0,0.0,0,0,0,"raw/32_search_term_view_90d.json (2798 rows, uncapped)"
24105712546,PNC_PASTRY_WAR_Search_Product_20260803,198582694469,Pigmentation Serum,eucerin anti pigment spot corrector,NONE,pigmentation correcting serum,PHRASE,NEAR_PHRASE,2,0,0.0,0,0,0,"raw/32_search_term_view_90d.json (2798 rows, uncapped)"
24105712546,PNC_PASTRY_WAR_Search_Product_20260803,198582694469,Pigmentation Serum,eucerin anti pigment spot corrector 5ml,NONE,pigmentation correcting serum,PHRASE,NEAR_PHRASE,1,0,0.0,0,0,0,"raw/32_search_term_view_90d.json (2798 rows, uncapped)"
24105712546,PNC_PASTRY_WAR_Search_Product_20260803,198582694469,Pigmentation Serum,eucerin dark spot corrector,NONE,pigmentation correcting serum,PHRASE,NEAR_PHRASE,1,0,0.0,0,0,0,"raw/32_search_term_view_90d.json (2798 rows, uncapped)"
24105712546,PNC_PASTRY_WAR_Search_Product_20260803,198582694469,Pigmentation Serum,eucerin dual pigment serum,NONE,pigmentation correcting serum,PHRASE,NEAR_PHRASE,4,0,0.0,0,0,0,"raw/32_search_term_view_90d.json (2798 rows, uncapped)"
24105712546,PNC_PASTRY_WAR_Search_Product_20260803,198582694469,Pigmentation Serum,eucerin dual serum,NONE,pigmentation correcting serum,PHRASE,NEAR_PHRASE,4,0,0.0,0,0,0,"raw/32_search_term_view_90d.json (2798 rows, uncapped)"
24105712546,PNC_PASTRY_WAR_Search_Product_20260803,198582694469,Pigmentation Serum,eucerin dual serum anti pigment,NONE,pigmentation correcting serum,PHRASE,NEAR_PHRASE,1,0,0.0,0,0,0,"raw/32_search_term_view_90d.json (2798 rows, uncapped)"
24105712546,PNC_PASTRY_WAR_Search_Product_20260803,198582694469,Pigmentation Serum,eucerin dual serum dischem,NONE,pigmentation correcting serum,PHRASE,NEAR_PHRASE,1,0,0.0,0,0,0,"raw/32_search_term_view_90d.json (2798 rows, uncapped)"
24105712546,PNC_PASTRY_WAR_Search_Product_20260803,198582694469,Pigmentation Serum,eucerin even pigment perfector,NONE,pigmentation correcting serum,PHRASE,NEAR_PHRASE,77,0,0.0,0,0,0,"raw/32_search_term_view_90d.json (2798 rows, uncapped)"
24105712546,PNC_PASTRY_WAR_Search_Product_20260803,198582694469,Pigmentation Serum,eucerin even pigment perfector dual face serum cream for dark marks 30ml,NONE,pigmentation correcting serum,PHRASE,NEAR_PHRASE,3,0,0.0,0,0,0,"raw/32_search_term_view_90d.json (2798 rows, uncapped)"
24105712546,PNC_PASTRY_WAR_Search_Product_20260803,198582694469,Pigmentation Serum,eucerin even pigment perfector dual serum clicks,NONE,pigmentation correcting serum,PHRASE,NEAR_PHRASE,1,0,0.0,0,0,0,"raw/32_search_term_view_90d.json (2798 rows, uncapped)"
24105712546,PNC_PASTRY_WAR_Search_Product_20260803,198582694469,Pigmentation Serum,eucerin even pigment perfector dual serum reviews,NONE,pigmentation correcting serum,PHRASE,NEAR_PHRASE,2,0,0.0,0,0,0,"raw/32_search_term_view_90d.json (2798 rows, uncapped)"
24105712546,PNC_PASTRY_WAR_Search_Product_20260803,198582694469,Pigmentation Serum,eucerin even pigment perfector reviews,NONE,pigmentation correcting serum,PHRASE,NEAR_PHRASE,1,0,0.0,0,0,0,"raw/32_search_term_view_90d.json (2798 rows, uncapped)"
24105712546,PNC_PASTRY_WAR_Search_Product_20260803,198582694469,Pigmentation Serum,eucerin even pigment perfector sensitive areas,NONE,pigmentation correcting serum,PHRASE,NEAR_PHRASE,1,0,0.0,0,0,0,"raw/32_search_term_view_90d.json (2798 rows, uncapped)"
24105712546,PNC_PASTRY_WAR_Search_Product_20260803,198582694469,Pigmentation Serum,eucerin even pigment perfector serum,NONE,pigmentation correcting serum,PHRASE,NEAR_PHRASE,1,0,0.0,0,0,0,"raw/32_search_term_view_90d.json (2798 rows, uncapped)"
24105712546,PNC_PASTRY_WAR_Search_Product_20260803,198582694469,Pigmentation Serum,eucerin even pigment serum,NONE,pigmentation correcting serum,PHRASE,NEAR_PHRASE,1,0,0.0,0,0,0,"raw/32_search_term_view_90d.json (2798 rows, uncapped)"
24105712546,PNC_PASTRY_WAR_Search_Product_20260803,198582694469,Pigmentation Serum,eucerin illuminating serum,NONE,pigmentation correcting serum,PHRASE,NEAR_PHRASE,1,0,0.0,0,0,0,"raw/32_search_term_view_90d.json (2798 rows, uncapped)"
24105712546,PNC_PASTRY_WAR_Search_Product_20260803,198582694469,Pigmentation Serum,eucerin pig,NONE,pigmentation correcting serum,PHRASE,NEAR_PHRASE,1,0,0.0,0,0,0,"raw/32_search_term_view_90d.json (2798 rows, uncapped)"
24105712546,PNC_PASTRY_WAR_Search_Product_20260803,198582694469,Pigmentation Serum,eucerin pigment dual serum,NONE,pigmentation correcting serum,PHRASE,NEAR_PHRASE,1,0,0.0,0,0,0,"raw/32_search_term_view_90d.json (2798 rows, uncapped)"
24105712546,PNC_PASTRY_WAR_Search_Product_20260803,198582694469,Pigmentation Serum,eucerin pigment perfector,NONE,pigmentation correcting serum,PHRASE,NEAR_PHRASE,9,0,0.0,0,0,0,"raw/32_search_term_view_90d.json (2798 rows, uncapped)"
24105712546,PNC_PASTRY_WAR_Search_Product_20260803,198582694469,Pigmentation Serum,eucerin radiant tone,NONE,pigmentation correcting serum,PHRASE,NEAR_PHRASE,1,0,0.0,0,0,0,"raw/32_search_term_view_90d.json (2798 rows, uncapped)"
24105712546,PNC_PASTRY_WAR_Search_Product_20260803,198582694469,Pigmentation Serum,eucerin serum pigment control,NONE,pigmentation correcting serum,PHRASE,NEAR_PHRASE,1,0,0.0,0,0,0,"raw/32_search_term_view_90d.json (2798 rows, uncapped)"
24105712546,PNC_PASTRY_WAR_Search_Product_20260803,198582694469,Pigmentation Serum,eucerin spot corrector,NONE,pigmentation correcting serum,PHRASE,NEAR_PHRASE,1,0,0.0,0,0,0,"raw/32_search_term_view_90d.json (2798 rows, uncapped)"
24105712546,PNC_PASTRY_WAR_Search_Product_20260803,198582694469,Pigmentation Serum,eucerin thiamidol serum,NONE,pigmentation correcting serum,PHRASE,NEAR_PHRASE,1,0,0.0,0,0,0,"raw/32_search_term_view_90d.json (2798 rows, uncapped)"
24105712546,PNC_PASTRY_WAR_Search_Product_20260803,198582694469,Pigmentation Serum,eucerin with thiamidol,NONE,pigmentation correcting serum,PHRASE,NEAR_PHRASE,1,0,0.0,0,0,0,"raw/32_search_term_view_90d.json (2798 rows, uncapped)"
24105712546,PNC_PASTRY_WAR_Search_Product_20260803,198582694469,Pigmentation Serum,even better serum,NONE,pigmentation correcting serum,PHRASE,NEAR_PHRASE,2,0,0.0,0,0,0,"raw/32_search_term_view_90d.json (2798 rows, uncapped)"
24105712546,PNC_PASTRY_WAR_Search_Product_20260803,198582694469,Pigmentation Serum,even perfector eucerin,NONE,pigmentation correcting serum,PHRASE,NEAR_PHRASE,1,0,0.0,0,0,0,"raw/32_search_term_view_90d.json (2798 rows, uncapped)"
24105712546,PNC_PASTRY_WAR_Search_Product_20260803,198582694469,Pigmentation Serum,even pigment corrector eucerin,NONE,pigmentation correcting serum,PHRASE,NEAR_PHRASE,1,0,0.0,0,0,0,"raw/32_search_term_view_90d.json (2798 rows, uncapped)"
24105712546,PNC_PASTRY_WAR_Search_Product_20260803,198582694469,Pigmentation Serum,even pigment perfector,NONE,pigmentation correcting serum,PHRASE,NEAR_PHRASE,2,0,0.0,0,0,0,"raw/32_search_term_view_90d.json (2798 rows, uncapped)"
24105712546,PNC_PASTRY_WAR_Search_Product_20260803,198582694469,Pigmentation Serum,even pigment perfector dual serum,NONE,pigmentation correcting serum,PHRASE,NEAR_PHRASE,1,0,0.0,0,0,0,"raw/32_search_term_view_90d.json (2798 rows, uncapped)"
24105712546,PNC_PASTRY_WAR_Search_Product_20260803,198582694469,Pigmentation Serum,even pigment perfector eucerin,NONE,pigmentation correcting serum,PHRASE,NEAR_PHRASE,6,0,0.0,0,0,0,"raw/32_search_term_view_90d.json (2798 rows, uncapped)"
24105712546,PNC_PASTRY_WAR_Search_Product_20260803,198582694469,Pigmentation Serum,even skin tone serum,NONE,pigmentation correcting serum,PHRASE,NEAR_PHRASE,2,0,0.0,0,0,0,"raw/32_search_term_view_90d.json (2798 rows, uncapped)"
24105712546,PNC_PASTRY_WAR_Search_Product_20260803,198582694469,Pigmentation Serum,even tone serum,NONE,pigmentation correcting serum,PHRASE,NEAR_PHRASE,2,0,0.0,0,0,0,"raw/32_search_term_view_90d.json (2798 rows, uncapped)"
24105712546,PNC_PASTRY_WAR_Search_Product_20260803,198582694469,Pigmentation Serum,face serum for dark spots,NONE,pigmentation correcting serum,PHRASE,NEAR_PHRASE,1,0,0.0,0,0,0,"raw/32_search_term_view_90d.json (2798 rows, uncapped)"
24105712546,PNC_PASTRY_WAR_Search_Product_20260803,198582694469,Pigmentation Serum,faded brightening and clearing serum,NONE,pigmentation correcting serum,PHRASE,NEAR_PHRASE,1,0,0.0,0,0,0,"raw/32_search_term_view_90d.json (2798 rows, uncapped)"
24105712546,PNC_PASTRY_WAR_Search_Product_20260803,198582694469,Pigmentation Serum,faded cream,NONE,pigmentation correcting serum,PHRASE,NEAR_PHRASE,3,0,0.0,0,0,0,"raw/32_search_term_view_90d.json (2798 rows, uncapped)"
24105712546,PNC_PASTRY_WAR_Search_Product_20260803,198582694469,Pigmentation Serum,faded serum,NONE,pigmentation correcting serum,PHRASE,NEAR_PHRASE,2,0,0.0,0,0,0,"raw/32_search_term_view_90d.json (2798 rows, uncapped)"
24105712546,PNC_PASTRY_WAR_Search_Product_20260803,198582694469,Pigmentation Serum,faded topicals,NONE,pigmentation correcting serum,PHRASE,NEAR_PHRASE,11,0,0.0,0,0,0,"raw/32_search_term_view_90d.json (2798 rows, uncapped)"
24105712546,PNC_PASTRY_WAR_Search_Product_20260803,198582694469,Pigmentation Serum,faded topicals brightening and clearing serum,NONE,pigmentation correcting serum,PHRASE,NEAR_PHRASE,1,0,0.0,0,0,0,"raw/32_search_term_view_90d.json (2798 rows, uncapped)"
24105712546,PNC_PASTRY_WAR_Search_Product_20260803,198582694469,Pigmentation Serum,faded topicals unscented,NONE,pigmentation correcting serum,PHRASE,NEAR_PHRASE,1,0,0.0,0,0,0,"raw/32_search_term_view_90d.json (2798 rows, uncapped)"
24105712546,PNC_PASTRY_WAR_Search_Product_20260803,198582694469,Pigmentation Serum,fundamental alpha arbutin,NONE,pigmentation correcting serum,PHRASE,NEAR_PHRASE,1,0,0.0,0,0,0,"raw/32_search_term_view_90d.json (2798 rows, uncapped)"
24105712546,PNC_PASTRY_WAR_Search_Product_20260803,198582694469,Pigmentation Serum,fundamentals alpha arbutin,NONE,pigmentation correcting serum,PHRASE,NEAR_PHRASE,1,0,0.0,0,0,0,"raw/32_search_term_view_90d.json (2798 rows, uncapped)"
24105712546,PNC_PASTRY_WAR_Search_Product_20260803,198582694469,Pigmentation Serum,fundamentals alpha arbutin serum,NONE,pigmentation correcting serum,PHRASE,NEAR_PHRASE,1,0,0.0,0,0,0,"raw/32_search_term_view_90d.json (2798 rows, uncapped)"
24105712546,PNC_PASTRY_WAR_Search_Product_20260803,198582694469,Pigmentation Serum,garnier dark spot corrector clicks,NONE,pigmentation correcting serum,PHRASE,NEAR_PHRASE,3,0,0.0,0,0,0,"raw/32_search_term_view_90d.json (2798 rows, uncapped)"
24105712546,PNC_PASTRY_WAR_Search_Product_20260803,198582694469,Pigmentation Serum,garnier dark spot corrector price at clicks,NONE,pigmentation correcting serum,PHRASE,NEAR_PHRASE,1,0,0.0,0,0,0,"raw/32_search_term_view_90d.json (2798 rows, uncapped)"
24105712546,PNC_PASTRY_WAR_Search_Product_20260803,198582694469,Pigmentation Serum,garnier dark spots corrector,NONE,pigmentation correcting serum,PHRASE,NEAR_PHRASE,1,0,0.0,0,0,0,"raw/32_search_term_view_90d.json (2798 rows, uncapped)"
24105712546,PNC_PASTRY_WAR_Search_Product_20260803,198582694469,Pigmentation Serum,garnier dark spots remover,NONE,pigmentation correcting serum,PHRASE,NEAR_PHRASE,1,0,0.0,0,0,0,"raw/32_search_term_view_90d.json (2798 rows, uncapped)"
24105712546,PNC_PASTRY_WAR_Search_Product_20260803,198582694469,Pigmentation Serum,garnier vitamin c serum,NONE,pigmentation correcting serum,PHRASE,NEAR_PHRASE,1,0,0.0,0,0,0,"raw/32_search_term_view_90d.json (2798 rows, uncapped)"
24105712546,PNC_PASTRY_WAR_Search_Product_20260803,198582694469,Pigmentation Serum,garnier vitamin c serum black,NONE,pigmentation correcting serum,PHRASE,NEAR_PHRASE,1,0,0.0,0,0,0,"raw/32_search_term_view_90d.json (2798 rows, uncapped)"
24105712546,PNC_PASTRY_WAR_Search_Product_20260803,198582694469,Pigmentation Serum,gentle magic serum for dark spots,NONE,pigmentation correcting serum,PHRASE,NEAR_PHRASE,1,0,0.0,0,0,0,"raw/32_search_term_view_90d.json (2798 rows, uncapped)"
24105712546,PNC_PASTRY_WAR_Search_Product_20260803,198582694469,Pigmentation Serum,glutathione comprime serum,NONE,pigmentation correcting serum,PHRASE,NEAR_PHRASE,1,0,0.0,0,0,0,"raw/32_search_term_view_90d.json (2798 rows, uncapped)"
24105712546,PNC_PASTRY_WAR_Search_Product_20260803,198582694469,Pigmentation Serum,glutathione serum,NONE,pigmentation correcting serum,PHRASE,NEAR_PHRASE,1,0,0.0,0,0,0,"raw/32_search_term_view_90d.json (2798 rows, uncapped)"
24105712546,PNC_PASTRY_WAR_Search_Product_20260803,198582694469,Pigmentation Serum,good molecules discoloration correcting serum,NONE,pigmentation correcting serum,PHRASE,NEAR_PHRASE,1,0,0.0,0,0,0,"raw/32_search_term_view_90d.json (2798 rows, uncapped)"
24105712546,PNC_PASTRY_WAR_Search_Product_20260803,198582694469,Pigmentation Serum,good molecules serum,NONE,pigmentation correcting serum,PHRASE,NEAR_PHRASE,1,0,0.0,0,0,0,"raw/32_search_term_view_90d.json (2798 rows, uncapped)"
24105712546,PNC_PASTRY_WAR_Search_Product_20260803,198582694469,Pigmentation Serum,good serum for dark spots,NONE,pigmentation correcting serum,PHRASE,NEAR_PHRASE,1,0,0.0,0,0,0,"raw/32_search_term_view_90d.json (2798 rows, uncapped)"
24105712546,PNC_PASTRY_WAR_Search_Product_20260803,198582694469,Pigmentation Serum,goodal vitamin c serum,NONE,pigmentation correcting serum,PHRASE,NEAR_PHRASE,2,0,0.0,0,0,0,"raw/32_search_term_view_90d.json (2798 rows, uncapped)"
24105712546,PNC_PASTRY_WAR_Search_Product_20260803,198582694469,Pigmentation Serum,himalaya dark spot clearing serum,NONE,pigmentation correcting serum,PHRASE,NEAR_PHRASE,2,0,0.0,0,0,0,"raw/32_search_term_view_90d.json (2798 rows, uncapped)"
24105712546,PNC_PASTRY_WAR_Search_Product_20260803,198582694469,Pigmentation Serum,himalaya dark spot clearing turmeric face serum,NONE,pigmentation correcting serum,PHRASE,NEAR_PHRASE,2,0,0.0,0,0,0,"raw/32_search_term_view_90d.json (2798 rows, uncapped)"
24105712546,PNC_PASTRY_WAR_Search_Product_20260803,198582694469,Pigmentation Serum,himalaya dark spot serum,NONE,pigmentation correcting serum,PHRASE,NEAR_PHRASE,1,0,0.0,0,0,0,"raw/32_search_term_view_90d.json (2798 rows, uncapped)"
24105712546,PNC_PASTRY_WAR_Search_Product_20260803,198582694469,Pigmentation Serum,himalaya dark spot serum clicks,NONE,pigmentation correcting serum,PHRASE,NEAR_PHRASE,1,0,0.0,0,0,0,"raw/32_search_term_view_90d.json (2798 rows, uncapped)"
24105712546,PNC_PASTRY_WAR_Search_Product_20260803,198582694469,Pigmentation Serum,himalaya serum,NONE,pigmentation correcting serum,PHRASE,NEAR_PHRASE,4,0,0.0,0,0,0,"raw/32_search_term_view_90d.json (2798 rows, uncapped)"
24105712546,PNC_PASTRY_WAR_Search_Product_20260803,198582694469,Pigmentation Serum,how much is dark spot correcting glow serum,NONE,pigmentation correcting serum,PHRASE,NEAR_PHRASE,1,0,0.0,0,0,0,"raw/32_search_term_view_90d.json (2798 rows, uncapped)"
24105712546,PNC_PASTRY_WAR_Search_Product_20260803,198582694469,Pigmentation Serum,how to apply eucerin even pigment perfector,NONE,pigmentation correcting serum,PHRASE,NEAR_PHRASE,1,0,0.0,0,0,0,"raw/32_search_term_view_90d.json (2798 rows, uncapped)"
24105712546,PNC_PASTRY_WAR_Search_Product_20260803,198582694469,Pigmentation Serum,how to use dark spot correcting glow serum at night,NONE,pigmentation correcting serum,PHRASE,NEAR_PHRASE,2,0,0.0,0,0,0,"raw/32_search_term_view_90d.json (2798 rows, uncapped)"
24105712546,PNC_PASTRY_WAR_Search_Product_20260803,198582694469,Pigmentation Serum,how to use dark spot corrector,NONE,pigmentation correcting serum,PHRASE,NEAR_PHRASE,1,0,0.0,0,0,0,"raw/32_search_term_view_90d.json (2798 rows, uncapped)"
24105712546,PNC_PASTRY_WAR_Search_Product_20260803,198582694469,Pigmentation Serum,hoygi niacinamide serum,NONE,pigmentation correcting serum,PHRASE,NEAR_PHRASE,2,0,0.0,0,0,0,"raw/32_search_term_view_90d.json (2798 rows, uncapped)"
24105712546,PNC_PASTRY_WAR_Search_Product_20260803,198582694469,Pigmentation Serum,hue superfade,NONE,pigmentation correcting serum,PHRASE,NEAR_PHRASE,1,0,0.0,0,0,0,"raw/32_search_term_view_90d.json (2798 rows, uncapped)"
24105712546,PNC_PASTRY_WAR_Search_Product_20260803,198582694469,Pigmentation Serum,hue supra fade,NONE,pigmentation correcting serum,PHRASE,NEAR_PHRASE,2,0,0.0,0,0,0,"raw/32_search_term_view_90d.json (2798 rows, uncapped)"
24105712546,PNC_PASTRY_WAR_Search_Product_20260803,198582694469,Pigmentation Serum,hue supra fade price,NONE,pigmentation correcting serum,PHRASE,NEAR_PHRASE,2,0,0.0,0,0,0,"raw/32_search_term_view_90d.json (2798 rows, uncapped)"
24105712546,PNC_PASTRY_WAR_Search_Product_20260803,198582694469,Pigmentation Serum,hydroquinone serum,NONE,pigmentation correcting serum,PHRASE,NEAR_PHRASE,3,0,0.0,0,0,0,"raw/32_search_term_view_90d.json (2798 rows, uncapped)"
24105712546,PNC_PASTRY_WAR_Search_Product_20260803,198582694469,Pigmentation Serum,hyperpigmentation serum,NONE,pigmentation correcting serum,PHRASE,NEAR_PHRASE,3,0,0.0,0,0,0,"raw/32_search_term_view_90d.json (2798 rows, uncapped)"
24105712546,PNC_PASTRY_WAR_Search_Product_20260803,198582694469,Pigmentation Serum,hyperpigmentation serums,NONE,pigmentation correcting serum,PHRASE,NEAR_PHRASE,1,0,0.0,0,0,0,"raw/32_search_term_view_90d.json (2798 rows, uncapped)"
24105712546,PNC_PASTRY_WAR_Search_Product_20260803,198582694469,Pigmentation Serum,hypoderm spot remover,NONE,pigmentation correcting serum,PHRASE,NEAR_PHRASE,1,0,0.0,0,0,0,"raw/32_search_term_view_90d.json (2798 rows, uncapped)"
24105712546,PNC_PASTRY_WAR_Search_Product_20260803,198582694469,Pigmentation Serum,isdin melaclear,NONE,pigmentation correcting serum,PHRASE,NEAR_PHRASE,1,0,0.0,0,0,0,"raw/32_search_term_view_90d.json (2798 rows, uncapped)"
24105712546,PNC_PASTRY_WAR_Search_Product_20260803,198582694469,Pigmentation Serum,isdin melaclear advanced,NONE,pigmentation correcting serum,PHRASE,NEAR_PHRASE,5,0,0.0,0,0,0,"raw/32_search_term_view_90d.json (2798 rows, uncapped)"
24105712546,PNC_PASTRY_WAR_Search_Product_20260803,198582694469,Pigmentation Serum,isispharma neotone,NONE,pigmentation correcting serum,PHRASE,NEAR_PHRASE,1,0,0.0,0,0,0,"raw/32_search_term_view_90d.json (2798 rows, uncapped)"
24105712546,PNC_PASTRY_WAR_Search_Product_20260803,198582694469,Pigmentation Serum,isispharma unitone 4 white,NONE,pigmentation correcting serum,PHRASE,NEAR_PHRASE,1,0,0.0,0,0,0,"raw/32_search_term_view_90d.json (2798 rows, uncapped)"
24105712546,PNC_PASTRY_WAR_Search_Product_20260803,198582694469,Pigmentation Serum,isispharma unitone 4 white advanced hyperpigmentation,NONE,pigmentation correcting serum,PHRASE,NEAR_PHRASE,1,0,0.0,0,0,0,"raw/32_search_term_view_90d.json (2798 rows, uncapped)"
24105712546,PNC_PASTRY_WAR_Search_Product_20260803,198582694469,Pigmentation Serum,jula's herb longan melasma pro serum,NONE,pigmentation correcting serum,PHRASE,NEAR_PHRASE,1,0,0.0,0,0,0,"raw/32_search_term_view_90d.json (2798 rows, uncapped)"
24105712546,PNC_PASTRY_WAR_Search_Product_20260803,198582694469,Pigmentation Serum,jumiso dark spot correcting serum,NONE,pigmentation correcting serum,PHRASE,NEAR_PHRASE,1,0,0.0,0,0,0,"raw/32_search_term_view_90d.json (2798 rows, uncapped)"
24105712546,PNC_PASTRY_WAR_Search_Product_20260803,198582694469,Pigmentation Serum,kiehl dark spot solution,NONE,pigmentation correcting serum,PHRASE,NEAR_PHRASE,2,0,0.0,0,0,0,"raw/32_search_term_view_90d.json (2798 rows, uncapped)"
24105712546,PNC_PASTRY_WAR_Search_Product_20260803,198582694469,Pigmentation Serum,kiehls dark spot correcting serum,NONE,pigmentation correcting serum,PHRASE,NEAR_PHRASE,1,0,0.0,0,0,0,"raw/32_search_term_view_90d.json (2798 rows, uncapped)"
24105712546,PNC_PASTRY_WAR_Search_Product_20260803,198582694469,Pigmentation Serum,kiehls spot serum,NONE,pigmentation correcting serum,PHRASE,NEAR_PHRASE,1,0,0.0,0,0,0,"raw/32_search_term_view_90d.json (2798 rows, uncapped)"
24105712546,PNC_PASTRY_WAR_Search_Product_20260803,198582694469,Pigmentation Serum,koec brightening dark spot serum,NONE,pigmentation correcting serum,PHRASE,NEAR_PHRASE,1,0,0.0,0,0,0,"raw/32_search_term_view_90d.json (2798 rows, uncapped)"
24105712546,PNC_PASTRY_WAR_Search_Product_20260803,198582694469,Pigmentation Serum,koec for dark spots,NONE,pigmentation correcting serum,PHRASE,NEAR_PHRASE,2,0,0.0,0,0,0,"raw/32_search_term_view_90d.json (2798 rows, uncapped)"
24105712546,PNC_PASTRY_WAR_Search_Product_20260803,198582694469,Pigmentation Serum,koji white dark spot serum,NONE,pigmentation correcting serum,PHRASE,NEAR_PHRASE,1,0,0.0,0,0,0,"raw/32_search_term_view_90d.json (2798 rows, uncapped)"
24105712546,PNC_PASTRY_WAR_Search_Product_20260803,198582694469,Pigmentation Serum,kojic acid serum,NONE,pigmentation correcting serum,PHRASE,NEAR_PHRASE,17,0,0.0,0,0,0,"raw/32_search_term_view_90d.json (2798 rows, uncapped)"
24105712546,PNC_PASTRY_WAR_Search_Product_20260803,198582694469,Pigmentation Serum,kojic acid serum dischem,NONE,pigmentation correcting serum,PHRASE,NEAR_PHRASE,1,0,0.0,0,0,0,"raw/32_search_term_view_90d.json (2798 rows, uncapped)"
24105712546,PNC_PASTRY_WAR_Search_Product_20260803,198582694469,Pigmentation Serum,kojic acid serum minimalist,NONE,pigmentation correcting serum,PHRASE,NEAR_PHRASE,1,0,0.0,0,0,0,"raw/32_search_term_view_90d.json (2798 rows, uncapped)"
24105712546,PNC_PASTRY_WAR_Search_Product_20260803,198582694469,Pigmentation Serum,kojic acid the ordinary,NONE,pigmentation correcting serum,PHRASE,NEAR_PHRASE,1,0,0.0,0,0,0,"raw/32_search_term_view_90d.json (2798 rows, uncapped)"
24105712546,PNC_PASTRY_WAR_Search_Product_20260803,198582694469,Pigmentation Serum,kojic acid turmeric niacinamide serum,NONE,pigmentation correcting serum,PHRASE,NEAR_PHRASE,1,0,0.0,0,0,0,"raw/32_search_term_view_90d.json (2798 rows, uncapped)"
24105712546,PNC_PASTRY_WAR_Search_Product_20260803,198582694469,Pigmentation Serum,kojiglo depigmenting serum,NONE,pigmentation correcting serum,PHRASE,NEAR_PHRASE,1,0,0.0,0,0,0,"raw/32_search_term_view_90d.json (2798 rows, uncapped)"
24105712546,PNC_PASTRY_WAR_Search_Product_20260803,198582694469,Pigmentation Serum,korean dark spot corrector,NONE,pigmentation correcting serum,PHRASE,NEAR_PHRASE,2,0,0.0,0,0,0,"raw/32_search_term_view_90d.json (2798 rows, uncapped)"
24105712546,PNC_PASTRY_WAR_Search_Product_20260803,198582694469,Pigmentation Serum,korean dark spot serum,NONE,pigmentation correcting serum,PHRASE,NEAR_PHRASE,2,0,0.0,0,0,0,"raw/32_search_term_view_90d.json (2798 rows, uncapped)"
24105712546,PNC_PASTRY_WAR_Search_Product_20260803,198582694469,Pigmentation Serum,korean serum for dark spots,NONE,pigmentation correcting serum,PHRASE,NEAR_PHRASE,1,0,0.0,0,0,0,"raw/32_search_term_view_90d.json (2798 rows, uncapped)"
24105712546,PNC_PASTRY_WAR_Search_Product_20260803,198582694469,Pigmentation Serum,l oreal age spot rapid corrector,NONE,pigmentation correcting serum,PHRASE,NEAR_PHRASE,1,0,0.0,0,0,0,"raw/32_search_term_view_90d.json (2798 rows, uncapped)"
24105712546,PNC_PASTRY_WAR_Search_Product_20260803,198582694469,Pigmentation Serum,l oréal bright reveal niacinamide serum,NONE,pigmentation correcting serum,PHRASE,NEAR_PHRASE,1,0,0.0,0,0,0,"raw/32_search_term_view_90d.json (2798 rows, uncapped)"
24105712546,PNC_PASTRY_WAR_Search_Product_20260803,198582694469,Pigmentation Serum,l oréal serum for dark spots,NONE,pigmentation correcting serum,PHRASE,NEAR_PHRASE,1,0,0.0,0,0,0,"raw/32_search_term_view_90d.json (2798 rows, uncapped)"
24105712546,PNC_PASTRY_WAR_Search_Product_20260803,198582694469,Pigmentation Serum,la roche anti dark spot,NONE,pigmentation correcting serum,PHRASE,NEAR_PHRASE,1,0,0.0,0,0,0,"raw/32_search_term_view_90d.json (2798 rows, uncapped)"
24105712546,PNC_PASTRY_WAR_Search_Product_20260803,198582694469,Pigmentation Serum,la roche mela b3,NONE,pigmentation correcting serum,PHRASE,NEAR_PHRASE,3,0,0.0,0,0,0,"raw/32_search_term_view_90d.json (2798 rows, uncapped)"
24105712546,PNC_PASTRY_WAR_Search_Product_20260803,198582694469,Pigmentation Serum,la roche mela b3 double dose,NONE,pigmentation correcting serum,PHRASE,NEAR_PHRASE,1,0,0.0,0,0,0,"raw/32_search_term_view_90d.json (2798 rows, uncapped)"
24105712546,PNC_PASTRY_WAR_Search_Product_20260803,198582694469,Pigmentation Serum,la roche mela b3 serum,NONE,pigmentation correcting serum,PHRASE,NEAR_PHRASE,2,0,0.0,0,0,0,"raw/32_search_term_view_90d.json (2798 rows, uncapped)"
24105712546,PNC_PASTRY_WAR_Search_Product_20260803,198582694469,Pigmentation Serum,la roche melasyl,NONE,pigmentation correcting serum,PHRASE,NEAR_PHRASE,1,0,0.0,0,0,0,"raw/32_search_term_view_90d.json (2798 rows, uncapped)"
24105712546,PNC_PASTRY_WAR_Search_Product_20260803,198582694469,Pigmentation Serum,la roche pigmentation serum,NONE,pigmentation correcting serum,PHRASE,NEAR_PHRASE,1,0,0.0,0,0,0,"raw/32_search_term_view_90d.json (2798 rows, uncapped)"
24105712546,PNC_PASTRY_WAR_Search_Product_20260803,198582694469,Pigmentation Serum,la roche posay anti dark spot,NONE,pigmentation correcting serum,PHRASE,NEAR_PHRASE,3,0,0.0,0,0,0,"raw/32_search_term_view_90d.json (2798 rows, uncapped)"
24105712546,PNC_PASTRY_WAR_Search_Product_20260803,198582694469,Pigmentation Serum,la roche posay anti pigmentation,NONE,pigmentation correcting serum,PHRASE,NEAR_PHRASE,1,0,0.0,0,0,0,"raw/32_search_term_view_90d.json (2798 rows, uncapped)"
24105712546,PNC_PASTRY_WAR_Search_Product_20260803,198582694469,Pigmentation Serum,la roche posay dark spot,NONE,pigmentation correcting serum,PHRASE,NEAR_PHRASE,6,0,0.0,0,0,0,"raw/32_search_term_view_90d.json (2798 rows, uncapped)"
24105712546,PNC_PASTRY_WAR_Search_Product_20260803,198582694469,Pigmentation Serum,la roche posay dark spot remover serum,NONE,pigmentation correcting serum,PHRASE,NEAR_PHRASE,1,0,0.0,0,0,0,"raw/32_search_term_view_90d.json (2798 rows, uncapped)"
24105712546,PNC_PASTRY_WAR_Search_Product_20260803,198582694469,Pigmentation Serum,la roche posay dark spot serum,NONE,pigmentation correcting serum,PHRASE,NEAR_PHRASE,3,0,0.0,0,0,0,"raw/32_search_term_view_90d.json (2798 rows, uncapped)"
24105712546,PNC_PASTRY_WAR_Search_Product_20260803,198582694469,Pigmentation Serum,la roche posay dark spots,NONE,pigmentation correcting serum,PHRASE,NEAR_PHRASE,6,0,0.0,0,0,0,"raw/32_search_term_view_90d.json (2798 rows, uncapped)"
24105712546,PNC_PASTRY_WAR_Search_Product_20260803,198582694469,Pigmentation Serum,la roche posay for dark spots and hyperpigmentation,NONE,pigmentation correcting serum,PHRASE,NEAR_PHRASE,4,0,0.0,0,0,0,"raw/32_search_term_view_90d.json (2798 rows, uncapped)"
24105712546,PNC_PASTRY_WAR_Search_Product_20260803,198582694469,Pigmentation Serum,la roche posay for hyperpigmentation,NONE,pigmentation correcting serum,PHRASE,NEAR_PHRASE,3,0,0.0,0,0,0,"raw/32_search_term_view_90d.json (2798 rows, uncapped)"
24105712546,PNC_PASTRY_WAR_Search_Product_20260803,198582694469,Pigmentation Serum,la roche posay for pigmentation,NONE,pigmentation correcting serum,PHRASE,NEAR_PHRASE,4,0,0.0,0,0,0,"raw/32_search_term_view_90d.json (2798 rows, uncapped)"
24105712546,PNC_PASTRY_WAR_Search_Product_20260803,198582694469,Pigmentation Serum,la roche posay for pigmentation and dark spots,NONE,pigmentation correcting serum,PHRASE,NEAR_PHRASE,2,0,0.0,0,0,0,"raw/32_search_term_view_90d.json (2798 rows, uncapped)"
24105712546,PNC_PASTRY_WAR_Search_Product_20260803,198582694469,Pigmentation Serum,la roche posay hyperpigmentation,NONE,pigmentation correcting serum,PHRASE,NEAR_PHRASE,7,0,0.0,0,0,0,"raw/32_search_term_view_90d.json (2798 rows, uncapped)"
24105712546,PNC_PASTRY_WAR_Search_Product_20260803,198582694469,Pigmentation Serum,la roche posay hyperpigmentation serum,NONE,pigmentation correcting serum,PHRASE,NEAR_PHRASE,2,0,0.0,0,0,0,"raw/32_search_term_view_90d.json (2798 rows, uncapped)"
24105712546,PNC_PASTRY_WAR_Search_Product_20260803,198582694469,Pigmentation Serum,la roche posay mela,NONE,pigmentation correcting serum,PHRASE,NEAR_PHRASE,2,0,0.0,0,0,0,"raw/32_search_term_view_90d.json (2798 rows, uncapped)"
24105712546,PNC_PASTRY_WAR_Search_Product_20260803,198582694469,Pigmentation Serum,la roche posay mela b 3,NONE,pigmentation correcting serum,PHRASE,NEAR_PHRASE,1,0,0.0,0,0,0,"raw/32_search_term_view_90d.json (2798 rows, uncapped)"
24105712546,PNC_PASTRY_WAR_Search_Product_20260803,198582694469,Pigmentation Serum,la roche posay mela b double dose,NONE,pigmentation correcting serum,PHRASE,NEAR_PHRASE,1,0,0.0,0,0,0,"raw/32_search_term_view_90d.json (2798 rows, uncapped)"
24105712546,PNC_PASTRY_WAR_Search_Product_20260803,198582694469,Pigmentation Serum,la roche posay mela b3,NONE,pigmentation correcting serum,PHRASE,NEAR_PHRASE,6,0,0.0,0,0,0,"raw/32_search_term_view_90d.json (2798 rows, uncapped)"
24105712546,PNC_PASTRY_WAR_Search_Product_20260803,198582694469,Pigmentation Serum,la roche posay mela b3 anti dark spot serum with melasyl niacinimide 30ml,NONE,pigmentation correcting serum,PHRASE,NEAR_PHRASE,1,0,0.0,0,0,0,"raw/32_search_term_view_90d.json (2798 rows, uncapped)"
24105712546,PNC_PASTRY_WAR_Search_Product_20260803,198582694469,Pigmentation Serum,la roche posay mela b3 dark spot serum,NONE,pigmentation correcting serum,PHRASE,NEAR_PHRASE,2,0,0.0,0,0,0,"raw/32_search_term_view_90d.json (2798 rows, uncapped)"
24105712546,PNC_PASTRY_WAR_Search_Product_20260803,198582694469,Pigmentation Serum,la roche posay mela b3 double dose,NONE,pigmentation correcting serum,PHRASE,NEAR_PHRASE,3,0,0.0,0,0,0,"raw/32_search_term_view_90d.json (2798 rows, uncapped)"
24105712546,PNC_PASTRY_WAR_Search_Product_20260803,198582694469,Pigmentation Serum,la roche posay mela b3 s,NONE,pigmentation correcting serum,PHRASE,NEAR_PHRASE,2,0,0.0,0,0,0,"raw/32_search_term_view_90d.json (2798 rows, uncapped)"
24105712546,PNC_PASTRY_WAR_Search_Product_20260803,198582694469,Pigmentation Serum,la roche posay mela b3 serum,NONE,pigmentation correcting serum,PHRASE,NEAR_PHRASE,49,0,0.0,0,0,0,"raw/32_search_term_view_90d.json (2798 rows, uncapped)"
24105712546,PNC_PASTRY_WAR_Search_Product_20260803,198582694469,Pigmentation Serum,la roche posay mela b3 serum anti dark spots,NONE,pigmentation correcting serum,PHRASE,NEAR_PHRASE,1,0,0.0,0,0,0,"raw/32_search_term_view_90d.json (2798 rows, uncapped)"
24105712546,PNC_PASTRY_WAR_Search_Product_20260803,198582694469,Pigmentation Serum,la roche posay mela b3 serum dischem,NONE,pigmentation correcting serum,PHRASE,NEAR_PHRASE,2,0,0.0,0,0,0,"raw/32_search_term_view_90d.json (2798 rows, uncapped)"
24105712546,PNC_PASTRY_WAR_Search_Product_20260803,198582694469,Pigmentation Serum,la roche posay melab3 serum,NONE,pigmentation correcting serum,PHRASE,NEAR_PHRASE,2,0,0.0,0,0,0,"raw/32_search_term_view_90d.json (2798 rows, uncapped)"
24105712546,PNC_PASTRY_WAR_Search_Product_20260803,198582694469,Pigmentation Serum,la roche posay pigmentation,NONE,pigmentation correcting serum,PHRASE,NEAR_PHRASE,3,0,0.0,0,0,0,"raw/32_search_term_view_90d.json (2798 rows, uncapped)"
24105712546,PNC_PASTRY_WAR_Search_Product_20260803,198582694469,Pigmentation Serum,la roche posay pigmentation treatment,NONE,pigmentation correcting serum,PHRASE,NEAR_PHRASE,1,0,0.0,0,0,0,"raw/32_search_term_view_90d.json (2798 rows, uncapped)"
24105712546,PNC_PASTRY_WAR_Search_Product_20260803,198582694469,Pigmentation Serum,la roche posay pigmentclar serum,NONE,pigmentation correcting serum,PHRASE,NEAR_PHRASE,1,0,0.0,0,0,0,"raw/32_search_term_view_90d.json (2798 rows, uncapped)"
24105712546,PNC_PASTRY_WAR_Search_Product_20260803,198582694469,Pigmentation Serum,la roche posay serum for dark spots,NONE,pigmentation correcting serum,PHRASE,NEAR_PHRASE,2,0,0.0,0,0,0,"raw/32_search_term_view_90d.json (2798 rows, uncapped)"
24105712546,PNC_PASTRY_WAR_Search_Product_20260803,198582694469,Pigmentation Serum,la roche posay serum for hyperpigmentation,NONE,pigmentation correcting serum,PHRASE,NEAR_PHRASE,2,0,0.0,0,0,0,"raw/32_search_term_view_90d.json (2798 rows, uncapped)"
24105712546,PNC_PASTRY_WAR_Search_Product_20260803,198582694469,Pigmentation Serum,la roche posay serum mela b3,NONE,pigmentation correcting serum,PHRASE,NEAR_PHRASE,2,0,0.0,0,0,0,"raw/32_search_term_view_90d.json (2798 rows, uncapped)"
24105712546,PNC_PASTRY_WAR_Search_Product_20260803,198582694469,Pigmentation Serum,la roche serum mela b3,NONE,pigmentation correcting serum,PHRASE,NEAR_PHRASE,2,0,0.0,0,0,0,"raw/32_search_term_view_90d.json (2798 rows, uncapped)"
24105712546,PNC_PASTRY_WAR_Search_Product_20260803,198582694469,Pigmentation Serum,lamelle brightening serum,NONE,pigmentation correcting serum,PHRASE,NEAR_PHRASE,1,0,0.0,0,0,0,"raw/32_search_term_view_90d.json (2798 rows, uncapped)"
24105712546,PNC_PASTRY_WAR_Search_Product_20260803,198582694469,Pigmentation Serum,lamelle brighter concentrate,NONE,pigmentation correcting serum,PHRASE,NEAR_PHRASE,1,0,0.0,0,0,0,"raw/32_search_term_view_90d.json (2798 rows, uncapped)"
24105712546,PNC_PASTRY_WAR_Search_Product_20260803,198582694469,Pigmentation Serum,lamelle brighter serum,NONE,pigmentation correcting serum,PHRASE,NEAR_PHRASE,2,0,0.0,0,0,0,"raw/32_search_term_view_90d.json (2798 rows, uncapped)"
24105712546,PNC_PASTRY_WAR_Search_Product_20260803,198582694469,Pigmentation Serum,lamelle correctives brighter serum,NONE,pigmentation correcting serum,PHRASE,NEAR_PHRASE,1,0,0.0,0,0,0,"raw/32_search_term_view_90d.json (2798 rows, uncapped)"
24105712546,PNC_PASTRY_WAR_Search_Product_20260803,198582694469,Pigmentation Serum,lanthome dark spot corrector,NONE,pigmentation correcting serum,PHRASE,NEAR_PHRASE,1,0,0.0,0,0,0,"raw/32_search_term_view_90d.json (2798 rows, uncapped)"
24105712546,PNC_PASTRY_WAR_Search_Product_20260803,198582694469,Pigmentation Serum,laroche mela b3,NONE,pigmentation correcting serum,PHRASE,NEAR_PHRASE,4,0,0.0,0,0,0,"raw/32_search_term_view_90d.json (2798 rows, uncapped)"
24105712546,PNC_PASTRY_WAR_Search_Product_20260803,198582694469,Pigmentation Serum,laroche posay hyperpigmentation,NONE,pigmentation correcting serum,PHRASE,NEAR_PHRASE,1,0,0.0,0,0,0,"raw/32_search_term_view_90d.json (2798 rows, uncapped)"
24105712546,PNC_PASTRY_WAR_Search_Product_20260803,198582694469,Pigmentation Serum,laroche posay mela b3,NONE,pigmentation correcting serum,PHRASE,NEAR_PHRASE,3,0,0.0,0,0,0,"raw/32_search_term_view_90d.json (2798 rows, uncapped)"
24105712546,PNC_PASTRY_WAR_Search_Product_20260803,198582694469,Pigmentation Serum,lip serum for pigmentation,NONE,pigmentation correcting serum,PHRASE,NEAR_PHRASE,1,0,0.0,0,0,0,"raw/32_search_term_view_90d.json (2798 rows, uncapped)"
24105712546,PNC_PASTRY_WAR_Search_Product_20260803,198582694469,Pigmentation Serum,loreal anti dark spot serum,NONE,pigmentation correcting serum,PHRASE,NEAR_PHRASE,2,0,0.0,0,0,0,"raw/32_search_term_view_90d.json (2798 rows, uncapped)"
24105712546,PNC_PASTRY_WAR_Search_Product_20260803,198582694469,Pigmentation Serum,loreal dark spot serum,NONE,pigmentation correcting serum,PHRASE,NEAR_PHRASE,2,0,0.0,0,0,0,"raw/32_search_term_view_90d.json (2798 rows, uncapped)"
24105712546,PNC_PASTRY_WAR_Search_Product_20260803,198582694469,Pigmentation Serum,loreal dark spots remover,NONE,pigmentation correcting serum,PHRASE,NEAR_PHRASE,1,0,0.0,0,0,0,"raw/32_search_term_view_90d.json (2798 rows, uncapped)"
24105712546,PNC_PASTRY_WAR_Search_Product_20260803,198582694469,Pigmentation Serum,lrp mela b3 serum,NONE,pigmentation correcting serum,PHRASE,NEAR_PHRASE,1,0,0.0,0,0,0,"raw/32_search_term_view_90d.json (2798 rows, uncapped)"
24105712546,PNC_PASTRY_WAR_Search_Product_20260803,198582694469,Pigmentation Serum,luminous 630,NONE,pigmentation correcting serum,PHRASE,NEAR_PHRASE,1,0,0.0,0,0,0,"raw/32_search_term_view_90d.json (2798 rows, uncapped)"
24105712546,PNC_PASTRY_WAR_Search_Product_20260803,198582694469,Pigmentation Serum,luminous 630 anti dark marks,NONE,pigmentation correcting serum,PHRASE,NEAR_PHRASE,1,0,0.0,0,0,0,"raw/32_search_term_view_90d.json (2798 rows, uncapped)"
24105712546,PNC_PASTRY_WAR_Search_Product_20260803,198582694469,Pigmentation Serum,luminous 630 serum,NONE,pigmentation correcting serum,PHRASE,NEAR_PHRASE,1,0,0.0,0,0,0,"raw/32_search_term_view_90d.json (2798 rows, uncapped)"
24105712546,PNC_PASTRY_WAR_Search_Product_20260803,198582694469,Pigmentation Serum,luminous anti dark marks serum,NONE,pigmentation correcting serum,PHRASE,NEAR_PHRASE,2,0,0.0,0,0,0,"raw/32_search_term_view_90d.json (2798 rows, uncapped)"
24105712546,PNC_PASTRY_WAR_Search_Product_20260803,198582694469,Pigmentation Serum,luminous anti dark spot,NONE,pigmentation correcting serum,PHRASE,NEAR_PHRASE,1,0,0.0,0,0,0,"raw/32_search_term_view_90d.json (2798 rows, uncapped)"
24105712546,PNC_PASTRY_WAR_Search_Product_20260803,198582694469,Pigmentation Serum,luminous dark spot nivea,NONE,pigmentation correcting serum,PHRASE,NEAR_PHRASE,1,0,0.0,0,0,0,"raw/32_search_term_view_90d.json (2798 rows, uncapped)"
24105712546,PNC_PASTRY_WAR_Search_Product_20260803,198582694469,Pigmentation Serum,luminous serum,NONE,pigmentation correcting serum,PHRASE,NEAR_PHRASE,1,0,0.0,0,0,0,"raw/32_search_term_view_90d.json (2798 rows, uncapped)"
24105712546,PNC_PASTRY_WAR_Search_Product_20260803,198582694469,Pigmentation Serum,luminous630,NONE,pigmentation correcting serum,PHRASE,NEAR_PHRASE,1,0,0.0,0,0,0,"raw/32_search_term_view_90d.json (2798 rows, uncapped)"
24105712546,PNC_PASTRY_WAR_Search_Product_20260803,198582694469,Pigmentation Serum,maelove fade away brightening serum,NONE,pigmentation correcting serum,PHRASE,NEAR_PHRASE,2,0,0.0,0,0,0,"raw/32_search_term_view_90d.json (2798 rows, uncapped)"
24105712546,PNC_PASTRY_WAR_Search_Product_20260803,198582694469,Pigmentation Serum,makro dark spot correcting glow serum,NONE,pigmentation correcting serum,PHRASE,NEAR_PHRASE,1,0,0.0,0,0,0,"raw/32_search_term_view_90d.json (2798 rows, uncapped)"
24105712546,PNC_PASTRY_WAR_Search_Product_20260803,198582694469,Pigmentation Serum,manyo glutathione serum,NONE,pigmentation correcting serum,PHRASE,NEAR_PHRASE,2,0,0.0,0,0,0,"raw/32_search_term_view_90d.json (2798 rows, uncapped)"
24105712546,PNC_PASTRY_WAR_Search_Product_20260803,198582694469,Pigmentation Serum,mas dual action dark spot serum,NONE,pigmentation correcting serum,PHRASE,NEAR_PHRASE,2,0,0.0,0,0,0,"raw/32_search_term_view_90d.json (2798 rows, uncapped)"
24105712546,PNC_PASTRY_WAR_Search_Product_20260803,198582694469,Pigmentation Serum,mel b la roche posay,NONE,pigmentation correcting serum,PHRASE,NEAR_PHRASE,1,0,0.0,0,0,0,"raw/32_search_term_view_90d.json (2798 rows, uncapped)"
24105712546,PNC_PASTRY_WAR_Search_Product_20260803,198582694469,Pigmentation Serum,mel b3 serum,NONE,pigmentation correcting serum,PHRASE,NEAR_PHRASE,1,0,0.0,0,0,0,"raw/32_search_term_view_90d.json (2798 rows, uncapped)"
24105712546,PNC_PASTRY_WAR_Search_Product_20260803,198582694469,Pigmentation Serum,mela b,NONE,pigmentation correcting serum,PHRASE,NEAR_PHRASE,3,0,0.0,0,0,0,"raw/32_search_term_view_90d.json (2798 rows, uncapped)"
24105712546,PNC_PASTRY_WAR_Search_Product_20260803,198582694469,Pigmentation Serum,mela b la roche posay,NONE,pigmentation correcting serum,PHRASE,NEAR_PHRASE,2,0,0.0,0,0,0,"raw/32_search_term_view_90d.json (2798 rows, uncapped)"
24105712546,PNC_PASTRY_WAR_Search_Product_20260803,198582694469,Pigmentation Serum,mela b serum,NONE,pigmentation correcting serum,PHRASE,NEAR_PHRASE,6,0,0.0,0,0,0,"raw/32_search_term_view_90d.json (2798 rows, uncapped)"
24105712546,PNC_PASTRY_WAR_Search_Product_20260803,198582694469,Pigmentation Serum,mela b3 anti dark spot serum,NONE,pigmentation correcting serum,PHRASE,NEAR_PHRASE,1,0,0.0,0,0,0,"raw/32_search_term_view_90d.json (2798 rows, uncapped)"
24105712546,PNC_PASTRY_WAR_Search_Product_20260803,198582694469,Pigmentation Serum,mela b3 dark spot serum,NONE,pigmentation correcting serum,PHRASE,NEAR_PHRASE,4,0,0.0,0,0,0,"raw/32_search_term_view_90d.json (2798 rows, uncapped)"
24105712546,PNC_PASTRY_WAR_Search_Product_20260803,198582694469,Pigmentation Serum,mela b3 dark spot serum reviews,NONE,pigmentation correcting serum,PHRASE,NEAR_PHRASE,1,0,0.0,0,0,0,"raw/32_search_term_view_90d.json (2798 rows, uncapped)"
24105712546,PNC_PASTRY_WAR_Search_Product_20260803,198582694469,Pigmentation Serum,mela b3 double dose,NONE,pigmentation correcting serum,PHRASE,NEAR_PHRASE,3,0,0.0,0,0,0,"raw/32_search_term_view_90d.json (2798 rows, uncapped)"
24105712546,PNC_PASTRY_WAR_Search_Product_20260803,198582694469,Pigmentation Serum,mela b3 double dose discoloration treatment,NONE,pigmentation correcting serum,PHRASE,NEAR_PHRASE,1,0,0.0,0,0,0,"raw/32_search_term_view_90d.json (2798 rows, uncapped)"
24105712546,PNC_PASTRY_WAR_Search_Product_20260803,198582694469,Pigmentation Serum,mela b3 double dose discoloration treatment with melasyl,NONE,pigmentation correcting serum,PHRASE,NEAR_PHRASE,2,0,0.0,0,0,0,"raw/32_search_term_view_90d.json (2798 rows, uncapped)"
24105712546,PNC_PASTRY_WAR_Search_Product_20260803,198582694469,Pigmentation Serum,mela b3 dual body treatment,NONE,pigmentation correcting serum,PHRASE,NEAR_PHRASE,1,0,0.0,0,0,0,"raw/32_search_term_view_90d.json (2798 rows, uncapped)"
24105712546,PNC_PASTRY_WAR_Search_Product_20260803,198582694469,Pigmentation Serum,mela b3 la roche posay,NONE,pigmentation correcting serum,PHRASE,NEAR_PHRASE,1,0,0.0,0,0,0,"raw/32_search_term_view_90d.json (2798 rows, uncapped)"
24105712546,PNC_PASTRY_WAR_Search_Product_20260803,198582694469,Pigmentation Serum,mela b3 serum dischem,NONE,pigmentation correcting serum,PHRASE,NEAR_PHRASE,1,0,0.0,0,0,0,"raw/32_search_term_view_90d.json (2798 rows, uncapped)"
24105712546,PNC_PASTRY_WAR_Search_Product_20260803,198582694469,Pigmentation Serum,mela b3 serum la roche posay,NONE,pigmentation correcting serum,PHRASE,NEAR_PHRASE,5,0,0.0,0,0,0,"raw/32_search_term_view_90d.json (2798 rows, uncapped)"
24105712546,PNC_PASTRY_WAR_Search_Product_20260803,198582694469,Pigmentation Serum,mela b4,NONE,pigmentation correcting serum,PHRASE,NEAR_PHRASE,1,0,0.0,0,0,0,"raw/32_search_term_view_90d.json (2798 rows, uncapped)"
24105712546,PNC_PASTRY_WAR_Search_Product_20260803,198582694469,Pigmentation Serum,mela pro txa,NONE,pigmentation correcting serum,PHRASE,NEAR_PHRASE,1,0,0.0,0,0,0,"raw/32_search_term_view_90d.json (2798 rows, uncapped)"
24105712546,PNC_PASTRY_WAR_Search_Product_20260803,198582694469,Pigmentation Serum,mela serum,NONE,pigmentation correcting serum,PHRASE,NEAR_PHRASE,1,0,0.0,0,0,0,"raw/32_search_term_view_90d.json (2798 rows, uncapped)"
24105712546,PNC_PASTRY_WAR_Search_Product_20260803,198582694469,Pigmentation Serum,melab3,NONE,pigmentation correcting serum,PHRASE,NEAR_PHRASE,3,0,0.0,0,0,0,"raw/32_search_term_view_90d.json (2798 rows, uncapped)"
24105712546,PNC_PASTRY_WAR_Search_Product_20260803,198582694469,Pigmentation Serum,melab3 serum,NONE,pigmentation correcting serum,PHRASE,NEAR_PHRASE,2,0,0.0,0,0,0,"raw/32_search_term_view_90d.json (2798 rows, uncapped)"
24105712546,PNC_PASTRY_WAR_Search_Product_20260803,198582694469,Pigmentation Serum,melab5,NONE,pigmentation correcting serum,PHRASE,NEAR_PHRASE,1,0,0.0,0,0,0,"raw/32_search_term_view_90d.json (2798 rows, uncapped)"
24105712546,PNC_PASTRY_WAR_Search_Product_20260803,198582694469,Pigmentation Serum,melaclear advanced,NONE,pigmentation correcting serum,PHRASE,NEAR_PHRASE,1,0,0.0,0,0,0,"raw/32_search_term_view_90d.json (2798 rows, uncapped)"
24105712546,PNC_PASTRY_WAR_Search_Product_20260803,198582694469,Pigmentation Serum,melaless serum,NONE,pigmentation correcting serum,PHRASE,NEAR_PHRASE,2,0,0.0,0,0,0,"raw/32_search_term_view_90d.json (2798 rows, uncapped)"
24105712546,PNC_PASTRY_WAR_Search_Product_20260803,198582694469,Pigmentation Serum,melan tran3x concentrate,NONE,pigmentation correcting serum,PHRASE,NEAR_PHRASE,1,0,0.0,0,0,0,"raw/32_search_term_view_90d.json (2798 rows, uncapped)"
24105712546,PNC_PASTRY_WAR_Search_Product_20260803,198582694469,Pigmentation Serum,melan tran3x concentrate review,NONE,pigmentation correcting serum,PHRASE,NEAR_PHRASE,1,0,0.0,0,0,0,"raw/32_search_term_view_90d.json (2798 rows, uncapped)"
24105712546,PNC_PASTRY_WAR_Search_Product_20260803,198582694469,Pigmentation Serum,melano clear,NONE,pigmentation correcting serum,PHRASE,NEAR_PHRASE,1,0,0.0,0,0,0,"raw/32_search_term_view_90d.json (2798 rows, uncapped)"
24105712546,PNC_PASTRY_WAR_Search_Product_20260803,198582694469,Pigmentation Serum,melano vitamin c,NONE,pigmentation correcting serum,PHRASE,NEAR_PHRASE,1,0,0.0,0,0,0,"raw/32_search_term_view_90d.json (2798 rows, uncapped)"
24105712546,PNC_PASTRY_WAR_Search_Product_20260803,198582694469,Pigmentation Serum,melanoclear,NONE,pigmentation correcting serum,PHRASE,NEAR_PHRASE,10,0,0.0,0,0,0,"raw/32_search_term_view_90d.json (2798 rows, uncapped)"
24105712546,PNC_PASTRY_WAR_Search_Product_20260803,198582694469,Pigmentation Serum,melanoclear serum,NONE,pigmentation correcting serum,PHRASE,NEAR_PHRASE,3,0,0.0,0,0,0,"raw/32_search_term_view_90d.json (2798 rows, uncapped)"
24105712546,PNC_PASTRY_WAR_Search_Product_20260803,198582694469,Pigmentation Serum,melanoclear skin functional,NONE,pigmentation correcting serum,PHRASE,NEAR_PHRASE,3,0,0.0,0,0,0,"raw/32_search_term_view_90d.json (2798 rows, uncapped)"
24105712546,PNC_PASTRY_WAR_Search_Product_20260803,198582694469,Pigmentation Serum,melanoclear skin functional how to use,NONE,pigmentation correcting serum,PHRASE,NEAR_PHRASE,1,0,0.0,0,0,0,"raw/32_search_term_view_90d.json (2798 rows, uncapped)"
24105712546,PNC_PASTRY_WAR_Search_Product_20260803,198582694469,Pigmentation Serum,melasma b la roche posay,NONE,pigmentation correcting serum,PHRASE,NEAR_PHRASE,1,0,0.0,0,0,0,"raw/32_search_term_view_90d.json (2798 rows, uncapped)"
24105712546,PNC_PASTRY_WAR_Search_Product_20260803,198582694469,Pigmentation Serum,melasma serum,NONE,pigmentation correcting serum,PHRASE,NEAR_PHRASE,2,0,0.0,0,0,0,"raw/32_search_term_view_90d.json (2798 rows, uncapped)"
24105712546,PNC_PASTRY_WAR_Search_Product_20260803,198582694469,Pigmentation Serum,melasma serum for face,NONE,pigmentation correcting serum,PHRASE,NEAR_PHRASE,1,0,0.0,0,0,0,"raw/32_search_term_view_90d.json (2798 rows, uncapped)"
24105712546,PNC_PASTRY_WAR_Search_Product_20260803,198582694469,Pigmentation Serum,melasma treatment serum,NONE,pigmentation correcting serum,PHRASE,NEAR_PHRASE,1,0,0.0,0,0,0,"raw/32_search_term_view_90d.json (2798 rows, uncapped)"
24105712546,PNC_PASTRY_WAR_Search_Product_20260803,198582694469,Pigmentation Serum,melasyl,NONE,pigmentation correcting serum,PHRASE,NEAR_PHRASE,1,0,0.0,0,0,0,"raw/32_search_term_view_90d.json (2798 rows, uncapped)"
24105712546,PNC_PASTRY_WAR_Search_Product_20260803,198582694469,Pigmentation Serum,melasyl for skin,NONE,pigmentation correcting serum,PHRASE,NEAR_PHRASE,1,0,0.0,0,0,0,"raw/32_search_term_view_90d.json (2798 rows, uncapped)"
24105712546,PNC_PASTRY_WAR_Search_Product_20260803,198582694469,Pigmentation Serum,melasyl la roche posay,NONE,pigmentation correcting serum,PHRASE,NEAR_PHRASE,2,0,0.0,0,0,0,"raw/32_search_term_view_90d.json (2798 rows, uncapped)"
24105712546,PNC_PASTRY_WAR_Search_Product_20260803,198582694469,Pigmentation Serum,melasyl serum,NONE,pigmentation correcting serum,PHRASE,NEAR_PHRASE,5,0,0.0,0,0,0,"raw/32_search_term_view_90d.json (2798 rows, uncapped)"
24105712546,PNC_PASTRY_WAR_Search_Product_20260803,198582694469,Pigmentation Serum,melo b3 serum,NONE,pigmentation correcting serum,PHRASE,NEAR_PHRASE,1,0,0.0,0,0,0,"raw/32_search_term_view_90d.json (2798 rows, uncapped)"
24105712546,PNC_PASTRY_WAR_Search_Product_20260803,198582694469,Pigmentation Serum,melo b3 serum la roche posay,NONE,pigmentation correcting serum,PHRASE,NEAR_PHRASE,1,0,0.0,0,0,0,"raw/32_search_term_view_90d.json (2798 rows, uncapped)"
24105712546,PNC_PASTRY_WAR_Search_Product_20260803,198582694469,Pigmentation Serum,mesoestetic age element brightening concentrate,NONE,pigmentation correcting serum,PHRASE,NEAR_PHRASE,1,0,0.0,0,0,0,"raw/32_search_term_view_90d.json (2798 rows, uncapped)"
24105712546,PNC_PASTRY_WAR_Search_Product_20260803,198582694469,Pigmentation Serum,mesoestetic melan tran3x concentrate,NONE,pigmentation correcting serum,PHRASE,NEAR_PHRASE,3,0,0.0,0,0,0,"raw/32_search_term_view_90d.json (2798 rows, uncapped)"
24105712546,PNC_PASTRY_WAR_Search_Product_20260803,198582694469,Pigmentation Serum,mesoestetic melan tran3x kit,NONE,pigmentation correcting serum,PHRASE,NEAR_PHRASE,1,0,0.0,0,0,0,"raw/32_search_term_view_90d.json (2798 rows, uncapped)"
24105712546,PNC_PASTRY_WAR_Search_Product_20260803,198582694469,Pigmentation Serum,microneedling serum for hyperpigmentation,NONE,pigmentation correcting serum,PHRASE,NEAR_PHRASE,2,0,0.0,0,0,0,"raw/32_search_term_view_90d.json (2798 rows, uncapped)"
24105712546,PNC_PASTRY_WAR_Search_Product_20260803,198582694469,Pigmentation Serum,minimalist alpha arbutin,NONE,pigmentation correcting serum,PHRASE,NEAR_PHRASE,1,0,0.0,0,0,0,"raw/32_search_term_view_90d.json (2798 rows, uncapped)"
24105712546,PNC_PASTRY_WAR_Search_Product_20260803,198582694469,Pigmentation Serum,minimalist alpha arbutin serum,NONE,pigmentation correcting serum,PHRASE,NEAR_PHRASE,1,0,0.0,0,0,0,"raw/32_search_term_view_90d.json (2798 rows, uncapped)"
24105712546,PNC_PASTRY_WAR_Search_Product_20260803,198582694469,Pigmentation Serum,minimalist tranexamic 3 serum,NONE,pigmentation correcting serum,PHRASE,NEAR_PHRASE,1,0,0.0,0,0,0,"raw/32_search_term_view_90d.json (2798 rows, uncapped)"
24105712546,PNC_PASTRY_WAR_Search_Product_20260803,198582694469,Pigmentation Serum,mixsoon dark spot serum,NONE,pigmentation correcting serum,PHRASE,NEAR_PHRASE,2,0,0.0,0,0,0,"raw/32_search_term_view_90d.json (2798 rows, uncapped)"
24105712546,PNC_PASTRY_WAR_Search_Product_20260803,198582694469,Pigmentation Serum,naturium tranexamic topical acid,NONE,pigmentation correcting serum,PHRASE,NEAR_PHRASE,1,0,0.0,0,0,0,"raw/32_search_term_view_90d.json (2798 rows, uncapped)"
24105712546,PNC_PASTRY_WAR_Search_Product_20260803,198582694469,Pigmentation Serum,neoretin serum booster fluid,NONE,pigmentation correcting serum,PHRASE,NEAR_PHRASE,3,0,0.0,0,0,0,"raw/32_search_term_view_90d.json (2798 rows, uncapped)"
24105712546,PNC_PASTRY_WAR_Search_Product_20260803,198582694469,Pigmentation Serum,neostrata dark spot corrector,NONE,pigmentation correcting serum,PHRASE,NEAR_PHRASE,1,0,0.0,0,0,0,"raw/32_search_term_view_90d.json (2798 rows, uncapped)"
24105712546,PNC_PASTRY_WAR_Search_Product_20260803,198582694469,Pigmentation Serum,neostrata enlighten illuminating serum,NONE,pigmentation correcting serum,PHRASE,NEAR_PHRASE,1,0,0.0,0,0,0,"raw/32_search_term_view_90d.json (2798 rows, uncapped)"
24105712546,PNC_PASTRY_WAR_Search_Product_20260803,198582694469,Pigmentation Serum,neostrata pigment controller,NONE,pigmentation correcting serum,PHRASE,NEAR_PHRASE,2,0,0.0,0,0,0,"raw/32_search_term_view_90d.json (2798 rows, uncapped)"
24105712546,PNC_PASTRY_WAR_Search_Product_20260803,198582694469,Pigmentation Serum,neostrata vitamin c serum,NONE,pigmentation correcting serum,PHRASE,NEAR_PHRASE,1,0,0.0,0,0,0,"raw/32_search_term_view_90d.json (2798 rows, uncapped)"
24105712546,PNC_PASTRY_WAR_Search_Product_20260803,198582694469,Pigmentation Serum,new mela b3 serum,NONE,pigmentation correcting serum,PHRASE,NEAR_PHRASE,1,0,0.0,0,0,0,"raw/32_search_term_view_90d.json (2798 rows, uncapped)"
24105712546,PNC_PASTRY_WAR_Search_Product_20260803,198582694469,Pigmentation Serum,niacinamide 10 txa 4 serum,NONE,pigmentation correcting serum,PHRASE,NEAR_PHRASE,1,0,0.0,0,0,0,"raw/32_search_term_view_90d.json (2798 rows, uncapped)"
24105712546,PNC_PASTRY_WAR_Search_Product_20260803,198582694469,Pigmentation Serum,niacinamide alpha arbutin kojic acid serum,NONE,pigmentation correcting serum,PHRASE,NEAR_PHRASE,1,0,0.0,0,0,0,"raw/32_search_term_view_90d.json (2798 rows, uncapped)"
24105712546,PNC_PASTRY_WAR_Search_Product_20260803,198582694469,Pigmentation Serum,niacinamide and alpha arbutin serum,NONE,pigmentation correcting serum,PHRASE,NEAR_PHRASE,1,0,0.0,0,0,0,"raw/32_search_term_view_90d.json (2798 rows, uncapped)"
24105712546,PNC_PASTRY_WAR_Search_Product_20260803,198582694469,Pigmentation Serum,niacinamide serum for dark inner thighs,NONE,pigmentation correcting serum,PHRASE,NEAR_PHRASE,2,0,0.0,0,0,0,"raw/32_search_term_view_90d.json (2798 rows, uncapped)"
24105712546,PNC_PASTRY_WAR_Search_Product_20260803,198582694469,Pigmentation Serum,nine less b boost 1 kojic acid serum,NONE,pigmentation correcting serum,PHRASE,NEAR_PHRASE,1,0,0.0,0,0,0,"raw/32_search_term_view_90d.json (2798 rows, uncapped)"
24105712546,PNC_PASTRY_WAR_Search_Product_20260803,198582694469,Pigmentation Serum,nineless 1 kojic acid serum,NONE,pigmentation correcting serum,PHRASE,NEAR_PHRASE,1,0,0.0,0,0,0,"raw/32_search_term_view_90d.json (2798 rows, uncapped)"
24105712546,PNC_PASTRY_WAR_Search_Product_20260803,198582694469,Pigmentation Serum,nivea 360 luminous serum,NONE,pigmentation correcting serum,PHRASE,NEAR_PHRASE,1,0,0.0,0,0,0,"raw/32_search_term_view_90d.json (2798 rows, uncapped)"
24105712546,PNC_PASTRY_WAR_Search_Product_20260803,198582694469,Pigmentation Serum,nivea 360 serum,NONE,pigmentation correcting serum,PHRASE,NEAR_PHRASE,1,0,0.0,0,0,0,"raw/32_search_term_view_90d.json (2798 rows, uncapped)"
24105712546,PNC_PASTRY_WAR_Search_Product_20260803,198582694469,Pigmentation Serum,nivea advanced dark spot serum,NONE,pigmentation correcting serum,PHRASE,NEAR_PHRASE,3,0,0.0,0,0,0,"raw/32_search_term_view_90d.json (2798 rows, uncapped)"
24105712546,PNC_PASTRY_WAR_Search_Product_20260803,198582694469,Pigmentation Serum,nivea anti dark marks,NONE,pigmentation correcting serum,PHRASE,NEAR_PHRASE,2,0,0.0,0,0,0,"raw/32_search_term_view_90d.json (2798 rows, uncapped)"
24105712546,PNC_PASTRY_WAR_Search_Product_20260803,198582694469,Pigmentation Serum,nivea dark spot remover,NONE,pigmentation correcting serum,PHRASE,NEAR_PHRASE,4,0,0.0,0,0,0,"raw/32_search_term_view_90d.json (2798 rows, uncapped)"
24105712546,PNC_PASTRY_WAR_Search_Product_20260803,198582694469,Pigmentation Serum,nivea dark spot remover clicks,NONE,pigmentation correcting serum,PHRASE,NEAR_PHRASE,3,0,0.0,0,0,0,"raw/32_search_term_view_90d.json (2798 rows, uncapped)"
24105712546,PNC_PASTRY_WAR_Search_Product_20260803,198582694469,Pigmentation Serum,nivea dark spot serum,NONE,pigmentation correcting serum,PHRASE,NEAR_PHRASE,1,0,0.0,0,0,0,"raw/32_search_term_view_90d.json (2798 rows, uncapped)"
24105712546,PNC_PASTRY_WAR_Search_Product_20260803,198582694469,Pigmentation Serum,nivea for dark spots on face,NONE,pigmentation correcting serum,PHRASE,NEAR_PHRASE,1,0,0.0,0,0,0,"raw/32_search_term_view_90d.json (2798 rows, uncapped)"
24105712546,PNC_PASTRY_WAR_Search_Product_20260803,198582694469,Pigmentation Serum,nivea luminous 630,NONE,pigmentation correcting serum,PHRASE,NEAR_PHRASE,4,0,0.0,0,0,0,"raw/32_search_term_view_90d.json (2798 rows, uncapped)"
24105712546,PNC_PASTRY_WAR_Search_Product_20260803,198582694469,Pigmentation Serum,nivea luminous 630 anti age & dark spot serum,NONE,pigmentation correcting serum,PHRASE,NEAR_PHRASE,1,0,0.0,0,0,0,"raw/32_search_term_view_90d.json (2798 rows, uncapped)"
24105712546,PNC_PASTRY_WAR_Search_Product_20260803,198582694469,Pigmentation Serum,nivea luminous 630 anti dark marks,NONE,pigmentation correcting serum,PHRASE,NEAR_PHRASE,2,0,0.0,0,0,0,"raw/32_search_term_view_90d.json (2798 rows, uncapped)"
24105712546,PNC_PASTRY_WAR_Search_Product_20260803,198582694469,Pigmentation Serum,nivea luminous 630 anti dark marks serum,NONE,pigmentation correcting serum,PHRASE,NEAR_PHRASE,5,0,0.0,0,0,0,"raw/32_search_term_view_90d.json (2798 rows, uncapped)"
24105712546,PNC_PASTRY_WAR_Search_Product_20260803,198582694469,Pigmentation Serum,nivea luminous 630 skin glow serum,NONE,pigmentation correcting serum,PHRASE,NEAR_PHRASE,4,0,0.0,0,0,0,"raw/32_search_term_view_90d.json (2798 rows, uncapped)"
24105712546,PNC_PASTRY_WAR_Search_Product_20260803,198582694469,Pigmentation Serum,nivea luminous anti dark marks,NONE,pigmentation correcting serum,PHRASE,NEAR_PHRASE,5,0,0.0,0,0,0,"raw/32_search_term_view_90d.json (2798 rows, uncapped)"
24105712546,PNC_PASTRY_WAR_Search_Product_20260803,198582694469,Pigmentation Serum,nivea luminous anti dark marks reviews,NONE,pigmentation correcting serum,PHRASE,NEAR_PHRASE,1,0,0.0,0,0,0,"raw/32_search_term_view_90d.json (2798 rows, uncapped)"
24105712546,PNC_PASTRY_WAR_Search_Product_20260803,198582694469,Pigmentation Serum,nivea luminous anti dark marks serum,NONE,pigmentation correcting serum,PHRASE,NEAR_PHRASE,2,0,0.0,0,0,0,"raw/32_search_term_view_90d.json (2798 rows, uncapped)"
24105712546,PNC_PASTRY_WAR_Search_Product_20260803,198582694469,Pigmentation Serum,nivea luminous range,NONE,pigmentation correcting serum,PHRASE,NEAR_PHRASE,1,0,0.0,0,0,0,"raw/32_search_term_view_90d.json (2798 rows, uncapped)"
24105712546,PNC_PASTRY_WAR_Search_Product_20260803,198582694469,Pigmentation Serum,nivea luminous serum,NONE,pigmentation correcting serum,PHRASE,NEAR_PHRASE,4,0,0.0,0,0,0,"raw/32_search_term_view_90d.json (2798 rows, uncapped)"
24105712546,PNC_PASTRY_WAR_Search_Product_20260803,198582694469,Pigmentation Serum,nivea luminous630 post acne marks serum,NONE,pigmentation correcting serum,PHRASE,NEAR_PHRASE,1,0,0.0,0,0,0,"raw/32_search_term_view_90d.json (2798 rows, uncapped)"
24105712546,PNC_PASTRY_WAR_Search_Product_20260803,198582694469,Pigmentation Serum,nivea pigmentation serum,NONE,pigmentation correcting serum,PHRASE,NEAR_PHRASE,2,0,0.0,0,0,0,"raw/32_search_term_view_90d.json (2798 rows, uncapped)"
24105712546,PNC_PASTRY_WAR_Search_Product_20260803,198582694469,Pigmentation Serum,nivea serum dark spots,NONE,pigmentation correcting serum,PHRASE,NEAR_PHRASE,1,0,0.0,0,0,0,"raw/32_search_term_view_90d.json (2798 rows, uncapped)"
24105712546,PNC_PASTRY_WAR_Search_Product_20260803,198582694469,Pigmentation Serum,nivea thiamidol,NONE,pigmentation correcting serum,PHRASE,NEAR_PHRASE,1,0,0.0,0,0,0,"raw/32_search_term_view_90d.json (2798 rows, uncapped)"
24105712546,PNC_PASTRY_WAR_Search_Product_20260803,198582694469,Pigmentation Serum,nivea thiamidol serum,NONE,pigmentation correcting serum,PHRASE,NEAR_PHRASE,1,0,0.0,0,0,0,"raw/32_search_term_view_90d.json (2798 rows, uncapped)"
24105712546,PNC_PASTRY_WAR_Search_Product_20260803,198582694469,Pigmentation Serum,numbuzin glutathione,NONE,pigmentation correcting serum,PHRASE,NEAR_PHRASE,1,0,0.0,0,0,0,"raw/32_search_term_view_90d.json (2798 rows, uncapped)"
24105712546,PNC_PASTRY_WAR_Search_Product_20260803,198582694469,Pigmentation Serum,numbuzin glutathione txa,NONE,pigmentation correcting serum,PHRASE,NEAR_PHRASE,1,0,0.0,0,0,0,"raw/32_search_term_view_90d.json (2798 rows, uncapped)"
24105712546,PNC_PASTRY_WAR_Search_Product_20260803,198582694469,Pigmentation Serum,numbuzin no 5 glutathione serum,NONE,pigmentation correcting serum,PHRASE,NEAR_PHRASE,1,0,0.0,0,0,0,"raw/32_search_term_view_90d.json (2798 rows, uncapped)"
24105712546,PNC_PASTRY_WAR_Search_Product_20260803,198582694469,Pigmentation Serum,nutriderma brightening serum,NONE,pigmentation correcting serum,PHRASE,NEAR_PHRASE,1,0,0.0,0,0,0,"raw/32_search_term_view_90d.json (2798 rows, uncapped)"
24105712546,PNC_PASTRY_WAR_Search_Product_20260803,198582694469,Pigmentation Serum,ordinary alpha arbutin,NONE,pigmentation correcting serum,PHRASE,NEAR_PHRASE,1,0,0.0,0,0,0,"raw/32_search_term_view_90d.json (2798 rows, uncapped)"
24105712546,PNC_PASTRY_WAR_Search_Product_20260803,198582694469,Pigmentation Serum,ordinary alpha arbutin 2,NONE,pigmentation correcting serum,PHRASE,NEAR_PHRASE,1,0,0.0,0,0,0,"raw/32_search_term_view_90d.json (2798 rows, uncapped)"
24105712546,PNC_PASTRY_WAR_Search_Product_20260803,198582694469,Pigmentation Serum,ordinary alpha arbutin 2 ha,NONE,pigmentation correcting serum,PHRASE,NEAR_PHRASE,1,0,0.0,0,0,0,"raw/32_search_term_view_90d.json (2798 rows, uncapped)"
24105712546,PNC_PASTRY_WAR_Search_Product_20260803,198582694469,Pigmentation Serum,ordinary dark spot remover,NONE,pigmentation correcting serum,PHRASE,NEAR_PHRASE,3,0,0.0,0,0,0,"raw/32_search_term_view_90d.json (2798 rows, uncapped)"
24105712546,PNC_PASTRY_WAR_Search_Product_20260803,198582694469,Pigmentation Serum,ordinary face serum for pigmentation,NONE,pigmentation correcting serum,PHRASE,NEAR_PHRASE,1,0,0.0,0,0,0,"raw/32_search_term_view_90d.json (2798 rows, uncapped)"
24105712546,PNC_PASTRY_WAR_Search_Product_20260803,198582694469,Pigmentation Serum,ordinary serum for dark spots,NONE,pigmentation correcting serum,PHRASE,NEAR_PHRASE,2,0,0.0,0,0,0,"raw/32_search_term_view_90d.json (2798 rows, uncapped)"
24105712546,PNC_PASTRY_WAR_Search_Product_20260803,198582694469,Pigmentation Serum,paula's choice discoloration repair serum,NONE,pigmentation correcting serum,PHRASE,NEAR_PHRASE,2,0,0.0,0,0,0,"raw/32_search_term_view_90d.json (2798 rows, uncapped)"
24105712546,PNC_PASTRY_WAR_Search_Product_20260803,198582694469,Pigmentation Serum,ph formula mela active recovery,NONE,pigmentation correcting serum,PHRASE,NEAR_PHRASE,1,0,0.0,0,0,0,"raw/32_search_term_view_90d.json (2798 rows, uncapped)"
24105712546,PNC_PASTRY_WAR_Search_Product_20260803,198582694469,Pigmentation Serum,phformula mela serum,NONE,pigmentation correcting serum,PHRASE,NEAR_PHRASE,1,0,0.0,0,0,0,"raw/32_search_term_view_90d.json (2798 rows, uncapped)"
24105712546,PNC_PASTRY_WAR_Search_Product_20260803,198582694469,Pigmentation Serum,picotonic shot,NONE,pigmentation correcting serum,PHRASE,NEAR_PHRASE,1,0,0.0,0,0,0,"raw/32_search_term_view_90d.json (2798 rows, uncapped)"
24105712546,PNC_PASTRY_WAR_Search_Product_20260803,198582694469,Pigmentation Serum,pigmentar serum,NONE,pigmentation correcting serum,PHRASE,NEAR_PHRASE,2,0,0.0,0,0,0,"raw/32_search_term_view_90d.json (2798 rows, uncapped)"
24105712546,PNC_PASTRY_WAR_Search_Product_20260803,198582694469,Pigmentation Serum,pigmentation serum,NONE,pigmentation correcting serum,PHRASE,NEAR_PHRASE,3,0,0.0,0,0,0,"raw/32_search_term_view_90d.json (2798 rows, uncapped)"
24105712546,PNC_PASTRY_WAR_Search_Product_20260803,198582694469,Pigmentation Serum,pigmentation the ordinary,NONE,pigmentation correcting serum,PHRASE,NEAR_PHRASE,1,0,0.0,0,0,0,"raw/32_search_term_view_90d.json (2798 rows, uncapped)"
24105712546,PNC_PASTRY_WAR_Search_Product_20260803,198582694469,Pigmentation Serum,powerbright ionactive serum,NONE,pigmentation correcting serum,PHRASE,NEAR_PHRASE,1,0,0.0,0,0,0,"raw/32_search_term_view_90d.json (2798 rows, uncapped)"
24105712546,PNC_PASTRY_WAR_Search_Product_20260803,198582694469,Pigmentation Serum,price of axis y dark spot serum,NONE,pigmentation correcting serum,PHRASE,NEAR_PHRASE,1,0,0.0,0,0,0,"raw/32_search_term_view_90d.json (2798 rows, uncapped)"
24105712546,PNC_PASTRY_WAR_Search_Product_20260803,198582694469,Pigmentation Serum,radiance dark spot serum,NONE,pigmentation correcting serum,PHRASE,NEAR_PHRASE,1,0,0.0,0,0,0,"raw/32_search_term_view_90d.json (2798 rows, uncapped)"
24105712546,PNC_PASTRY_WAR_Search_Product_20260803,198582694469,Pigmentation Serum,remedy dark spot serum,NONE,pigmentation correcting serum,PHRASE,NEAR_PHRASE,1,0,0.0,0,0,0,"raw/32_search_term_view_90d.json (2798 rows, uncapped)"
24105712546,PNC_PASTRY_WAR_Search_Product_20260803,198582694469,Pigmentation Serum,remedy for dark spots dark spot correcting advanced serum,NONE,pigmentation correcting serum,PHRASE,NEAR_PHRASE,2,0,0.0,0,0,0,"raw/32_search_term_view_90d.json (2798 rows, uncapped)"
24105712546,PNC_PASTRY_WAR_Search_Product_20260803,198582694469,Pigmentation Serum,remedy serum for dark spots,NONE,pigmentation correcting serum,PHRASE,NEAR_PHRASE,1,0,0.0,0,0,0,"raw/32_search_term_view_90d.json (2798 rows, uncapped)"
24105712546,PNC_PASTRY_WAR_Search_Product_20260803,198582694469,Pigmentation Serum,retinol rapid repair & dark spot treatment,NONE,pigmentation correcting serum,PHRASE,NEAR_PHRASE,2,0,0.0,0,0,0,"raw/32_search_term_view_90d.json (2798 rows, uncapped)"
24105712546,PNC_PASTRY_WAR_Search_Product_20260803,198582694469,Pigmentation Serum,retinol serum for melasma,NONE,pigmentation correcting serum,PHRASE,NEAR_PHRASE,2,0,0.0,0,0,0,"raw/32_search_term_view_90d.json (2798 rows, uncapped)"
24105712546,PNC_PASTRY_WAR_Search_Product_20260803,198582694469,Pigmentation Serum,revox alpha arbutin,NONE,pigmentation correcting serum,PHRASE,NEAR_PHRASE,1,0,0.0,0,0,0,"raw/32_search_term_view_90d.json (2798 rows, uncapped)"
24105712546,PNC_PASTRY_WAR_Search_Product_20260803,198582694469,Pigmentation Serum,roche posay mela b3 dark spot serum,NONE,pigmentation correcting serum,PHRASE,NEAR_PHRASE,2,0,0.0,0,0,0,"raw/32_search_term_view_90d.json (2798 rows, uncapped)"
24105712546,PNC_PASTRY_WAR_Search_Product_20260803,198582694469,Pigmentation Serum,rooibos brightening dark mark serum,NONE,pigmentation correcting serum,PHRASE,NEAR_PHRASE,2,0,0.0,0,0,0,"raw/32_search_term_view_90d.json (2798 rows, uncapped)"
24105712546,PNC_PASTRY_WAR_Search_Product_20260803,198582694469,Pigmentation Serum,rooibos brightening serum,NONE,pigmentation correcting serum,PHRASE,NEAR_PHRASE,1,0,0.0,0,0,0,"raw/32_search_term_view_90d.json (2798 rows, uncapped)"
24105712546,PNC_PASTRY_WAR_Search_Product_20260803,198582694469,Pigmentation Serum,rooibos dark spot corrector,NONE,pigmentation correcting serum,PHRASE,NEAR_PHRASE,2,0,0.0,0,0,0,"raw/32_search_term_view_90d.json (2798 rows, uncapped)"
24105712546,PNC_PASTRY_WAR_Search_Product_20260803,198582694469,Pigmentation Serum,rovectin dark spot serum,NONE,pigmentation correcting serum,PHRASE,NEAR_PHRASE,1,0,0.0,0,0,0,"raw/32_search_term_view_90d.json (2798 rows, uncapped)"
24105712546,PNC_PASTRY_WAR_Search_Product_20260803,198582694469,Pigmentation Serum,sadoer dark knuckle whitening serum,NONE,pigmentation correcting serum,PHRASE,NEAR_PHRASE,1,0,0.0,0,0,0,"raw/32_search_term_view_90d.json (2798 rows, uncapped)"
24105712546,PNC_PASTRY_WAR_Search_Product_20260803,198582694469,Pigmentation Serum,seemsure dark spot corrector,NONE,pigmentation correcting serum,PHRASE,NEAR_PHRASE,1,0,0.0,0,0,0,"raw/32_search_term_view_90d.json (2798 rows, uncapped)"
24105712546,PNC_PASTRY_WAR_Search_Product_20260803,198582694469,Pigmentation Serum,seemsure dark spot corrector brightening serum,NONE,pigmentation correcting serum,PHRASE,NEAR_PHRASE,2,0,0.0,0,0,0,"raw/32_search_term_view_90d.json (2798 rows, uncapped)"
24105712546,PNC_PASTRY_WAR_Search_Product_20260803,198582694469,Pigmentation Serum,seemsure dark spot corrector clicks,NONE,pigmentation correcting serum,PHRASE,NEAR_PHRASE,2,0,0.0,0,0,0,"raw/32_search_term_view_90d.json (2798 rows, uncapped)"
24105712546,PNC_PASTRY_WAR_Search_Product_20260803,198582694469,Pigmentation Serum,serum for dark inner thighs,NONE,pigmentation correcting serum,PHRASE,NEAR_PHRASE,1,0,0.0,0,0,0,"raw/32_search_term_view_90d.json (2798 rows, uncapped)"
24105712546,PNC_PASTRY_WAR_Search_Product_20260803,198582694469,Pigmentation Serum,serum for dark spots,NONE,pigmentation correcting serum,PHRASE,NEAR_PHRASE,13,0,0.0,0,0,0,"raw/32_search_term_view_90d.json (2798 rows, uncapped)"
24105712546,PNC_PASTRY_WAR_Search_Product_20260803,198582694469,Pigmentation Serum,serum for dark spots and pigmentation,NONE,pigmentation correcting serum,PHRASE,NEAR_PHRASE,2,0,0.0,0,0,0,"raw/32_search_term_view_90d.json (2798 rows, uncapped)"
24105712546,PNC_PASTRY_WAR_Search_Product_20260803,198582694469,Pigmentation Serum,serum for dark spots at clicks,NONE,pigmentation correcting serum,PHRASE,NEAR_PHRASE,2,0,0.0,0,0,0,"raw/32_search_term_view_90d.json (2798 rows, uncapped)"
24105712546,PNC_PASTRY_WAR_Search_Product_20260803,198582694469,Pigmentation Serum,serum for dark spots the ordinary,NONE,pigmentation correcting serum,PHRASE,NEAR_PHRASE,1,0,0.0,0,0,0,"raw/32_search_term_view_90d.json (2798 rows, uncapped)"
24105712546,PNC_PASTRY_WAR_Search_Product_20260803,198582694469,Pigmentation Serum,serum for hyperpigmentation,NONE,pigmentation correcting serum,PHRASE,NEAR_PHRASE,2,0,0.0,0,0,0,"raw/32_search_term_view_90d.json (2798 rows, uncapped)"
24105712546,PNC_PASTRY_WAR_Search_Product_20260803,198582694469,Pigmentation Serum,serum for melasma and hyperpigmentation,NONE,pigmentation correcting serum,PHRASE,NEAR_PHRASE,2,0,0.0,0,0,0,"raw/32_search_term_view_90d.json (2798 rows, uncapped)"
24105712546,PNC_PASTRY_WAR_Search_Product_20260803,198582694469,Pigmentation Serum,serum melasma,NONE,pigmentation correcting serum,PHRASE,NEAR_PHRASE,1,0,0.0,0,0,0,"raw/32_search_term_view_90d.json (2798 rows, uncapped)"
24105712546,PNC_PASTRY_WAR_Search_Product_20260803,198582694469,Pigmentation Serum,serum with alpha arbutin and niacinamide,NONE,pigmentation correcting serum,PHRASE,NEAR_PHRASE,1,0,0.0,0,0,0,"raw/32_search_term_view_90d.json (2798 rows, uncapped)"
24105712546,PNC_PASTRY_WAR_Search_Product_20260803,198582694469,Pigmentation Serum,serum with kojic acid,NONE,pigmentation correcting serum,PHRASE,NEAR_PHRASE,1,0,0.0,0,0,0,"raw/32_search_term_view_90d.json (2798 rows, uncapped)"
24105712546,PNC_PASTRY_WAR_Search_Product_20260803,198582694469,Pigmentation Serum,serums for dark spots,NONE,pigmentation correcting serum,PHRASE,NEAR_PHRASE,1,0,0.0,0,0,0,"raw/32_search_term_view_90d.json (2798 rows, uncapped)"
24105712546,PNC_PASTRY_WAR_Search_Product_20260803,198582694469,Pigmentation Serum,sesderma azelac ru,NONE,pigmentation correcting serum,PHRASE,NEAR_PHRASE,1,0,0.0,0,0,0,"raw/32_search_term_view_90d.json (2798 rows, uncapped)"
24105712546,PNC_PASTRY_WAR_Search_Product_20260803,198582694469,Pigmentation Serum,sf dark mark management,NONE,pigmentation correcting serum,PHRASE,NEAR_PHRASE,1,0,0.0,0,0,0,"raw/32_search_term_view_90d.json (2798 rows, uncapped)"
24105712546,PNC_PASTRY_WAR_Search_Product_20260803,198582694469,Pigmentation Serum,silki super fade serum,NONE,pigmentation correcting serum,PHRASE,NEAR_PHRASE,3,0,0.0,0,0,0,"raw/32_search_term_view_90d.json (2798 rows, uncapped)"
24105712546,PNC_PASTRY_WAR_Search_Product_20260803,198582694469,Pigmentation Serum,silki superfade serum,NONE,pigmentation correcting serum,PHRASE,NEAR_PHRASE,1,0,0.0,0,0,0,"raw/32_search_term_view_90d.json (2798 rows, uncapped)"
24105712546,PNC_PASTRY_WAR_Search_Product_20260803,198582694469,Pigmentation Serum,simple solutions serum for dark spots,NONE,pigmentation correcting serum,PHRASE,NEAR_PHRASE,2,0,0.0,0,0,0,"raw/32_search_term_view_90d.json (2798 rows, uncapped)"
24105712546,PNC_PASTRY_WAR_Search_Product_20260803,198582694469,Pigmentation Serum,skin functional alpha arbutin,NONE,pigmentation correcting serum,PHRASE,NEAR_PHRASE,6,0,0.0,0,0,0,"raw/32_search_term_view_90d.json (2798 rows, uncapped)"
24105712546,PNC_PASTRY_WAR_Search_Product_20260803,198582694469,Pigmentation Serum,skin functional alpha arbutin reviews,NONE,pigmentation correcting serum,PHRASE,NEAR_PHRASE,1,0,0.0,0,0,0,"raw/32_search_term_view_90d.json (2798 rows, uncapped)"
24105712546,PNC_PASTRY_WAR_Search_Product_20260803,198582694469,Pigmentation Serum,skin functional melanoclear,NONE,pigmentation correcting serum,PHRASE,NEAR_PHRASE,8,0,0.0,0,0,0,"raw/32_search_term_view_90d.json (2798 rows, uncapped)"
24105712546,PNC_PASTRY_WAR_Search_Product_20260803,198582694469,Pigmentation Serum,skin fundamentals alpha arbutin,NONE,pigmentation correcting serum,PHRASE,NEAR_PHRASE,1,0,0.0,0,0,0,"raw/32_search_term_view_90d.json (2798 rows, uncapped)"
24105712546,PNC_PASTRY_WAR_Search_Product_20260803,198582694469,Pigmentation Serum,skin republic alpha arbutin,NONE,pigmentation correcting serum,PHRASE,NEAR_PHRASE,2,0,0.0,0,0,0,"raw/32_search_term_view_90d.json (2798 rows, uncapped)"
24105712546,PNC_PASTRY_WAR_Search_Product_20260803,198582694469,Pigmentation Serum,skin republic serum for dark spots,NONE,pigmentation correcting serum,PHRASE,NEAR_PHRASE,2,0,0.0,0,0,0,"raw/32_search_term_view_90d.json (2798 rows, uncapped)"
24105712546,PNC_PASTRY_WAR_Search_Product_20260803,198582694469,Pigmentation Serum,skinceuticals discoloration defense,NONE,pigmentation correcting serum,PHRASE,NEAR_PHRASE,8,0,0.0,0,0,0,"raw/32_search_term_view_90d.json (2798 rows, uncapped)"
24105712546,PNC_PASTRY_WAR_Search_Product_20260803,198582694469,Pigmentation Serum,skinceuticals discoloration defense serum,NONE,pigmentation correcting serum,PHRASE,NEAR_PHRASE,2,0,0.0,0,0,0,"raw/32_search_term_view_90d.json (2798 rows, uncapped)"
24105712546,PNC_PASTRY_WAR_Search_Product_20260803,198582694469,Pigmentation Serum,skinceuticals pigmentation serum,NONE,pigmentation correcting serum,PHRASE,NEAR_PHRASE,1,0,0.0,0,0,0,"raw/32_search_term_view_90d.json (2798 rows, uncapped)"
24105712546,PNC_PASTRY_WAR_Search_Product_20260803,198582694469,Pigmentation Serum,spot clearing serum,NONE,pigmentation correcting serum,PHRASE,NEAR_PHRASE,2,0,0.0,0,0,0,"raw/32_search_term_view_90d.json (2798 rows, uncapped)"
24105712546,PNC_PASTRY_WAR_Search_Product_20260803,198582694469,Pigmentation Serum,spot correcting glow serum,NONE,pigmentation correcting serum,PHRASE,NEAR_PHRASE,1,0,0.0,0,0,0,"raw/32_search_term_view_90d.json (2798 rows, uncapped)"
24105712546,PNC_PASTRY_WAR_Search_Product_20260803,198582694469,Pigmentation Serum,spot corrector serum,NONE,pigmentation correcting serum,PHRASE,NEAR_PHRASE,2,0,0.0,0,0,0,"raw/32_search_term_view_90d.json (2798 rows, uncapped)"
24105712546,PNC_PASTRY_WAR_Search_Product_20260803,198582694469,Pigmentation Serum,spot eliminating serum,NONE,pigmentation correcting serum,PHRASE,NEAR_PHRASE,1,0,0.0,0,0,0,"raw/32_search_term_view_90d.json (2798 rows, uncapped)"
24105712546,PNC_PASTRY_WAR_Search_Product_20260803,198582694469,Pigmentation Serum,standard alpha arbutin serum,NONE,pigmentation correcting serum,PHRASE,NEAR_PHRASE,1,0,0.0,0,0,0,"raw/32_search_term_view_90d.json (2798 rows, uncapped)"
24105712546,PNC_PASTRY_WAR_Search_Product_20260803,198582694469,Pigmentation Serum,standard beauty 2 alpha arbutin serum,NONE,pigmentation correcting serum,PHRASE,NEAR_PHRASE,1,0,0.0,0,0,0,"raw/32_search_term_view_90d.json (2798 rows, uncapped)"
24105712546,PNC_PASTRY_WAR_Search_Product_20260803,198582694469,Pigmentation Serum,standard beauty alpha arbutin,NONE,pigmentation correcting serum,PHRASE,NEAR_PHRASE,5,0,0.0,0,0,0,"raw/32_search_term_view_90d.json (2798 rows, uncapped)"
24105712546,PNC_PASTRY_WAR_Search_Product_20260803,198582694469,Pigmentation Serum,standard beauty pigmentation buster serum,NONE,pigmentation correcting serum,PHRASE,NEAR_PHRASE,3,0,0.0,0,0,0,"raw/32_search_term_view_90d.json (2798 rows, uncapped)"
24105712546,PNC_PASTRY_WAR_Search_Product_20260803,198582694469,Pigmentation Serum,super fade serum,NONE,pigmentation correcting serum,PHRASE,NEAR_PHRASE,1,0,0.0,0,0,0,"raw/32_search_term_view_90d.json (2798 rows, uncapped)"
24105712546,PNC_PASTRY_WAR_Search_Product_20260803,198582694469,Pigmentation Serum,takealot dark spot correcting glow serum,NONE,pigmentation correcting serum,PHRASE,NEAR_PHRASE,3,0,0.0,0,0,0,"raw/32_search_term_view_90d.json (2798 rows, uncapped)"
24105712546,PNC_PASTRY_WAR_Search_Product_20260803,198582694469,Pigmentation Serum,the ordinary alpha,NONE,pigmentation correcting serum,PHRASE,NEAR_PHRASE,1,0,0.0,0,0,0,"raw/32_search_term_view_90d.json (2798 rows, uncapped)"
24105712546,PNC_PASTRY_WAR_Search_Product_20260803,198582694469,Pigmentation Serum,the ordinary alpha arbutin,NONE,pigmentation correcting serum,PHRASE,NEAR_PHRASE,14,0,0.0,0,0,0,"raw/32_search_term_view_90d.json (2798 rows, uncapped)"
24105712546,PNC_PASTRY_WAR_Search_Product_20260803,198582694469,Pigmentation Serum,the ordinary alpha arbutin 2 ha,NONE,pigmentation correcting serum,PHRASE,NEAR_PHRASE,8,0,0.0,0,0,0,"raw/32_search_term_view_90d.json (2798 rows, uncapped)"
24105712546,PNC_PASTRY_WAR_Search_Product_20260803,198582694469,Pigmentation Serum,the ordinary alpha arbutin 2 ha 30ml,NONE,pigmentation correcting serum,PHRASE,NEAR_PHRASE,1,0,0.0,0,0,0,"raw/32_search_term_view_90d.json (2798 rows, uncapped)"
24105712546,PNC_PASTRY_WAR_Search_Product_20260803,198582694469,Pigmentation Serum,the ordinary arbutin serum,NONE,pigmentation correcting serum,PHRASE,NEAR_PHRASE,1,0,0.0,0,0,0,"raw/32_search_term_view_90d.json (2798 rows, uncapped)"
24105712546,PNC_PASTRY_WAR_Search_Product_20260803,198582694469,Pigmentation Serum,the ordinary dark marks,NONE,pigmentation correcting serum,PHRASE,NEAR_PHRASE,1,0,0.0,0,0,0,"raw/32_search_term_view_90d.json (2798 rows, uncapped)"
24105712546,PNC_PASTRY_WAR_Search_Product_20260803,198582694469,Pigmentation Serum,the ordinary dark spot serum,NONE,pigmentation correcting serum,PHRASE,NEAR_PHRASE,2,0,0.0,0,0,0,"raw/32_search_term_view_90d.json (2798 rows, uncapped)"
24105712546,PNC_PASTRY_WAR_Search_Product_20260803,198582694469,Pigmentation Serum,the ordinary for dark spots,NONE,pigmentation correcting serum,PHRASE,NEAR_PHRASE,6,0,0.0,0,0,0,"raw/32_search_term_view_90d.json (2798 rows, uncapped)"
24105712546,PNC_PASTRY_WAR_Search_Product_20260803,198582694469,Pigmentation Serum,the ordinary for dark spots and hyperpigmentation,NONE,pigmentation correcting serum,PHRASE,NEAR_PHRASE,1,0,0.0,0,0,0,"raw/32_search_term_view_90d.json (2798 rows, uncapped)"
24105712546,PNC_PASTRY_WAR_Search_Product_20260803,198582694469,Pigmentation Serum,the ordinary for pigmentation and dark spots,NONE,pigmentation correcting serum,PHRASE,NEAR_PHRASE,1,0,0.0,0,0,0,"raw/32_search_term_view_90d.json (2798 rows, uncapped)"
24105712546,PNC_PASTRY_WAR_Search_Product_20260803,198582694469,Pigmentation Serum,the ordinary licorice root,NONE,pigmentation correcting serum,PHRASE,NEAR_PHRASE,1,0,0.0,0,0,0,"raw/32_search_term_view_90d.json (2798 rows, uncapped)"
24105712546,PNC_PASTRY_WAR_Search_Product_20260803,198582694469,Pigmentation Serum,the ordinary serum alpha arbutin 2 ha,NONE,pigmentation correcting serum,PHRASE,NEAR_PHRASE,2,0,0.0,0,0,0,"raw/32_search_term_view_90d.json (2798 rows, uncapped)"
24105712546,PNC_PASTRY_WAR_Search_Product_20260803,198582694469,Pigmentation Serum,the ordinary serum for dark spots,NONE,pigmentation correcting serum,PHRASE,NEAR_PHRASE,1,0,0.0,0,0,0,"raw/32_search_term_view_90d.json (2798 rows, uncapped)"
24105712546,PNC_PASTRY_WAR_Search_Product_20260803,198582694469,Pigmentation Serum,the ordinary solution for dark spots,NONE,pigmentation correcting serum,PHRASE,NEAR_PHRASE,1,0,0.0,0,0,0,"raw/32_search_term_view_90d.json (2798 rows, uncapped)"
24105712546,PNC_PASTRY_WAR_Search_Product_20260803,198582694469,Pigmentation Serum,the ordinary txa,NONE,pigmentation correcting serum,PHRASE,NEAR_PHRASE,3,0,0.0,0,0,0,"raw/32_search_term_view_90d.json (2798 rows, uncapped)"
24105712546,PNC_PASTRY_WAR_Search_Product_20260803,198582694469,Pigmentation Serum,thiamadol,NONE,pigmentation correcting serum,PHRASE,NEAR_PHRASE,2,0,0.0,0,0,0,"raw/32_search_term_view_90d.json (2798 rows, uncapped)"
24105712546,PNC_PASTRY_WAR_Search_Product_20260803,198582694469,Pigmentation Serum,thiamidol eucerin,NONE,pigmentation correcting serum,PHRASE,NEAR_PHRASE,1,0,0.0,0,0,0,"raw/32_search_term_view_90d.json (2798 rows, uncapped)"
24105712546,PNC_PASTRY_WAR_Search_Product_20260803,198582694469,Pigmentation Serum,thiamidol ordinary,NONE,pigmentation correcting serum,PHRASE,NEAR_PHRASE,2,0,0.0,0,0,0,"raw/32_search_term_view_90d.json (2798 rows, uncapped)"
24105712546,PNC_PASTRY_WAR_Search_Product_20260803,198582694469,Pigmentation Serum,thiamidol serum,NONE,pigmentation correcting serum,PHRASE,NEAR_PHRASE,4,0,0.0,0,0,0,"raw/32_search_term_view_90d.json (2798 rows, uncapped)"
24105712546,PNC_PASTRY_WAR_Search_Product_20260803,198582694469,Pigmentation Serum,tiam alpha arbutin,NONE,pigmentation correcting serum,PHRASE,NEAR_PHRASE,1,0,0.0,0,0,0,"raw/32_search_term_view_90d.json (2798 rows, uncapped)"
24105712546,PNC_PASTRY_WAR_Search_Product_20260803,198582694469,Pigmentation Serum,topical faded,NONE,pigmentation correcting serum,PHRASE,NEAR_PHRASE,1,0,0.0,0,0,0,"raw/32_search_term_view_90d.json (2798 rows, uncapped)"
24105712546,PNC_PASTRY_WAR_Search_Product_20260803,198582694469,Pigmentation Serum,topicals faded,NONE,pigmentation correcting serum,PHRASE,NEAR_PHRASE,2,0,0.0,0,0,0,"raw/32_search_term_view_90d.json (2798 rows, uncapped)"
24105712546,PNC_PASTRY_WAR_Search_Product_20260803,198582694469,Pigmentation Serum,topicals faded brightening & clearing serum,NONE,pigmentation correcting serum,PHRASE,NEAR_PHRASE,2,0,0.0,0,0,0,"raw/32_search_term_view_90d.json (2798 rows, uncapped)"
24105712546,PNC_PASTRY_WAR_Search_Product_20260803,198582694469,Pigmentation Serum,topicals faded serum,NONE,pigmentation correcting serum,PHRASE,NEAR_PHRASE,1,0,0.0,0,0,0,"raw/32_search_term_view_90d.json (2798 rows, uncapped)"
24105712546,PNC_PASTRY_WAR_Search_Product_20260803,198582694469,Pigmentation Serum,tosowoong arbutin 7 review,NONE,pigmentation correcting serum,PHRASE,NEAR_PHRASE,1,0,0.0,0,0,0,"raw/32_search_term_view_90d.json (2798 rows, uncapped)"
24105712546,PNC_PASTRY_WAR_Search_Product_20260803,198582694469,Pigmentation Serum,tranexamic and vitamin c serum,NONE,pigmentation correcting serum,PHRASE,NEAR_PHRASE,3,0,0.0,0,0,0,"raw/32_search_term_view_90d.json (2798 rows, uncapped)"
24105712546,PNC_PASTRY_WAR_Search_Product_20260803,198582694469,Pigmentation Serum,tranexamic topical acid,NONE,pigmentation correcting serum,PHRASE,NEAR_PHRASE,1,0,0.0,0,0,0,"raw/32_search_term_view_90d.json (2798 rows, uncapped)"
24105712546,PNC_PASTRY_WAR_Search_Product_20260803,198582694469,Pigmentation Serum,tranexamide,NONE,pigmentation correcting serum,PHRASE,NEAR_PHRASE,1,0,0.0,0,0,0,"raw/32_search_term_view_90d.json (2798 rows, uncapped)"
24105712546,PNC_PASTRY_WAR_Search_Product_20260803,198582694469,Pigmentation Serum,triple action dark spot corrector,NONE,pigmentation correcting serum,PHRASE,NEAR_PHRASE,1,0,0.0,0,0,0,"raw/32_search_term_view_90d.json (2798 rows, uncapped)"
24105712546,PNC_PASTRY_WAR_Search_Product_20260803,198582694469,Pigmentation Serum,turmeric kojic acid serum,NONE,pigmentation correcting serum,PHRASE,NEAR_PHRASE,1,0,0.0,0,0,0,"raw/32_search_term_view_90d.json (2798 rows, uncapped)"
24105712546,PNC_PASTRY_WAR_Search_Product_20260803,198582694469,Pigmentation Serum,turmeric serum himalaya,NONE,pigmentation correcting serum,PHRASE,NEAR_PHRASE,1,0,0.0,0,0,0,"raw/32_search_term_view_90d.json (2798 rows, uncapped)"
24105712546,PNC_PASTRY_WAR_Search_Product_20260803,198582694469,Pigmentation Serum,txa niacinamide 15 serum,NONE,pigmentation correcting serum,PHRASE,NEAR_PHRASE,2,0,0.0,0,0,0,"raw/32_search_term_view_90d.json (2798 rows, uncapped)"
24105712546,PNC_PASTRY_WAR_Search_Product_20260803,198582694469,Pigmentation Serum,unitone 4 white,NONE,pigmentation correcting serum,PHRASE,NEAR_PHRASE,1,0,0.0,0,0,0,"raw/32_search_term_view_90d.json (2798 rows, uncapped)"
24105712546,PNC_PASTRY_WAR_Search_Product_20260803,198582694469,Pigmentation Serum,unitone 4 white advanced,NONE,pigmentation correcting serum,PHRASE,NEAR_PHRASE,2,0,0.0,0,0,0,"raw/32_search_term_view_90d.json (2798 rows, uncapped)"
24105712546,PNC_PASTRY_WAR_Search_Product_20260803,198582694469,Pigmentation Serum,vichy vitamin c serum,NONE,pigmentation correcting serum,PHRASE,NEAR_PHRASE,1,0,0.0,0,0,0,"raw/32_search_term_view_90d.json (2798 rows, uncapped)"
24105712546,PNC_PASTRY_WAR_Search_Product_20260803,198582694469,Pigmentation Serum,vita c goodal,NONE,pigmentation correcting serum,PHRASE,NEAR_PHRASE,1,0,0.0,0,0,0,"raw/32_search_term_view_90d.json (2798 rows, uncapped)"
24105712546,PNC_PASTRY_WAR_Search_Product_20260803,198582694469,Pigmentation Serum,vitamin c serum for dark spots,NONE,pigmentation correcting serum,PHRASE,NEAR_PHRASE,4,0,0.0,0,0,0,"raw/32_search_term_view_90d.json (2798 rows, uncapped)"
24105712546,PNC_PASTRY_WAR_Search_Product_20260803,198582694469,Pigmentation Serum,what serum is good for dark spots,NONE,pigmentation correcting serum,PHRASE,NEAR_PHRASE,1,0,0.0,0,0,0,"raw/32_search_term_view_90d.json (2798 rows, uncapped)"
24105712546,PNC_PASTRY_WAR_Search_Product_20260803,198582694469,Pigmentation Serum,when to apply mela b3 serum,NONE,pigmentation correcting serum,PHRASE,NEAR_PHRASE,1,0,0.0,0,0,0,"raw/32_search_term_view_90d.json (2798 rows, uncapped)"
24105712546,PNC_PASTRY_WAR_Search_Product_20260803,198582694469,Pigmentation Serum,where can i buy aobenz spot remover,NONE,pigmentation correcting serum,PHRASE,NEAR_PHRASE,1,0,0.0,0,0,0,"raw/32_search_term_view_90d.json (2798 rows, uncapped)"
24105712546,PNC_PASTRY_WAR_Search_Product_20260803,198582694469,Pigmentation Serum,where can i get alpha arbutin,NONE,pigmentation correcting serum,PHRASE,NEAR_PHRASE,1,0,0.0,0,0,0,"raw/32_search_term_view_90d.json (2798 rows, uncapped)"
24105712546,PNC_PASTRY_WAR_Search_Product_20260803,198582694469,Pigmentation Serum,where can i get dark spot correcting glow serum,NONE,pigmentation correcting serum,PHRASE,NEAR_PHRASE,3,0,0.0,0,0,0,"raw/32_search_term_view_90d.json (2798 rows, uncapped)"
24105712546,PNC_PASTRY_WAR_Search_Product_20260803,198582694469,Pigmentation Serum,where to buy alpha arbutin serum,NONE,pigmentation correcting serum,PHRASE,NEAR_PHRASE,1,0,0.0,0,0,0,"raw/32_search_term_view_90d.json (2798 rows, uncapped)"
24105712546,PNC_PASTRY_WAR_Search_Product_20260803,198582694469,Pigmentation Serum,which ordinary serum is best for dark spots,NONE,pigmentation correcting serum,PHRASE,NEAR_PHRASE,1,0,0.0,0,0,0,"raw/32_search_term_view_90d.json (2798 rows, uncapped)"
24105712546,PNC_PASTRY_WAR_Search_Product_20260803,198582694469,Pigmentation Serum,which serum is best for pigmentation,NONE,pigmentation correcting serum,PHRASE,NEAR_PHRASE,3,0,0.0,0,0,0,"raw/32_search_term_view_90d.json (2798 rows, uncapped)"
24105712546,PNC_PASTRY_WAR_Search_Product_20260803,198582694469,Pigmentation Serum,x axis dark spot serum,NONE,pigmentation correcting serum,PHRASE,NEAR_PHRASE,1,0,0.0,0,0,0,"raw/32_search_term_view_90d.json (2798 rows, uncapped)"
24105712546,PNC_PASTRY_WAR_Search_Product_20260803,198582694469,Pigmentation Serum,y axis spot serum,NONE,pigmentation correcting serum,PHRASE,NEAR_PHRASE,1,0,0.0,0,0,0,"raw/32_search_term_view_90d.json (2798 rows, uncapped)"
24105712546,PNC_PASTRY_WAR_Search_Product_20260803,198582694469,Pigmentation Serum,youth lab dark spot remover,NONE,pigmentation correcting serum,PHRASE,NEAR_PHRASE,1,0,0.0,0,0,0,"raw/32_search_term_view_90d.json (2798 rows, uncapped)"
24105712546,PNC_PASTRY_WAR_Search_Product_20260803,198582694509,Anti-Pigment Deodorant,anti pigmentation deodorant,ADDED,anti pigmentation deodorant,EXACT,EXACT,1,0,0.0,0,0,0,"raw/32_search_term_view_90d.json (2798 rows, uncapped)"
24105712546,PNC_PASTRY_WAR_Search_Product_20260803,198582694509,Anti-Pigment Deodorant,anti pigmentation roll on,NONE,anti pigmentation deodorant,EXACT,NEAR_EXACT,2,0,0.0,0,0,0,"raw/32_search_term_view_90d.json (2798 rows, uncapped)"
24105712546,PNC_PASTRY_WAR_Search_Product_20260803,198582694509,Anti-Pigment Deodorant,best roll on for hyperpigmentation,NONE,anti pigmentation deodorant,EXACT,NEAR_EXACT,1,0,0.0,0,0,0,"raw/32_search_term_view_90d.json (2798 rows, uncapped)"
24105712546,PNC_PASTRY_WAR_Search_Product_20260803,198582694509,Anti-Pigment Deodorant,brightening deodorant,NONE,anti pigmentation deodorant,EXACT,NEAR_EXACT,2,0,0.0,0,0,0,"raw/32_search_term_view_90d.json (2798 rows, uncapped)"
24105712546,PNC_PASTRY_WAR_Search_Product_20260803,198582694509,Anti-Pigment Deodorant,deodorant for dark underarms,NONE,anti pigmentation deodorant,EXACT,NEAR_EXACT,2,0,0.0,0,0,0,"raw/32_search_term_view_90d.json (2798 rows, uncapped)"
24105712546,PNC_PASTRY_WAR_Search_Product_20260803,198582694509,Anti-Pigment Deodorant,deodorant that can whiten underarms,NONE,anti pigmentation deodorant,EXACT,NEAR_EXACT,1,0,0.0,0,0,0,"raw/32_search_term_view_90d.json (2798 rows, uncapped)"
24105712546,PNC_PASTRY_WAR_Search_Product_20260803,198582694509,Anti-Pigment Deodorant,deodorant that helps with dark underarms,NONE,anti pigmentation deodorant,EXACT,NEAR_EXACT,1,0,0.0,0,0,0,"raw/32_search_term_view_90d.json (2798 rows, uncapped)"
24105712546,PNC_PASTRY_WAR_Search_Product_20260803,198582694509,Anti-Pigment Deodorant,roll on for dark underarms,NONE,anti pigmentation deodorant,EXACT,NEAR_EXACT,1,0,0.0,0,0,0,"raw/32_search_term_view_90d.json (2798 rows, uncapped)"
24105712546,PNC_PASTRY_WAR_Search_Product_20260803,198582694509,Anti-Pigment Deodorant,which roll on to use for dark underarms,NONE,anti pigmentation deodorant,EXACT,NEAR_EXACT,1,0,0.0,0,0,0,"raw/32_search_term_view_90d.json (2798 rows, uncapped)"
24105712546,PNC_PASTRY_WAR_Search_Product_20260803,198582694509,Anti-Pigment Deodorant,deodorant for dark underarms,NONE,anti pigment deodorant,EXACT,NEAR_EXACT,1,0,0.0,0,0,0,"raw/32_search_term_view_90d.json (2798 rows, uncapped)"
24105712546,PNC_PASTRY_WAR_Search_Product_20260803,198582694509,Anti-Pigment Deodorant,what roll on to use for dark underarms,NONE,anti pigment deodorant,EXACT,NEAR_EXACT,1,0,0.0,0,0,0,"raw/32_search_term_view_90d.json (2798 rows, uncapped)"
24105712546,PNC_PASTRY_WAR_Search_Product_20260803,198582694509,Anti-Pigment Deodorant,aha bha underarm roll on,NONE,anti pigmentation deodorant,PHRASE,NEAR_PHRASE,1,0,0.0,0,0,0,"raw/32_search_term_view_90d.json (2798 rows, uncapped)"
24105712546,PNC_PASTRY_WAR_Search_Product_20260803,198582694509,Anti-Pigment Deodorant,be bodywise roll on,NONE,anti pigmentation deodorant,PHRASE,NEAR_PHRASE,2,0,0.0,0,0,0,"raw/32_search_term_view_90d.json (2798 rows, uncapped)"
24105712546,PNC_PASTRY_WAR_Search_Product_20260803,198582694509,Anti-Pigment Deodorant,cosmo whitening roll on,NONE,anti pigmentation deodorant,PHRASE,NEAR_PHRASE,2,0,0.0,0,0,0,"raw/32_search_term_view_90d.json (2798 rows, uncapped)"
24105712546,PNC_PASTRY_WAR_Search_Product_20260803,198582694509,Anti-Pigment Deodorant,dove brightening deodorant,NONE,anti pigmentation deodorant,PHRASE,NEAR_PHRASE,2,0,0.0,0,0,0,"raw/32_search_term_view_90d.json (2798 rows, uncapped)"
24105712546,PNC_PASTRY_WAR_Search_Product_20260803,198582694509,Anti-Pigment Deodorant,dove even tone deodorant,NONE,anti pigmentation deodorant,PHRASE,NEAR_PHRASE,2,0,0.0,0,0,0,"raw/32_search_term_view_90d.json (2798 rows, uncapped)"
24105712546,PNC_PASTRY_WAR_Search_Product_20260803,198582694509,Anti-Pigment Deodorant,garnier even tone roll on,NONE,anti pigmentation deodorant,PHRASE,NEAR_PHRASE,1,0,0.0,0,0,0,"raw/32_search_term_view_90d.json (2798 rows, uncapped)"
24105712546,PNC_PASTRY_WAR_Search_Product_20260803,198582694509,Anti-Pigment Deodorant,nivea brightening deodorant,NONE,anti pigmentation deodorant,PHRASE,NEAR_PHRASE,3,0,0.0,0,0,0,"raw/32_search_term_view_90d.json (2798 rows, uncapped)"
24105712546,PNC_PASTRY_WAR_Search_Product_20260803,198582694509,Anti-Pigment Deodorant,nivea even tone extra,NONE,anti pigmentation deodorant,PHRASE,NEAR_PHRASE,1,0,0.0,0,0,0,"raw/32_search_term_view_90d.json (2798 rows, uncapped)"
24105712546,PNC_PASTRY_WAR_Search_Product_20260803,198582694509,Anti-Pigment Deodorant,nivea roll on even tone,NONE,anti pigmentation deodorant,PHRASE,NEAR_PHRASE,1,0,0.0,0,0,0,"raw/32_search_term_view_90d.json (2798 rows, uncapped)"
24105712546,PNC_PASTRY_WAR_Search_Product_20260803,198582694509,Anti-Pigment Deodorant,nivea roll on for women whitening,NONE,anti pigmentation deodorant,PHRASE,NEAR_PHRASE,1,0,0.0,0,0,0,"raw/32_search_term_view_90d.json (2798 rows, uncapped)"
24105712546,PNC_PASTRY_WAR_Search_Product_20260803,198582694509,Anti-Pigment Deodorant,nivea whitening roll on,NONE,anti pigmentation deodorant,PHRASE,NEAR_PHRASE,1,0,0.0,0,0,0,"raw/32_search_term_view_90d.json (2798 rows, uncapped)"
24105712546,PNC_PASTRY_WAR_Search_Product_20260803,198582694509,Anti-Pigment Deodorant,roll on that clears dark armpit,NONE,anti pigmentation deodorant,PHRASE,NEAR_PHRASE,1,0,0.0,0,0,0,"raw/32_search_term_view_90d.json (2798 rows, uncapped)"
24105712546,PNC_PASTRY_WAR_Search_Product_20260803,198582694509,Anti-Pigment Deodorant,roll on that doesn t darken underarms,NONE,anti pigmentation deodorant,PHRASE,NEAR_PHRASE,1,0,0.0,0,0,0,"raw/32_search_term_view_90d.json (2798 rows, uncapped)"
24105712546,PNC_PASTRY_WAR_Search_Product_20260803,198582694509,Anti-Pigment Deodorant,which roll on is best for dark underarms female,NONE,anti pigmentation deodorant,PHRASE,NEAR_PHRASE,2,0,0.0,0,0,0,"raw/32_search_term_view_90d.json (2798 rows, uncapped)"
24105712546,PNC_PASTRY_WAR_Search_Product_20260803,198582694509,Anti-Pigment Deodorant,forgotten skincare underarm brightening cream,NONE,pigmentation deodorant,PHRASE,NEAR_PHRASE,1,0,0.0,0,0,0,"raw/32_search_term_view_90d.json (2798 rows, uncapped)"
24105712546,PNC_PASTRY_WAR_Search_Product_20260803,198582694509,Anti-Pigment Deodorant,which roll on remove dark underarms,NONE,pigmentation deodorant,PHRASE,NEAR_PHRASE,1,0,0.0,0,0,0,"raw/32_search_term_view_90d.json (2798 rows, uncapped)"
24105712546,PNC_PASTRY_WAR_Search_Product_20260803,198582694509,Anti-Pigment Deodorant,dove deodorant that helps dark underarms,NONE,anti pigment deodorant,PHRASE,NEAR_PHRASE,3,0,0.0,0,0,0,"raw/32_search_term_view_90d.json (2798 rows, uncapped)"
24105712546,PNC_PASTRY_WAR_Search_Product_20260803,198582694509,Anti-Pigment Deodorant,dove even tone deodorant,NONE,anti pigment deodorant,PHRASE,NEAR_PHRASE,2,0,0.0,0,0,0,"raw/32_search_term_view_90d.json (2798 rows, uncapped)"
24105712546,PNC_PASTRY_WAR_Search_Product_20260803,198582694509,Anti-Pigment Deodorant,dove ultimate repair dark marks corrector,NONE,anti pigment deodorant,PHRASE,NEAR_PHRASE,1,0,0.0,0,0,0,"raw/32_search_term_view_90d.json (2798 rows, uncapped)"
24105712546,PNC_PASTRY_WAR_Search_Product_20260803,198582694509,Anti-Pigment Deodorant,kojic acid deodorant,NONE,anti pigment deodorant,PHRASE,NEAR_PHRASE,2,0,0.0,0,0,0,"raw/32_search_term_view_90d.json (2798 rows, uncapped)"
24105712546,PNC_PASTRY_WAR_Search_Product_20260803,198582694509,Anti-Pigment Deodorant,roll on for dark underarms women,NONE,anti pigment deodorant,PHRASE,NEAR_PHRASE,1,0,0.0,0,0,0,"raw/32_search_term_view_90d.json (2798 rows, uncapped)"
24105712546,PNC_PASTRY_WAR_Search_Product_20260803,198582694509,Anti-Pigment Deodorant,roll on for women dark underarms,NONE,anti pigment deodorant,PHRASE,NEAR_PHRASE,2,0,0.0,0,0,0,"raw/32_search_term_view_90d.json (2798 rows, uncapped)"
24105712546,PNC_PASTRY_WAR_Search_Product_20260803,198582694509,Anti-Pigment Deodorant,roll on that clears dark armpit,NONE,anti pigment deodorant,PHRASE,NEAR_PHRASE,1,0,0.0,0,0,0,"raw/32_search_term_view_90d.json (2798 rows, uncapped)"
24105712546,PNC_PASTRY_WAR_Search_Product_20260803,198582694509,Anti-Pigment Deodorant,which dove deodorant is best for dark underarms,NONE,anti pigment deodorant,PHRASE,NEAR_PHRASE,1,0,0.0,0,0,0,"raw/32_search_term_view_90d.json (2798 rows, uncapped)"
24105712546,PNC_PASTRY_WAR_Search_Product_20260803,198582694509,Anti-Pigment Deodorant,which roll on is good for dark underarms,NONE,anti pigment deodorant,PHRASE,NEAR_PHRASE,1,0,0.0,0,0,0,"raw/32_search_term_view_90d.json (2798 rows, uncapped)"
