period,since,until,ad_id,ad_name,adset_id,adset_name,campaign_id,campaign_name,effective_status,creative_id,video_id,ig_media_id,conversion_domain,spend_zar,impressions,reach,frequency,cpm_zar,outbound_clicks,outbound_ctr_pct,cost_per_outbound_click_zar,landing_page_views,lpv_per_outbound_click,add_to_cart,atc_per_lpv,initiate_checkout,ic_per_atc,website_purchases,purchase_per_ic,purchase_per_lpv,purchase_value_zar,cpa_zar,attributed_roas,video_plays,thruplays,p25,p50,p75,p95,p100,avg_play_time_s,thruplay_per_play,p25_per_play,p100_per_play,outbound_click_per_play,saves,comments,reactions,ig_follows,source
L28,2026-08-09,2026-09-05,120248284964440393,W6__01__ANTI_PIGMENTATION_DEODORANT,120248284921000393,PASTRY_W6_INTL_WORLDWIDE_SKINCARE_INTENT_TEST,120248284912210393,PASTRY_TEST_REELS_INTL_W4_W6_WORLDWIDE_EXCL_ZA_ABO_20260828,ACTIVE,1256482663222241,1036536699259074,18108041942171730,pastryskincare.co.za,0.0,0,0,,,0,,,0,,0,,0,,0,,,0.0,,,0,0,0,0,0,0,0,,,,,,,,,,"ads_get_ad_entities level=ad time_range 2026-08-09..2026-09-05, attribution per ad set (7d click/1d view), captured 2026-09-06 10:35 UTC"
L28,2026-08-09,2026-09-05,120248284961720393,W5__04__UNDERARM_INGREDIENTS,120248284920020393,PASTRY_W5_INTL_WORLDWIDE_SHOPPING_INTENT_TEST,120248284912210393,PASTRY_TEST_REELS_INTL_W4_W6_WORLDWIDE_EXCL_ZA_ABO_20260828,ACTIVE,4793039344293517,3132860496923753,17914465656446696,pastryskincare.co.za,0.0,0,0,,,0,,,0,,0,,0,,0,,,0.0,,,0,0,0,0,0,0,0,,,,,,,,,,"ads_get_ad_entities level=ad time_range 2026-08-09..2026-09-05, attribution per ad set (7d click/1d view), captured 2026-09-06 10:35 UTC"
L28,2026-08-09,2026-09-05,120248284970840393,W6__05__CUSTOMER_ROUTINE_STORY,120248284921000393,PASTRY_W6_INTL_WORLDWIDE_SKINCARE_INTENT_TEST,120248284912210393,PASTRY_TEST_REELS_INTL_W4_W6_WORLDWIDE_EXCL_ZA_ABO_20260828,ACTIVE,27134465589563159,1911320126512802,18024217043691661,pastryskincare.co.za,0.0,0,0,,,0,,,0,,0,,0,,0,,,0.0,,,0,0,0,0,0,0,0,,,,,,,,,,"ads_get_ad_entities level=ad time_range 2026-08-09..2026-09-05, attribution per ad set (7d click/1d view), captured 2026-09-06 10:35 UTC"
L28,2026-08-09,2026-09-05,120248284957700393,W5__01__DRY_BRUSHING_ROUTINE,120248284920020393,PASTRY_W5_INTL_WORLDWIDE_SHOPPING_INTENT_TEST,120248284912210393,PASTRY_TEST_REELS_INTL_W4_W6_WORLDWIDE_EXCL_ZA_ABO_20260828,ACTIVE,4657722504552164,2289193138563707,18115394272764116,pastryskincare.co.za,0.0,0,0,,,0,,,0,,0,,0,,0,,,0.0,,,0,0,0,0,0,0,0,,,,,,,,,,"ads_get_ad_entities level=ad time_range 2026-08-09..2026-09-05, attribution per ad set (7d click/1d view), captured 2026-09-06 10:35 UTC"
L28,2026-08-09,2026-09-05,120248284952620393,W4__02__ROUGH_BUMP_ROUTINE,120248284918900393,PASTRY_W4_INTL_WORLDWIDE_FULL_SIGNAL_TEST,120248284912210393,PASTRY_TEST_REELS_INTL_W4_W6_WORLDWIDE_EXCL_ZA_ABO_20260828,ACTIVE,2128451841880866,4002241086579018,18093283556539150,pastryskincare.co.za,0.0,0,0,,,0,,,0,,0,,0,,0,,,0.0,,,0,0,0,0,0,0,0,,,,,,,,,,"ads_get_ad_entities level=ad time_range 2026-08-09..2026-09-05, attribution per ad set (7d click/1d view), captured 2026-09-06 10:35 UTC"
L28,2026-08-09,2026-09-05,120248284938000393,W2__04__INNER_THIGH_COMBINATIONS,120248284914700393,PASTRY_W2_ZA_SOCIAL30_TEST,120248284911800393,PASTRY_TEST_REELS_ZA_W1_W3_ABO_20260828,ACTIVE,2504456496703261,1765130831287915,18168673036456579,pastryskincare.co.za,251.55,4547,3329,1.365876,55.32,93,2.045,2.7,78,0.839,9,0.115,4,0.444,1,0.25,0.0128,622.25,251.55,2.47,4143,315,1094,568,391,293,262,5,0.076,0.264,0.063,0.0224,1,,13,0,"ads_get_ad_entities level=ad time_range 2026-08-09..2026-09-05, attribution per ad set (7d click/1d view), captured 2026-09-06 10:35 UTC"
L28,2026-08-09,2026-09-05,120248284944950393,W3__04__UNDERARM_ROUTINE,120248284917990393,PASTRY_W3_ZA_SHOPPING_INTENT_TEST,120248284911800393,PASTRY_TEST_REELS_ZA_W1_W3_ABO_20260828,ACTIVE,1754580525794575,1211001868769387,17954894079204205,pastryskincare.co.za,64.73,868,795,1.091824,74.57,12,1.382,5.39,12,1.0,6,0.5,0,0.0,0,,0.0,0.0,,,820,99,116,82,61,31,25,7,0.121,0.141,0.03,0.0146,1,,4,0,"ads_get_ad_entities level=ad time_range 2026-08-09..2026-09-05, attribution per ad set (7d click/1d view), captured 2026-09-06 10:35 UTC"
L28,2026-08-09,2026-09-05,120248284926410393,W1__03__BODY_PIGMENTATION_BY_AREA,120248284913190393,PASTRY_W1_ZA_FULL_SIGNAL_TEST,120248284911800393,PASTRY_TEST_REELS_ZA_W1_W3_ABO_20260828,ACTIVE,1048949520952779,1914320649954655,18186499423401828,pastryskincare.co.za,34.63,685,627,1.092504,50.55,8,1.168,4.33,6,0.75,1,0.167,0,0.0,0,,0.0,0.0,,,600,191,529,340,239,192,191,4,0.318,0.882,0.318,0.0133,,,,0,"ads_get_ad_entities level=ad time_range 2026-08-09..2026-09-05, attribution per ad set (7d click/1d view), captured 2026-09-06 10:35 UTC"
L28,2026-08-09,2026-09-05,120248284963040393,W5__05__BIKINI_LINE_ROUTINE,120248284920020393,PASTRY_W5_INTL_WORLDWIDE_SHOPPING_INTENT_TEST,120248284912210393,PASTRY_TEST_REELS_INTL_W4_W6_WORLDWIDE_EXCL_ZA_ABO_20260828,ACTIVE,1649439496393735,1074202545192821,17946071493057906,pastryskincare.co.za,0.0,0,0,,,0,,,0,,0,,0,,0,,,0.0,,,0,0,0,0,0,0,0,,,,,,,,,,"ads_get_ad_entities level=ad time_range 2026-08-09..2026-09-05, attribution per ad set (7d click/1d view), captured 2026-09-06 10:35 UTC"
L28,2026-08-09,2026-09-05,120248284955570393,W4__05__MINI_KIT_ROUTINE,120248284918900393,PASTRY_W4_INTL_WORLDWIDE_FULL_SIGNAL_TEST,120248284912210393,PASTRY_TEST_REELS_INTL_W4_W6_WORLDWIDE_EXCL_ZA_ABO_20260828,ACTIVE,916650614844230,1381662176760033,17983114709878629,pastryskincare.co.za,0.0,0,0,,,0,,,0,,0,,0,,0,,,0.0,,,0,0,0,0,0,0,0,,,,,,,,,,"ads_get_ad_entities level=ad time_range 2026-08-09..2026-09-05, attribution per ad set (7d click/1d view), captured 2026-09-06 10:35 UTC"
L28,2026-08-09,2026-09-05,120248284954150393,W4__03__HYALURONIC_HAND_CARE,120248284918900393,PASTRY_W4_INTL_WORLDWIDE_FULL_SIGNAL_TEST,120248284912210393,PASTRY_TEST_REELS_INTL_W4_W6_WORLDWIDE_EXCL_ZA_ABO_20260828,ACTIVE,28740252398891731,1390143549233068,18103775783599432,pastryskincare.co.za,0.0,0,0,,,0,,,0,,0,,0,,0,,,0.0,,,0,0,0,0,0,0,0,,,,,,,,,,"ads_get_ad_entities level=ad time_range 2026-08-09..2026-09-05, attribution per ad set (7d click/1d view), captured 2026-09-06 10:35 UTC"
L28,2026-08-09,2026-09-05,120248284960140393,W5__03__HAND_CARE_ROUTINE,120248284920020393,PASTRY_W5_INTL_WORLDWIDE_SHOPPING_INTENT_TEST,120248284912210393,PASTRY_TEST_REELS_INTL_W4_W6_WORLDWIDE_EXCL_ZA_ABO_20260828,ACTIVE,1062475416522925,1516950890188090,17943382473449613,pastryskincare.co.za,0.0,0,0,,,0,,,0,,0,,0,,0,,,0.0,,,0,0,0,0,0,0,0,,,,,,,,,,"ads_get_ad_entities level=ad time_range 2026-08-09..2026-09-05, attribution per ad set (7d click/1d view), captured 2026-09-06 10:35 UTC"
L28,2026-08-09,2026-09-05,120248284958260393,W5__02__ANTI_PIGMENTATION_HAND_CARE,120248284920020393,PASTRY_W5_INTL_WORLDWIDE_SHOPPING_INTENT_TEST,120248284912210393,PASTRY_TEST_REELS_INTL_W4_W6_WORLDWIDE_EXCL_ZA_ABO_20260828,ACTIVE,4535558553351159,1083181767593032,18128696389679709,pastryskincare.co.za,0.0,0,0,,,0,,,0,,0,,0,,0,,,0.0,,,0,0,0,0,0,0,0,,,,,,,,,,"ads_get_ad_entities level=ad time_range 2026-08-09..2026-09-05, attribution per ad set (7d click/1d view), captured 2026-09-06 10:35 UTC"
L28,2026-08-09,2026-09-05,120248284955030393,W4__04__EVENING_BODY_CARE_ADD_ON,120248284918900393,PASTRY_W4_INTL_WORLDWIDE_FULL_SIGNAL_TEST,120248284912210393,PASTRY_TEST_REELS_INTL_W4_W6_WORLDWIDE_EXCL_ZA_ABO_20260828,ACTIVE,2622955271467210,1805359010599170,18052883933565498,pastryskincare.co.za,0.0,0,0,,,0,,,0,,0,,0,,0,,,0.0,,,0,0,0,0,0,0,0,,,,,,,,,,"ads_get_ad_entities level=ad time_range 2026-08-09..2026-09-05, attribution per ad set (7d click/1d view), captured 2026-09-06 10:35 UTC"
L28,2026-08-09,2026-09-05,120248284949000393,W4__01__BODY_CARE_PAIRING,120248284918900393,PASTRY_W4_INTL_WORLDWIDE_FULL_SIGNAL_TEST,120248284912210393,PASTRY_TEST_REELS_INTL_W4_W6_WORLDWIDE_EXCL_ZA_ABO_20260828,ACTIVE,1759622798395052,1593719419079376,17942244288301078,pastryskincare.co.za,0.0,0,0,,,0,,,0,,0,,0,,0,,,0.0,,,0,0,0,0,0,0,0,,,,,,,,,,"ads_get_ad_entities level=ad time_range 2026-08-09..2026-09-05, attribution per ad set (7d click/1d view), captured 2026-09-06 10:35 UTC"
L28,2026-08-09,2026-09-05,120248284969850393,W6__04__NIACINAMIDE_BODY_MIST,120248284921000393,PASTRY_W6_INTL_WORLDWIDE_SKINCARE_INTENT_TEST,120248284912210393,PASTRY_TEST_REELS_INTL_W4_W6_WORLDWIDE_EXCL_ZA_ABO_20260828,ACTIVE,2029900707640980,1593896072410117,18387364795161272,pastryskincare.co.za,0.0,0,0,,,0,,,0,,0,,0,,0,,,0.0,,,0,0,0,0,0,0,0,,,,,,,,,,"ads_get_ad_entities level=ad time_range 2026-08-09..2026-09-05, attribution per ad set (7d click/1d view), captured 2026-09-06 10:35 UTC"
L28,2026-08-09,2026-09-05,120248284968390393,W6__03__BRIGHTENING_BODY_CARE_RESET,120248284921000393,PASTRY_W6_INTL_WORLDWIDE_SKINCARE_INTENT_TEST,120248284912210393,PASTRY_TEST_REELS_INTL_W4_W6_WORLDWIDE_EXCL_ZA_ABO_20260828,ACTIVE,1535307781176899,1434837162027961,18107225423144345,pastryskincare.co.za,0.0,0,0,,,0,,,0,,0,,0,,0,,,0.0,,,0,0,0,0,0,0,0,,,,,,,,,,"ads_get_ad_entities level=ad time_range 2026-08-09..2026-09-05, attribution per ad set (7d click/1d view), captured 2026-09-06 10:35 UTC"
L28,2026-08-09,2026-09-05,120248284966600393,W6__02__EVERYDAY_HAND_CARE,120248284921000393,PASTRY_W6_INTL_WORLDWIDE_SKINCARE_INTENT_TEST,120248284912210393,PASTRY_TEST_REELS_INTL_W4_W6_WORLDWIDE_EXCL_ZA_ABO_20260828,ACTIVE,897164369855291,2016963935621701,18350022016172587,pastryskincare.co.za,0.0,0,0,,,0,,,0,,0,,0,,0,,,0.0,,,0,0,0,0,0,0,0,,,,,,,,,,"ads_get_ad_entities level=ad time_range 2026-08-09..2026-09-05, attribution per ad set (7d click/1d view), captured 2026-09-06 10:35 UTC"
L28,2026-08-09,2026-09-05,120248284944650393,W3__03__BODY_SPECIFIC_SERUM,120248284917990393,PASTRY_W3_ZA_SHOPPING_INTENT_TEST,120248284911800393,PASTRY_TEST_REELS_ZA_W1_W3_ABO_20260828,ACTIVE,1760670345281405,1040029292069207,18101142794223347,pastryskincare.co.za,1353.33,22910,17389,1.3175,59.07,477,2.082,2.84,441,0.925,126,0.286,36,0.286,9,0.25,0.0204,8738.25,150.37,6.46,21572,4037,4149,2357,1557,1157,902,10,0.187,0.192,0.042,0.0221,21,6,95,5,"ads_get_ad_entities level=ad time_range 2026-08-09..2026-09-05, attribution per ad set (7d click/1d view), captured 2026-09-06 10:35 UTC"
L28,2026-08-09,2026-09-05,120248284922900393,W1__01__SALICYLIC_ACID_AND_VITAMIN_C,120248284913190393,PASTRY_W1_ZA_FULL_SIGNAL_TEST,120248284911800393,PASTRY_TEST_REELS_ZA_W1_W3_ABO_20260828,ACTIVE,2050311515844483,1794498635041481,18099052280209045,pastryskincare.co.za,102.09,2494,2316,1.076857,40.93,55,2.205,1.86,49,0.891,15,0.306,5,0.333,1,0.2,0.0204,1584.0,102.09,15.52,2357,267,354,214,151,111,97,7,0.113,0.15,0.041,0.0233,11,1,12,0,"ads_get_ad_entities level=ad time_range 2026-08-09..2026-09-05, attribution per ad set (7d click/1d view), captured 2026-09-06 10:35 UTC"
L28,2026-08-09,2026-09-05,120248284946200393,W3__05__FIVE_PRODUCT_GUIDE,120248284917990393,PASTRY_W3_ZA_SHOPPING_INTENT_TEST,120248284911800393,PASTRY_TEST_REELS_ZA_W1_W3_ABO_20260828,ACTIVE,1738342593737521,1616827743571675,17901773928549544,pastryskincare.co.za,34.14,550,480,1.145833,62.07,14,2.545,2.44,15,1.071,7,0.467,2,0.286,0,0.0,0.0,0.0,,,467,67,63,47,34,28,18,10,0.143,0.135,0.039,0.03,2,,2,0,"ads_get_ad_entities level=ad time_range 2026-08-09..2026-09-05, attribution per ad set (7d click/1d view), captured 2026-09-06 10:35 UTC"
L28,2026-08-09,2026-09-05,120248284939180393,W2__05__PASTRY_PREMIUM_FAQ,120248284914700393,PASTRY_W2_ZA_SOCIAL30_TEST,120248284911800393,PASTRY_TEST_REELS_ZA_W1_W3_ABO_20260828,ACTIVE,1389786629919253,1937680153565157,17948069391039064,pastryskincare.co.za,80.52,1130,860,1.313953,71.26,27,2.389,2.98,24,0.889,6,0.25,3,0.5,0,0.0,0.0,0.0,,,1013,152,131,85,57,54,42,9,0.15,0.129,0.041,0.0267,,,8,0,"ads_get_ad_entities level=ad time_range 2026-08-09..2026-09-05, attribution per ad set (7d click/1d view), captured 2026-09-06 10:35 UTC"
L28,2026-08-09,2026-09-05,120248284941210393,W3__01__CHOOSE_BODY_WASH_BY_CONCERN,120248284917990393,PASTRY_W3_ZA_SHOPPING_INTENT_TEST,120248284911800393,PASTRY_TEST_REELS_ZA_W1_W3_ABO_20260828,ACTIVE,795955873574185,947375435055153,17948706084037527,pastryskincare.co.za,238.98,5772,4685,1.232017,41.4,205,3.552,1.17,184,0.898,15,0.082,13,0.867,3,0.231,0.0163,1977.25,79.66,8.27,5291,1144,1579,1141,878,703,482,9,0.216,0.298,0.091,0.0387,7,,11,0,"ads_get_ad_entities level=ad time_range 2026-08-09..2026-09-05, attribution per ad set (7d click/1d view), captured 2026-09-06 10:35 UTC"
L28,2026-08-09,2026-09-05,120248284936140393,W2__03__BODY_CARE_JOURNEY,120248284914700393,PASTRY_W2_ZA_SOCIAL30_TEST,120248284911800393,PASTRY_TEST_REELS_ZA_W1_W3_ABO_20260828,ACTIVE,1036641345651931,1356857919885627,18409947541159460,pastryskincare.co.za,102.75,1767,1400,1.262143,58.15,31,1.754,3.31,32,1.032,2,0.062,2,1.0,1,0.5,0.0312,631.75,102.75,6.15,1582,173,134,55,45,27,21,7,0.109,0.085,0.013,0.0196,,,4,0,"ads_get_ad_entities level=ad time_range 2026-08-09..2026-09-05, attribution per ad set (7d click/1d view), captured 2026-09-06 10:35 UTC"
L28,2026-08-09,2026-09-05,120248284933230393,W2__02__ROUGH_BUMP_ROUTINE,120248284914700393,PASTRY_W2_ZA_SOCIAL30_TEST,120248284911800393,PASTRY_TEST_REELS_ZA_W1_W3_ABO_20260828,ACTIVE,2101839031212801,1028459383291355,18480202000108225,pastryskincare.co.za,22.68,372,333,1.117117,60.97,11,2.957,2.06,10,0.909,3,0.3,3,1.0,0,0.0,0.0,0.0,,,334,40,35,15,6,3,2,6,0.12,0.105,0.006,0.0329,,,2,0,"ads_get_ad_entities level=ad time_range 2026-08-09..2026-09-05, attribution per ad set (7d click/1d view), captured 2026-09-06 10:35 UTC"
L28,2026-08-09,2026-09-05,120248284943530393,W3__02__BODY_ACNE_SOLUTION,120248284917990393,PASTRY_W3_ZA_SHOPPING_INTENT_TEST,120248284911800393,PASTRY_TEST_REELS_ZA_W1_W3_ABO_20260828,ACTIVE,1673149103765536,1024884870346149,17894570910595157,pastryskincare.co.za,443.9,16940,14340,1.181311,26.2,261,1.541,1.7,201,0.77,33,0.164,17,0.515,4,0.235,0.0199,3605.75,110.97,8.12,16091,1710,4273,2935,2131,1735,1694,4,0.106,0.266,0.105,0.0162,6,,15,1,"ads_get_ad_entities level=ad time_range 2026-08-09..2026-09-05, attribution per ad set (7d click/1d view), captured 2026-09-06 10:35 UTC"
L28,2026-08-09,2026-09-05,120248284932400393,W2__01__INNER_THIGH_ROUTINE,120248284914700393,PASTRY_W2_ZA_SOCIAL30_TEST,120248284911800393,PASTRY_TEST_REELS_ZA_W1_W3_ABO_20260828,ACTIVE,1078726171766785,2555843638218482,18362479630212526,pastryskincare.co.za,1674.81,26703,14541,1.836394,62.72,547,2.048,3.06,463,0.846,155,0.335,61,0.394,21,0.344,0.0454,17962.75,79.75,10.73,24702,2599,3631,1990,1134,751,626,5,0.105,0.147,0.025,0.0221,22,4,135,0,"ads_get_ad_entities level=ad time_range 2026-08-09..2026-09-05, attribution per ad set (7d click/1d view), captured 2026-09-06 10:35 UTC"
L28,2026-08-09,2026-09-05,120248284929570393,W1__05__HAND_CREAMS_BY_NEED,120248284913190393,PASTRY_W1_ZA_FULL_SIGNAL_TEST,120248284911800393,PASTRY_TEST_REELS_ZA_W1_W3_ABO_20260828,ACTIVE,2000824997974370,1393923599331521,18109345202471107,pastryskincare.co.za,182.85,4950,4432,1.116877,36.94,115,2.323,1.59,93,0.809,19,0.204,8,0.421,3,0.375,0.0323,2025.75,60.95,11.08,4693,387,574,408,317,259,229,4,0.082,0.122,0.049,0.0245,2,2,7,0,"ads_get_ad_entities level=ad time_range 2026-08-09..2026-09-05, attribution per ad set (7d click/1d view), captured 2026-09-06 10:35 UTC"
L28,2026-08-09,2026-09-05,120248284928040393,W1__04__STRETCH_MARK_ROUTINE,120248284913190393,PASTRY_W1_ZA_FULL_SIGNAL_TEST,120248284911800393,PASTRY_TEST_REELS_ZA_W1_W3_ABO_20260828,ACTIVE,2137843480105917,1279828150741897,18117519449506692,pastryskincare.co.za,248.48,5441,4496,1.210187,45.67,229,4.209,1.09,203,0.886,18,0.089,5,0.278,1,0.2,0.0049,622.25,248.48,2.5,5100,712,583,403,314,241,180,12,0.14,0.114,0.035,0.0449,22,1,36,2,"ads_get_ad_entities level=ad time_range 2026-08-09..2026-09-05, attribution per ad set (7d click/1d view), captured 2026-09-06 10:35 UTC"
L28,2026-08-09,2026-09-05,120248284925050393,W1__02__UNDERARM_PIGMENTATION_AND_SWEAT,120248284913190393,PASTRY_W1_ZA_FULL_SIGNAL_TEST,120248284911800393,PASTRY_TEST_REELS_ZA_W1_W3_ABO_20260828,ACTIVE,1105133075290115,1376924207957298,18348472762247625,pastryskincare.co.za,1569.67,29398,22585,1.30166,53.39,560,1.905,2.8,526,0.939,101,0.192,34,0.337,9,0.265,0.0171,5847.5,174.41,3.73,27682,3084,4082,2927,2284,1393,1123,6,0.111,0.147,0.041,0.0202,22,2,66,8,"ads_get_ad_entities level=ad time_range 2026-08-09..2026-09-05, attribution per ad set (7d click/1d view), captured 2026-09-06 10:35 UTC"
L28,2026-08-09,2026-09-05,120247999503610393,PASTRY_A2_ZA_SOCIAL_SIGNALS_UNION__BODY_ACNE_SOLUTION,120247983150600393,PASTRY_A2_ZA_SOCIAL_SIGNALS_UNION,120247983147880393,PASTRY_WINNERS_2AUD_APR_TO_DATE_20260814,ACTIVE,1673149103765536,1024884870346149,17894570910595157,pastryskincare.co.za,1558.44,39377,21171,1.85995,39.58,968,2.458,1.61,816,0.843,187,0.229,96,0.513,23,0.24,0.0282,18092.25,67.76,11.61,36582,5261,11824,8623,6534,5348,5204,5,0.144,0.323,0.142,0.0265,23,2,76,2,"ads_get_ad_entities level=ad time_range 2026-08-09..2026-09-05, attribution per ad set (7d click/1d view), captured 2026-09-06 10:35 UTC"
L28,2026-08-09,2026-09-05,120247999500050393,PASTRY_A1_ZA_BROAD_NEW_EXCL_SIGNALS__SALICYLIC_VITAMIN_C_EXACT,120247983149820393,PASTRY_A1_ZA_BROAD_NEW_EXCL_SIGNALS,120247983147880393,PASTRY_WINNERS_2AUD_APR_TO_DATE_20260814,ACTIVE,2141198163103531,1716832676218332,18089893955557030,pastryskincare.co.za,1975.02,45031,32861,1.370348,43.86,929,2.063,2.13,820,0.883,169,0.206,88,0.521,24,0.273,0.0293,26641.75,82.29,13.49,42184,4427,6023,3252,2127,1576,1404,6,0.105,0.143,0.033,0.022,66,2,138,24,"ads_get_ad_entities level=ad time_range 2026-08-09..2026-09-05, attribution per ad set (7d click/1d view), captured 2026-09-06 10:35 UTC"
L28,2026-08-09,2026-09-05,120247999504000393,PASTRY_A2_ZA_SOCIAL_SIGNALS_UNION__DRY_BRUSHING_ROUTINE,120247983150600393,PASTRY_A2_ZA_SOCIAL_SIGNALS_UNION,120247983147880393,PASTRY_WINNERS_2AUD_APR_TO_DATE_20260814,ACTIVE,1583181246838108,1587207956355921,18007465448764457,pastryskincare.co.za,1910.07,31347,16317,1.921125,60.93,830,2.648,2.3,737,0.888,218,0.296,62,0.284,22,0.355,0.0299,21734.25,86.82,11.38,28645,4730,5540,3862,3097,2478,2124,9,0.165,0.193,0.074,0.029,32,,152,3,"ads_get_ad_entities level=ad time_range 2026-08-09..2026-09-05, attribution per ad set (7d click/1d view), captured 2026-09-06 10:35 UTC"
L28,2026-08-09,2026-09-05,120247999503210393,PASTRY_A2_ZA_SOCIAL_SIGNALS_UNION__DARK_UNDERARM_INGREDIENTS,120247983150600393,PASTRY_A2_ZA_SOCIAL_SIGNALS_UNION,120247983147880393,PASTRY_WINNERS_2AUD_APR_TO_DATE_20260814,ACTIVE,28412527811717756,1065523956033626,18328649092285943,pastryskincare.co.za,3531.06,84438,44168,1.911746,41.82,1496,1.772,2.36,1276,0.853,366,0.287,131,0.358,33,0.252,0.0259,30974.25,107.0,8.77,79635,8847,21441,11497,8285,6195,5366,5,0.111,0.269,0.067,0.0188,28,5,222,4,"ads_get_ad_entities level=ad time_range 2026-08-09..2026-09-05, attribution per ad set (7d click/1d view), captured 2026-09-06 10:35 UTC"
L28,2026-08-09,2026-09-05,120247999502800393,PASTRY_A2_ZA_SOCIAL_SIGNALS_UNION__STRETCH_MARK_ROUTINE,120247983150600393,PASTRY_A2_ZA_SOCIAL_SIGNALS_UNION,120247983147880393,PASTRY_WINNERS_2AUD_APR_TO_DATE_20260814,ACTIVE,1583817143389284,885855224329058,18111724246804433,pastryskincare.co.za,928.3,13892,7532,1.844397,66.82,520,3.743,1.79,473,0.91,112,0.237,44,0.393,11,0.25,0.0233,11511.5,84.39,12.4,12801,1775,1431,1090,874,687,558,12,0.139,0.112,0.044,0.0406,37,2,92,0,"ads_get_ad_entities level=ad time_range 2026-08-09..2026-09-05, attribution per ad set (7d click/1d view), captured 2026-09-06 10:35 UTC"
L28,2026-08-09,2026-09-05,120247999501100393,PASTRY_A1_ZA_BROAD_NEW_EXCL_SIGNALS__ANTI_PIGMENT_HAND_CREAM,120247983149820393,PASTRY_A1_ZA_BROAD_NEW_EXCL_SIGNALS,120247983147880393,PASTRY_WINNERS_2AUD_APR_TO_DATE_20260814,ACTIVE,1542319103969645,999896326092090,17892363399551598,pastryskincare.co.za,5022.82,71420,47587,1.50083,70.33,2042,2.859,2.46,1757,0.86,254,0.145,124,0.488,36,0.29,0.0205,22617.0,139.52,4.5,67803,8227,8847,5256,3565,2666,2373,8,0.121,0.13,0.035,0.0301,41,20,469,52,"ads_get_ad_entities level=ad time_range 2026-08-09..2026-09-05, attribution per ad set (7d click/1d view), captured 2026-09-06 10:35 UTC"
L28,2026-08-09,2026-09-05,120247999502140393,PASTRY_A1_ZA_BROAD_NEW_EXCL_SIGNALS__PREMIUM_BODY_EXACT,120247983149820393,PASTRY_A1_ZA_BROAD_NEW_EXCL_SIGNALS,120247983147880393,PASTRY_WINNERS_2AUD_APR_TO_DATE_20260814,ACTIVE,996050220134487,1664964501661670,18072218867407431,pastryskincare.co.za,57.16,516,446,1.156951,110.78,11,2.132,5.2,10,0.909,0,0.0,0,,0,,0.0,0.0,,,463,56,57,24,12,10,10,7,0.121,0.123,0.022,0.0238,,,2,0,"ads_get_ad_entities level=ad time_range 2026-08-09..2026-09-05, attribution per ad set (7d click/1d view), captured 2026-09-06 10:35 UTC"
L28,2026-08-09,2026-09-05,120239424374880393,DPA_Past_Purchasers,120239424374900393,PASTRY_DPA_Broad_Acq_3,120239423593780393,PASTRY_DPA_Broad_Acquisition,ACTIVE,1630677048061128,,18100256381023152,,8989.05,228561,59820,3.820812,39.33,5697,2.493,1.58,5229,0.918,1160,0.222,543,0.468,146,0.269,0.0279,119613.75,61.57,13.31,0,0,0,0,0,0,0,,,,,,20,4,248,23,"ads_get_ad_entities level=ad time_range 2026-08-09..2026-09-05, attribution per ad set (7d click/1d view), captured 2026-09-06 10:35 UTC"
L28,2026-08-09,2026-09-05,120239423593790393,DPA_Cart_Abandoners,120239423593800393,PASTRY_DPA_Broad_Acq_1,120239423593780393,PASTRY_DPA_Broad_Acquisition,ACTIVE,2310973609402332,,18114435070781788,,5892.72,103903,29658,3.503372,56.71,2510,2.416,2.35,2383,0.949,725,0.304,357,0.492,81,0.227,0.034,69920.5,72.75,11.87,0,0,0,0,0,0,0,,,,,,24,3,197,37,"ads_get_ad_entities level=ad time_range 2026-08-09..2026-09-05, attribution per ad set (7d click/1d view), captured 2026-09-06 10:35 UTC"
L28,2026-08-09,2026-09-05,120239424374910393,DPA_Product_Viewers,120239424374890393,PASTRY_DPA_Broad_Acq_2,120239423593780393,PASTRY_DPA_Broad_Acquisition,ACTIVE,26206822805650383,,18110751434162734,,7502.5,171888,49697,3.45872,43.65,4358,2.535,1.72,4070,0.934,984,0.242,485,0.493,114,0.235,0.028,88821.75,65.81,11.84,0,0,0,0,0,0,0,,,,,,24,2,195,16,"ads_get_ad_entities level=ad time_range 2026-08-09..2026-09-05, attribution per ad set (7d click/1d view), captured 2026-09-06 10:35 UTC"
L28,2026-08-09,2026-09-05,120247752560730393,PASTRY_TEST_W1_4_STRETCH-MARK_ROUTINE_18082188059569414,120247751713780393,PASTRY_W1_Broad_Creative_Test_5Ads,120247750787550393,PASTRY_TEST_Creative_Broad_20260805,CAMPAIGN_PAUSED,2137843480105917,1279828150741897,18117519449506692,pastryskincare.co.za,331.53,7911,7069,1.119112,41.91,287,3.628,1.16,234,0.815,29,0.124,13,0.448,3,0.231,0.0128,3748.5,110.51,11.31,7340,955,770,583,458,343,278,10,0.13,0.105,0.038,0.0391,38,,61,4,"ads_get_ad_entities level=ad time_range 2026-08-09..2026-09-05, attribution per ad set (7d click/1d view), captured 2026-09-06 10:35 UTC"
L28,2026-08-09,2026-09-05,120247752487940393,PASTRY_TEST_W1_01_CERT_CANARY_17980098578992167,120247751713780393,PASTRY_W1_Broad_Creative_Test_5Ads,120247750787550393,PASTRY_TEST_Creative_Broad_20260805,CAMPAIGN_PAUSED,2050311515844483,1794498635041481,18099052280209045,pastryskincare.co.za,164.84,4105,3685,1.113976,40.16,79,1.924,2.09,66,0.835,22,0.333,6,0.273,1,0.167,0.0152,725.0,164.84,4.4,3751,425,565,317,226,179,157,7,0.113,0.151,0.042,0.0211,10,1,20,2,"ads_get_ad_entities level=ad time_range 2026-08-09..2026-09-05, attribution per ad set (7d click/1d view), captured 2026-09-06 10:35 UTC"
L28,2026-08-09,2026-09-05,120247752558630393,PASTRY_TEST_W1_3_BODY_PIGMENTATION_BY_AREA_18097918024986477,120247751713780393,PASTRY_W1_Broad_Creative_Test_5Ads,120247750787550393,PASTRY_TEST_Creative_Broad_20260805,CAMPAIGN_PAUSED,1048949520952779,1914320649954655,18186499423401828,pastryskincare.co.za,30.79,822,792,1.037879,37.46,21,2.555,1.47,19,0.905,3,0.158,0,0.0,0,,0.0,0.0,,,736,224,673,414,291,231,225,4,0.304,0.914,0.306,0.0285,1,,2,0,"ads_get_ad_entities level=ad time_range 2026-08-09..2026-09-05, attribution per ad set (7d click/1d view), captured 2026-09-06 10:35 UTC"
L28,2026-08-09,2026-09-05,120239422736530393,The Pastry Premium Body,120239422623010393,AS2_Body_Care_Broad,120239422422250393,PASTRY_Main_Revenue,CAMPAIGN_PAUSED,2412338129276655,2092639671599573,17929594761095845,,483.33,13320,8463,1.57391,36.29,196,1.471,2.47,166,0.847,24,0.145,11,0.458,4,0.364,0.0241,3344.0,120.83,6.92,11717,689,730,306,208,136,115,4,0.059,0.062,0.01,0.0167,3,1,29,1,"ads_get_ad_entities level=ad time_range 2026-08-09..2026-09-05, attribution per ad set (7d click/1d view), captured 2026-09-06 10:35 UTC"
L28,2026-08-09,2026-09-05,120239422623020393,The perfect gift for yourself ad,120239422623010393,AS2_Body_Care_Broad,120239422422250393,PASTRY_Main_Revenue,CAMPAIGN_PAUSED,2029084745161865,1718159162937839,18086327558629012,,1193.21,35123,25314,1.387493,33.97,424,1.207,2.81,369,0.87,71,0.192,47,0.662,9,0.191,0.0244,7681.75,132.58,6.44,32285,2297,3790,2029,1443,933,794,5,0.071,0.117,0.025,0.0131,26,5,67,1,"ads_get_ad_entities level=ad time_range 2026-08-09..2026-09-05, attribution per ad set (7d click/1d view), captured 2026-09-06 10:35 UTC"
L28,2026-08-09,2026-09-05,120247752556990393,PASTRY_TEST_W1_2_UNDERARM_PIGMENTATION_AND_SWEAT_18110742607583088,120247751713780393,PASTRY_W1_Broad_Creative_Test_5Ads,120247750787550393,PASTRY_TEST_Creative_Broad_20260805,CAMPAIGN_PAUSED,1105133075290115,1376924207957298,18348472762247625,pastryskincare.co.za,4.96,98,92,1.065217,50.61,2,2.041,2.48,2,1.0,0,0.0,0,,0,,0.0,0.0,,,85,16,19,15,13,7,4,9,0.188,0.224,0.047,0.0235,,1,,0,"ads_get_ad_entities level=ad time_range 2026-08-09..2026-09-05, attribution per ad set (7d click/1d view), captured 2026-09-06 10:35 UTC"
L28,2026-08-09,2026-09-05,120247752562960393,PASTRY_TEST_W1_5_HAND_CREAMS_BY_NEED_18088164878137902,120247751713780393,PASTRY_W1_Broad_Creative_Test_5Ads,120247750787550393,PASTRY_TEST_Creative_Broad_20260805,CAMPAIGN_PAUSED,2000824997974370,1393923599331521,18109345202471107,pastryskincare.co.za,211.74,3710,3135,1.183413,57.07,102,2.749,2.08,88,0.863,20,0.227,8,0.4,2,0.25,0.0227,690.0,105.87,3.26,3547,411,587,430,335,264,233,5,0.116,0.165,0.066,0.0288,4,1,29,0,"ads_get_ad_entities level=ad time_range 2026-08-09..2026-09-05, attribution per ad set (7d click/1d view), captured 2026-09-06 10:35 UTC"
L28,2026-08-09,2026-09-05,120246229373460393,5 years of Pastry Skincar,120246229373450393,AS2 test.,120243641897420393,main,CAMPAIGN_PAUSED,1016327727870773,997715983092345,18124521952640426,,0.0,0,0,,,0,,,0,,0,,0,,0,,,0.0,,,0,0,0,0,0,0,0,,,,,,,,,,"ads_get_ad_entities level=ad time_range 2026-08-09..2026-09-05, attribution per ad set (7d click/1d view), captured 2026-09-06 10:35 UTC"
L28,2026-08-09,2026-09-05,120246229373440393,Looks like there’s a Pastry S,120246229373450393,AS2 test.,120243641897420393,main,CAMPAIGN_PAUSED,1011306704837234,1672595620672869,18109298293942058,,0.0,0,0,,,0,,,0,,0,,0,,0,,,0.0,,,0,0,0,0,0,0,0,,,,,,,,,,"ads_get_ad_entities level=ad time_range 2026-08-09..2026-09-05, attribution per ad set (7d click/1d view), captured 2026-09-06 10:35 UTC"
L28,2026-08-09,2026-09-05,120246229373430393,"A trip for stretch marks,",120246229373450393,AS2 test.,120243641897420393,main,CAMPAIGN_PAUSED,1661405598251187,983231577847209,18585152830028876,,0.0,0,0,,,0,,,0,,0,,0,,0,,,0.0,,,0,0,0,0,0,0,0,,,,,,,,,,"ads_get_ad_entities level=ad time_range 2026-08-09..2026-09-05, attribution per ad set (7d click/1d view), captured 2026-09-06 10:35 UTC"
L28,2026-08-09,2026-09-05,120246229373470393,Anti-Pigment Hand Cream,120246229373450393,AS2 test.,120243641897420393,main,CAMPAIGN_PAUSED,1542319103969645,999896326092090,17892363399551598,,0.0,0,0,,,0,,,0,,0,,0,,0,,,0.0,,,0,0,0,0,0,0,0,,,,,,,,,,"ads_get_ad_entities level=ad time_range 2026-08-09..2026-09-05, attribution per ad set (7d click/1d view), captured 2026-09-06 10:35 UTC"
L28,2026-08-09,2026-09-05,120243642260550393,The Pastry Skincare Brightening Oil,120243641897430393,AS1_Hyperpigmentation,120243641897420393,main,CAMPAIGN_PAUSED,3510751079075102,1641367773745950,18115459114826723,,0.0,0,0,,,0,,,0,,0,,0,,0,,,0.0,,,0,0,0,0,0,0,0,,,,,,,,,,"ads_get_ad_entities level=ad time_range 2026-08-09..2026-09-05, attribution per ad set (7d click/1d view), captured 2026-09-06 10:35 UTC"
L28,2026-08-09,2026-09-05,120243642257330393,Salicylic Acid + Vitamin C,120243641897430393,AS1_Hyperpigmentation,120243641897420393,main,CAMPAIGN_PAUSED,1487817019559391,25861228210220968,18088093730346995,,0.0,0,0,,,0,,,0,,0,,0,,0,,,0.0,,,0,0,0,0,0,0,0,,,,,,,,,,"ads_get_ad_entities level=ad time_range 2026-08-09..2026-09-05, attribution per ad set (7d click/1d view), captured 2026-09-06 10:35 UTC"
L28,2026-08-09,2026-09-05,120243641897440393,A trip for stretch marks,120243641897430393,AS1_Hyperpigmentation,120243641897420393,main,CAMPAIGN_PAUSED,1052941484078554,1689150382402402,18080572940228591,,0.0,0,0,,,0,,,0,,0,,0,,0,,,0.0,,,0,0,0,0,0,0,0,,,,,,,,,,"ads_get_ad_entities level=ad time_range 2026-08-09..2026-09-05, attribution per ad set (7d click/1d view), captured 2026-09-06 10:35 UTC"
L28,2026-08-09,2026-09-05,120243642264470393,It’s the long weekend,120243641897430393,AS1_Hyperpigmentation,120243641897420393,main,CAMPAIGN_PAUSED,1014884021106011,1921319731776573,18104764099783085,,0.0,0,0,,,0,,,0,,0,,0,,0,,,0.0,,,0,0,0,0,0,0,0,,,,,,,,,,"ads_get_ad_entities level=ad time_range 2026-08-09..2026-09-05, attribution per ad set (7d click/1d view), captured 2026-09-06 10:35 UTC"
L28,2026-08-09,2026-09-05,120239425444650393,160K_Trust,120239424940600393,CT_All_Creatives,120239424940590393,PASTRY_Creative_Testing,CAMPAIGN_PAUSED,760239677131862,,18106524350510957,,0.0,0,0,,,0,,,0,,0,,0,,0,,,0.0,,,0,0,0,0,0,0,0,,,,,,,,,,"ads_get_ad_entities level=ad time_range 2026-08-09..2026-09-05, attribution per ad set (7d click/1d view), captured 2026-09-06 10:35 UTC"
L28,2026-08-09,2026-09-05,120243587895060393,Ingredient_Science,120243587895120393,AS2_Body_Care_Broad,120243587895050393,PASTRY_Main_Revenue - Copy,CAMPAIGN_PAUSED,1509938747279557,,,,0.0,0,0,,,0,,,0,,0,,0,,0,,,0.0,,,0,0,0,0,0,0,0,,,,,,,,,,"ads_get_ad_entities level=ad time_range 2026-08-09..2026-09-05, attribution per ad set (7d click/1d view), captured 2026-09-06 10:35 UTC"
L28,2026-08-09,2026-09-05,120239425444640393,Mini_Kit_Entry,120239424940600393,CT_All_Creatives,120239424940590393,PASTRY_Creative_Testing,CAMPAIGN_PAUSED,1451951969918331,,17982298493806433,,0.0,0,0,,,0,,,0,,0,,0,,0,,,0.0,,,0,0,0,0,0,0,0,,,,,,,,,,"ads_get_ad_entities level=ad time_range 2026-08-09..2026-09-05, attribution per ad set (7d click/1d view), captured 2026-09-06 10:35 UTC"
L28,2026-08-09,2026-09-05,120239425444660393,Dark_Underarms,120239424940600393,CT_All_Creatives,120239424940590393,PASTRY_Creative_Testing,CAMPAIGN_PAUSED,1635050247942247,,18109564912759297,,0.0,0,0,,,0,,,0,,0,,0,,0,,,0.0,,,0,0,0,0,0,0,0,,,,,,,,,,"ads_get_ad_entities level=ad time_range 2026-08-09..2026-09-05, attribution per ad set (7d click/1d view), captured 2026-09-06 10:35 UTC"
L28,2026-08-09,2026-09-05,120239424940610393,Nobody_Talks_About_It,120239424940600393,CT_All_Creatives,120239424940590393,PASTRY_Creative_Testing,CAMPAIGN_PAUSED,1823463661680081,,18092985185039002,,0.0,0,0,,,0,,,0,,0,,0,,0,,,0.0,,,0,0,0,0,0,0,0,,,,,,,,,,"ads_get_ad_entities level=ad time_range 2026-08-09..2026-09-05, attribution per ad set (7d click/1d view), captured 2026-09-06 10:35 UTC"
L28,2026-08-09,2026-09-05,120239425444670393,Your_Body_Deserves_Actives,120239424940600393,CT_All_Creatives,120239424940590393,PASTRY_Creative_Testing,CAMPAIGN_PAUSED,1635050247942247,,18109564912759297,,0.0,0,0,,,0,,,0,,0,,0,,0,,,0.0,,,0,0,0,0,0,0,0,,,,,,,,,,"ads_get_ad_entities level=ad time_range 2026-08-09..2026-09-05, attribution per ad set (7d click/1d view), captured 2026-09-06 10:35 UTC"
L28,2026-08-09,2026-09-05,120242903364060393,Brand_Story,120242903364040393,AS2_Body_Care_Broad,120242903364050393,PASTRY_Main_Revenue - Copy,CAMPAIGN_PAUSED,3368191686688839,862925869415455,18097443343970863,,0.0,0,0,,,0,,,0,,0,,0,,0,,,0.0,,,0,0,0,0,0,0,0,,,,,,,,,,"ads_get_ad_entities level=ad time_range 2026-08-09..2026-09-05, attribution per ad set (7d click/1d view), captured 2026-09-06 10:35 UTC"
L28,2026-08-09,2026-09-05,120239422780760393,Not a single lie ad,120239422623010393,AS2_Body_Care_Broad,120239422422250393,PASTRY_Main_Revenue,WITH_ISSUES,1483521409561432,1529064368707257,,,0.0,0,0,0,,0,,,0,,4,,1,0.25,0,0.0,,0.0,,,0,0,0,0,0,0,0,,,,,,,,,0,"ads_get_ad_entities level=ad time_range 2026-08-09..2026-09-05, attribution per ad set (7d click/1d view), captured 2026-09-06 10:35 UTC"
L28,2026-08-09,2026-09-05,120239422422240393,new… Pastry Premium,120239422422230393,AS1_Hyperpigmentation,120239422422250393,PASTRY_Main_Revenue,WITH_ISSUES,36594101976905126,1520450669559823,,,0.0,0,0,0,,0,,,0,,9,,7,0.778,0,0.0,,0.0,,,0,0,0,0,0,0,0,,,,,,,,,0,"ads_get_ad_entities level=ad time_range 2026-08-09..2026-09-05, attribution per ad set (7d click/1d view), captured 2026-09-06 10:35 UTC"
L28,2026-08-09,2026-09-05,120239422499600393,hand cream,120239422422230393,AS1_Hyperpigmentation,120239422422250393,PASTRY_Main_Revenue,WITH_ISSUES,1006687488994923,,18327470974255215,,0.0,0,0,,,0,,,0,,0,,0,,0,,,0.0,,,0,0,0,0,0,0,0,,,,,,,,,,"ads_get_ad_entities level=ad time_range 2026-08-09..2026-09-05, attribution per ad set (7d click/1d view), captured 2026-09-06 10:35 UTC"
L28,2026-08-09,2026-09-05,120247999500510393,PASTRY_A1_ZA_BROAD_NEW_EXCL_SIGNALS__FIVE_YEARS_EVERGREEN,120247983149820393,PASTRY_A1_ZA_BROAD_NEW_EXCL_SIGNALS,120247983147880393,PASTRY_WINNERS_2AUD_APR_TO_DATE_20260814,PAUSED,1672356397190835,3444115785767368,17951195124249902,pastryskincare.co.za,861.76,31720,24327,1.303901,27.17,772,2.434,1.12,627,0.812,116,0.185,33,0.284,6,0.182,0.0096,6157.5,143.63,7.15,30480,4620,11845,8675,6390,4844,4467,4,0.152,0.389,0.147,0.0253,4,,91,2,"ads_get_ad_entities level=ad time_range 2026-08-09..2026-09-05, attribution per ad set (7d click/1d view), captured 2026-09-06 10:35 UTC"
L28,2026-08-09,2026-09-05,120247752611270393,PASTRY_TEST_W3_14_UNDERARM_ROUTINE_18326815609264405,120247751718430393,PASTRY_W3_Broad_Creative_Test_5Ads,120247750787550393,PASTRY_TEST_Creative_Broad_20260805,PAUSED,1754580525794575,1211001868769387,17954894079204205,pastryskincare.co.za,0.0,0,0,,,0,,,0,,0,,0,,0,,,0.0,,,0,0,0,0,0,0,0,,,,,,,,,,"ads_get_ad_entities level=ad time_range 2026-08-09..2026-09-05, attribution per ad set (7d click/1d view), captured 2026-09-06 10:35 UTC"
L28,2026-08-09,2026-09-05,120247752594940393,PASTRY_TEST_W3_11_BODY-WASH_SELECTION_18580945912058801,120247751718430393,PASTRY_W3_Broad_Creative_Test_5Ads,120247750787550393,PASTRY_TEST_Creative_Broad_20260805,PAUSED,795955873574185,947375435055153,17948706084037527,pastryskincare.co.za,0.0,0,0,,,0,,,0,,0,,0,,0,,,0.0,,,0,0,0,0,0,0,0,,,,,,,,,,"ads_get_ad_entities level=ad time_range 2026-08-09..2026-09-05, attribution per ad set (7d click/1d view), captured 2026-09-06 10:35 UTC"
L28,2026-08-09,2026-09-05,120247752640290393,PASTRY_TEST_W4_17_ROUGH-BUMP_ROUTINE_18073328642536924,120247751720360393,PASTRY_W4_Broad_Creative_Test_5Ads,120247750787550393,PASTRY_TEST_Creative_Broad_20260805,PAUSED,1297965305546009,1250369430507064,18087857618645491,pastryskincare.co.za,0.0,0,0,,,0,,,0,,0,,0,,0,,,0.0,,,0,0,0,0,0,0,0,,,,,,,,,,"ads_get_ad_entities level=ad time_range 2026-08-09..2026-09-05, attribution per ad set (7d click/1d view), captured 2026-09-06 10:35 UTC"
L28,2026-08-09,2026-09-05,120247752654130393,PASTRY_TEST_W4_19_PIGMENTATION_COMBO_UPGRADE_17856576477655752,120247751720360393,PASTRY_W4_Broad_Creative_Test_5Ads,120247750787550393,PASTRY_TEST_Creative_Broad_20260805,PAUSED,947326541716183,2215771099210119,18213390817354295,pastryskincare.co.za,0.0,0,0,,,0,,,0,,0,,0,,0,,,0.0,,,0,0,0,0,0,0,0,,,,,,,,,,"ads_get_ad_entities level=ad time_range 2026-08-09..2026-09-05, attribution per ad set (7d click/1d view), captured 2026-09-06 10:35 UTC"
L28,2026-08-09,2026-09-05,120247752598620393,PASTRY_TEST_W3_12_BODY-ACNE_SOLUTION_17999035397957060,120247751718430393,PASTRY_W3_Broad_Creative_Test_5Ads,120247750787550393,PASTRY_TEST_Creative_Broad_20260805,PAUSED,1673149103765536,1024884870346149,17894570910595157,pastryskincare.co.za,0.0,0,0,,,0,,,0,,0,,0,,0,,,0.0,,,0,0,0,0,0,0,0,,,,,,,,,,"ads_get_ad_entities level=ad time_range 2026-08-09..2026-09-05, attribution per ad set (7d click/1d view), captured 2026-09-06 10:35 UTC"
L28,2026-08-09,2026-09-05,120247752748990393,PASTRY_TEST_W5_24_DARK-UNDERARM_INGREDIENTS_18102467252120977,120247751722120393,PASTRY_W5_Broad_Creative_Test_5Ads,120247750787550393,PASTRY_TEST_Creative_Broad_20260805,PAUSED,28412527811717756,1065523956033626,18328649092285943,pastryskincare.co.za,0.0,0,0,,,0,,,0,,0,,0,,0,,,0.0,,,0,0,0,0,0,0,0,,,,,,,,,,"ads_get_ad_entities level=ad time_range 2026-08-09..2026-09-05, attribution per ad set (7d click/1d view), captured 2026-09-06 10:35 UTC"
L28,2026-08-09,2026-09-05,120247752783500393,PASTRY_TEST_W6_28_SUNDAY_BRIGHTENING_RESET_17881765914398772,120247751723950393,PASTRY_W6_Broad_Creative_Test_5Ads,120247750787550393,PASTRY_TEST_Creative_Broad_20260805,PAUSED,1785081939314835,4644644882439368,17883648963676850,pastryskincare.co.za,0.0,0,0,,,0,,,0,,0,,0,,0,,,0.0,,,0,0,0,0,0,0,0,,,,,,,,,,"ads_get_ad_entities level=ad time_range 2026-08-09..2026-09-05, attribution per ad set (7d click/1d view), captured 2026-09-06 10:35 UTC"
L28,2026-08-09,2026-09-05,120247752581060393,PASTRY_TEST_W2_9_INNER-THIGH_COMBINATIONS_18105784600883202,120247751716700393,PASTRY_W2_Broad_Creative_Test_5Ads,120247750787550393,PASTRY_TEST_Creative_Broad_20260805,PAUSED,2504456496703261,1765130831287915,18168673036456579,pastryskincare.co.za,0.0,0,0,,,0,,,0,,0,,0,,0,,,0.0,,,0,0,0,0,0,0,0,,,,,,,,,,"ads_get_ad_entities level=ad time_range 2026-08-09..2026-09-05, attribution per ad set (7d click/1d view), captured 2026-09-06 10:35 UTC"
L28,2026-08-09,2026-09-05,120247752645630393,PASTRY_TEST_W4_18_HYALURONIC_HAND_CARE_17895285492330802,120247751720360393,PASTRY_W4_Broad_Creative_Test_5Ads,120247750787550393,PASTRY_TEST_Creative_Broad_20260805,PAUSED,1069211098994928,1354177509656817,17979766230098990,pastryskincare.co.za,0.0,0,0,,,0,,,0,,0,,0,,0,,,0.0,,,0,0,0,0,0,0,0,,,,,,,,,,"ads_get_ad_entities level=ad time_range 2026-08-09..2026-09-05, attribution per ad set (7d click/1d view), captured 2026-09-06 10:35 UTC"
L28,2026-08-09,2026-09-05,120247752800490393,PASTRY_TEST_W6_30_CUSTOMER_RESULTS_18121576474691632,120247751723950393,PASTRY_W6_Broad_Creative_Test_5Ads,120247750787550393,PASTRY_TEST_Creative_Broad_20260805,PAUSED,2851210671894413,1370974308307015,18111725939083523,pastryskincare.co.za,0.0,0,0,,,0,,,0,,0,,0,,0,,,0.0,,,0,0,0,0,0,0,0,,,,,,,,,,"ads_get_ad_entities level=ad time_range 2026-08-09..2026-09-05, attribution per ad set (7d click/1d view), captured 2026-09-06 10:35 UTC"
L28,2026-08-09,2026-09-05,120247752604380393,PASTRY_TEST_W3_13_BODY-SPECIFIC_SERUM_18104046586750753,120247751718430393,PASTRY_W3_Broad_Creative_Test_5Ads,120247750787550393,PASTRY_TEST_Creative_Broad_20260805,PAUSED,1760670345281405,1040029292069207,18101142794223347,pastryskincare.co.za,0.0,0,0,,,0,,,0,,0,,0,,0,,,0.0,,,0,0,0,0,0,0,0,,,,,,,,,,"ads_get_ad_entities level=ad time_range 2026-08-09..2026-09-05, attribution per ad set (7d click/1d view), captured 2026-09-06 10:35 UTC"
L28,2026-08-09,2026-09-05,120247752758250393,PASTRY_TEST_W5_25_BIKINI-LINE_ROUTINE_18187378537374577,120247751722120393,PASTRY_W5_Broad_Creative_Test_5Ads,120247750787550393,PASTRY_TEST_Creative_Broad_20260805,PAUSED,1042744574782765,1362739972731938,18025301141894839,pastryskincare.co.za,0.0,0,0,,,0,,,0,,0,,0,,0,,,0.0,,,0,0,0,0,0,0,0,,,,,,,,,,"ads_get_ad_entities level=ad time_range 2026-08-09..2026-09-05, attribution per ad set (7d click/1d view), captured 2026-09-06 10:35 UTC"
L28,2026-08-09,2026-09-05,120247752775440393,PASTRY_TEST_W6_27_HAND-CARE_ROUTINE_17887834035599760,120247751723950393,PASTRY_W6_Broad_Creative_Test_5Ads,120247750787550393,PASTRY_TEST_Creative_Broad_20260805,PAUSED,938383165957937,1048111064642800,17910359835262891,pastryskincare.co.za,0.0,0,0,,,0,,,0,,0,,0,,0,,,0.0,,,0,0,0,0,0,0,0,,,,,,,,,,"ads_get_ad_entities level=ad time_range 2026-08-09..2026-09-05, attribution per ad set (7d click/1d view), captured 2026-09-06 10:35 UTC"
L28,2026-08-09,2026-09-05,120247752743650393,PASTRY_TEST_W5_23_YOUTHFUL_EVEN-TONED_HAND_ROUTINE_17985939989841013,120247751722120393,PASTRY_W5_Broad_Creative_Test_5Ads,120247750787550393,PASTRY_TEST_Creative_Broad_20260805,PAUSED,2276491979765953,2925957237759333,17904472326308106,pastryskincare.co.za,0.0,0,0,,,0,,,0,,0,,0,,0,,,0.0,,,0,0,0,0,0,0,0,,,,,,,,,,"ads_get_ad_entities level=ad time_range 2026-08-09..2026-09-05, attribution per ad set (7d click/1d view), captured 2026-09-06 10:35 UTC"
L28,2026-08-09,2026-09-05,120247752687590393,PASTRY_TEST_W5_22_ANTI-PIGMENT_HAND_CREAM_17917436073164929,120247751722120393,PASTRY_W5_Broad_Creative_Test_5Ads,120247750787550393,PASTRY_TEST_Creative_Broad_20260805,PAUSED,1381536034157626,1503052235196929,18114829018731601,pastryskincare.co.za,0.0,0,0,,,0,,,0,,0,,0,,0,,,0.0,,,0,0,0,0,0,0,0,,,,,,,,,,"ads_get_ad_entities level=ad time_range 2026-08-09..2026-09-05, attribution per ad set (7d click/1d view), captured 2026-09-06 10:35 UTC"
L28,2026-08-09,2026-09-05,120247752617640393,PASTRY_TEST_W3_15_TOP_FIVE_BEST_SELLERS_18091417490097031,120247751718430393,PASTRY_W3_Broad_Creative_Test_5Ads,120247750787550393,PASTRY_TEST_Creative_Broad_20260805,PAUSED,1738342593737521,1616827743571675,17901773928549544,pastryskincare.co.za,0.0,0,0,,,0,,,0,,0,,0,,0,,,0.0,,,0,0,0,0,0,0,0,,,,,,,,,,"ads_get_ad_entities level=ad time_range 2026-08-09..2026-09-05, attribution per ad set (7d click/1d view), captured 2026-09-06 10:35 UTC"
L28,2026-08-09,2026-09-05,120247752573780393,PASTRY_TEST_W2_8_SIX-WEEK_CUSTOMER_JOURNEY_18126168892676101,120247751716700393,PASTRY_W2_Broad_Creative_Test_5Ads,120247750787550393,PASTRY_TEST_Creative_Broad_20260805,PAUSED,1036641345651931,1356857919885627,18409947541159460,pastryskincare.co.za,0.0,0,0,,,0,,,0,,0,,0,,0,,,0.0,,,0,0,0,0,0,0,0,,,,,,,,,,"ads_get_ad_entities level=ad time_range 2026-08-09..2026-09-05, attribution per ad set (7d click/1d view), captured 2026-09-06 10:35 UTC"
L28,2026-08-09,2026-09-05,120247752676520393,PASTRY_TEST_W5_21_DRY-BRUSHING_ROUTINE_18060148352778028,120247751722120393,PASTRY_W5_Broad_Creative_Test_5Ads,120247750787550393,PASTRY_TEST_Creative_Broad_20260805,PAUSED,2542175119584393,1798106507850856,18335920453251541,pastryskincare.co.za,0.0,0,0,,,0,,,0,,0,,0,,0,,,0.0,,,0,0,0,0,0,0,0,,,,,,,,,,"ads_get_ad_entities level=ad time_range 2026-08-09..2026-09-05, attribution per ad set (7d click/1d view), captured 2026-09-06 10:35 UTC"
L28,2026-08-09,2026-09-05,120247752569710393,PASTRY_TEST_W2_6_INNER-THIGH_ROUTINE_18102207944107795,120247751716700393,PASTRY_W2_Broad_Creative_Test_5Ads,120247750787550393,PASTRY_TEST_Creative_Broad_20260805,PAUSED,1078726171766785,2555843638218482,18362479630212526,pastryskincare.co.za,0.0,0,0,,,0,,,0,,0,,0,,0,,,0.0,,,0,0,0,0,0,0,0,,,,,,,,,,"ads_get_ad_entities level=ad time_range 2026-08-09..2026-09-05, attribution per ad set (7d click/1d view), captured 2026-09-06 10:35 UTC"
L28,2026-08-09,2026-09-05,120247752571330393,PASTRY_TEST_W2_7_KERATOSIS-PILARIS_ROUTINE_18075601187329451,120247751716700393,PASTRY_W2_Broad_Creative_Test_5Ads,120247750787550393,PASTRY_TEST_Creative_Broad_20260805,PAUSED,2101839031212801,1028459383291355,18480202000108225,pastryskincare.co.za,0.0,0,0,,,0,,,0,,0,,0,,0,,,0.0,,,0,0,0,0,0,0,0,,,,,,,,,,"ads_get_ad_entities level=ad time_range 2026-08-09..2026-09-05, attribution per ad set (7d click/1d view), captured 2026-09-06 10:35 UTC"
L28,2026-08-09,2026-09-05,120247752766670393,PASTRY_TEST_W6_26_DEODORANT_REVIEW_18038664887766945,120247751723950393,PASTRY_W6_Broad_Creative_Test_5Ads,120247750787550393,PASTRY_TEST_Creative_Broad_20260805,PAUSED,1019293427658617,1050103224432053,18068169923707846,pastryskincare.co.za,0.0,0,0,,,0,,,0,,0,,0,,0,,,0.0,,,0,0,0,0,0,0,0,,,,,,,,,,"ads_get_ad_entities level=ad time_range 2026-08-09..2026-09-05, attribution per ad set (7d click/1d view), captured 2026-09-06 10:35 UTC"
L28,2026-08-09,2026-09-05,120247752631460393,PASTRY_TEST_W4_16_PRODUCT-PAIRING_TECHNIQUE_17972766057048086,120247751720360393,PASTRY_W4_Broad_Creative_Test_5Ads,120247750787550393,PASTRY_TEST_Creative_Broad_20260805,PAUSED,1533675107938826,1645984360460973,18057307034782080,pastryskincare.co.za,0.0,0,0,,,0,,,0,,0,,0,,0,,,0.0,,,0,0,0,0,0,0,0,,,,,,,,,,"ads_get_ad_entities level=ad time_range 2026-08-09..2026-09-05, attribution per ad set (7d click/1d view), captured 2026-09-06 10:35 UTC"
L28,2026-08-09,2026-09-05,120247752586310393,PASTRY_TEST_W2_10_PREMIUM_BODY-WASH_FAQ_17987903375994481,120247751716700393,PASTRY_W2_Broad_Creative_Test_5Ads,120247750787550393,PASTRY_TEST_Creative_Broad_20260805,PAUSED,1389786629919253,1937680153565157,17948069391039064,pastryskincare.co.za,0.0,0,0,,,0,,,0,,0,,0,,0,,,0.0,,,0,0,0,0,0,0,0,,,,,,,,,,"ads_get_ad_entities level=ad time_range 2026-08-09..2026-09-05, attribution per ad set (7d click/1d view), captured 2026-09-06 10:35 UTC"
L28,2026-08-09,2026-09-05,120247752793360393,PASTRY_TEST_W6_29_NIACINAMIDE_BODY_MIST_18016696415654230,120247751723950393,PASTRY_W6_Broad_Creative_Test_5Ads,120247750787550393,PASTRY_TEST_Creative_Broad_20260805,PAUSED,1764652124674355,2221698178653211,18182829139405350,pastryskincare.co.za,0.0,0,0,,,0,,,0,,0,,0,,0,,,0.0,,,0,0,0,0,0,0,0,,,,,,,,,,"ads_get_ad_entities level=ad time_range 2026-08-09..2026-09-05, attribution per ad set (7d click/1d view), captured 2026-09-06 10:35 UTC"
L28,2026-08-09,2026-09-05,120247752659690393,PASTRY_TEST_W4_20_MINI-KIT_VALUE_18110764735959487,120247751720360393,PASTRY_W4_Broad_Creative_Test_5Ads,120247750787550393,PASTRY_TEST_Creative_Broad_20260805,PAUSED,1947244519285771,2900580376962228,18401451904091886,pastryskincare.co.za,0.0,0,0,,,0,,,0,,0,,0,,0,,,0.0,,,0,0,0,0,0,0,0,,,,,,,,,,"ads_get_ad_entities level=ad time_range 2026-08-09..2026-09-05, attribution per ad set (7d click/1d view), captured 2026-09-06 10:35 UTC"
L28,2026-08-09,2026-09-05,120245549305940393,Instagram post: The Pastry Premium Body Wash  has...,120245549294630393,Instagram post: The Pastry Premium Body Wash  has...,120245549293410393,Instagram post: The Pastry Premium Body Wash  has...,CAMPAIGN_PAUSED,1437229525106020,1043316661542279,17929594761095845,,0.0,0,0,,,0,,,0,,0,,0,,0,,,0.0,,,0,0,0,0,0,0,0,,,,,,,,,,"ads_get_ad_entities level=ad time_range 2026-08-09..2026-09-05, attribution per ad set (7d click/1d view), captured 2026-09-06 10:35 UTC"
L28,2026-08-09,2026-09-05,120245548932590393,Instagram post: We are turning 5 this year and we...,120245548921590393,Instagram post: We are turning 5 this year and we...,120245548921010393,Instagram post: We are turning 5 this year and we...,CAMPAIGN_PAUSED,1771671714201619,1338501304936209,18152857339474502,,0.0,0,0,,,0,,,0,,0,,0,,0,,,0.0,,,0,0,0,0,0,0,0,,,,,,,,,,"ads_get_ad_entities level=ad time_range 2026-08-09..2026-09-05, attribution per ad set (7d click/1d view), captured 2026-09-06 10:35 UTC"
L28,2026-08-09,2026-09-05,120245549002900393,"Instagram post: She said it best ✨ Lightweight,...",120245548998560393,"Instagram post: She said it best ✨ Lightweight,...",120245548997690393,"Instagram post: She said it best ✨ Lightweight,...",CAMPAIGN_PAUSED,2054183895530318,1721080102247841,18327470974255215,,0.0,0,0,,,0,,,0,,0,,0,,0,,,0.0,,,0,0,0,0,0,0,0,,,,,,,,,,"ads_get_ad_entities level=ad time_range 2026-08-09..2026-09-05, attribution per ad set (7d click/1d view), captured 2026-09-06 10:35 UTC"
L28,2026-08-09,2026-09-05,120245548842380393,Instagram post: A power ingredient combo that...,120245548840520393,Instagram post: A power ingredient combo that...,120245548839430393,Instagram post: A power ingredient combo that...,CAMPAIGN_PAUSED,1518404276410484,1718417109178336,18098153824905713,,0.0,0,0,,,0,,,0,,0,,0,,0,,,0.0,,,0,0,0,0,0,0,0,,,,,,,,,,"ads_get_ad_entities level=ad time_range 2026-08-09..2026-09-05, attribution per ad set (7d click/1d view), captured 2026-09-06 10:35 UTC"
L7,2026-08-30,2026-09-05,120248284964440393,W6__01__ANTI_PIGMENTATION_DEODORANT,120248284921000393,PASTRY_W6_INTL_WORLDWIDE_SKINCARE_INTENT_TEST,120248284912210393,PASTRY_TEST_REELS_INTL_W4_W6_WORLDWIDE_EXCL_ZA_ABO_20260828,ACTIVE,1256482663222241,1036536699259074,18108041942171730,pastryskincare.co.za,0.0,0,0,,,0,,,0,,0,,0,,0,,,0.0,,,0,0,0,0,0,0,0,,,,,,,,,,"ads_get_ad_entities level=ad time_range 2026-08-30..2026-09-05, attribution per ad set (7d click/1d view), captured 2026-09-06 10:35 UTC"
L7,2026-08-30,2026-09-05,120248284961720393,W5__04__UNDERARM_INGREDIENTS,120248284920020393,PASTRY_W5_INTL_WORLDWIDE_SHOPPING_INTENT_TEST,120248284912210393,PASTRY_TEST_REELS_INTL_W4_W6_WORLDWIDE_EXCL_ZA_ABO_20260828,ACTIVE,4793039344293517,3132860496923753,17914465656446696,pastryskincare.co.za,0.0,0,0,,,0,,,0,,0,,0,,0,,,0.0,,,0,0,0,0,0,0,0,,,,,,,,,,"ads_get_ad_entities level=ad time_range 2026-08-30..2026-09-05, attribution per ad set (7d click/1d view), captured 2026-09-06 10:35 UTC"
L7,2026-08-30,2026-09-05,120248284970840393,W6__05__CUSTOMER_ROUTINE_STORY,120248284921000393,PASTRY_W6_INTL_WORLDWIDE_SKINCARE_INTENT_TEST,120248284912210393,PASTRY_TEST_REELS_INTL_W4_W6_WORLDWIDE_EXCL_ZA_ABO_20260828,ACTIVE,27134465589563159,1911320126512802,18024217043691661,pastryskincare.co.za,0.0,0,0,,,0,,,0,,0,,0,,0,,,0.0,,,0,0,0,0,0,0,0,,,,,,,,,,"ads_get_ad_entities level=ad time_range 2026-08-30..2026-09-05, attribution per ad set (7d click/1d view), captured 2026-09-06 10:35 UTC"
L7,2026-08-30,2026-09-05,120248284957700393,W5__01__DRY_BRUSHING_ROUTINE,120248284920020393,PASTRY_W5_INTL_WORLDWIDE_SHOPPING_INTENT_TEST,120248284912210393,PASTRY_TEST_REELS_INTL_W4_W6_WORLDWIDE_EXCL_ZA_ABO_20260828,ACTIVE,4657722504552164,2289193138563707,18115394272764116,pastryskincare.co.za,0.0,0,0,,,0,,,0,,0,,0,,0,,,0.0,,,0,0,0,0,0,0,0,,,,,,,,,,"ads_get_ad_entities level=ad time_range 2026-08-30..2026-09-05, attribution per ad set (7d click/1d view), captured 2026-09-06 10:35 UTC"
L7,2026-08-30,2026-09-05,120248284952620393,W4__02__ROUGH_BUMP_ROUTINE,120248284918900393,PASTRY_W4_INTL_WORLDWIDE_FULL_SIGNAL_TEST,120248284912210393,PASTRY_TEST_REELS_INTL_W4_W6_WORLDWIDE_EXCL_ZA_ABO_20260828,ACTIVE,2128451841880866,4002241086579018,18093283556539150,pastryskincare.co.za,0.0,0,0,,,0,,,0,,0,,0,,0,,,0.0,,,0,0,0,0,0,0,0,,,,,,,,,,"ads_get_ad_entities level=ad time_range 2026-08-30..2026-09-05, attribution per ad set (7d click/1d view), captured 2026-09-06 10:35 UTC"
L7,2026-08-30,2026-09-05,120248284938000393,W2__04__INNER_THIGH_COMBINATIONS,120248284914700393,PASTRY_W2_ZA_SOCIAL30_TEST,120248284911800393,PASTRY_TEST_REELS_ZA_W1_W3_ABO_20260828,ACTIVE,2504456496703261,1765130831287915,18168673036456579,pastryskincare.co.za,216.87,3944,2976,1.325269,54.99,78,1.978,2.78,64,0.821,9,0.141,4,0.444,1,0.25,0.0156,622.25,216.87,2.87,3602,269,935,491,337,252,226,5,0.075,0.26,0.063,0.0217,1,,12,0,"ads_get_ad_entities level=ad time_range 2026-08-30..2026-09-05, attribution per ad set (7d click/1d view), captured 2026-09-06 10:35 UTC"
L7,2026-08-30,2026-09-05,120248284944950393,W3__04__UNDERARM_ROUTINE,120248284917990393,PASTRY_W3_ZA_SHOPPING_INTENT_TEST,120248284911800393,PASTRY_TEST_REELS_ZA_W1_W3_ABO_20260828,ACTIVE,1754580525794575,1211001868769387,17954894079204205,pastryskincare.co.za,33.01,397,368,1.078804,83.15,4,1.008,8.25,4,1.0,4,1.0,0,0.0,0,,0.0,0.0,,,373,48,56,40,32,15,13,7,0.129,0.15,0.035,0.0107,1,,1,0,"ads_get_ad_entities level=ad time_range 2026-08-30..2026-09-05, attribution per ad set (7d click/1d view), captured 2026-09-06 10:35 UTC"
L7,2026-08-30,2026-09-05,120248284926410393,W1__03__BODY_PIGMENTATION_BY_AREA,120248284913190393,PASTRY_W1_ZA_FULL_SIGNAL_TEST,120248284911800393,PASTRY_TEST_REELS_ZA_W1_W3_ABO_20260828,ACTIVE,1048949520952779,1914320649954655,18186499423401828,pastryskincare.co.za,12.24,284,262,1.083969,43.1,3,1.056,4.08,2,0.667,1,0.5,0,0.0,0,,0.0,0.0,,,247,72,208,125,85,72,72,3,0.291,0.842,0.291,0.0121,,,,0,"ads_get_ad_entities level=ad time_range 2026-08-30..2026-09-05, attribution per ad set (7d click/1d view), captured 2026-09-06 10:35 UTC"
L7,2026-08-30,2026-09-05,120248284963040393,W5__05__BIKINI_LINE_ROUTINE,120248284920020393,PASTRY_W5_INTL_WORLDWIDE_SHOPPING_INTENT_TEST,120248284912210393,PASTRY_TEST_REELS_INTL_W4_W6_WORLDWIDE_EXCL_ZA_ABO_20260828,ACTIVE,1649439496393735,1074202545192821,17946071493057906,pastryskincare.co.za,0.0,0,0,,,0,,,0,,0,,0,,0,,,0.0,,,0,0,0,0,0,0,0,,,,,,,,,,"ads_get_ad_entities level=ad time_range 2026-08-30..2026-09-05, attribution per ad set (7d click/1d view), captured 2026-09-06 10:35 UTC"
L7,2026-08-30,2026-09-05,120248284955570393,W4__05__MINI_KIT_ROUTINE,120248284918900393,PASTRY_W4_INTL_WORLDWIDE_FULL_SIGNAL_TEST,120248284912210393,PASTRY_TEST_REELS_INTL_W4_W6_WORLDWIDE_EXCL_ZA_ABO_20260828,ACTIVE,916650614844230,1381662176760033,17983114709878629,pastryskincare.co.za,0.0,0,0,,,0,,,0,,0,,0,,0,,,0.0,,,0,0,0,0,0,0,0,,,,,,,,,,"ads_get_ad_entities level=ad time_range 2026-08-30..2026-09-05, attribution per ad set (7d click/1d view), captured 2026-09-06 10:35 UTC"
L7,2026-08-30,2026-09-05,120248284954150393,W4__03__HYALURONIC_HAND_CARE,120248284918900393,PASTRY_W4_INTL_WORLDWIDE_FULL_SIGNAL_TEST,120248284912210393,PASTRY_TEST_REELS_INTL_W4_W6_WORLDWIDE_EXCL_ZA_ABO_20260828,ACTIVE,28740252398891731,1390143549233068,18103775783599432,pastryskincare.co.za,0.0,0,0,,,0,,,0,,0,,0,,0,,,0.0,,,0,0,0,0,0,0,0,,,,,,,,,,"ads_get_ad_entities level=ad time_range 2026-08-30..2026-09-05, attribution per ad set (7d click/1d view), captured 2026-09-06 10:35 UTC"
L7,2026-08-30,2026-09-05,120248284960140393,W5__03__HAND_CARE_ROUTINE,120248284920020393,PASTRY_W5_INTL_WORLDWIDE_SHOPPING_INTENT_TEST,120248284912210393,PASTRY_TEST_REELS_INTL_W4_W6_WORLDWIDE_EXCL_ZA_ABO_20260828,ACTIVE,1062475416522925,1516950890188090,17943382473449613,pastryskincare.co.za,0.0,0,0,,,0,,,0,,0,,0,,0,,,0.0,,,0,0,0,0,0,0,0,,,,,,,,,,"ads_get_ad_entities level=ad time_range 2026-08-30..2026-09-05, attribution per ad set (7d click/1d view), captured 2026-09-06 10:35 UTC"
L7,2026-08-30,2026-09-05,120248284958260393,W5__02__ANTI_PIGMENTATION_HAND_CARE,120248284920020393,PASTRY_W5_INTL_WORLDWIDE_SHOPPING_INTENT_TEST,120248284912210393,PASTRY_TEST_REELS_INTL_W4_W6_WORLDWIDE_EXCL_ZA_ABO_20260828,ACTIVE,4535558553351159,1083181767593032,18128696389679709,pastryskincare.co.za,0.0,0,0,,,0,,,0,,0,,0,,0,,,0.0,,,0,0,0,0,0,0,0,,,,,,,,,,"ads_get_ad_entities level=ad time_range 2026-08-30..2026-09-05, attribution per ad set (7d click/1d view), captured 2026-09-06 10:35 UTC"
L7,2026-08-30,2026-09-05,120248284955030393,W4__04__EVENING_BODY_CARE_ADD_ON,120248284918900393,PASTRY_W4_INTL_WORLDWIDE_FULL_SIGNAL_TEST,120248284912210393,PASTRY_TEST_REELS_INTL_W4_W6_WORLDWIDE_EXCL_ZA_ABO_20260828,ACTIVE,2622955271467210,1805359010599170,18052883933565498,pastryskincare.co.za,0.0,0,0,,,0,,,0,,0,,0,,0,,,0.0,,,0,0,0,0,0,0,0,,,,,,,,,,"ads_get_ad_entities level=ad time_range 2026-08-30..2026-09-05, attribution per ad set (7d click/1d view), captured 2026-09-06 10:35 UTC"
L7,2026-08-30,2026-09-05,120248284949000393,W4__01__BODY_CARE_PAIRING,120248284918900393,PASTRY_W4_INTL_WORLDWIDE_FULL_SIGNAL_TEST,120248284912210393,PASTRY_TEST_REELS_INTL_W4_W6_WORLDWIDE_EXCL_ZA_ABO_20260828,ACTIVE,1759622798395052,1593719419079376,17942244288301078,pastryskincare.co.za,0.0,0,0,,,0,,,0,,0,,0,,0,,,0.0,,,0,0,0,0,0,0,0,,,,,,,,,,"ads_get_ad_entities level=ad time_range 2026-08-30..2026-09-05, attribution per ad set (7d click/1d view), captured 2026-09-06 10:35 UTC"
L7,2026-08-30,2026-09-05,120248284969850393,W6__04__NIACINAMIDE_BODY_MIST,120248284921000393,PASTRY_W6_INTL_WORLDWIDE_SKINCARE_INTENT_TEST,120248284912210393,PASTRY_TEST_REELS_INTL_W4_W6_WORLDWIDE_EXCL_ZA_ABO_20260828,ACTIVE,2029900707640980,1593896072410117,18387364795161272,pastryskincare.co.za,0.0,0,0,,,0,,,0,,0,,0,,0,,,0.0,,,0,0,0,0,0,0,0,,,,,,,,,,"ads_get_ad_entities level=ad time_range 2026-08-30..2026-09-05, attribution per ad set (7d click/1d view), captured 2026-09-06 10:35 UTC"
L7,2026-08-30,2026-09-05,120248284968390393,W6__03__BRIGHTENING_BODY_CARE_RESET,120248284921000393,PASTRY_W6_INTL_WORLDWIDE_SKINCARE_INTENT_TEST,120248284912210393,PASTRY_TEST_REELS_INTL_W4_W6_WORLDWIDE_EXCL_ZA_ABO_20260828,ACTIVE,1535307781176899,1434837162027961,18107225423144345,pastryskincare.co.za,0.0,0,0,,,0,,,0,,0,,0,,0,,,0.0,,,0,0,0,0,0,0,0,,,,,,,,,,"ads_get_ad_entities level=ad time_range 2026-08-30..2026-09-05, attribution per ad set (7d click/1d view), captured 2026-09-06 10:35 UTC"
L7,2026-08-30,2026-09-05,120248284966600393,W6__02__EVERYDAY_HAND_CARE,120248284921000393,PASTRY_W6_INTL_WORLDWIDE_SKINCARE_INTENT_TEST,120248284912210393,PASTRY_TEST_REELS_INTL_W4_W6_WORLDWIDE_EXCL_ZA_ABO_20260828,ACTIVE,897164369855291,2016963935621701,18350022016172587,pastryskincare.co.za,0.0,0,0,,,0,,,0,,0,,0,,0,,,0.0,,,0,0,0,0,0,0,0,,,,,,,,,,"ads_get_ad_entities level=ad time_range 2026-08-30..2026-09-05, attribution per ad set (7d click/1d view), captured 2026-09-06 10:35 UTC"
L7,2026-08-30,2026-09-05,120248284944650393,W3__03__BODY_SPECIFIC_SERUM,120248284917990393,PASTRY_W3_ZA_SHOPPING_INTENT_TEST,120248284911800393,PASTRY_TEST_REELS_ZA_W1_W3_ABO_20260828,ACTIVE,1760670345281405,1040029292069207,18101142794223347,pastryskincare.co.za,1271.74,21743,16681,1.303459,58.49,446,2.051,2.85,399,0.895,118,0.296,36,0.305,9,0.25,0.0226,8738.25,141.3,6.87,20477,3806,3909,2212,1449,1073,834,9,0.186,0.191,0.041,0.0218,20,6,93,5,"ads_get_ad_entities level=ad time_range 2026-08-30..2026-09-05, attribution per ad set (7d click/1d view), captured 2026-09-06 10:35 UTC"
L7,2026-08-30,2026-09-05,120248284922900393,W1__01__SALICYLIC_ACID_AND_VITAMIN_C,120248284913190393,PASTRY_W1_ZA_FULL_SIGNAL_TEST,120248284911800393,PASTRY_TEST_REELS_ZA_W1_W3_ABO_20260828,ACTIVE,2050311515844483,1794498635041481,18099052280209045,pastryskincare.co.za,50.33,1323,1229,1.076485,38.04,22,1.663,2.29,22,1.0,11,0.5,3,0.273,1,0.333,0.0455,1584.0,50.33,31.47,1262,151,201,119,81,62,55,7,0.12,0.159,0.044,0.0174,4,1,4,0,"ads_get_ad_entities level=ad time_range 2026-08-30..2026-09-05, attribution per ad set (7d click/1d view), captured 2026-09-06 10:35 UTC"
L7,2026-08-30,2026-09-05,120248284946200393,W3__05__FIVE_PRODUCT_GUIDE,120248284917990393,PASTRY_W3_ZA_SHOPPING_INTENT_TEST,120248284911800393,PASTRY_TEST_REELS_ZA_W1_W3_ABO_20260828,ACTIVE,1738342593737521,1616827743571675,17901773928549544,pastryskincare.co.za,20.73,301,264,1.140152,68.87,7,2.326,2.96,8,1.143,2,0.25,1,0.5,0,0.0,0.0,0.0,,,247,32,30,23,18,17,11,9,0.13,0.121,0.045,0.0283,2,,1,0,"ads_get_ad_entities level=ad time_range 2026-08-30..2026-09-05, attribution per ad set (7d click/1d view), captured 2026-09-06 10:35 UTC"
L7,2026-08-30,2026-09-05,120248284939180393,W2__05__PASTRY_PREMIUM_FAQ,120248284914700393,PASTRY_W2_ZA_SOCIAL30_TEST,120248284911800393,PASTRY_TEST_REELS_ZA_W1_W3_ABO_20260828,ACTIVE,1389786629919253,1937680153565157,17948069391039064,pastryskincare.co.za,60.49,865,669,1.292975,69.93,21,2.428,2.88,20,0.952,2,0.1,1,0.5,0,0.0,0.0,0.0,,,781,104,90,61,42,40,31,8,0.133,0.115,0.04,0.0269,,,7,0,"ads_get_ad_entities level=ad time_range 2026-08-30..2026-09-05, attribution per ad set (7d click/1d view), captured 2026-09-06 10:35 UTC"
L7,2026-08-30,2026-09-05,120248284941210393,W3__01__CHOOSE_BODY_WASH_BY_CONCERN,120248284917990393,PASTRY_W3_ZA_SHOPPING_INTENT_TEST,120248284911800393,PASTRY_TEST_REELS_ZA_W1_W3_ABO_20260828,ACTIVE,795955873574185,947375435055153,17948706084037527,pastryskincare.co.za,119.61,3057,2689,1.136854,39.13,99,3.238,1.21,85,0.859,10,0.118,3,0.3,1,0.333,0.0118,970.0,119.61,8.11,2846,612,828,609,487,393,246,9,0.215,0.291,0.086,0.0348,5,,7,0,"ads_get_ad_entities level=ad time_range 2026-08-30..2026-09-05, attribution per ad set (7d click/1d view), captured 2026-09-06 10:35 UTC"
L7,2026-08-30,2026-09-05,120248284936140393,W2__03__BODY_CARE_JOURNEY,120248284914700393,PASTRY_W2_ZA_SOCIAL30_TEST,120248284911800393,PASTRY_TEST_REELS_ZA_W1_W3_ABO_20260828,ACTIVE,1036641345651931,1356857919885627,18409947541159460,pastryskincare.co.za,58.31,1084,898,1.207127,53.79,14,1.292,4.17,15,1.071,0,0.0,1,,0,0.0,0.0,0.0,,,978,89,75,27,21,10,7,5,0.091,0.077,0.007,0.0143,,,4,0,"ads_get_ad_entities level=ad time_range 2026-08-30..2026-09-05, attribution per ad set (7d click/1d view), captured 2026-09-06 10:35 UTC"
L7,2026-08-30,2026-09-05,120248284933230393,W2__02__ROUGH_BUMP_ROUTINE,120248284914700393,PASTRY_W2_ZA_SOCIAL30_TEST,120248284911800393,PASTRY_TEST_REELS_ZA_W1_W3_ABO_20260828,ACTIVE,2101839031212801,1028459383291355,18480202000108225,pastryskincare.co.za,12.94,205,181,1.132597,63.12,8,3.902,1.62,7,0.875,3,0.429,3,1.0,0,0.0,0.0,0.0,,,185,24,22,10,3,2,1,7,0.13,0.119,0.005,0.0432,,,1,0,"ads_get_ad_entities level=ad time_range 2026-08-30..2026-09-05, attribution per ad set (7d click/1d view), captured 2026-09-06 10:35 UTC"
L7,2026-08-30,2026-09-05,120248284943530393,W3__02__BODY_ACNE_SOLUTION,120248284917990393,PASTRY_W3_ZA_SHOPPING_INTENT_TEST,120248284911800393,PASTRY_TEST_REELS_ZA_W1_W3_ABO_20260828,ACTIVE,1673149103765536,1024884870346149,17894570910595157,pastryskincare.co.za,297.69,12332,11105,1.110491,24.14,188,1.524,1.58,135,0.718,29,0.215,14,0.483,4,0.286,0.0296,3605.75,74.42,12.11,11722,1212,3045,2061,1512,1225,1195,4,0.103,0.26,0.102,0.016,5,,13,1,"ads_get_ad_entities level=ad time_range 2026-08-30..2026-09-05, attribution per ad set (7d click/1d view), captured 2026-09-06 10:35 UTC"
L7,2026-08-30,2026-09-05,120248284932400393,W2__01__INNER_THIGH_ROUTINE,120248284914700393,PASTRY_W2_ZA_SOCIAL30_TEST,120248284911800393,PASTRY_TEST_REELS_ZA_W1_W3_ABO_20260828,ACTIVE,1078726171766785,2555843638218482,18362479630212526,pastryskincare.co.za,1393.62,21679,12689,1.708488,64.28,433,1.997,3.22,371,0.857,127,0.342,55,0.433,19,0.345,0.0512,16708.75,73.35,11.99,20133,2096,2918,1601,909,595,494,5,0.104,0.145,0.025,0.0215,18,4,107,0,"ads_get_ad_entities level=ad time_range 2026-08-30..2026-09-05, attribution per ad set (7d click/1d view), captured 2026-09-06 10:35 UTC"
L7,2026-08-30,2026-09-05,120248284929570393,W1__05__HAND_CREAMS_BY_NEED,120248284913190393,PASTRY_W1_ZA_FULL_SIGNAL_TEST,120248284911800393,PASTRY_TEST_REELS_ZA_W1_W3_ABO_20260828,ACTIVE,2000824997974370,1393923599331521,18109345202471107,pastryskincare.co.za,161.94,4706,4281,1.099276,34.41,103,2.189,1.57,81,0.786,19,0.235,8,0.421,3,0.375,0.037,2025.75,53.98,12.51,4460,356,521,372,294,238,212,4,0.08,0.117,0.048,0.0231,2,2,7,0,"ads_get_ad_entities level=ad time_range 2026-08-30..2026-09-05, attribution per ad set (7d click/1d view), captured 2026-09-06 10:35 UTC"
L7,2026-08-30,2026-09-05,120248284928040393,W1__04__STRETCH_MARK_ROUTINE,120248284913190393,PASTRY_W1_ZA_FULL_SIGNAL_TEST,120248284911800393,PASTRY_TEST_REELS_ZA_W1_W3_ABO_20260828,ACTIVE,2137843480105917,1279828150741897,18117519449506692,pastryskincare.co.za,200.85,4476,3778,1.184754,44.87,193,4.312,1.04,176,0.912,17,0.097,4,0.235,1,0.25,0.0057,622.25,200.85,3.1,4194,588,485,337,264,201,148,13,0.14,0.116,0.035,0.046,20,1,30,1,"ads_get_ad_entities level=ad time_range 2026-08-30..2026-09-05, attribution per ad set (7d click/1d view), captured 2026-09-06 10:35 UTC"
L7,2026-08-30,2026-09-05,120248284925050393,W1__02__UNDERARM_PIGMENTATION_AND_SWEAT,120248284913190393,PASTRY_W1_ZA_FULL_SIGNAL_TEST,120248284911800393,PASTRY_TEST_REELS_ZA_W1_W3_ABO_20260828,ACTIVE,1105133075290115,1376924207957298,18348472762247625,pastryskincare.co.za,1321.63,25222,19923,1.265974,52.4,478,1.895,2.76,446,0.933,90,0.202,32,0.356,7,0.219,0.0157,4975.25,188.8,3.76,23725,2583,3449,2452,1904,1164,939,5,0.109,0.145,0.04,0.0201,17,1,54,6,"ads_get_ad_entities level=ad time_range 2026-08-30..2026-09-05, attribution per ad set (7d click/1d view), captured 2026-09-06 10:35 UTC"
L7,2026-08-30,2026-09-05,120247999503610393,PASTRY_A2_ZA_SOCIAL_SIGNALS_UNION__BODY_ACNE_SOLUTION,120247983150600393,PASTRY_A2_ZA_SOCIAL_SIGNALS_UNION,120247983147880393,PASTRY_WINNERS_2AUD_APR_TO_DATE_20260814,ACTIVE,1673149103765536,1024884870346149,17894570910595157,pastryskincare.co.za,172.7,3893,3243,1.200432,44.36,79,2.029,2.19,65,0.823,20,0.308,9,0.45,2,0.222,0.0308,1614.0,86.35,9.35,3579,423,991,699,536,433,420,5,0.118,0.277,0.117,0.0221,1,1,6,0,"ads_get_ad_entities level=ad time_range 2026-08-30..2026-09-05, attribution per ad set (7d click/1d view), captured 2026-09-06 10:35 UTC"
L7,2026-08-30,2026-09-05,120247999500050393,PASTRY_A1_ZA_BROAD_NEW_EXCL_SIGNALS__SALICYLIC_VITAMIN_C_EXACT,120247983149820393,PASTRY_A1_ZA_BROAD_NEW_EXCL_SIGNALS,120247983147880393,PASTRY_WINNERS_2AUD_APR_TO_DATE_20260814,ACTIVE,2141198163103531,1716832676218332,18089893955557030,pastryskincare.co.za,469.89,10627,9362,1.135121,44.22,218,2.051,2.16,194,0.89,13,0.067,14,1.077,5,0.357,0.0258,3765.75,93.98,8.01,9953,986,1394,726,510,373,319,6,0.099,0.14,0.032,0.0219,23,,38,4,"ads_get_ad_entities level=ad time_range 2026-08-30..2026-09-05, attribution per ad set (7d click/1d view), captured 2026-09-06 10:35 UTC"
L7,2026-08-30,2026-09-05,120247999504000393,PASTRY_A2_ZA_SOCIAL_SIGNALS_UNION__DRY_BRUSHING_ROUTINE,120247983150600393,PASTRY_A2_ZA_SOCIAL_SIGNALS_UNION,120247983147880393,PASTRY_WINNERS_2AUD_APR_TO_DATE_20260814,ACTIVE,1583181246838108,1587207956355921,18007465448764457,pastryskincare.co.za,342.09,5878,4724,1.244285,58.2,135,2.297,2.53,111,0.822,16,0.144,6,0.375,5,0.833,0.045,3501.25,68.42,10.23,5373,785,941,631,497,392,343,7,0.146,0.175,0.064,0.0251,6,,20,0,"ads_get_ad_entities level=ad time_range 2026-08-30..2026-09-05, attribution per ad set (7d click/1d view), captured 2026-09-06 10:35 UTC"
L7,2026-08-30,2026-09-05,120247999503210393,PASTRY_A2_ZA_SOCIAL_SIGNALS_UNION__DARK_UNDERARM_INGREDIENTS,120247983150600393,PASTRY_A2_ZA_SOCIAL_SIGNALS_UNION,120247983147880393,PASTRY_WINNERS_2AUD_APR_TO_DATE_20260814,ACTIVE,28412527811717756,1065523956033626,18328649092285943,pastryskincare.co.za,1763.68,41832,30190,1.385624,42.16,680,1.626,2.59,579,0.851,178,0.307,64,0.36,10,0.156,0.0173,8123.25,176.37,4.61,39402,3940,9956,5154,3616,2677,2325,5,0.1,0.253,0.059,0.0173,18,3,118,2,"ads_get_ad_entities level=ad time_range 2026-08-30..2026-09-05, attribution per ad set (7d click/1d view), captured 2026-09-06 10:35 UTC"
L7,2026-08-30,2026-09-05,120247999502800393,PASTRY_A2_ZA_SOCIAL_SIGNALS_UNION__STRETCH_MARK_ROUTINE,120247983150600393,PASTRY_A2_ZA_SOCIAL_SIGNALS_UNION,120247983147880393,PASTRY_WINNERS_2AUD_APR_TO_DATE_20260814,ACTIVE,1583817143389284,885855224329058,18111724246804433,pastryskincare.co.za,170.02,2718,1946,1.396711,62.55,97,3.569,1.75,85,0.876,22,0.259,13,0.591,3,0.231,0.0353,3242.25,56.67,19.07,2495,313,250,184,148,114,91,9,0.125,0.1,0.036,0.0389,9,,19,0,"ads_get_ad_entities level=ad time_range 2026-08-30..2026-09-05, attribution per ad set (7d click/1d view), captured 2026-09-06 10:35 UTC"
L7,2026-08-30,2026-09-05,120247999501100393,PASTRY_A1_ZA_BROAD_NEW_EXCL_SIGNALS__ANTI_PIGMENT_HAND_CREAM,120247983149820393,PASTRY_A1_ZA_BROAD_NEW_EXCL_SIGNALS,120247983147880393,PASTRY_WINNERS_2AUD_APR_TO_DATE_20260814,ACTIVE,1542319103969645,999896326092090,17892363399551598,pastryskincare.co.za,1968.2,31000,24650,1.257606,63.49,846,2.729,2.33,702,0.83,71,0.101,36,0.507,13,0.361,0.0185,9995.0,151.4,5.08,29338,3205,3452,2031,1328,993,880,7,0.109,0.118,0.03,0.0288,23,10,183,14,"ads_get_ad_entities level=ad time_range 2026-08-30..2026-09-05, attribution per ad set (7d click/1d view), captured 2026-09-06 10:35 UTC"
L7,2026-08-30,2026-09-05,120247999502140393,PASTRY_A1_ZA_BROAD_NEW_EXCL_SIGNALS__PREMIUM_BODY_EXACT,120247983149820393,PASTRY_A1_ZA_BROAD_NEW_EXCL_SIGNALS,120247983147880393,PASTRY_WINNERS_2AUD_APR_TO_DATE_20260814,ACTIVE,996050220134487,1664964501661670,18072218867407431,pastryskincare.co.za,7.34,62,57,1.087719,118.39,0,0.0,,0,,0,,0,,0,,,0.0,,,57,6,6,1,1,1,1,6,0.105,0.105,0.018,0.0,,,,0,"ads_get_ad_entities level=ad time_range 2026-08-30..2026-09-05, attribution per ad set (7d click/1d view), captured 2026-09-06 10:35 UTC"
L7,2026-08-30,2026-09-05,120239424374880393,DPA_Past_Purchasers,120239424374900393,PASTRY_DPA_Broad_Acq_3,120239423593780393,PASTRY_DPA_Broad_Acquisition,ACTIVE,1630677048061128,,18100256381023152,,2204.92,59265,25248,2.347315,37.2,1166,1.967,1.89,1065,0.913,303,0.285,132,0.436,36,0.273,0.0338,31213.75,61.25,14.16,0,0,0,0,0,0,0,,,,,,4,2,52,0,"ads_get_ad_entities level=ad time_range 2026-08-30..2026-09-05, attribution per ad set (7d click/1d view), captured 2026-09-06 10:35 UTC"
L7,2026-08-30,2026-09-05,120239423593790393,DPA_Cart_Abandoners,120239423593800393,PASTRY_DPA_Broad_Acq_1,120239423593780393,PASTRY_DPA_Broad_Acquisition,ACTIVE,2310973609402332,,18114435070781788,,1534.69,26140,11486,2.275814,58.71,565,2.161,2.72,538,0.952,164,0.305,83,0.506,21,0.253,0.039,15857.75,73.08,10.33,0,0,0,0,0,0,0,,,,,,5,1,51,10,"ads_get_ad_entities level=ad time_range 2026-08-30..2026-09-05, attribution per ad set (7d click/1d view), captured 2026-09-06 10:35 UTC"
L7,2026-08-30,2026-09-05,120239424374910393,DPA_Product_Viewers,120239424374890393,PASTRY_DPA_Broad_Acq_2,120239423593780393,PASTRY_DPA_Broad_Acquisition,ACTIVE,26206822805650383,,18110751434162734,,1859.9,45367,21007,2.159613,41.0,1007,2.22,1.85,959,0.952,214,0.223,116,0.542,34,0.293,0.0355,26071.25,54.7,14.02,0,0,0,0,0,0,0,,,,,,10,,40,5,"ads_get_ad_entities level=ad time_range 2026-08-30..2026-09-05, attribution per ad set (7d click/1d view), captured 2026-09-06 10:35 UTC"
L7,2026-08-30,2026-09-05,120247752560730393,PASTRY_TEST_W1_4_STRETCH-MARK_ROUTINE_18082188059569414,120247751713780393,PASTRY_W1_Broad_Creative_Test_5Ads,120247750787550393,PASTRY_TEST_Creative_Broad_20260805,CAMPAIGN_PAUSED,2137843480105917,1279828150741897,18117519449506692,pastryskincare.co.za,0.0,0,0,,,0,,,0,,0,,0,,0,,,0.0,,,0,0,0,0,0,0,0,,,,,,,,,,"ads_get_ad_entities level=ad time_range 2026-08-30..2026-09-05, attribution per ad set (7d click/1d view), captured 2026-09-06 10:35 UTC"
L7,2026-08-30,2026-09-05,120247752487940393,PASTRY_TEST_W1_01_CERT_CANARY_17980098578992167,120247751713780393,PASTRY_W1_Broad_Creative_Test_5Ads,120247750787550393,PASTRY_TEST_Creative_Broad_20260805,CAMPAIGN_PAUSED,2050311515844483,1794498635041481,18099052280209045,pastryskincare.co.za,0.0,0,0,,,0,,,0,,0,,0,,0,,,0.0,,,0,0,0,0,0,0,0,,,,,,,,,,"ads_get_ad_entities level=ad time_range 2026-08-30..2026-09-05, attribution per ad set (7d click/1d view), captured 2026-09-06 10:35 UTC"
L7,2026-08-30,2026-09-05,120247752558630393,PASTRY_TEST_W1_3_BODY_PIGMENTATION_BY_AREA_18097918024986477,120247751713780393,PASTRY_W1_Broad_Creative_Test_5Ads,120247750787550393,PASTRY_TEST_Creative_Broad_20260805,CAMPAIGN_PAUSED,1048949520952779,1914320649954655,18186499423401828,pastryskincare.co.za,0.0,0,0,,,0,,,0,,0,,0,,0,,,0.0,,,0,0,0,0,0,0,0,,,,,,,,,,"ads_get_ad_entities level=ad time_range 2026-08-30..2026-09-05, attribution per ad set (7d click/1d view), captured 2026-09-06 10:35 UTC"
L7,2026-08-30,2026-09-05,120239422736530393,The Pastry Premium Body,120239422623010393,AS2_Body_Care_Broad,120239422422250393,PASTRY_Main_Revenue,CAMPAIGN_PAUSED,2412338129276655,2092639671599573,17929594761095845,,0.0,0,0,,,0,,,0,,0,,0,,0,,,0.0,,,0,0,0,0,0,0,0,,,,,,,,,,"ads_get_ad_entities level=ad time_range 2026-08-30..2026-09-05, attribution per ad set (7d click/1d view), captured 2026-09-06 10:35 UTC"
L7,2026-08-30,2026-09-05,120239422623020393,The perfect gift for yourself ad,120239422623010393,AS2_Body_Care_Broad,120239422422250393,PASTRY_Main_Revenue,CAMPAIGN_PAUSED,2029084745161865,1718159162937839,18086327558629012,,0.0,0,0,,,0,,,0,,0,,0,,0,,,0.0,,,0,0,0,0,0,0,0,,,,,,,,,,"ads_get_ad_entities level=ad time_range 2026-08-30..2026-09-05, attribution per ad set (7d click/1d view), captured 2026-09-06 10:35 UTC"
L7,2026-08-30,2026-09-05,120247752556990393,PASTRY_TEST_W1_2_UNDERARM_PIGMENTATION_AND_SWEAT_18110742607583088,120247751713780393,PASTRY_W1_Broad_Creative_Test_5Ads,120247750787550393,PASTRY_TEST_Creative_Broad_20260805,CAMPAIGN_PAUSED,1105133075290115,1376924207957298,18348472762247625,pastryskincare.co.za,0.0,0,0,,,0,,,0,,0,,0,,0,,,0.0,,,0,0,0,0,0,0,0,,,,,,,,,,"ads_get_ad_entities level=ad time_range 2026-08-30..2026-09-05, attribution per ad set (7d click/1d view), captured 2026-09-06 10:35 UTC"
L7,2026-08-30,2026-09-05,120247752562960393,PASTRY_TEST_W1_5_HAND_CREAMS_BY_NEED_18088164878137902,120247751713780393,PASTRY_W1_Broad_Creative_Test_5Ads,120247750787550393,PASTRY_TEST_Creative_Broad_20260805,CAMPAIGN_PAUSED,2000824997974370,1393923599331521,18109345202471107,pastryskincare.co.za,0.0,0,0,,,0,,,0,,0,,0,,0,,,0.0,,,0,0,0,0,0,0,0,,,,,,,,,,"ads_get_ad_entities level=ad time_range 2026-08-30..2026-09-05, attribution per ad set (7d click/1d view), captured 2026-09-06 10:35 UTC"
L7,2026-08-30,2026-09-05,120246229373460393,5 years of Pastry Skincar,120246229373450393,AS2 test.,120243641897420393,main,CAMPAIGN_PAUSED,1016327727870773,997715983092345,18124521952640426,,0.0,0,0,,,0,,,0,,0,,0,,0,,,0.0,,,0,0,0,0,0,0,0,,,,,,,,,,"ads_get_ad_entities level=ad time_range 2026-08-30..2026-09-05, attribution per ad set (7d click/1d view), captured 2026-09-06 10:35 UTC"
L7,2026-08-30,2026-09-05,120246229373440393,Looks like there’s a Pastry S,120246229373450393,AS2 test.,120243641897420393,main,CAMPAIGN_PAUSED,1011306704837234,1672595620672869,18109298293942058,,0.0,0,0,,,0,,,0,,0,,0,,0,,,0.0,,,0,0,0,0,0,0,0,,,,,,,,,,"ads_get_ad_entities level=ad time_range 2026-08-30..2026-09-05, attribution per ad set (7d click/1d view), captured 2026-09-06 10:35 UTC"
L7,2026-08-30,2026-09-05,120246229373430393,"A trip for stretch marks,",120246229373450393,AS2 test.,120243641897420393,main,CAMPAIGN_PAUSED,1661405598251187,983231577847209,18585152830028876,,0.0,0,0,,,0,,,0,,0,,0,,0,,,0.0,,,0,0,0,0,0,0,0,,,,,,,,,,"ads_get_ad_entities level=ad time_range 2026-08-30..2026-09-05, attribution per ad set (7d click/1d view), captured 2026-09-06 10:35 UTC"
L7,2026-08-30,2026-09-05,120246229373470393,Anti-Pigment Hand Cream,120246229373450393,AS2 test.,120243641897420393,main,CAMPAIGN_PAUSED,1542319103969645,999896326092090,17892363399551598,,0.0,0,0,,,0,,,0,,0,,0,,0,,,0.0,,,0,0,0,0,0,0,0,,,,,,,,,,"ads_get_ad_entities level=ad time_range 2026-08-30..2026-09-05, attribution per ad set (7d click/1d view), captured 2026-09-06 10:35 UTC"
L7,2026-08-30,2026-09-05,120243642260550393,The Pastry Skincare Brightening Oil,120243641897430393,AS1_Hyperpigmentation,120243641897420393,main,CAMPAIGN_PAUSED,3510751079075102,1641367773745950,18115459114826723,,0.0,0,0,,,0,,,0,,0,,0,,0,,,0.0,,,0,0,0,0,0,0,0,,,,,,,,,,"ads_get_ad_entities level=ad time_range 2026-08-30..2026-09-05, attribution per ad set (7d click/1d view), captured 2026-09-06 10:35 UTC"
L7,2026-08-30,2026-09-05,120243642257330393,Salicylic Acid + Vitamin C,120243641897430393,AS1_Hyperpigmentation,120243641897420393,main,CAMPAIGN_PAUSED,1487817019559391,25861228210220968,18088093730346995,,0.0,0,0,,,0,,,0,,0,,0,,0,,,0.0,,,0,0,0,0,0,0,0,,,,,,,,,,"ads_get_ad_entities level=ad time_range 2026-08-30..2026-09-05, attribution per ad set (7d click/1d view), captured 2026-09-06 10:35 UTC"
L7,2026-08-30,2026-09-05,120243641897440393,A trip for stretch marks,120243641897430393,AS1_Hyperpigmentation,120243641897420393,main,CAMPAIGN_PAUSED,1052941484078554,1689150382402402,18080572940228591,,0.0,0,0,,,0,,,0,,0,,0,,0,,,0.0,,,0,0,0,0,0,0,0,,,,,,,,,,"ads_get_ad_entities level=ad time_range 2026-08-30..2026-09-05, attribution per ad set (7d click/1d view), captured 2026-09-06 10:35 UTC"
L7,2026-08-30,2026-09-05,120243642264470393,It’s the long weekend,120243641897430393,AS1_Hyperpigmentation,120243641897420393,main,CAMPAIGN_PAUSED,1014884021106011,1921319731776573,18104764099783085,,0.0,0,0,,,0,,,0,,0,,0,,0,,,0.0,,,0,0,0,0,0,0,0,,,,,,,,,,"ads_get_ad_entities level=ad time_range 2026-08-30..2026-09-05, attribution per ad set (7d click/1d view), captured 2026-09-06 10:35 UTC"
L7,2026-08-30,2026-09-05,120239425444650393,160K_Trust,120239424940600393,CT_All_Creatives,120239424940590393,PASTRY_Creative_Testing,CAMPAIGN_PAUSED,760239677131862,,18106524350510957,,0.0,0,0,,,0,,,0,,0,,0,,0,,,0.0,,,0,0,0,0,0,0,0,,,,,,,,,,"ads_get_ad_entities level=ad time_range 2026-08-30..2026-09-05, attribution per ad set (7d click/1d view), captured 2026-09-06 10:35 UTC"
L7,2026-08-30,2026-09-05,120243587895060393,Ingredient_Science,120243587895120393,AS2_Body_Care_Broad,120243587895050393,PASTRY_Main_Revenue - Copy,CAMPAIGN_PAUSED,1509938747279557,,,,0.0,0,0,,,0,,,0,,0,,0,,0,,,0.0,,,0,0,0,0,0,0,0,,,,,,,,,,"ads_get_ad_entities level=ad time_range 2026-08-30..2026-09-05, attribution per ad set (7d click/1d view), captured 2026-09-06 10:35 UTC"
L7,2026-08-30,2026-09-05,120239425444640393,Mini_Kit_Entry,120239424940600393,CT_All_Creatives,120239424940590393,PASTRY_Creative_Testing,CAMPAIGN_PAUSED,1451951969918331,,17982298493806433,,0.0,0,0,,,0,,,0,,0,,0,,0,,,0.0,,,0,0,0,0,0,0,0,,,,,,,,,,"ads_get_ad_entities level=ad time_range 2026-08-30..2026-09-05, attribution per ad set (7d click/1d view), captured 2026-09-06 10:35 UTC"
L7,2026-08-30,2026-09-05,120239425444660393,Dark_Underarms,120239424940600393,CT_All_Creatives,120239424940590393,PASTRY_Creative_Testing,CAMPAIGN_PAUSED,1635050247942247,,18109564912759297,,0.0,0,0,,,0,,,0,,0,,0,,0,,,0.0,,,0,0,0,0,0,0,0,,,,,,,,,,"ads_get_ad_entities level=ad time_range 2026-08-30..2026-09-05, attribution per ad set (7d click/1d view), captured 2026-09-06 10:35 UTC"
L7,2026-08-30,2026-09-05,120239424940610393,Nobody_Talks_About_It,120239424940600393,CT_All_Creatives,120239424940590393,PASTRY_Creative_Testing,CAMPAIGN_PAUSED,1823463661680081,,18092985185039002,,0.0,0,0,,,0,,,0,,0,,0,,0,,,0.0,,,0,0,0,0,0,0,0,,,,,,,,,,"ads_get_ad_entities level=ad time_range 2026-08-30..2026-09-05, attribution per ad set (7d click/1d view), captured 2026-09-06 10:35 UTC"
L7,2026-08-30,2026-09-05,120239425444670393,Your_Body_Deserves_Actives,120239424940600393,CT_All_Creatives,120239424940590393,PASTRY_Creative_Testing,CAMPAIGN_PAUSED,1635050247942247,,18109564912759297,,0.0,0,0,,,0,,,0,,0,,0,,0,,,0.0,,,0,0,0,0,0,0,0,,,,,,,,,,"ads_get_ad_entities level=ad time_range 2026-08-30..2026-09-05, attribution per ad set (7d click/1d view), captured 2026-09-06 10:35 UTC"
L7,2026-08-30,2026-09-05,120242903364060393,Brand_Story,120242903364040393,AS2_Body_Care_Broad,120242903364050393,PASTRY_Main_Revenue - Copy,CAMPAIGN_PAUSED,3368191686688839,862925869415455,18097443343970863,,0.0,0,0,,,0,,,0,,0,,0,,0,,,0.0,,,0,0,0,0,0,0,0,,,,,,,,,,"ads_get_ad_entities level=ad time_range 2026-08-30..2026-09-05, attribution per ad set (7d click/1d view), captured 2026-09-06 10:35 UTC"
L7,2026-08-30,2026-09-05,120239422780760393,Not a single lie ad,120239422623010393,AS2_Body_Care_Broad,120239422422250393,PASTRY_Main_Revenue,WITH_ISSUES,1483521409561432,1529064368707257,,,0.0,0,0,,,0,,,0,,0,,0,,0,,,0.0,,,0,0,0,0,0,0,0,,,,,,,,,,"ads_get_ad_entities level=ad time_range 2026-08-30..2026-09-05, attribution per ad set (7d click/1d view), captured 2026-09-06 10:35 UTC"
L7,2026-08-30,2026-09-05,120239422422240393,new… Pastry Premium,120239422422230393,AS1_Hyperpigmentation,120239422422250393,PASTRY_Main_Revenue,WITH_ISSUES,36594101976905126,1520450669559823,,,0.0,0,0,,,0,,,0,,0,,0,,0,,,0.0,,,0,0,0,0,0,0,0,,,,,,,,,,"ads_get_ad_entities level=ad time_range 2026-08-30..2026-09-05, attribution per ad set (7d click/1d view), captured 2026-09-06 10:35 UTC"
L7,2026-08-30,2026-09-05,120239422499600393,hand cream,120239422422230393,AS1_Hyperpigmentation,120239422422250393,PASTRY_Main_Revenue,WITH_ISSUES,1006687488994923,,18327470974255215,,0.0,0,0,,,0,,,0,,0,,0,,0,,,0.0,,,0,0,0,0,0,0,0,,,,,,,,,,"ads_get_ad_entities level=ad time_range 2026-08-30..2026-09-05, attribution per ad set (7d click/1d view), captured 2026-09-06 10:35 UTC"
L7,2026-08-30,2026-09-05,120247999500510393,PASTRY_A1_ZA_BROAD_NEW_EXCL_SIGNALS__FIVE_YEARS_EVERGREEN,120247983149820393,PASTRY_A1_ZA_BROAD_NEW_EXCL_SIGNALS,120247983147880393,PASTRY_WINNERS_2AUD_APR_TO_DATE_20260814,PAUSED,1672356397190835,3444115785767368,17951195124249902,pastryskincare.co.za,0.0,0,0,,,0,,,0,,0,,0,,0,,,0.0,,,0,0,0,0,0,0,0,,,,,,,,,,"ads_get_ad_entities level=ad time_range 2026-08-30..2026-09-05, attribution per ad set (7d click/1d view), captured 2026-09-06 10:35 UTC"
L7,2026-08-30,2026-09-05,120247752611270393,PASTRY_TEST_W3_14_UNDERARM_ROUTINE_18326815609264405,120247751718430393,PASTRY_W3_Broad_Creative_Test_5Ads,120247750787550393,PASTRY_TEST_Creative_Broad_20260805,PAUSED,1754580525794575,1211001868769387,17954894079204205,pastryskincare.co.za,0.0,0,0,,,0,,,0,,0,,0,,0,,,0.0,,,0,0,0,0,0,0,0,,,,,,,,,,"ads_get_ad_entities level=ad time_range 2026-08-30..2026-09-05, attribution per ad set (7d click/1d view), captured 2026-09-06 10:35 UTC"
L7,2026-08-30,2026-09-05,120247752594940393,PASTRY_TEST_W3_11_BODY-WASH_SELECTION_18580945912058801,120247751718430393,PASTRY_W3_Broad_Creative_Test_5Ads,120247750787550393,PASTRY_TEST_Creative_Broad_20260805,PAUSED,795955873574185,947375435055153,17948706084037527,pastryskincare.co.za,0.0,0,0,,,0,,,0,,0,,0,,0,,,0.0,,,0,0,0,0,0,0,0,,,,,,,,,,"ads_get_ad_entities level=ad time_range 2026-08-30..2026-09-05, attribution per ad set (7d click/1d view), captured 2026-09-06 10:35 UTC"
L7,2026-08-30,2026-09-05,120247752640290393,PASTRY_TEST_W4_17_ROUGH-BUMP_ROUTINE_18073328642536924,120247751720360393,PASTRY_W4_Broad_Creative_Test_5Ads,120247750787550393,PASTRY_TEST_Creative_Broad_20260805,PAUSED,1297965305546009,1250369430507064,18087857618645491,pastryskincare.co.za,0.0,0,0,,,0,,,0,,0,,0,,0,,,0.0,,,0,0,0,0,0,0,0,,,,,,,,,,"ads_get_ad_entities level=ad time_range 2026-08-30..2026-09-05, attribution per ad set (7d click/1d view), captured 2026-09-06 10:35 UTC"
L7,2026-08-30,2026-09-05,120247752654130393,PASTRY_TEST_W4_19_PIGMENTATION_COMBO_UPGRADE_17856576477655752,120247751720360393,PASTRY_W4_Broad_Creative_Test_5Ads,120247750787550393,PASTRY_TEST_Creative_Broad_20260805,PAUSED,947326541716183,2215771099210119,18213390817354295,pastryskincare.co.za,0.0,0,0,,,0,,,0,,0,,0,,0,,,0.0,,,0,0,0,0,0,0,0,,,,,,,,,,"ads_get_ad_entities level=ad time_range 2026-08-30..2026-09-05, attribution per ad set (7d click/1d view), captured 2026-09-06 10:35 UTC"
L7,2026-08-30,2026-09-05,120247752598620393,PASTRY_TEST_W3_12_BODY-ACNE_SOLUTION_17999035397957060,120247751718430393,PASTRY_W3_Broad_Creative_Test_5Ads,120247750787550393,PASTRY_TEST_Creative_Broad_20260805,PAUSED,1673149103765536,1024884870346149,17894570910595157,pastryskincare.co.za,0.0,0,0,,,0,,,0,,0,,0,,0,,,0.0,,,0,0,0,0,0,0,0,,,,,,,,,,"ads_get_ad_entities level=ad time_range 2026-08-30..2026-09-05, attribution per ad set (7d click/1d view), captured 2026-09-06 10:35 UTC"
L7,2026-08-30,2026-09-05,120247752748990393,PASTRY_TEST_W5_24_DARK-UNDERARM_INGREDIENTS_18102467252120977,120247751722120393,PASTRY_W5_Broad_Creative_Test_5Ads,120247750787550393,PASTRY_TEST_Creative_Broad_20260805,PAUSED,28412527811717756,1065523956033626,18328649092285943,pastryskincare.co.za,0.0,0,0,,,0,,,0,,0,,0,,0,,,0.0,,,0,0,0,0,0,0,0,,,,,,,,,,"ads_get_ad_entities level=ad time_range 2026-08-30..2026-09-05, attribution per ad set (7d click/1d view), captured 2026-09-06 10:35 UTC"
L7,2026-08-30,2026-09-05,120247752783500393,PASTRY_TEST_W6_28_SUNDAY_BRIGHTENING_RESET_17881765914398772,120247751723950393,PASTRY_W6_Broad_Creative_Test_5Ads,120247750787550393,PASTRY_TEST_Creative_Broad_20260805,PAUSED,1785081939314835,4644644882439368,17883648963676850,pastryskincare.co.za,0.0,0,0,,,0,,,0,,0,,0,,0,,,0.0,,,0,0,0,0,0,0,0,,,,,,,,,,"ads_get_ad_entities level=ad time_range 2026-08-30..2026-09-05, attribution per ad set (7d click/1d view), captured 2026-09-06 10:35 UTC"
L7,2026-08-30,2026-09-05,120247752581060393,PASTRY_TEST_W2_9_INNER-THIGH_COMBINATIONS_18105784600883202,120247751716700393,PASTRY_W2_Broad_Creative_Test_5Ads,120247750787550393,PASTRY_TEST_Creative_Broad_20260805,PAUSED,2504456496703261,1765130831287915,18168673036456579,pastryskincare.co.za,0.0,0,0,,,0,,,0,,0,,0,,0,,,0.0,,,0,0,0,0,0,0,0,,,,,,,,,,"ads_get_ad_entities level=ad time_range 2026-08-30..2026-09-05, attribution per ad set (7d click/1d view), captured 2026-09-06 10:35 UTC"
L7,2026-08-30,2026-09-05,120247752645630393,PASTRY_TEST_W4_18_HYALURONIC_HAND_CARE_17895285492330802,120247751720360393,PASTRY_W4_Broad_Creative_Test_5Ads,120247750787550393,PASTRY_TEST_Creative_Broad_20260805,PAUSED,1069211098994928,1354177509656817,17979766230098990,pastryskincare.co.za,0.0,0,0,,,0,,,0,,0,,0,,0,,,0.0,,,0,0,0,0,0,0,0,,,,,,,,,,"ads_get_ad_entities level=ad time_range 2026-08-30..2026-09-05, attribution per ad set (7d click/1d view), captured 2026-09-06 10:35 UTC"
L7,2026-08-30,2026-09-05,120247752800490393,PASTRY_TEST_W6_30_CUSTOMER_RESULTS_18121576474691632,120247751723950393,PASTRY_W6_Broad_Creative_Test_5Ads,120247750787550393,PASTRY_TEST_Creative_Broad_20260805,PAUSED,2851210671894413,1370974308307015,18111725939083523,pastryskincare.co.za,0.0,0,0,,,0,,,0,,0,,0,,0,,,0.0,,,0,0,0,0,0,0,0,,,,,,,,,,"ads_get_ad_entities level=ad time_range 2026-08-30..2026-09-05, attribution per ad set (7d click/1d view), captured 2026-09-06 10:35 UTC"
L7,2026-08-30,2026-09-05,120247752604380393,PASTRY_TEST_W3_13_BODY-SPECIFIC_SERUM_18104046586750753,120247751718430393,PASTRY_W3_Broad_Creative_Test_5Ads,120247750787550393,PASTRY_TEST_Creative_Broad_20260805,PAUSED,1760670345281405,1040029292069207,18101142794223347,pastryskincare.co.za,0.0,0,0,,,0,,,0,,0,,0,,0,,,0.0,,,0,0,0,0,0,0,0,,,,,,,,,,"ads_get_ad_entities level=ad time_range 2026-08-30..2026-09-05, attribution per ad set (7d click/1d view), captured 2026-09-06 10:35 UTC"
L7,2026-08-30,2026-09-05,120247752758250393,PASTRY_TEST_W5_25_BIKINI-LINE_ROUTINE_18187378537374577,120247751722120393,PASTRY_W5_Broad_Creative_Test_5Ads,120247750787550393,PASTRY_TEST_Creative_Broad_20260805,PAUSED,1042744574782765,1362739972731938,18025301141894839,pastryskincare.co.za,0.0,0,0,,,0,,,0,,0,,0,,0,,,0.0,,,0,0,0,0,0,0,0,,,,,,,,,,"ads_get_ad_entities level=ad time_range 2026-08-30..2026-09-05, attribution per ad set (7d click/1d view), captured 2026-09-06 10:35 UTC"
L7,2026-08-30,2026-09-05,120247752775440393,PASTRY_TEST_W6_27_HAND-CARE_ROUTINE_17887834035599760,120247751723950393,PASTRY_W6_Broad_Creative_Test_5Ads,120247750787550393,PASTRY_TEST_Creative_Broad_20260805,PAUSED,938383165957937,1048111064642800,17910359835262891,pastryskincare.co.za,0.0,0,0,,,0,,,0,,0,,0,,0,,,0.0,,,0,0,0,0,0,0,0,,,,,,,,,,"ads_get_ad_entities level=ad time_range 2026-08-30..2026-09-05, attribution per ad set (7d click/1d view), captured 2026-09-06 10:35 UTC"
L7,2026-08-30,2026-09-05,120247752743650393,PASTRY_TEST_W5_23_YOUTHFUL_EVEN-TONED_HAND_ROUTINE_17985939989841013,120247751722120393,PASTRY_W5_Broad_Creative_Test_5Ads,120247750787550393,PASTRY_TEST_Creative_Broad_20260805,PAUSED,2276491979765953,2925957237759333,17904472326308106,pastryskincare.co.za,0.0,0,0,,,0,,,0,,0,,0,,0,,,0.0,,,0,0,0,0,0,0,0,,,,,,,,,,"ads_get_ad_entities level=ad time_range 2026-08-30..2026-09-05, attribution per ad set (7d click/1d view), captured 2026-09-06 10:35 UTC"
L7,2026-08-30,2026-09-05,120247752687590393,PASTRY_TEST_W5_22_ANTI-PIGMENT_HAND_CREAM_17917436073164929,120247751722120393,PASTRY_W5_Broad_Creative_Test_5Ads,120247750787550393,PASTRY_TEST_Creative_Broad_20260805,PAUSED,1381536034157626,1503052235196929,18114829018731601,pastryskincare.co.za,0.0,0,0,,,0,,,0,,0,,0,,0,,,0.0,,,0,0,0,0,0,0,0,,,,,,,,,,"ads_get_ad_entities level=ad time_range 2026-08-30..2026-09-05, attribution per ad set (7d click/1d view), captured 2026-09-06 10:35 UTC"
L7,2026-08-30,2026-09-05,120247752617640393,PASTRY_TEST_W3_15_TOP_FIVE_BEST_SELLERS_18091417490097031,120247751718430393,PASTRY_W3_Broad_Creative_Test_5Ads,120247750787550393,PASTRY_TEST_Creative_Broad_20260805,PAUSED,1738342593737521,1616827743571675,17901773928549544,pastryskincare.co.za,0.0,0,0,,,0,,,0,,0,,0,,0,,,0.0,,,0,0,0,0,0,0,0,,,,,,,,,,"ads_get_ad_entities level=ad time_range 2026-08-30..2026-09-05, attribution per ad set (7d click/1d view), captured 2026-09-06 10:35 UTC"
L7,2026-08-30,2026-09-05,120247752573780393,PASTRY_TEST_W2_8_SIX-WEEK_CUSTOMER_JOURNEY_18126168892676101,120247751716700393,PASTRY_W2_Broad_Creative_Test_5Ads,120247750787550393,PASTRY_TEST_Creative_Broad_20260805,PAUSED,1036641345651931,1356857919885627,18409947541159460,pastryskincare.co.za,0.0,0,0,,,0,,,0,,0,,0,,0,,,0.0,,,0,0,0,0,0,0,0,,,,,,,,,,"ads_get_ad_entities level=ad time_range 2026-08-30..2026-09-05, attribution per ad set (7d click/1d view), captured 2026-09-06 10:35 UTC"
L7,2026-08-30,2026-09-05,120247752676520393,PASTRY_TEST_W5_21_DRY-BRUSHING_ROUTINE_18060148352778028,120247751722120393,PASTRY_W5_Broad_Creative_Test_5Ads,120247750787550393,PASTRY_TEST_Creative_Broad_20260805,PAUSED,2542175119584393,1798106507850856,18335920453251541,pastryskincare.co.za,0.0,0,0,,,0,,,0,,0,,0,,0,,,0.0,,,0,0,0,0,0,0,0,,,,,,,,,,"ads_get_ad_entities level=ad time_range 2026-08-30..2026-09-05, attribution per ad set (7d click/1d view), captured 2026-09-06 10:35 UTC"
L7,2026-08-30,2026-09-05,120247752569710393,PASTRY_TEST_W2_6_INNER-THIGH_ROUTINE_18102207944107795,120247751716700393,PASTRY_W2_Broad_Creative_Test_5Ads,120247750787550393,PASTRY_TEST_Creative_Broad_20260805,PAUSED,1078726171766785,2555843638218482,18362479630212526,pastryskincare.co.za,0.0,0,0,,,0,,,0,,0,,0,,0,,,0.0,,,0,0,0,0,0,0,0,,,,,,,,,,"ads_get_ad_entities level=ad time_range 2026-08-30..2026-09-05, attribution per ad set (7d click/1d view), captured 2026-09-06 10:35 UTC"
L7,2026-08-30,2026-09-05,120247752571330393,PASTRY_TEST_W2_7_KERATOSIS-PILARIS_ROUTINE_18075601187329451,120247751716700393,PASTRY_W2_Broad_Creative_Test_5Ads,120247750787550393,PASTRY_TEST_Creative_Broad_20260805,PAUSED,2101839031212801,1028459383291355,18480202000108225,pastryskincare.co.za,0.0,0,0,,,0,,,0,,0,,0,,0,,,0.0,,,0,0,0,0,0,0,0,,,,,,,,,,"ads_get_ad_entities level=ad time_range 2026-08-30..2026-09-05, attribution per ad set (7d click/1d view), captured 2026-09-06 10:35 UTC"
L7,2026-08-30,2026-09-05,120247752766670393,PASTRY_TEST_W6_26_DEODORANT_REVIEW_18038664887766945,120247751723950393,PASTRY_W6_Broad_Creative_Test_5Ads,120247750787550393,PASTRY_TEST_Creative_Broad_20260805,PAUSED,1019293427658617,1050103224432053,18068169923707846,pastryskincare.co.za,0.0,0,0,,,0,,,0,,0,,0,,0,,,0.0,,,0,0,0,0,0,0,0,,,,,,,,,,"ads_get_ad_entities level=ad time_range 2026-08-30..2026-09-05, attribution per ad set (7d click/1d view), captured 2026-09-06 10:35 UTC"
L7,2026-08-30,2026-09-05,120247752631460393,PASTRY_TEST_W4_16_PRODUCT-PAIRING_TECHNIQUE_17972766057048086,120247751720360393,PASTRY_W4_Broad_Creative_Test_5Ads,120247750787550393,PASTRY_TEST_Creative_Broad_20260805,PAUSED,1533675107938826,1645984360460973,18057307034782080,pastryskincare.co.za,0.0,0,0,,,0,,,0,,0,,0,,0,,,0.0,,,0,0,0,0,0,0,0,,,,,,,,,,"ads_get_ad_entities level=ad time_range 2026-08-30..2026-09-05, attribution per ad set (7d click/1d view), captured 2026-09-06 10:35 UTC"
L7,2026-08-30,2026-09-05,120247752586310393,PASTRY_TEST_W2_10_PREMIUM_BODY-WASH_FAQ_17987903375994481,120247751716700393,PASTRY_W2_Broad_Creative_Test_5Ads,120247750787550393,PASTRY_TEST_Creative_Broad_20260805,PAUSED,1389786629919253,1937680153565157,17948069391039064,pastryskincare.co.za,0.0,0,0,,,0,,,0,,0,,0,,0,,,0.0,,,0,0,0,0,0,0,0,,,,,,,,,,"ads_get_ad_entities level=ad time_range 2026-08-30..2026-09-05, attribution per ad set (7d click/1d view), captured 2026-09-06 10:35 UTC"
L7,2026-08-30,2026-09-05,120247752793360393,PASTRY_TEST_W6_29_NIACINAMIDE_BODY_MIST_18016696415654230,120247751723950393,PASTRY_W6_Broad_Creative_Test_5Ads,120247750787550393,PASTRY_TEST_Creative_Broad_20260805,PAUSED,1764652124674355,2221698178653211,18182829139405350,pastryskincare.co.za,0.0,0,0,,,0,,,0,,0,,0,,0,,,0.0,,,0,0,0,0,0,0,0,,,,,,,,,,"ads_get_ad_entities level=ad time_range 2026-08-30..2026-09-05, attribution per ad set (7d click/1d view), captured 2026-09-06 10:35 UTC"
L7,2026-08-30,2026-09-05,120247752659690393,PASTRY_TEST_W4_20_MINI-KIT_VALUE_18110764735959487,120247751720360393,PASTRY_W4_Broad_Creative_Test_5Ads,120247750787550393,PASTRY_TEST_Creative_Broad_20260805,PAUSED,1947244519285771,2900580376962228,18401451904091886,pastryskincare.co.za,0.0,0,0,,,0,,,0,,0,,0,,0,,,0.0,,,0,0,0,0,0,0,0,,,,,,,,,,"ads_get_ad_entities level=ad time_range 2026-08-30..2026-09-05, attribution per ad set (7d click/1d view), captured 2026-09-06 10:35 UTC"
L7,2026-08-30,2026-09-05,120245549305940393,Instagram post: The Pastry Premium Body Wash  has...,120245549294630393,Instagram post: The Pastry Premium Body Wash  has...,120245549293410393,Instagram post: The Pastry Premium Body Wash  has...,CAMPAIGN_PAUSED,1437229525106020,1043316661542279,17929594761095845,,0.0,0,0,,,0,,,0,,0,,0,,0,,,0.0,,,0,0,0,0,0,0,0,,,,,,,,,,"ads_get_ad_entities level=ad time_range 2026-08-30..2026-09-05, attribution per ad set (7d click/1d view), captured 2026-09-06 10:35 UTC"
L7,2026-08-30,2026-09-05,120245548932590393,Instagram post: We are turning 5 this year and we...,120245548921590393,Instagram post: We are turning 5 this year and we...,120245548921010393,Instagram post: We are turning 5 this year and we...,CAMPAIGN_PAUSED,1771671714201619,1338501304936209,18152857339474502,,0.0,0,0,,,0,,,0,,0,,0,,0,,,0.0,,,0,0,0,0,0,0,0,,,,,,,,,,"ads_get_ad_entities level=ad time_range 2026-08-30..2026-09-05, attribution per ad set (7d click/1d view), captured 2026-09-06 10:35 UTC"
L7,2026-08-30,2026-09-05,120245549002900393,"Instagram post: She said it best ✨ Lightweight,...",120245548998560393,"Instagram post: She said it best ✨ Lightweight,...",120245548997690393,"Instagram post: She said it best ✨ Lightweight,...",CAMPAIGN_PAUSED,2054183895530318,1721080102247841,18327470974255215,,0.0,0,0,,,0,,,0,,0,,0,,0,,,0.0,,,0,0,0,0,0,0,0,,,,,,,,,,"ads_get_ad_entities level=ad time_range 2026-08-30..2026-09-05, attribution per ad set (7d click/1d view), captured 2026-09-06 10:35 UTC"
L7,2026-08-30,2026-09-05,120245548842380393,Instagram post: A power ingredient combo that...,120245548840520393,Instagram post: A power ingredient combo that...,120245548839430393,Instagram post: A power ingredient combo that...,CAMPAIGN_PAUSED,1518404276410484,1718417109178336,18098153824905713,,0.0,0,0,,,0,,,0,,0,,0,,0,,,0.0,,,0,0,0,0,0,0,0,,,,,,,,,,"ads_get_ad_entities level=ad time_range 2026-08-30..2026-09-05, attribution per ad set (7d click/1d view), captured 2026-09-06 10:35 UTC"
P28,2026-07-12,2026-08-08,120248284964440393,W6__01__ANTI_PIGMENTATION_DEODORANT,120248284921000393,PASTRY_W6_INTL_WORLDWIDE_SKINCARE_INTENT_TEST,120248284912210393,PASTRY_TEST_REELS_INTL_W4_W6_WORLDWIDE_EXCL_ZA_ABO_20260828,ACTIVE,1256482663222241,1036536699259074,18108041942171730,pastryskincare.co.za,0.0,0,0,,,0,,,0,,0,,0,,0,,,0.0,,,0,0,0,0,0,0,0,,,,,,,,,,"ads_get_ad_entities level=ad time_range 2026-07-12..2026-08-08, attribution per ad set (7d click/1d view), captured 2026-09-06 10:35 UTC"
P28,2026-07-12,2026-08-08,120248284961720393,W5__04__UNDERARM_INGREDIENTS,120248284920020393,PASTRY_W5_INTL_WORLDWIDE_SHOPPING_INTENT_TEST,120248284912210393,PASTRY_TEST_REELS_INTL_W4_W6_WORLDWIDE_EXCL_ZA_ABO_20260828,ACTIVE,4793039344293517,3132860496923753,17914465656446696,pastryskincare.co.za,0.0,0,0,,,0,,,0,,0,,0,,0,,,0.0,,,0,0,0,0,0,0,0,,,,,,,,,,"ads_get_ad_entities level=ad time_range 2026-07-12..2026-08-08, attribution per ad set (7d click/1d view), captured 2026-09-06 10:35 UTC"
P28,2026-07-12,2026-08-08,120248284970840393,W6__05__CUSTOMER_ROUTINE_STORY,120248284921000393,PASTRY_W6_INTL_WORLDWIDE_SKINCARE_INTENT_TEST,120248284912210393,PASTRY_TEST_REELS_INTL_W4_W6_WORLDWIDE_EXCL_ZA_ABO_20260828,ACTIVE,27134465589563159,1911320126512802,18024217043691661,pastryskincare.co.za,0.0,0,0,,,0,,,0,,0,,0,,0,,,0.0,,,0,0,0,0,0,0,0,,,,,,,,,,"ads_get_ad_entities level=ad time_range 2026-07-12..2026-08-08, attribution per ad set (7d click/1d view), captured 2026-09-06 10:35 UTC"
P28,2026-07-12,2026-08-08,120248284957700393,W5__01__DRY_BRUSHING_ROUTINE,120248284920020393,PASTRY_W5_INTL_WORLDWIDE_SHOPPING_INTENT_TEST,120248284912210393,PASTRY_TEST_REELS_INTL_W4_W6_WORLDWIDE_EXCL_ZA_ABO_20260828,ACTIVE,4657722504552164,2289193138563707,18115394272764116,pastryskincare.co.za,0.0,0,0,,,0,,,0,,0,,0,,0,,,0.0,,,0,0,0,0,0,0,0,,,,,,,,,,"ads_get_ad_entities level=ad time_range 2026-07-12..2026-08-08, attribution per ad set (7d click/1d view), captured 2026-09-06 10:35 UTC"
P28,2026-07-12,2026-08-08,120248284952620393,W4__02__ROUGH_BUMP_ROUTINE,120248284918900393,PASTRY_W4_INTL_WORLDWIDE_FULL_SIGNAL_TEST,120248284912210393,PASTRY_TEST_REELS_INTL_W4_W6_WORLDWIDE_EXCL_ZA_ABO_20260828,ACTIVE,2128451841880866,4002241086579018,18093283556539150,pastryskincare.co.za,0.0,0,0,,,0,,,0,,0,,0,,0,,,0.0,,,0,0,0,0,0,0,0,,,,,,,,,,"ads_get_ad_entities level=ad time_range 2026-07-12..2026-08-08, attribution per ad set (7d click/1d view), captured 2026-09-06 10:35 UTC"
P28,2026-07-12,2026-08-08,120248284938000393,W2__04__INNER_THIGH_COMBINATIONS,120248284914700393,PASTRY_W2_ZA_SOCIAL30_TEST,120248284911800393,PASTRY_TEST_REELS_ZA_W1_W3_ABO_20260828,ACTIVE,2504456496703261,1765130831287915,18168673036456579,pastryskincare.co.za,0.0,0,0,,,0,,,0,,0,,0,,0,,,0.0,,,0,0,0,0,0,0,0,,,,,,,,,,"ads_get_ad_entities level=ad time_range 2026-07-12..2026-08-08, attribution per ad set (7d click/1d view), captured 2026-09-06 10:35 UTC"
P28,2026-07-12,2026-08-08,120248284944950393,W3__04__UNDERARM_ROUTINE,120248284917990393,PASTRY_W3_ZA_SHOPPING_INTENT_TEST,120248284911800393,PASTRY_TEST_REELS_ZA_W1_W3_ABO_20260828,ACTIVE,1754580525794575,1211001868769387,17954894079204205,pastryskincare.co.za,0.0,0,0,,,0,,,0,,0,,0,,0,,,0.0,,,0,0,0,0,0,0,0,,,,,,,,,,"ads_get_ad_entities level=ad time_range 2026-07-12..2026-08-08, attribution per ad set (7d click/1d view), captured 2026-09-06 10:35 UTC"
P28,2026-07-12,2026-08-08,120248284926410393,W1__03__BODY_PIGMENTATION_BY_AREA,120248284913190393,PASTRY_W1_ZA_FULL_SIGNAL_TEST,120248284911800393,PASTRY_TEST_REELS_ZA_W1_W3_ABO_20260828,ACTIVE,1048949520952779,1914320649954655,18186499423401828,pastryskincare.co.za,0.0,0,0,,,0,,,0,,0,,0,,0,,,0.0,,,0,0,0,0,0,0,0,,,,,,,,,,"ads_get_ad_entities level=ad time_range 2026-07-12..2026-08-08, attribution per ad set (7d click/1d view), captured 2026-09-06 10:35 UTC"
P28,2026-07-12,2026-08-08,120248284963040393,W5__05__BIKINI_LINE_ROUTINE,120248284920020393,PASTRY_W5_INTL_WORLDWIDE_SHOPPING_INTENT_TEST,120248284912210393,PASTRY_TEST_REELS_INTL_W4_W6_WORLDWIDE_EXCL_ZA_ABO_20260828,ACTIVE,1649439496393735,1074202545192821,17946071493057906,pastryskincare.co.za,0.0,0,0,,,0,,,0,,0,,0,,0,,,0.0,,,0,0,0,0,0,0,0,,,,,,,,,,"ads_get_ad_entities level=ad time_range 2026-07-12..2026-08-08, attribution per ad set (7d click/1d view), captured 2026-09-06 10:35 UTC"
P28,2026-07-12,2026-08-08,120248284955570393,W4__05__MINI_KIT_ROUTINE,120248284918900393,PASTRY_W4_INTL_WORLDWIDE_FULL_SIGNAL_TEST,120248284912210393,PASTRY_TEST_REELS_INTL_W4_W6_WORLDWIDE_EXCL_ZA_ABO_20260828,ACTIVE,916650614844230,1381662176760033,17983114709878629,pastryskincare.co.za,0.0,0,0,,,0,,,0,,0,,0,,0,,,0.0,,,0,0,0,0,0,0,0,,,,,,,,,,"ads_get_ad_entities level=ad time_range 2026-07-12..2026-08-08, attribution per ad set (7d click/1d view), captured 2026-09-06 10:35 UTC"
P28,2026-07-12,2026-08-08,120248284954150393,W4__03__HYALURONIC_HAND_CARE,120248284918900393,PASTRY_W4_INTL_WORLDWIDE_FULL_SIGNAL_TEST,120248284912210393,PASTRY_TEST_REELS_INTL_W4_W6_WORLDWIDE_EXCL_ZA_ABO_20260828,ACTIVE,28740252398891731,1390143549233068,18103775783599432,pastryskincare.co.za,0.0,0,0,,,0,,,0,,0,,0,,0,,,0.0,,,0,0,0,0,0,0,0,,,,,,,,,,"ads_get_ad_entities level=ad time_range 2026-07-12..2026-08-08, attribution per ad set (7d click/1d view), captured 2026-09-06 10:35 UTC"
P28,2026-07-12,2026-08-08,120248284960140393,W5__03__HAND_CARE_ROUTINE,120248284920020393,PASTRY_W5_INTL_WORLDWIDE_SHOPPING_INTENT_TEST,120248284912210393,PASTRY_TEST_REELS_INTL_W4_W6_WORLDWIDE_EXCL_ZA_ABO_20260828,ACTIVE,1062475416522925,1516950890188090,17943382473449613,pastryskincare.co.za,0.0,0,0,,,0,,,0,,0,,0,,0,,,0.0,,,0,0,0,0,0,0,0,,,,,,,,,,"ads_get_ad_entities level=ad time_range 2026-07-12..2026-08-08, attribution per ad set (7d click/1d view), captured 2026-09-06 10:35 UTC"
P28,2026-07-12,2026-08-08,120248284958260393,W5__02__ANTI_PIGMENTATION_HAND_CARE,120248284920020393,PASTRY_W5_INTL_WORLDWIDE_SHOPPING_INTENT_TEST,120248284912210393,PASTRY_TEST_REELS_INTL_W4_W6_WORLDWIDE_EXCL_ZA_ABO_20260828,ACTIVE,4535558553351159,1083181767593032,18128696389679709,pastryskincare.co.za,0.0,0,0,,,0,,,0,,0,,0,,0,,,0.0,,,0,0,0,0,0,0,0,,,,,,,,,,"ads_get_ad_entities level=ad time_range 2026-07-12..2026-08-08, attribution per ad set (7d click/1d view), captured 2026-09-06 10:35 UTC"
P28,2026-07-12,2026-08-08,120248284955030393,W4__04__EVENING_BODY_CARE_ADD_ON,120248284918900393,PASTRY_W4_INTL_WORLDWIDE_FULL_SIGNAL_TEST,120248284912210393,PASTRY_TEST_REELS_INTL_W4_W6_WORLDWIDE_EXCL_ZA_ABO_20260828,ACTIVE,2622955271467210,1805359010599170,18052883933565498,pastryskincare.co.za,0.0,0,0,,,0,,,0,,0,,0,,0,,,0.0,,,0,0,0,0,0,0,0,,,,,,,,,,"ads_get_ad_entities level=ad time_range 2026-07-12..2026-08-08, attribution per ad set (7d click/1d view), captured 2026-09-06 10:35 UTC"
P28,2026-07-12,2026-08-08,120248284949000393,W4__01__BODY_CARE_PAIRING,120248284918900393,PASTRY_W4_INTL_WORLDWIDE_FULL_SIGNAL_TEST,120248284912210393,PASTRY_TEST_REELS_INTL_W4_W6_WORLDWIDE_EXCL_ZA_ABO_20260828,ACTIVE,1759622798395052,1593719419079376,17942244288301078,pastryskincare.co.za,0.0,0,0,,,0,,,0,,0,,0,,0,,,0.0,,,0,0,0,0,0,0,0,,,,,,,,,,"ads_get_ad_entities level=ad time_range 2026-07-12..2026-08-08, attribution per ad set (7d click/1d view), captured 2026-09-06 10:35 UTC"
P28,2026-07-12,2026-08-08,120248284969850393,W6__04__NIACINAMIDE_BODY_MIST,120248284921000393,PASTRY_W6_INTL_WORLDWIDE_SKINCARE_INTENT_TEST,120248284912210393,PASTRY_TEST_REELS_INTL_W4_W6_WORLDWIDE_EXCL_ZA_ABO_20260828,ACTIVE,2029900707640980,1593896072410117,18387364795161272,pastryskincare.co.za,0.0,0,0,,,0,,,0,,0,,0,,0,,,0.0,,,0,0,0,0,0,0,0,,,,,,,,,,"ads_get_ad_entities level=ad time_range 2026-07-12..2026-08-08, attribution per ad set (7d click/1d view), captured 2026-09-06 10:35 UTC"
P28,2026-07-12,2026-08-08,120248284968390393,W6__03__BRIGHTENING_BODY_CARE_RESET,120248284921000393,PASTRY_W6_INTL_WORLDWIDE_SKINCARE_INTENT_TEST,120248284912210393,PASTRY_TEST_REELS_INTL_W4_W6_WORLDWIDE_EXCL_ZA_ABO_20260828,ACTIVE,1535307781176899,1434837162027961,18107225423144345,pastryskincare.co.za,0.0,0,0,,,0,,,0,,0,,0,,0,,,0.0,,,0,0,0,0,0,0,0,,,,,,,,,,"ads_get_ad_entities level=ad time_range 2026-07-12..2026-08-08, attribution per ad set (7d click/1d view), captured 2026-09-06 10:35 UTC"
P28,2026-07-12,2026-08-08,120248284966600393,W6__02__EVERYDAY_HAND_CARE,120248284921000393,PASTRY_W6_INTL_WORLDWIDE_SKINCARE_INTENT_TEST,120248284912210393,PASTRY_TEST_REELS_INTL_W4_W6_WORLDWIDE_EXCL_ZA_ABO_20260828,ACTIVE,897164369855291,2016963935621701,18350022016172587,pastryskincare.co.za,0.0,0,0,,,0,,,0,,0,,0,,0,,,0.0,,,0,0,0,0,0,0,0,,,,,,,,,,"ads_get_ad_entities level=ad time_range 2026-07-12..2026-08-08, attribution per ad set (7d click/1d view), captured 2026-09-06 10:35 UTC"
P28,2026-07-12,2026-08-08,120248284944650393,W3__03__BODY_SPECIFIC_SERUM,120248284917990393,PASTRY_W3_ZA_SHOPPING_INTENT_TEST,120248284911800393,PASTRY_TEST_REELS_ZA_W1_W3_ABO_20260828,ACTIVE,1760670345281405,1040029292069207,18101142794223347,pastryskincare.co.za,0.0,0,0,,,0,,,0,,0,,0,,0,,,0.0,,,0,0,0,0,0,0,0,,,,,,,,,,"ads_get_ad_entities level=ad time_range 2026-07-12..2026-08-08, attribution per ad set (7d click/1d view), captured 2026-09-06 10:35 UTC"
P28,2026-07-12,2026-08-08,120248284922900393,W1__01__SALICYLIC_ACID_AND_VITAMIN_C,120248284913190393,PASTRY_W1_ZA_FULL_SIGNAL_TEST,120248284911800393,PASTRY_TEST_REELS_ZA_W1_W3_ABO_20260828,ACTIVE,2050311515844483,1794498635041481,18099052280209045,pastryskincare.co.za,0.0,0,0,,,0,,,0,,0,,0,,0,,,0.0,,,0,0,0,0,0,0,0,,,,,,,,,,"ads_get_ad_entities level=ad time_range 2026-07-12..2026-08-08, attribution per ad set (7d click/1d view), captured 2026-09-06 10:35 UTC"
P28,2026-07-12,2026-08-08,120248284946200393,W3__05__FIVE_PRODUCT_GUIDE,120248284917990393,PASTRY_W3_ZA_SHOPPING_INTENT_TEST,120248284911800393,PASTRY_TEST_REELS_ZA_W1_W3_ABO_20260828,ACTIVE,1738342593737521,1616827743571675,17901773928549544,pastryskincare.co.za,0.0,0,0,,,0,,,0,,0,,0,,0,,,0.0,,,0,0,0,0,0,0,0,,,,,,,,,,"ads_get_ad_entities level=ad time_range 2026-07-12..2026-08-08, attribution per ad set (7d click/1d view), captured 2026-09-06 10:35 UTC"
P28,2026-07-12,2026-08-08,120248284939180393,W2__05__PASTRY_PREMIUM_FAQ,120248284914700393,PASTRY_W2_ZA_SOCIAL30_TEST,120248284911800393,PASTRY_TEST_REELS_ZA_W1_W3_ABO_20260828,ACTIVE,1389786629919253,1937680153565157,17948069391039064,pastryskincare.co.za,0.0,0,0,,,0,,,0,,0,,0,,0,,,0.0,,,0,0,0,0,0,0,0,,,,,,,,,,"ads_get_ad_entities level=ad time_range 2026-07-12..2026-08-08, attribution per ad set (7d click/1d view), captured 2026-09-06 10:35 UTC"
P28,2026-07-12,2026-08-08,120248284941210393,W3__01__CHOOSE_BODY_WASH_BY_CONCERN,120248284917990393,PASTRY_W3_ZA_SHOPPING_INTENT_TEST,120248284911800393,PASTRY_TEST_REELS_ZA_W1_W3_ABO_20260828,ACTIVE,795955873574185,947375435055153,17948706084037527,pastryskincare.co.za,0.0,0,0,,,0,,,0,,0,,0,,0,,,0.0,,,0,0,0,0,0,0,0,,,,,,,,,,"ads_get_ad_entities level=ad time_range 2026-07-12..2026-08-08, attribution per ad set (7d click/1d view), captured 2026-09-06 10:35 UTC"
P28,2026-07-12,2026-08-08,120248284936140393,W2__03__BODY_CARE_JOURNEY,120248284914700393,PASTRY_W2_ZA_SOCIAL30_TEST,120248284911800393,PASTRY_TEST_REELS_ZA_W1_W3_ABO_20260828,ACTIVE,1036641345651931,1356857919885627,18409947541159460,pastryskincare.co.za,0.0,0,0,,,0,,,0,,0,,0,,0,,,0.0,,,0,0,0,0,0,0,0,,,,,,,,,,"ads_get_ad_entities level=ad time_range 2026-07-12..2026-08-08, attribution per ad set (7d click/1d view), captured 2026-09-06 10:35 UTC"
P28,2026-07-12,2026-08-08,120248284933230393,W2__02__ROUGH_BUMP_ROUTINE,120248284914700393,PASTRY_W2_ZA_SOCIAL30_TEST,120248284911800393,PASTRY_TEST_REELS_ZA_W1_W3_ABO_20260828,ACTIVE,2101839031212801,1028459383291355,18480202000108225,pastryskincare.co.za,0.0,0,0,,,0,,,0,,0,,0,,0,,,0.0,,,0,0,0,0,0,0,0,,,,,,,,,,"ads_get_ad_entities level=ad time_range 2026-07-12..2026-08-08, attribution per ad set (7d click/1d view), captured 2026-09-06 10:35 UTC"
P28,2026-07-12,2026-08-08,120248284943530393,W3__02__BODY_ACNE_SOLUTION,120248284917990393,PASTRY_W3_ZA_SHOPPING_INTENT_TEST,120248284911800393,PASTRY_TEST_REELS_ZA_W1_W3_ABO_20260828,ACTIVE,1673149103765536,1024884870346149,17894570910595157,pastryskincare.co.za,0.0,0,0,,,0,,,0,,0,,0,,0,,,0.0,,,0,0,0,0,0,0,0,,,,,,,,,,"ads_get_ad_entities level=ad time_range 2026-07-12..2026-08-08, attribution per ad set (7d click/1d view), captured 2026-09-06 10:35 UTC"
P28,2026-07-12,2026-08-08,120248284932400393,W2__01__INNER_THIGH_ROUTINE,120248284914700393,PASTRY_W2_ZA_SOCIAL30_TEST,120248284911800393,PASTRY_TEST_REELS_ZA_W1_W3_ABO_20260828,ACTIVE,1078726171766785,2555843638218482,18362479630212526,pastryskincare.co.za,0.0,0,0,,,0,,,0,,0,,0,,0,,,0.0,,,0,0,0,0,0,0,0,,,,,,,,,,"ads_get_ad_entities level=ad time_range 2026-07-12..2026-08-08, attribution per ad set (7d click/1d view), captured 2026-09-06 10:35 UTC"
P28,2026-07-12,2026-08-08,120248284929570393,W1__05__HAND_CREAMS_BY_NEED,120248284913190393,PASTRY_W1_ZA_FULL_SIGNAL_TEST,120248284911800393,PASTRY_TEST_REELS_ZA_W1_W3_ABO_20260828,ACTIVE,2000824997974370,1393923599331521,18109345202471107,pastryskincare.co.za,0.0,0,0,,,0,,,0,,0,,0,,0,,,0.0,,,0,0,0,0,0,0,0,,,,,,,,,,"ads_get_ad_entities level=ad time_range 2026-07-12..2026-08-08, attribution per ad set (7d click/1d view), captured 2026-09-06 10:35 UTC"
P28,2026-07-12,2026-08-08,120248284928040393,W1__04__STRETCH_MARK_ROUTINE,120248284913190393,PASTRY_W1_ZA_FULL_SIGNAL_TEST,120248284911800393,PASTRY_TEST_REELS_ZA_W1_W3_ABO_20260828,ACTIVE,2137843480105917,1279828150741897,18117519449506692,pastryskincare.co.za,0.0,0,0,,,0,,,0,,0,,0,,0,,,0.0,,,0,0,0,0,0,0,0,,,,,,,,,,"ads_get_ad_entities level=ad time_range 2026-07-12..2026-08-08, attribution per ad set (7d click/1d view), captured 2026-09-06 10:35 UTC"
P28,2026-07-12,2026-08-08,120248284925050393,W1__02__UNDERARM_PIGMENTATION_AND_SWEAT,120248284913190393,PASTRY_W1_ZA_FULL_SIGNAL_TEST,120248284911800393,PASTRY_TEST_REELS_ZA_W1_W3_ABO_20260828,ACTIVE,1105133075290115,1376924207957298,18348472762247625,pastryskincare.co.za,0.0,0,0,,,0,,,0,,0,,0,,0,,,0.0,,,0,0,0,0,0,0,0,,,,,,,,,,"ads_get_ad_entities level=ad time_range 2026-07-12..2026-08-08, attribution per ad set (7d click/1d view), captured 2026-09-06 10:35 UTC"
P28,2026-07-12,2026-08-08,120247999503610393,PASTRY_A2_ZA_SOCIAL_SIGNALS_UNION__BODY_ACNE_SOLUTION,120247983150600393,PASTRY_A2_ZA_SOCIAL_SIGNALS_UNION,120247983147880393,PASTRY_WINNERS_2AUD_APR_TO_DATE_20260814,ACTIVE,1673149103765536,1024884870346149,17894570910595157,pastryskincare.co.za,0.0,0,0,,,0,,,0,,0,,0,,0,,,0.0,,,0,0,0,0,0,0,0,,,,,,,,,,"ads_get_ad_entities level=ad time_range 2026-07-12..2026-08-08, attribution per ad set (7d click/1d view), captured 2026-09-06 10:35 UTC"
P28,2026-07-12,2026-08-08,120247999500050393,PASTRY_A1_ZA_BROAD_NEW_EXCL_SIGNALS__SALICYLIC_VITAMIN_C_EXACT,120247983149820393,PASTRY_A1_ZA_BROAD_NEW_EXCL_SIGNALS,120247983147880393,PASTRY_WINNERS_2AUD_APR_TO_DATE_20260814,ACTIVE,2141198163103531,1716832676218332,18089893955557030,pastryskincare.co.za,0.0,0,0,,,0,,,0,,0,,0,,0,,,0.0,,,0,0,0,0,0,0,0,,,,,,,,,,"ads_get_ad_entities level=ad time_range 2026-07-12..2026-08-08, attribution per ad set (7d click/1d view), captured 2026-09-06 10:35 UTC"
P28,2026-07-12,2026-08-08,120247999504000393,PASTRY_A2_ZA_SOCIAL_SIGNALS_UNION__DRY_BRUSHING_ROUTINE,120247983150600393,PASTRY_A2_ZA_SOCIAL_SIGNALS_UNION,120247983147880393,PASTRY_WINNERS_2AUD_APR_TO_DATE_20260814,ACTIVE,1583181246838108,1587207956355921,18007465448764457,pastryskincare.co.za,0.0,0,0,,,0,,,0,,0,,0,,0,,,0.0,,,0,0,0,0,0,0,0,,,,,,,,,,"ads_get_ad_entities level=ad time_range 2026-07-12..2026-08-08, attribution per ad set (7d click/1d view), captured 2026-09-06 10:35 UTC"
P28,2026-07-12,2026-08-08,120247999503210393,PASTRY_A2_ZA_SOCIAL_SIGNALS_UNION__DARK_UNDERARM_INGREDIENTS,120247983150600393,PASTRY_A2_ZA_SOCIAL_SIGNALS_UNION,120247983147880393,PASTRY_WINNERS_2AUD_APR_TO_DATE_20260814,ACTIVE,28412527811717756,1065523956033626,18328649092285943,pastryskincare.co.za,0.0,0,0,,,0,,,0,,0,,0,,0,,,0.0,,,0,0,0,0,0,0,0,,,,,,,,,,"ads_get_ad_entities level=ad time_range 2026-07-12..2026-08-08, attribution per ad set (7d click/1d view), captured 2026-09-06 10:35 UTC"
P28,2026-07-12,2026-08-08,120247999502800393,PASTRY_A2_ZA_SOCIAL_SIGNALS_UNION__STRETCH_MARK_ROUTINE,120247983150600393,PASTRY_A2_ZA_SOCIAL_SIGNALS_UNION,120247983147880393,PASTRY_WINNERS_2AUD_APR_TO_DATE_20260814,ACTIVE,1583817143389284,885855224329058,18111724246804433,pastryskincare.co.za,0.0,0,0,,,0,,,0,,0,,0,,0,,,0.0,,,0,0,0,0,0,0,0,,,,,,,,,,"ads_get_ad_entities level=ad time_range 2026-07-12..2026-08-08, attribution per ad set (7d click/1d view), captured 2026-09-06 10:35 UTC"
P28,2026-07-12,2026-08-08,120247999501100393,PASTRY_A1_ZA_BROAD_NEW_EXCL_SIGNALS__ANTI_PIGMENT_HAND_CREAM,120247983149820393,PASTRY_A1_ZA_BROAD_NEW_EXCL_SIGNALS,120247983147880393,PASTRY_WINNERS_2AUD_APR_TO_DATE_20260814,ACTIVE,1542319103969645,999896326092090,17892363399551598,pastryskincare.co.za,0.0,0,0,,,0,,,0,,0,,0,,0,,,0.0,,,0,0,0,0,0,0,0,,,,,,,,,,"ads_get_ad_entities level=ad time_range 2026-07-12..2026-08-08, attribution per ad set (7d click/1d view), captured 2026-09-06 10:35 UTC"
P28,2026-07-12,2026-08-08,120247999502140393,PASTRY_A1_ZA_BROAD_NEW_EXCL_SIGNALS__PREMIUM_BODY_EXACT,120247983149820393,PASTRY_A1_ZA_BROAD_NEW_EXCL_SIGNALS,120247983147880393,PASTRY_WINNERS_2AUD_APR_TO_DATE_20260814,ACTIVE,996050220134487,1664964501661670,18072218867407431,pastryskincare.co.za,0.0,0,0,,,0,,,0,,0,,0,,0,,,0.0,,,0,0,0,0,0,0,0,,,,,,,,,,"ads_get_ad_entities level=ad time_range 2026-07-12..2026-08-08, attribution per ad set (7d click/1d view), captured 2026-09-06 10:35 UTC"
P28,2026-07-12,2026-08-08,120239424374880393,DPA_Past_Purchasers,120239424374900393,PASTRY_DPA_Broad_Acq_3,120239423593780393,PASTRY_DPA_Broad_Acquisition,ACTIVE,1630677048061128,,18100256381023152,,7867.68,189328,57665,3.283239,41.56,3919,2.07,2.01,3556,0.907,894,0.251,431,0.482,104,0.241,0.0292,95815.25,75.65,12.18,0,0,0,0,0,0,0,,,,,,15,1,194,17,"ads_get_ad_entities level=ad time_range 2026-07-12..2026-08-08, attribution per ad set (7d click/1d view), captured 2026-09-06 10:35 UTC"
P28,2026-07-12,2026-08-08,120239423593790393,DPA_Cart_Abandoners,120239423593800393,PASTRY_DPA_Broad_Acq_1,120239423593780393,PASTRY_DPA_Broad_Acquisition,ACTIVE,2310973609402332,,18114435070781788,,5953.21,85072,29282,2.905266,69.98,1916,2.252,3.11,1802,0.941,516,0.286,290,0.562,75,0.259,0.0416,66548.62,79.38,11.18,0,0,0,0,0,0,0,,,,,,15,1,161,17,"ads_get_ad_entities level=ad time_range 2026-07-12..2026-08-08, attribution per ad set (7d click/1d view), captured 2026-09-06 10:35 UTC"
P28,2026-07-12,2026-08-08,120239424374910393,DPA_Product_Viewers,120239424374890393,PASTRY_DPA_Broad_Acq_2,120239423593780393,PASTRY_DPA_Broad_Acquisition,ACTIVE,26206822805650383,,18110751434162734,,7784.03,153816,45719,3.364378,50.61,3203,2.082,2.43,2906,0.907,685,0.236,377,0.55,87,0.231,0.0299,68554.97,89.47,8.81,0,0,0,0,0,0,0,,,,,,20,1,171,23,"ads_get_ad_entities level=ad time_range 2026-07-12..2026-08-08, attribution per ad set (7d click/1d view), captured 2026-09-06 10:35 UTC"
P28,2026-07-12,2026-08-08,120247752560730393,PASTRY_TEST_W1_4_STRETCH-MARK_ROUTINE_18082188059569414,120247751713780393,PASTRY_W1_Broad_Creative_Test_5Ads,120247750787550393,PASTRY_TEST_Creative_Broad_20260805,CAMPAIGN_PAUSED,2137843480105917,1279828150741897,18117519449506692,pastryskincare.co.za,715.07,14845,10580,1.403119,48.17,566,3.813,1.26,512,0.905,83,0.162,30,0.361,7,0.233,0.0137,6313.0,102.15,8.83,13802,1994,1680,1245,1005,796,617,11,0.144,0.122,0.045,0.041,62,1,137,2,"ads_get_ad_entities level=ad time_range 2026-07-12..2026-08-08, attribution per ad set (7d click/1d view), captured 2026-09-06 10:35 UTC"
P28,2026-07-12,2026-08-08,120247752487940393,PASTRY_TEST_W1_01_CERT_CANARY_17980098578992167,120247751713780393,PASTRY_W1_Broad_Creative_Test_5Ads,120247750787550393,PASTRY_TEST_Creative_Broad_20260805,CAMPAIGN_PAUSED,2050311515844483,1794498635041481,18099052280209045,pastryskincare.co.za,118.38,2438,2089,1.167066,48.56,56,2.297,2.11,48,0.857,10,0.208,3,0.3,1,0.333,0.0208,660.0,118.38,5.58,2210,303,393,235,179,142,117,8,0.137,0.178,0.053,0.0253,13,,15,1,"ads_get_ad_entities level=ad time_range 2026-07-12..2026-08-08, attribution per ad set (7d click/1d view), captured 2026-09-06 10:35 UTC"
P28,2026-07-12,2026-08-08,120247752558630393,PASTRY_TEST_W1_3_BODY_PIGMENTATION_BY_AREA_18097918024986477,120247751713780393,PASTRY_W1_Broad_Creative_Test_5Ads,120247750787550393,PASTRY_TEST_Creative_Broad_20260805,CAMPAIGN_PAUSED,1048949520952779,1914320649954655,18186499423401828,pastryskincare.co.za,32.32,786,702,1.119658,41.12,21,2.672,1.54,21,1.0,0,0.0,1,,1,1.0,0.0476,622.25,32.32,19.25,694,209,615,399,285,217,207,3,0.301,0.886,0.298,0.0303,,,,0,"ads_get_ad_entities level=ad time_range 2026-07-12..2026-08-08, attribution per ad set (7d click/1d view), captured 2026-09-06 10:35 UTC"
P28,2026-07-12,2026-08-08,120239422736530393,The Pastry Premium Body,120239422623010393,AS2_Body_Care_Broad,120239422422250393,PASTRY_Main_Revenue,CAMPAIGN_PAUSED,2412338129276655,2092639671599573,17929594761095845,,5790.79,120051,34603,3.469381,48.24,1986,1.654,2.92,1710,0.861,377,0.22,168,0.446,46,0.274,0.0269,39983.5,125.89,6.9,103809,5879,6492,2562,1606,1068,944,4,0.057,0.063,0.009,0.0191,4,5,202,3,"ads_get_ad_entities level=ad time_range 2026-07-12..2026-08-08, attribution per ad set (7d click/1d view), captured 2026-09-06 10:35 UTC"
P28,2026-07-12,2026-08-08,120239422623020393,The perfect gift for yourself ad,120239422623010393,AS2_Body_Care_Broad,120239422422250393,PASTRY_Main_Revenue,CAMPAIGN_PAUSED,2029084745161865,1718159162937839,18086327558629012,,8281.63,231113,89055,2.595172,35.83,3120,1.35,2.65,2769,0.887,557,0.201,336,0.603,71,0.211,0.0256,55509.75,116.64,6.7,203728,14842,23928,12951,8972,5921,5088,4,0.073,0.117,0.025,0.0153,141,8,706,25,"ads_get_ad_entities level=ad time_range 2026-07-12..2026-08-08, attribution per ad set (7d click/1d view), captured 2026-09-06 10:35 UTC"
P28,2026-07-12,2026-08-08,120247752556990393,PASTRY_TEST_W1_2_UNDERARM_PIGMENTATION_AND_SWEAT_18110742607583088,120247751713780393,PASTRY_W1_Broad_Creative_Test_5Ads,120247750787550393,PASTRY_TEST_Creative_Broad_20260805,CAMPAIGN_PAUSED,1105133075290115,1376924207957298,18348472762247625,pastryskincare.co.za,14.28,171,149,1.147651,83.51,3,1.754,4.76,2,0.667,2,1.0,0,0.0,0,,0.0,0.0,,,156,21,26,21,15,10,8,13,0.135,0.167,0.051,0.0192,,,2,0,"ads_get_ad_entities level=ad time_range 2026-07-12..2026-08-08, attribution per ad set (7d click/1d view), captured 2026-09-06 10:35 UTC"
P28,2026-07-12,2026-08-08,120247752562960393,PASTRY_TEST_W1_5_HAND_CREAMS_BY_NEED_18088164878137902,120247751713780393,PASTRY_W1_Broad_Creative_Test_5Ads,120247750787550393,PASTRY_TEST_Creative_Broad_20260805,CAMPAIGN_PAUSED,2000824997974370,1393923599331521,18109345202471107,pastryskincare.co.za,45.83,597,508,1.175197,76.77,19,3.183,2.41,19,1.0,5,0.263,1,0.2,0,0.0,0.0,0.0,,,545,77,103,80,66,53,48,6,0.141,0.189,0.088,0.0349,,,6,0,"ads_get_ad_entities level=ad time_range 2026-07-12..2026-08-08, attribution per ad set (7d click/1d view), captured 2026-09-06 10:35 UTC"
P28,2026-07-12,2026-08-08,120246229373460393,5 years of Pastry Skincar,120246229373450393,AS2 test.,120243641897420393,main,CAMPAIGN_PAUSED,1016327727870773,997715983092345,18124521952640426,,0.0,0,0,,,0,,,0,,0,,0,,0,,,0.0,,,0,0,0,0,0,0,0,,,,,,,,,,"ads_get_ad_entities level=ad time_range 2026-07-12..2026-08-08, attribution per ad set (7d click/1d view), captured 2026-09-06 10:35 UTC"
P28,2026-07-12,2026-08-08,120246229373440393,Looks like there’s a Pastry S,120246229373450393,AS2 test.,120243641897420393,main,CAMPAIGN_PAUSED,1011306704837234,1672595620672869,18109298293942058,,0.0,0,0,,,0,,,0,,0,,0,,0,,,0.0,,,0,0,0,0,0,0,0,,,,,,,,,,"ads_get_ad_entities level=ad time_range 2026-07-12..2026-08-08, attribution per ad set (7d click/1d view), captured 2026-09-06 10:35 UTC"
P28,2026-07-12,2026-08-08,120246229373430393,"A trip for stretch marks,",120246229373450393,AS2 test.,120243641897420393,main,CAMPAIGN_PAUSED,1661405598251187,983231577847209,18585152830028876,,0.0,0,0,,,0,,,0,,0,,0,,0,,,0.0,,,0,0,0,0,0,0,0,,,,,,,,,,"ads_get_ad_entities level=ad time_range 2026-07-12..2026-08-08, attribution per ad set (7d click/1d view), captured 2026-09-06 10:35 UTC"
P28,2026-07-12,2026-08-08,120246229373470393,Anti-Pigment Hand Cream,120246229373450393,AS2 test.,120243641897420393,main,CAMPAIGN_PAUSED,1542319103969645,999896326092090,17892363399551598,,0.0,0,0,,,0,,,0,,0,,0,,0,,,0.0,,,0,0,0,0,0,0,0,,,,,,,,,,"ads_get_ad_entities level=ad time_range 2026-07-12..2026-08-08, attribution per ad set (7d click/1d view), captured 2026-09-06 10:35 UTC"
P28,2026-07-12,2026-08-08,120243642260550393,The Pastry Skincare Brightening Oil,120243641897430393,AS1_Hyperpigmentation,120243641897420393,main,CAMPAIGN_PAUSED,3510751079075102,1641367773745950,18115459114826723,,0.0,0,0,,,0,,,0,,0,,0,,0,,,0.0,,,0,0,0,0,0,0,0,,,,,,,,,,"ads_get_ad_entities level=ad time_range 2026-07-12..2026-08-08, attribution per ad set (7d click/1d view), captured 2026-09-06 10:35 UTC"
P28,2026-07-12,2026-08-08,120243642257330393,Salicylic Acid + Vitamin C,120243641897430393,AS1_Hyperpigmentation,120243641897420393,main,CAMPAIGN_PAUSED,1487817019559391,25861228210220968,18088093730346995,,0.0,0,0,,,0,,,0,,0,,0,,0,,,0.0,,,0,0,0,0,0,0,0,,,,,,,,,,"ads_get_ad_entities level=ad time_range 2026-07-12..2026-08-08, attribution per ad set (7d click/1d view), captured 2026-09-06 10:35 UTC"
P28,2026-07-12,2026-08-08,120243641897440393,A trip for stretch marks,120243641897430393,AS1_Hyperpigmentation,120243641897420393,main,CAMPAIGN_PAUSED,1052941484078554,1689150382402402,18080572940228591,,0.0,0,0,,,0,,,0,,0,,0,,0,,,0.0,,,0,0,0,0,0,0,0,,,,,,,,,,"ads_get_ad_entities level=ad time_range 2026-07-12..2026-08-08, attribution per ad set (7d click/1d view), captured 2026-09-06 10:35 UTC"
P28,2026-07-12,2026-08-08,120243642264470393,It’s the long weekend,120243641897430393,AS1_Hyperpigmentation,120243641897420393,main,CAMPAIGN_PAUSED,1014884021106011,1921319731776573,18104764099783085,,0.0,0,0,,,0,,,0,,0,,0,,0,,,0.0,,,0,0,0,0,0,0,0,,,,,,,,,,"ads_get_ad_entities level=ad time_range 2026-07-12..2026-08-08, attribution per ad set (7d click/1d view), captured 2026-09-06 10:35 UTC"
P28,2026-07-12,2026-08-08,120239425444650393,160K_Trust,120239424940600393,CT_All_Creatives,120239424940590393,PASTRY_Creative_Testing,CAMPAIGN_PAUSED,760239677131862,,18106524350510957,,0.0,0,0,,,0,,,0,,0,,0,,0,,,0.0,,,0,0,0,0,0,0,0,,,,,,,,,,"ads_get_ad_entities level=ad time_range 2026-07-12..2026-08-08, attribution per ad set (7d click/1d view), captured 2026-09-06 10:35 UTC"
P28,2026-07-12,2026-08-08,120243587895060393,Ingredient_Science,120243587895120393,AS2_Body_Care_Broad,120243587895050393,PASTRY_Main_Revenue - Copy,CAMPAIGN_PAUSED,1509938747279557,,,,0.0,0,0,,,0,,,0,,0,,0,,0,,,0.0,,,0,0,0,0,0,0,0,,,,,,,,,,"ads_get_ad_entities level=ad time_range 2026-07-12..2026-08-08, attribution per ad set (7d click/1d view), captured 2026-09-06 10:35 UTC"
P28,2026-07-12,2026-08-08,120239425444640393,Mini_Kit_Entry,120239424940600393,CT_All_Creatives,120239424940590393,PASTRY_Creative_Testing,CAMPAIGN_PAUSED,1451951969918331,,17982298493806433,,0.0,0,0,,,0,,,0,,0,,0,,0,,,0.0,,,0,0,0,0,0,0,0,,,,,,,,,,"ads_get_ad_entities level=ad time_range 2026-07-12..2026-08-08, attribution per ad set (7d click/1d view), captured 2026-09-06 10:35 UTC"
P28,2026-07-12,2026-08-08,120239425444660393,Dark_Underarms,120239424940600393,CT_All_Creatives,120239424940590393,PASTRY_Creative_Testing,CAMPAIGN_PAUSED,1635050247942247,,18109564912759297,,0.0,0,0,,,0,,,0,,0,,0,,0,,,0.0,,,0,0,0,0,0,0,0,,,,,,,,,,"ads_get_ad_entities level=ad time_range 2026-07-12..2026-08-08, attribution per ad set (7d click/1d view), captured 2026-09-06 10:35 UTC"
P28,2026-07-12,2026-08-08,120239424940610393,Nobody_Talks_About_It,120239424940600393,CT_All_Creatives,120239424940590393,PASTRY_Creative_Testing,CAMPAIGN_PAUSED,1823463661680081,,18092985185039002,,0.0,0,0,,,0,,,0,,0,,0,,0,,,0.0,,,0,0,0,0,0,0,0,,,,,,,,,,"ads_get_ad_entities level=ad time_range 2026-07-12..2026-08-08, attribution per ad set (7d click/1d view), captured 2026-09-06 10:35 UTC"
P28,2026-07-12,2026-08-08,120239425444670393,Your_Body_Deserves_Actives,120239424940600393,CT_All_Creatives,120239424940590393,PASTRY_Creative_Testing,CAMPAIGN_PAUSED,1635050247942247,,18109564912759297,,0.0,0,0,,,0,,,0,,0,,0,,0,,,0.0,,,0,0,0,0,0,0,0,,,,,,,,,,"ads_get_ad_entities level=ad time_range 2026-07-12..2026-08-08, attribution per ad set (7d click/1d view), captured 2026-09-06 10:35 UTC"
P28,2026-07-12,2026-08-08,120242903364060393,Brand_Story,120242903364040393,AS2_Body_Care_Broad,120242903364050393,PASTRY_Main_Revenue - Copy,CAMPAIGN_PAUSED,3368191686688839,862925869415455,18097443343970863,,0.0,0,0,,,0,,,0,,0,,0,,0,,,0.0,,,0,0,0,0,0,0,0,,,,,,,,,,"ads_get_ad_entities level=ad time_range 2026-07-12..2026-08-08, attribution per ad set (7d click/1d view), captured 2026-09-06 10:35 UTC"
P28,2026-07-12,2026-08-08,120239422780760393,Not a single lie ad,120239422623010393,AS2_Body_Care_Broad,120239422422250393,PASTRY_Main_Revenue,WITH_ISSUES,1483521409561432,1529064368707257,,,3012.19,85506,26339,3.246365,35.23,1310,1.532,2.3,325,0.248,210,0.646,113,0.538,22,0.195,0.0677,18138.5,136.92,6.02,74698,3723,7476,3988,2664,1622,1391,3,0.05,0.1,0.019,0.0175,13,8,114,1,"ads_get_ad_entities level=ad time_range 2026-07-12..2026-08-08, attribution per ad set (7d click/1d view), captured 2026-09-06 10:35 UTC"
P28,2026-07-12,2026-08-08,120239422422240393,new… Pastry Premium,120239422422230393,AS1_Hyperpigmentation,120239422422250393,PASTRY_Main_Revenue,WITH_ISSUES,36594101976905126,1520450669559823,,,12934.85,271096,51097,5.305517,47.71,5913,2.181,2.19,5139,0.869,1176,0.229,569,0.484,136,0.239,0.0265,113629.94,95.11,8.78,44861,3983,3196,2197,1631,1119,845,7,0.089,0.071,0.019,0.1318,58,3,859,41,"ads_get_ad_entities level=ad time_range 2026-07-12..2026-08-08, attribution per ad set (7d click/1d view), captured 2026-09-06 10:35 UTC"
P28,2026-07-12,2026-08-08,120239422499600393,hand cream,120239422422230393,AS1_Hyperpigmentation,120239422422250393,PASTRY_Main_Revenue,WITH_ISSUES,1006687488994923,,18327470974255215,,2039.38,25693,15799,1.626242,79.37,365,1.421,5.59,512,1.403,192,0.375,96,0.5,36,0.375,0.0703,28374.5,56.65,13.91,0,0,0,0,0,0,0,,,,,,37,,,7,"ads_get_ad_entities level=ad time_range 2026-07-12..2026-08-08, attribution per ad set (7d click/1d view), captured 2026-09-06 10:35 UTC"
P28,2026-07-12,2026-08-08,120247999500510393,PASTRY_A1_ZA_BROAD_NEW_EXCL_SIGNALS__FIVE_YEARS_EVERGREEN,120247983149820393,PASTRY_A1_ZA_BROAD_NEW_EXCL_SIGNALS,120247983147880393,PASTRY_WINNERS_2AUD_APR_TO_DATE_20260814,PAUSED,1672356397190835,3444115785767368,17951195124249902,pastryskincare.co.za,0.0,0,0,,,0,,,0,,0,,0,,0,,,0.0,,,0,0,0,0,0,0,0,,,,,,,,,,"ads_get_ad_entities level=ad time_range 2026-07-12..2026-08-08, attribution per ad set (7d click/1d view), captured 2026-09-06 10:35 UTC"
P28,2026-07-12,2026-08-08,120247752611270393,PASTRY_TEST_W3_14_UNDERARM_ROUTINE_18326815609264405,120247751718430393,PASTRY_W3_Broad_Creative_Test_5Ads,120247750787550393,PASTRY_TEST_Creative_Broad_20260805,PAUSED,1754580525794575,1211001868769387,17954894079204205,pastryskincare.co.za,0.0,0,0,,,0,,,0,,0,,0,,0,,,0.0,,,0,0,0,0,0,0,0,,,,,,,,,,"ads_get_ad_entities level=ad time_range 2026-07-12..2026-08-08, attribution per ad set (7d click/1d view), captured 2026-09-06 10:35 UTC"
P28,2026-07-12,2026-08-08,120247752594940393,PASTRY_TEST_W3_11_BODY-WASH_SELECTION_18580945912058801,120247751718430393,PASTRY_W3_Broad_Creative_Test_5Ads,120247750787550393,PASTRY_TEST_Creative_Broad_20260805,PAUSED,795955873574185,947375435055153,17948706084037527,pastryskincare.co.za,0.0,0,0,,,0,,,0,,0,,0,,0,,,0.0,,,0,0,0,0,0,0,0,,,,,,,,,,"ads_get_ad_entities level=ad time_range 2026-07-12..2026-08-08, attribution per ad set (7d click/1d view), captured 2026-09-06 10:35 UTC"
P28,2026-07-12,2026-08-08,120247752640290393,PASTRY_TEST_W4_17_ROUGH-BUMP_ROUTINE_18073328642536924,120247751720360393,PASTRY_W4_Broad_Creative_Test_5Ads,120247750787550393,PASTRY_TEST_Creative_Broad_20260805,PAUSED,1297965305546009,1250369430507064,18087857618645491,pastryskincare.co.za,0.0,0,0,,,0,,,0,,0,,0,,0,,,0.0,,,0,0,0,0,0,0,0,,,,,,,,,,"ads_get_ad_entities level=ad time_range 2026-07-12..2026-08-08, attribution per ad set (7d click/1d view), captured 2026-09-06 10:35 UTC"
P28,2026-07-12,2026-08-08,120247752654130393,PASTRY_TEST_W4_19_PIGMENTATION_COMBO_UPGRADE_17856576477655752,120247751720360393,PASTRY_W4_Broad_Creative_Test_5Ads,120247750787550393,PASTRY_TEST_Creative_Broad_20260805,PAUSED,947326541716183,2215771099210119,18213390817354295,pastryskincare.co.za,0.0,0,0,,,0,,,0,,0,,0,,0,,,0.0,,,0,0,0,0,0,0,0,,,,,,,,,,"ads_get_ad_entities level=ad time_range 2026-07-12..2026-08-08, attribution per ad set (7d click/1d view), captured 2026-09-06 10:35 UTC"
P28,2026-07-12,2026-08-08,120247752598620393,PASTRY_TEST_W3_12_BODY-ACNE_SOLUTION_17999035397957060,120247751718430393,PASTRY_W3_Broad_Creative_Test_5Ads,120247750787550393,PASTRY_TEST_Creative_Broad_20260805,PAUSED,1673149103765536,1024884870346149,17894570910595157,pastryskincare.co.za,0.0,0,0,,,0,,,0,,0,,0,,0,,,0.0,,,0,0,0,0,0,0,0,,,,,,,,,,"ads_get_ad_entities level=ad time_range 2026-07-12..2026-08-08, attribution per ad set (7d click/1d view), captured 2026-09-06 10:35 UTC"
P28,2026-07-12,2026-08-08,120247752748990393,PASTRY_TEST_W5_24_DARK-UNDERARM_INGREDIENTS_18102467252120977,120247751722120393,PASTRY_W5_Broad_Creative_Test_5Ads,120247750787550393,PASTRY_TEST_Creative_Broad_20260805,PAUSED,28412527811717756,1065523956033626,18328649092285943,pastryskincare.co.za,0.0,0,0,,,0,,,0,,0,,0,,0,,,0.0,,,0,0,0,0,0,0,0,,,,,,,,,,"ads_get_ad_entities level=ad time_range 2026-07-12..2026-08-08, attribution per ad set (7d click/1d view), captured 2026-09-06 10:35 UTC"
P28,2026-07-12,2026-08-08,120247752783500393,PASTRY_TEST_W6_28_SUNDAY_BRIGHTENING_RESET_17881765914398772,120247751723950393,PASTRY_W6_Broad_Creative_Test_5Ads,120247750787550393,PASTRY_TEST_Creative_Broad_20260805,PAUSED,1785081939314835,4644644882439368,17883648963676850,pastryskincare.co.za,0.0,0,0,,,0,,,0,,0,,0,,0,,,0.0,,,0,0,0,0,0,0,0,,,,,,,,,,"ads_get_ad_entities level=ad time_range 2026-07-12..2026-08-08, attribution per ad set (7d click/1d view), captured 2026-09-06 10:35 UTC"
P28,2026-07-12,2026-08-08,120247752581060393,PASTRY_TEST_W2_9_INNER-THIGH_COMBINATIONS_18105784600883202,120247751716700393,PASTRY_W2_Broad_Creative_Test_5Ads,120247750787550393,PASTRY_TEST_Creative_Broad_20260805,PAUSED,2504456496703261,1765130831287915,18168673036456579,pastryskincare.co.za,0.0,0,0,,,0,,,0,,0,,0,,0,,,0.0,,,0,0,0,0,0,0,0,,,,,,,,,,"ads_get_ad_entities level=ad time_range 2026-07-12..2026-08-08, attribution per ad set (7d click/1d view), captured 2026-09-06 10:35 UTC"
P28,2026-07-12,2026-08-08,120247752645630393,PASTRY_TEST_W4_18_HYALURONIC_HAND_CARE_17895285492330802,120247751720360393,PASTRY_W4_Broad_Creative_Test_5Ads,120247750787550393,PASTRY_TEST_Creative_Broad_20260805,PAUSED,1069211098994928,1354177509656817,17979766230098990,pastryskincare.co.za,0.0,0,0,,,0,,,0,,0,,0,,0,,,0.0,,,0,0,0,0,0,0,0,,,,,,,,,,"ads_get_ad_entities level=ad time_range 2026-07-12..2026-08-08, attribution per ad set (7d click/1d view), captured 2026-09-06 10:35 UTC"
P28,2026-07-12,2026-08-08,120247752800490393,PASTRY_TEST_W6_30_CUSTOMER_RESULTS_18121576474691632,120247751723950393,PASTRY_W6_Broad_Creative_Test_5Ads,120247750787550393,PASTRY_TEST_Creative_Broad_20260805,PAUSED,2851210671894413,1370974308307015,18111725939083523,pastryskincare.co.za,0.0,0,0,,,0,,,0,,0,,0,,0,,,0.0,,,0,0,0,0,0,0,0,,,,,,,,,,"ads_get_ad_entities level=ad time_range 2026-07-12..2026-08-08, attribution per ad set (7d click/1d view), captured 2026-09-06 10:35 UTC"
P28,2026-07-12,2026-08-08,120247752604380393,PASTRY_TEST_W3_13_BODY-SPECIFIC_SERUM_18104046586750753,120247751718430393,PASTRY_W3_Broad_Creative_Test_5Ads,120247750787550393,PASTRY_TEST_Creative_Broad_20260805,PAUSED,1760670345281405,1040029292069207,18101142794223347,pastryskincare.co.za,0.0,0,0,,,0,,,0,,0,,0,,0,,,0.0,,,0,0,0,0,0,0,0,,,,,,,,,,"ads_get_ad_entities level=ad time_range 2026-07-12..2026-08-08, attribution per ad set (7d click/1d view), captured 2026-09-06 10:35 UTC"
P28,2026-07-12,2026-08-08,120247752758250393,PASTRY_TEST_W5_25_BIKINI-LINE_ROUTINE_18187378537374577,120247751722120393,PASTRY_W5_Broad_Creative_Test_5Ads,120247750787550393,PASTRY_TEST_Creative_Broad_20260805,PAUSED,1042744574782765,1362739972731938,18025301141894839,pastryskincare.co.za,0.0,0,0,,,0,,,0,,0,,0,,0,,,0.0,,,0,0,0,0,0,0,0,,,,,,,,,,"ads_get_ad_entities level=ad time_range 2026-07-12..2026-08-08, attribution per ad set (7d click/1d view), captured 2026-09-06 10:35 UTC"
P28,2026-07-12,2026-08-08,120247752775440393,PASTRY_TEST_W6_27_HAND-CARE_ROUTINE_17887834035599760,120247751723950393,PASTRY_W6_Broad_Creative_Test_5Ads,120247750787550393,PASTRY_TEST_Creative_Broad_20260805,PAUSED,938383165957937,1048111064642800,17910359835262891,pastryskincare.co.za,0.0,0,0,,,0,,,0,,0,,0,,0,,,0.0,,,0,0,0,0,0,0,0,,,,,,,,,,"ads_get_ad_entities level=ad time_range 2026-07-12..2026-08-08, attribution per ad set (7d click/1d view), captured 2026-09-06 10:35 UTC"
P28,2026-07-12,2026-08-08,120247752743650393,PASTRY_TEST_W5_23_YOUTHFUL_EVEN-TONED_HAND_ROUTINE_17985939989841013,120247751722120393,PASTRY_W5_Broad_Creative_Test_5Ads,120247750787550393,PASTRY_TEST_Creative_Broad_20260805,PAUSED,2276491979765953,2925957237759333,17904472326308106,pastryskincare.co.za,0.0,0,0,,,0,,,0,,0,,0,,0,,,0.0,,,0,0,0,0,0,0,0,,,,,,,,,,"ads_get_ad_entities level=ad time_range 2026-07-12..2026-08-08, attribution per ad set (7d click/1d view), captured 2026-09-06 10:35 UTC"
P28,2026-07-12,2026-08-08,120247752687590393,PASTRY_TEST_W5_22_ANTI-PIGMENT_HAND_CREAM_17917436073164929,120247751722120393,PASTRY_W5_Broad_Creative_Test_5Ads,120247750787550393,PASTRY_TEST_Creative_Broad_20260805,PAUSED,1381536034157626,1503052235196929,18114829018731601,pastryskincare.co.za,0.0,0,0,,,0,,,0,,0,,0,,0,,,0.0,,,0,0,0,0,0,0,0,,,,,,,,,,"ads_get_ad_entities level=ad time_range 2026-07-12..2026-08-08, attribution per ad set (7d click/1d view), captured 2026-09-06 10:35 UTC"
P28,2026-07-12,2026-08-08,120247752617640393,PASTRY_TEST_W3_15_TOP_FIVE_BEST_SELLERS_18091417490097031,120247751718430393,PASTRY_W3_Broad_Creative_Test_5Ads,120247750787550393,PASTRY_TEST_Creative_Broad_20260805,PAUSED,1738342593737521,1616827743571675,17901773928549544,pastryskincare.co.za,0.0,0,0,,,0,,,0,,0,,0,,0,,,0.0,,,0,0,0,0,0,0,0,,,,,,,,,,"ads_get_ad_entities level=ad time_range 2026-07-12..2026-08-08, attribution per ad set (7d click/1d view), captured 2026-09-06 10:35 UTC"
P28,2026-07-12,2026-08-08,120247752573780393,PASTRY_TEST_W2_8_SIX-WEEK_CUSTOMER_JOURNEY_18126168892676101,120247751716700393,PASTRY_W2_Broad_Creative_Test_5Ads,120247750787550393,PASTRY_TEST_Creative_Broad_20260805,PAUSED,1036641345651931,1356857919885627,18409947541159460,pastryskincare.co.za,0.0,0,0,,,0,,,0,,0,,0,,0,,,0.0,,,0,0,0,0,0,0,0,,,,,,,,,,"ads_get_ad_entities level=ad time_range 2026-07-12..2026-08-08, attribution per ad set (7d click/1d view), captured 2026-09-06 10:35 UTC"
P28,2026-07-12,2026-08-08,120247752676520393,PASTRY_TEST_W5_21_DRY-BRUSHING_ROUTINE_18060148352778028,120247751722120393,PASTRY_W5_Broad_Creative_Test_5Ads,120247750787550393,PASTRY_TEST_Creative_Broad_20260805,PAUSED,2542175119584393,1798106507850856,18335920453251541,pastryskincare.co.za,0.0,0,0,,,0,,,0,,0,,0,,0,,,0.0,,,0,0,0,0,0,0,0,,,,,,,,,,"ads_get_ad_entities level=ad time_range 2026-07-12..2026-08-08, attribution per ad set (7d click/1d view), captured 2026-09-06 10:35 UTC"
P28,2026-07-12,2026-08-08,120247752569710393,PASTRY_TEST_W2_6_INNER-THIGH_ROUTINE_18102207944107795,120247751716700393,PASTRY_W2_Broad_Creative_Test_5Ads,120247750787550393,PASTRY_TEST_Creative_Broad_20260805,PAUSED,1078726171766785,2555843638218482,18362479630212526,pastryskincare.co.za,0.0,0,0,,,0,,,0,,0,,0,,0,,,0.0,,,0,0,0,0,0,0,0,,,,,,,,,,"ads_get_ad_entities level=ad time_range 2026-07-12..2026-08-08, attribution per ad set (7d click/1d view), captured 2026-09-06 10:35 UTC"
P28,2026-07-12,2026-08-08,120247752571330393,PASTRY_TEST_W2_7_KERATOSIS-PILARIS_ROUTINE_18075601187329451,120247751716700393,PASTRY_W2_Broad_Creative_Test_5Ads,120247750787550393,PASTRY_TEST_Creative_Broad_20260805,PAUSED,2101839031212801,1028459383291355,18480202000108225,pastryskincare.co.za,0.0,0,0,,,0,,,0,,0,,0,,0,,,0.0,,,0,0,0,0,0,0,0,,,,,,,,,,"ads_get_ad_entities level=ad time_range 2026-07-12..2026-08-08, attribution per ad set (7d click/1d view), captured 2026-09-06 10:35 UTC"
P28,2026-07-12,2026-08-08,120247752766670393,PASTRY_TEST_W6_26_DEODORANT_REVIEW_18038664887766945,120247751723950393,PASTRY_W6_Broad_Creative_Test_5Ads,120247750787550393,PASTRY_TEST_Creative_Broad_20260805,PAUSED,1019293427658617,1050103224432053,18068169923707846,pastryskincare.co.za,0.0,0,0,,,0,,,0,,0,,0,,0,,,0.0,,,0,0,0,0,0,0,0,,,,,,,,,,"ads_get_ad_entities level=ad time_range 2026-07-12..2026-08-08, attribution per ad set (7d click/1d view), captured 2026-09-06 10:35 UTC"
P28,2026-07-12,2026-08-08,120247752631460393,PASTRY_TEST_W4_16_PRODUCT-PAIRING_TECHNIQUE_17972766057048086,120247751720360393,PASTRY_W4_Broad_Creative_Test_5Ads,120247750787550393,PASTRY_TEST_Creative_Broad_20260805,PAUSED,1533675107938826,1645984360460973,18057307034782080,pastryskincare.co.za,0.0,0,0,,,0,,,0,,0,,0,,0,,,0.0,,,0,0,0,0,0,0,0,,,,,,,,,,"ads_get_ad_entities level=ad time_range 2026-07-12..2026-08-08, attribution per ad set (7d click/1d view), captured 2026-09-06 10:35 UTC"
P28,2026-07-12,2026-08-08,120247752586310393,PASTRY_TEST_W2_10_PREMIUM_BODY-WASH_FAQ_17987903375994481,120247751716700393,PASTRY_W2_Broad_Creative_Test_5Ads,120247750787550393,PASTRY_TEST_Creative_Broad_20260805,PAUSED,1389786629919253,1937680153565157,17948069391039064,pastryskincare.co.za,0.0,0,0,,,0,,,0,,0,,0,,0,,,0.0,,,0,0,0,0,0,0,0,,,,,,,,,,"ads_get_ad_entities level=ad time_range 2026-07-12..2026-08-08, attribution per ad set (7d click/1d view), captured 2026-09-06 10:35 UTC"
P28,2026-07-12,2026-08-08,120247752793360393,PASTRY_TEST_W6_29_NIACINAMIDE_BODY_MIST_18016696415654230,120247751723950393,PASTRY_W6_Broad_Creative_Test_5Ads,120247750787550393,PASTRY_TEST_Creative_Broad_20260805,PAUSED,1764652124674355,2221698178653211,18182829139405350,pastryskincare.co.za,0.0,0,0,,,0,,,0,,0,,0,,0,,,0.0,,,0,0,0,0,0,0,0,,,,,,,,,,"ads_get_ad_entities level=ad time_range 2026-07-12..2026-08-08, attribution per ad set (7d click/1d view), captured 2026-09-06 10:35 UTC"
P28,2026-07-12,2026-08-08,120247752659690393,PASTRY_TEST_W4_20_MINI-KIT_VALUE_18110764735959487,120247751720360393,PASTRY_W4_Broad_Creative_Test_5Ads,120247750787550393,PASTRY_TEST_Creative_Broad_20260805,PAUSED,1947244519285771,2900580376962228,18401451904091886,pastryskincare.co.za,0.0,0,0,,,0,,,0,,0,,0,,0,,,0.0,,,0,0,0,0,0,0,0,,,,,,,,,,"ads_get_ad_entities level=ad time_range 2026-07-12..2026-08-08, attribution per ad set (7d click/1d view), captured 2026-09-06 10:35 UTC"
P28,2026-07-12,2026-08-08,120245549305940393,Instagram post: The Pastry Premium Body Wash  has...,120245549294630393,Instagram post: The Pastry Premium Body Wash  has...,120245549293410393,Instagram post: The Pastry Premium Body Wash  has...,CAMPAIGN_PAUSED,1437229525106020,1043316661542279,17929594761095845,,0.0,0,0,,,0,,,0,,0,,0,,0,,,0.0,,,0,0,0,0,0,0,0,,,,,,,,,,"ads_get_ad_entities level=ad time_range 2026-07-12..2026-08-08, attribution per ad set (7d click/1d view), captured 2026-09-06 10:35 UTC"
P28,2026-07-12,2026-08-08,120245548932590393,Instagram post: We are turning 5 this year and we...,120245548921590393,Instagram post: We are turning 5 this year and we...,120245548921010393,Instagram post: We are turning 5 this year and we...,CAMPAIGN_PAUSED,1771671714201619,1338501304936209,18152857339474502,,0.0,0,0,,,0,,,0,,0,,0,,0,,,0.0,,,0,0,0,0,0,0,0,,,,,,,,,,"ads_get_ad_entities level=ad time_range 2026-07-12..2026-08-08, attribution per ad set (7d click/1d view), captured 2026-09-06 10:35 UTC"
P28,2026-07-12,2026-08-08,120245549002900393,"Instagram post: She said it best ✨ Lightweight,...",120245548998560393,"Instagram post: She said it best ✨ Lightweight,...",120245548997690393,"Instagram post: She said it best ✨ Lightweight,...",CAMPAIGN_PAUSED,2054183895530318,1721080102247841,18327470974255215,,0.0,0,0,,,0,,,0,,0,,0,,0,,,0.0,,,0,0,0,0,0,0,0,,,,,,,,,,"ads_get_ad_entities level=ad time_range 2026-07-12..2026-08-08, attribution per ad set (7d click/1d view), captured 2026-09-06 10:35 UTC"
P28,2026-07-12,2026-08-08,120245548842380393,Instagram post: A power ingredient combo that...,120245548840520393,Instagram post: A power ingredient combo that...,120245548839430393,Instagram post: A power ingredient combo that...,CAMPAIGN_PAUSED,1518404276410484,1718417109178336,18098153824905713,,0.0,0,0,,,0,,,0,,0,,0,,0,,,0.0,,,0,0,0,0,0,0,0,,,,,,,,,,"ads_get_ad_entities level=ad time_range 2026-07-12..2026-08-08, attribution per ad set (7d click/1d view), captured 2026-09-06 10:35 UTC"
L90,2026-06-08,2026-09-05,120248284964440393,W6__01__ANTI_PIGMENTATION_DEODORANT,120248284921000393,,120248284912210393,,ACTIVE,1256482663222241,1036536699259074,18108041942171730,,0.0,0,0,,,0,,,0,,0,,0,,0,,,0.0,,,0,0,0,0,0,0,0,,,,,,,,,,"ads_get_ad_entities level=ad time_range 2026-06-08..2026-09-05, attribution per ad set (7d click/1d view), captured 2026-09-06 10:35 UTC"
L90,2026-06-08,2026-09-05,120248284961720393,W5__04__UNDERARM_INGREDIENTS,120248284920020393,,120248284912210393,,ACTIVE,4793039344293517,3132860496923753,17914465656446696,,0.0,0,0,,,0,,,0,,0,,0,,0,,,0.0,,,0,0,0,0,0,0,0,,,,,,,,,,"ads_get_ad_entities level=ad time_range 2026-06-08..2026-09-05, attribution per ad set (7d click/1d view), captured 2026-09-06 10:35 UTC"
L90,2026-06-08,2026-09-05,120248284970840393,W6__05__CUSTOMER_ROUTINE_STORY,120248284921000393,,120248284912210393,,ACTIVE,27134465589563159,1911320126512802,18024217043691661,,0.0,0,0,,,0,,,0,,0,,0,,0,,,0.0,,,0,0,0,0,0,0,0,,,,,,,,,,"ads_get_ad_entities level=ad time_range 2026-06-08..2026-09-05, attribution per ad set (7d click/1d view), captured 2026-09-06 10:35 UTC"
L90,2026-06-08,2026-09-05,120248284957700393,W5__01__DRY_BRUSHING_ROUTINE,120248284920020393,,120248284912210393,,ACTIVE,4657722504552164,2289193138563707,18115394272764116,,0.0,0,0,,,0,,,0,,0,,0,,0,,,0.0,,,0,0,0,0,0,0,0,,,,,,,,,,"ads_get_ad_entities level=ad time_range 2026-06-08..2026-09-05, attribution per ad set (7d click/1d view), captured 2026-09-06 10:35 UTC"
L90,2026-06-08,2026-09-05,120248284952620393,W4__02__ROUGH_BUMP_ROUTINE,120248284918900393,,120248284912210393,,ACTIVE,2128451841880866,4002241086579018,18093283556539150,,0.0,0,0,,,0,,,0,,0,,0,,0,,,0.0,,,0,0,0,0,0,0,0,,,,,,,,,,"ads_get_ad_entities level=ad time_range 2026-06-08..2026-09-05, attribution per ad set (7d click/1d view), captured 2026-09-06 10:35 UTC"
L90,2026-06-08,2026-09-05,120248284938000393,W2__04__INNER_THIGH_COMBINATIONS,120248284914700393,,120248284911800393,,ACTIVE,2504456496703261,1765130831287915,18168673036456579,,251.55,4547,3329,1.365876,55.32,93,2.045,2.7,78,0.839,9,0.115,4,0.444,1,0.25,0.0128,622.25,251.55,2.47,4143,315,1094,568,391,293,262,5,0.076,0.264,0.063,0.0224,1,,,,"ads_get_ad_entities level=ad time_range 2026-06-08..2026-09-05, attribution per ad set (7d click/1d view), captured 2026-09-06 10:35 UTC"
L90,2026-06-08,2026-09-05,120248284944950393,W3__04__UNDERARM_ROUTINE,120248284917990393,,120248284911800393,,ACTIVE,1754580525794575,1211001868769387,17954894079204205,,64.73,868,795,1.091824,74.57,12,1.382,5.39,12,1.0,6,0.5,0,0.0,0,,0.0,0.0,,,820,99,116,82,61,31,25,7,0.121,0.141,0.03,0.0146,1,,,,"ads_get_ad_entities level=ad time_range 2026-06-08..2026-09-05, attribution per ad set (7d click/1d view), captured 2026-09-06 10:35 UTC"
L90,2026-06-08,2026-09-05,120248284926410393,W1__03__BODY_PIGMENTATION_BY_AREA,120248284913190393,,120248284911800393,,ACTIVE,1048949520952779,1914320649954655,18186499423401828,,34.63,685,627,1.092504,50.55,8,1.168,4.33,6,0.75,1,0.167,0,0.0,0,,0.0,0.0,,,600,191,529,340,239,192,191,4,0.318,0.882,0.318,0.0133,,,,,"ads_get_ad_entities level=ad time_range 2026-06-08..2026-09-05, attribution per ad set (7d click/1d view), captured 2026-09-06 10:35 UTC"
L90,2026-06-08,2026-09-05,120248284963040393,W5__05__BIKINI_LINE_ROUTINE,120248284920020393,,120248284912210393,,ACTIVE,1649439496393735,1074202545192821,17946071493057906,,0.0,0,0,,,0,,,0,,0,,0,,0,,,0.0,,,0,0,0,0,0,0,0,,,,,,,,,,"ads_get_ad_entities level=ad time_range 2026-06-08..2026-09-05, attribution per ad set (7d click/1d view), captured 2026-09-06 10:35 UTC"
L90,2026-06-08,2026-09-05,120248284955570393,W4__05__MINI_KIT_ROUTINE,120248284918900393,,120248284912210393,,ACTIVE,916650614844230,1381662176760033,17983114709878629,,0.0,0,0,,,0,,,0,,0,,0,,0,,,0.0,,,0,0,0,0,0,0,0,,,,,,,,,,"ads_get_ad_entities level=ad time_range 2026-06-08..2026-09-05, attribution per ad set (7d click/1d view), captured 2026-09-06 10:35 UTC"
L90,2026-06-08,2026-09-05,120248284954150393,W4__03__HYALURONIC_HAND_CARE,120248284918900393,,120248284912210393,,ACTIVE,28740252398891731,1390143549233068,18103775783599432,,0.0,0,0,,,0,,,0,,0,,0,,0,,,0.0,,,0,0,0,0,0,0,0,,,,,,,,,,"ads_get_ad_entities level=ad time_range 2026-06-08..2026-09-05, attribution per ad set (7d click/1d view), captured 2026-09-06 10:35 UTC"
L90,2026-06-08,2026-09-05,120248284960140393,W5__03__HAND_CARE_ROUTINE,120248284920020393,,120248284912210393,,ACTIVE,1062475416522925,1516950890188090,17943382473449613,,0.0,0,0,,,0,,,0,,0,,0,,0,,,0.0,,,0,0,0,0,0,0,0,,,,,,,,,,"ads_get_ad_entities level=ad time_range 2026-06-08..2026-09-05, attribution per ad set (7d click/1d view), captured 2026-09-06 10:35 UTC"
L90,2026-06-08,2026-09-05,120248284958260393,W5__02__ANTI_PIGMENTATION_HAND_CARE,120248284920020393,,120248284912210393,,ACTIVE,4535558553351159,1083181767593032,18128696389679709,,0.0,0,0,,,0,,,0,,0,,0,,0,,,0.0,,,0,0,0,0,0,0,0,,,,,,,,,,"ads_get_ad_entities level=ad time_range 2026-06-08..2026-09-05, attribution per ad set (7d click/1d view), captured 2026-09-06 10:35 UTC"
L90,2026-06-08,2026-09-05,120248284955030393,W4__04__EVENING_BODY_CARE_ADD_ON,120248284918900393,,120248284912210393,,ACTIVE,2622955271467210,1805359010599170,18052883933565498,,0.0,0,0,,,0,,,0,,0,,0,,0,,,0.0,,,0,0,0,0,0,0,0,,,,,,,,,,"ads_get_ad_entities level=ad time_range 2026-06-08..2026-09-05, attribution per ad set (7d click/1d view), captured 2026-09-06 10:35 UTC"
L90,2026-06-08,2026-09-05,120248284949000393,W4__01__BODY_CARE_PAIRING,120248284918900393,,120248284912210393,,ACTIVE,1759622798395052,1593719419079376,17942244288301078,,0.0,0,0,,,0,,,0,,0,,0,,0,,,0.0,,,0,0,0,0,0,0,0,,,,,,,,,,"ads_get_ad_entities level=ad time_range 2026-06-08..2026-09-05, attribution per ad set (7d click/1d view), captured 2026-09-06 10:35 UTC"
L90,2026-06-08,2026-09-05,120248284969850393,W6__04__NIACINAMIDE_BODY_MIST,120248284921000393,,120248284912210393,,ACTIVE,2029900707640980,1593896072410117,18387364795161272,,0.0,0,0,,,0,,,0,,0,,0,,0,,,0.0,,,0,0,0,0,0,0,0,,,,,,,,,,"ads_get_ad_entities level=ad time_range 2026-06-08..2026-09-05, attribution per ad set (7d click/1d view), captured 2026-09-06 10:35 UTC"
L90,2026-06-08,2026-09-05,120248284968390393,W6__03__BRIGHTENING_BODY_CARE_RESET,120248284921000393,,120248284912210393,,ACTIVE,1535307781176899,1434837162027961,18107225423144345,,0.0,0,0,,,0,,,0,,0,,0,,0,,,0.0,,,0,0,0,0,0,0,0,,,,,,,,,,"ads_get_ad_entities level=ad time_range 2026-06-08..2026-09-05, attribution per ad set (7d click/1d view), captured 2026-09-06 10:35 UTC"
L90,2026-06-08,2026-09-05,120248284966600393,W6__02__EVERYDAY_HAND_CARE,120248284921000393,,120248284912210393,,ACTIVE,897164369855291,2016963935621701,18350022016172587,,0.0,0,0,,,0,,,0,,0,,0,,0,,,0.0,,,0,0,0,0,0,0,0,,,,,,,,,,"ads_get_ad_entities level=ad time_range 2026-06-08..2026-09-05, attribution per ad set (7d click/1d view), captured 2026-09-06 10:35 UTC"
L90,2026-06-08,2026-09-05,120248284944650393,W3__03__BODY_SPECIFIC_SERUM,120248284917990393,,120248284911800393,,ACTIVE,1760670345281405,1040029292069207,18101142794223347,,1353.33,22910,17389,1.3175,59.07,477,2.082,2.84,441,0.925,126,0.286,36,0.286,9,0.25,0.0204,8738.25,150.37,6.46,21572,4037,4149,2357,1557,1157,902,10,0.187,0.192,0.042,0.0221,21,6,,,"ads_get_ad_entities level=ad time_range 2026-06-08..2026-09-05, attribution per ad set (7d click/1d view), captured 2026-09-06 10:35 UTC"
L90,2026-06-08,2026-09-05,120248284922900393,W1__01__SALICYLIC_ACID_AND_VITAMIN_C,120248284913190393,,120248284911800393,,ACTIVE,2050311515844483,1794498635041481,18099052280209045,,102.09,2494,2316,1.076857,40.93,55,2.205,1.86,49,0.891,15,0.306,5,0.333,1,0.2,0.0204,1584.0,102.09,15.52,2357,267,354,214,151,111,97,7,0.113,0.15,0.041,0.0233,11,1,,,"ads_get_ad_entities level=ad time_range 2026-06-08..2026-09-05, attribution per ad set (7d click/1d view), captured 2026-09-06 10:35 UTC"
L90,2026-06-08,2026-09-05,120248284946200393,W3__05__FIVE_PRODUCT_GUIDE,120248284917990393,,120248284911800393,,ACTIVE,1738342593737521,1616827743571675,17901773928549544,,34.14,550,480,1.145833,62.07,14,2.545,2.44,15,1.071,7,0.467,2,0.286,0,0.0,0.0,0.0,,,467,67,63,47,34,28,18,10,0.143,0.135,0.039,0.03,2,,,,"ads_get_ad_entities level=ad time_range 2026-06-08..2026-09-05, attribution per ad set (7d click/1d view), captured 2026-09-06 10:35 UTC"
L90,2026-06-08,2026-09-05,120248284939180393,W2__05__PASTRY_PREMIUM_FAQ,120248284914700393,,120248284911800393,,ACTIVE,1389786629919253,1937680153565157,17948069391039064,,80.52,1130,860,1.313953,71.26,27,2.389,2.98,24,0.889,6,0.25,3,0.5,0,0.0,0.0,0.0,,,1013,152,131,85,57,54,42,9,0.15,0.129,0.041,0.0267,,,,,"ads_get_ad_entities level=ad time_range 2026-06-08..2026-09-05, attribution per ad set (7d click/1d view), captured 2026-09-06 10:35 UTC"
L90,2026-06-08,2026-09-05,120248284941210393,W3__01__CHOOSE_BODY_WASH_BY_CONCERN,120248284917990393,,120248284911800393,,ACTIVE,795955873574185,947375435055153,17948706084037527,,238.98,5772,4685,1.232017,41.4,205,3.552,1.17,184,0.898,15,0.082,13,0.867,3,0.231,0.0163,1977.25,79.66,8.27,5291,1144,1579,1141,878,703,482,9,0.216,0.298,0.091,0.0387,7,,,,"ads_get_ad_entities level=ad time_range 2026-06-08..2026-09-05, attribution per ad set (7d click/1d view), captured 2026-09-06 10:35 UTC"
L90,2026-06-08,2026-09-05,120248284936140393,W2__03__BODY_CARE_JOURNEY,120248284914700393,,120248284911800393,,ACTIVE,1036641345651931,1356857919885627,18409947541159460,,102.75,1767,1400,1.262143,58.15,31,1.754,3.31,32,1.032,2,0.062,2,1.0,1,0.5,0.0312,631.75,102.75,6.15,1582,173,134,55,45,27,21,7,0.109,0.085,0.013,0.0196,,,,,"ads_get_ad_entities level=ad time_range 2026-06-08..2026-09-05, attribution per ad set (7d click/1d view), captured 2026-09-06 10:35 UTC"
L90,2026-06-08,2026-09-05,120248284933230393,W2__02__ROUGH_BUMP_ROUTINE,120248284914700393,,120248284911800393,,ACTIVE,2101839031212801,1028459383291355,18480202000108225,,22.68,372,333,1.117117,60.97,11,2.957,2.06,10,0.909,3,0.3,3,1.0,0,0.0,0.0,0.0,,,334,40,35,15,6,3,2,6,0.12,0.105,0.006,0.0329,,,,,"ads_get_ad_entities level=ad time_range 2026-06-08..2026-09-05, attribution per ad set (7d click/1d view), captured 2026-09-06 10:35 UTC"
L90,2026-06-08,2026-09-05,120248284943530393,W3__02__BODY_ACNE_SOLUTION,120248284917990393,,120248284911800393,,ACTIVE,1673149103765536,1024884870346149,17894570910595157,,443.9,16940,14340,1.181311,26.2,261,1.541,1.7,201,0.77,33,0.164,17,0.515,4,0.235,0.0199,3605.75,110.97,8.12,16091,1710,4273,2935,2131,1735,1694,4,0.106,0.266,0.105,0.0162,6,,,,"ads_get_ad_entities level=ad time_range 2026-06-08..2026-09-05, attribution per ad set (7d click/1d view), captured 2026-09-06 10:35 UTC"
L90,2026-06-08,2026-09-05,120248284932400393,W2__01__INNER_THIGH_ROUTINE,120248284914700393,,120248284911800393,,ACTIVE,1078726171766785,2555843638218482,18362479630212526,,1674.81,26703,14541,1.836394,62.72,547,2.048,3.06,463,0.846,155,0.335,61,0.394,21,0.344,0.0454,17962.75,79.75,10.73,24702,2599,3631,1990,1134,751,626,5,0.105,0.147,0.025,0.0221,22,4,,,"ads_get_ad_entities level=ad time_range 2026-06-08..2026-09-05, attribution per ad set (7d click/1d view), captured 2026-09-06 10:35 UTC"
L90,2026-06-08,2026-09-05,120248284929570393,W1__05__HAND_CREAMS_BY_NEED,120248284913190393,,120248284911800393,,ACTIVE,2000824997974370,1393923599331521,18109345202471107,,182.85,4950,4432,1.116877,36.94,115,2.323,1.59,93,0.809,19,0.204,8,0.421,3,0.375,0.0323,2025.75,60.95,11.08,4693,387,574,408,317,259,229,4,0.082,0.122,0.049,0.0245,2,2,,,"ads_get_ad_entities level=ad time_range 2026-06-08..2026-09-05, attribution per ad set (7d click/1d view), captured 2026-09-06 10:35 UTC"
L90,2026-06-08,2026-09-05,120248284928040393,W1__04__STRETCH_MARK_ROUTINE,120248284913190393,,120248284911800393,,ACTIVE,2137843480105917,1279828150741897,18117519449506692,,248.48,5441,4496,1.210187,45.67,229,4.209,1.09,203,0.886,18,0.089,5,0.278,1,0.2,0.0049,622.25,248.48,2.5,5100,712,583,403,314,241,180,12,0.14,0.114,0.035,0.0449,22,1,,,"ads_get_ad_entities level=ad time_range 2026-06-08..2026-09-05, attribution per ad set (7d click/1d view), captured 2026-09-06 10:35 UTC"
L90,2026-06-08,2026-09-05,120248284925050393,W1__02__UNDERARM_PIGMENTATION_AND_SWEAT,120248284913190393,,120248284911800393,,ACTIVE,1105133075290115,1376924207957298,18348472762247625,,1569.67,29398,22585,1.30166,53.39,560,1.905,2.8,526,0.939,101,0.192,34,0.337,9,0.265,0.0171,5847.5,174.41,3.73,27682,3084,4082,2927,2284,1393,1123,6,0.111,0.147,0.041,0.0202,22,2,,,"ads_get_ad_entities level=ad time_range 2026-06-08..2026-09-05, attribution per ad set (7d click/1d view), captured 2026-09-06 10:35 UTC"
L90,2026-06-08,2026-09-05,120247999503610393,PASTRY_A2_ZA_SOCIAL_SIGNALS_UNION__BODY_ACNE_SOLUTION,120247983150600393,,120247983147880393,,ACTIVE,1673149103765536,1024884870346149,17894570910595157,,1558.44,39377,21171,1.85995,39.58,968,2.458,1.61,816,0.843,187,0.229,96,0.513,23,0.24,0.0282,18092.25,67.76,11.61,36582,5261,11824,8623,6534,5348,5204,5,0.144,0.323,0.142,0.0265,23,2,,,"ads_get_ad_entities level=ad time_range 2026-06-08..2026-09-05, attribution per ad set (7d click/1d view), captured 2026-09-06 10:35 UTC"
L90,2026-06-08,2026-09-05,120247999500050393,PASTRY_A1_ZA_BROAD_NEW_EXCL_SIGNALS__SALICYLIC_VITAMIN_C_EXACT,120247983149820393,,120247983147880393,,ACTIVE,2141198163103531,1716832676218332,18089893955557030,,1975.02,45031,32861,1.370348,43.86,929,2.063,2.13,820,0.883,169,0.206,88,0.521,24,0.273,0.0293,26641.75,82.29,13.49,42184,4427,6023,3252,2127,1576,1404,6,0.105,0.143,0.033,0.022,66,2,,,"ads_get_ad_entities level=ad time_range 2026-06-08..2026-09-05, attribution per ad set (7d click/1d view), captured 2026-09-06 10:35 UTC"
L90,2026-06-08,2026-09-05,120247999504000393,PASTRY_A2_ZA_SOCIAL_SIGNALS_UNION__DRY_BRUSHING_ROUTINE,120247983150600393,,120247983147880393,,ACTIVE,1583181246838108,1587207956355921,18007465448764457,,1910.07,31347,16317,1.921125,60.93,830,2.648,2.3,737,0.888,218,0.296,62,0.284,22,0.355,0.0299,21734.25,86.82,11.38,28645,4730,5540,3862,3097,2478,2124,9,0.165,0.193,0.074,0.029,32,,,,"ads_get_ad_entities level=ad time_range 2026-06-08..2026-09-05, attribution per ad set (7d click/1d view), captured 2026-09-06 10:35 UTC"
L90,2026-06-08,2026-09-05,120247999503210393,PASTRY_A2_ZA_SOCIAL_SIGNALS_UNION__DARK_UNDERARM_INGREDIENTS,120247983150600393,,120247983147880393,,ACTIVE,28412527811717756,1065523956033626,18328649092285943,,3531.06,84438,44168,1.911746,41.82,1496,1.772,2.36,1276,0.853,366,0.287,131,0.358,33,0.252,0.0259,30974.25,107.0,8.77,79635,8847,21441,11497,8285,6195,5366,5,0.111,0.269,0.067,0.0188,28,5,,,"ads_get_ad_entities level=ad time_range 2026-06-08..2026-09-05, attribution per ad set (7d click/1d view), captured 2026-09-06 10:35 UTC"
L90,2026-06-08,2026-09-05,120247999502800393,PASTRY_A2_ZA_SOCIAL_SIGNALS_UNION__STRETCH_MARK_ROUTINE,120247983150600393,,120247983147880393,,ACTIVE,1583817143389284,885855224329058,18111724246804433,,928.3,13892,7532,1.844397,66.82,520,3.743,1.79,473,0.91,112,0.237,44,0.393,11,0.25,0.0233,11511.5,84.39,12.4,12801,1775,1431,1090,874,687,558,12,0.139,0.112,0.044,0.0406,37,2,,,"ads_get_ad_entities level=ad time_range 2026-06-08..2026-09-05, attribution per ad set (7d click/1d view), captured 2026-09-06 10:35 UTC"
L90,2026-06-08,2026-09-05,120247999501100393,PASTRY_A1_ZA_BROAD_NEW_EXCL_SIGNALS__ANTI_PIGMENT_HAND_CREAM,120247983149820393,,120247983147880393,,ACTIVE,1542319103969645,999896326092090,17892363399551598,,5022.82,71420,47587,1.50083,70.33,2042,2.859,2.46,1757,0.86,254,0.145,124,0.488,36,0.29,0.0205,22617.0,139.52,4.5,67803,8227,8847,5256,3565,2666,2373,8,0.121,0.13,0.035,0.0301,41,20,,,"ads_get_ad_entities level=ad time_range 2026-06-08..2026-09-05, attribution per ad set (7d click/1d view), captured 2026-09-06 10:35 UTC"
L90,2026-06-08,2026-09-05,120247999502140393,PASTRY_A1_ZA_BROAD_NEW_EXCL_SIGNALS__PREMIUM_BODY_EXACT,120247983149820393,,120247983147880393,,ACTIVE,996050220134487,1664964501661670,18072218867407431,,57.16,516,446,1.156951,110.78,11,2.132,5.2,10,0.909,0,0.0,0,,0,,0.0,0.0,,,463,56,57,24,12,10,10,7,0.121,0.123,0.022,0.0238,,,,,"ads_get_ad_entities level=ad time_range 2026-06-08..2026-09-05, attribution per ad set (7d click/1d view), captured 2026-09-06 10:35 UTC"
L90,2026-06-08,2026-09-05,120239424374880393,DPA_Past_Purchasers,120239424374900393,,120239423593780393,,ACTIVE,1630677048061128,,18100256381023152,,24421.55,598800,116047,5.159978,40.78,13119,2.191,1.86,11834,0.902,3123,0.264,1419,0.454,389,0.274,0.0329,328215.0,62.78,13.44,0,0,0,0,0,0,0,,,,,,45,9,,,"ads_get_ad_entities level=ad time_range 2026-06-08..2026-09-05, attribution per ad set (7d click/1d view), captured 2026-09-06 10:35 UTC"
L90,2026-06-08,2026-09-05,120239423593790393,DPA_Cart_Abandoners,120239423593800393,,120239423593780393,,ACTIVE,2310973609402332,,18114435070781788,,18802.56,305885,67345,4.54206,61.47,6722,2.198,2.8,6230,0.927,2097,0.337,977,0.466,250,0.256,0.0401,220793.37,75.21,11.74,0,0,0,0,0,0,0,,,,,,59,5,,,"ads_get_ad_entities level=ad time_range 2026-06-08..2026-09-05, attribution per ad set (7d click/1d view), captured 2026-09-06 10:35 UTC"
L90,2026-06-08,2026-09-05,120239424374910393,DPA_Product_Viewers,120239424374890393,,120239423593780393,,ACTIVE,26206822805650383,,18110751434162734,,23595.29,497403,98982,5.025186,47.44,10936,2.199,2.16,9912,0.906,2719,0.274,1296,0.477,310,0.239,0.0313,257993.97,76.11,10.93,0,0,0,0,0,0,0,,,,,,64,6,,,"ads_get_ad_entities level=ad time_range 2026-06-08..2026-09-05, attribution per ad set (7d click/1d view), captured 2026-09-06 10:35 UTC"
L90,2026-06-08,2026-09-05,120247752560730393,PASTRY_TEST_W1_4_STRETCH-MARK_ROUTINE_18082188059569414,120247751713780393,,120247750787550393,,CAMPAIGN_PAUSED,2137843480105917,1279828150741897,18117519449506692,,1046.6,22756,15532,1.465104,45.99,853,3.748,1.23,746,0.875,112,0.15,43,0.384,10,0.233,0.0134,10061.5,104.66,9.61,21142,2949,2450,1828,1463,1139,895,10,0.139,0.116,0.042,0.0403,100,1,,,"ads_get_ad_entities level=ad time_range 2026-06-08..2026-09-05, attribution per ad set (7d click/1d view), captured 2026-09-06 10:35 UTC"
L90,2026-06-08,2026-09-05,120247752487940393,PASTRY_TEST_W1_01_CERT_CANARY_17980098578992167,120247751713780393,,120247750787550393,,CAMPAIGN_PAUSED,2050311515844483,1794498635041481,18099052280209045,,283.22,6543,5398,1.212116,43.29,135,2.063,2.1,114,0.844,32,0.281,9,0.281,2,0.222,0.0175,1385.0,141.61,4.89,5961,728,958,552,405,321,274,7,0.122,0.161,0.046,0.0226,23,1,,,"ads_get_ad_entities level=ad time_range 2026-06-08..2026-09-05, attribution per ad set (7d click/1d view), captured 2026-09-06 10:35 UTC"
L90,2026-06-08,2026-09-05,120247752558630393,PASTRY_TEST_W1_3_BODY_PIGMENTATION_BY_AREA_18097918024986477,120247751713780393,,120247750787550393,,CAMPAIGN_PAUSED,1048949520952779,1914320649954655,18186499423401828,,63.11,1608,1440,1.116667,39.25,42,2.612,1.5,40,0.952,3,0.075,1,0.333,1,1.0,0.025,622.25,63.11,9.86,1430,433,1288,813,576,448,432,4,0.303,0.901,0.302,0.0294,1,,,,"ads_get_ad_entities level=ad time_range 2026-06-08..2026-09-05, attribution per ad set (7d click/1d view), captured 2026-09-06 10:35 UTC"
L90,2026-06-08,2026-09-05,120239422736530393,The Pastry Premium Body,120239422623010393,,120239422422250393,,CAMPAIGN_PAUSED,2412338129276655,2092639671599573,17929594761095845,,11522.93,244783,62306,3.928723,47.07,3956,1.616,2.91,3401,0.86,928,0.273,384,0.414,113,0.294,0.0332,100878.25,101.97,8.75,210409,12593,14261,6144,3780,2645,2306,4,0.06,0.068,0.011,0.0188,27,14,,,"ads_get_ad_entities level=ad time_range 2026-06-08..2026-09-05, attribution per ad set (7d click/1d view), captured 2026-09-06 10:35 UTC"
L90,2026-06-08,2026-09-05,120239422623020393,The perfect gift for yourself ad,120239422623010393,,120239422422250393,,CAMPAIGN_PAUSED,2029084745161865,1718159162937839,18086327558629012,,16542.33,440955,114663,3.845661,37.51,5908,1.34,2.8,5153,0.872,1306,0.253,635,0.486,138,0.217,0.0268,111081.25,119.87,6.71,388315,30484,48310,26733,18698,12366,10576,5,0.079,0.124,0.027,0.0152,291,18,,,"ads_get_ad_entities level=ad time_range 2026-06-08..2026-09-05, attribution per ad set (7d click/1d view), captured 2026-09-06 10:35 UTC"
L90,2026-06-08,2026-09-05,120247752556990393,PASTRY_TEST_W1_2_UNDERARM_PIGMENTATION_AND_SWEAT_18110742607583088,120247751713780393,,120247750787550393,,CAMPAIGN_PAUSED,1105133075290115,1376924207957298,18348472762247625,,19.24,269,235,1.144681,71.52,5,1.859,3.85,4,0.8,2,0.5,0,0.0,0,,0.0,0.0,,,241,37,45,36,28,17,12,11,0.154,0.187,0.05,0.0207,,1,,,"ads_get_ad_entities level=ad time_range 2026-06-08..2026-09-05, attribution per ad set (7d click/1d view), captured 2026-09-06 10:35 UTC"
L90,2026-06-08,2026-09-05,120247752562960393,PASTRY_TEST_W1_5_HAND_CREAMS_BY_NEED_18088164878137902,120247751713780393,,120247750787550393,,CAMPAIGN_PAUSED,2000824997974370,1393923599331521,18109345202471107,,257.57,4307,3398,1.26751,59.8,121,2.809,2.13,107,0.884,25,0.234,9,0.36,2,0.222,0.0187,690.0,128.78,2.68,4092,488,690,510,401,317,281,6,0.119,0.169,0.069,0.0296,4,1,,,"ads_get_ad_entities level=ad time_range 2026-06-08..2026-09-05, attribution per ad set (7d click/1d view), captured 2026-09-06 10:35 UTC"
L90,2026-06-08,2026-09-05,120246229373460393,5 years of Pastry Skincar,120246229373450393,,120243641897420393,,CAMPAIGN_PAUSED,1016327727870773,997715983092345,18124521952640426,,4036.23,62338,27371,2.27752,64.75,1771,2.841,2.28,1649,0.931,927,0.562,355,0.383,108,0.304,0.0655,92783.5,37.37,22.99,32710,5836,14950,10612,7938,6098,5846,5,0.178,0.457,0.179,0.0541,9,10,,,"ads_get_ad_entities level=ad time_range 2026-06-08..2026-09-05, attribution per ad set (7d click/1d view), captured 2026-09-06 10:35 UTC"
L90,2026-06-08,2026-09-05,120246229373440393,Looks like there’s a Pastry S,120246229373450393,,120243641897420393,,CAMPAIGN_PAUSED,1011306704837234,1672595620672869,18109298293942058,,989.89,12408,8161,1.520402,79.78,404,3.256,2.45,385,0.953,210,0.545,102,0.486,33,0.324,0.0857,27743.75,30.0,28.03,2564,299,999,646,401,288,279,6,0.117,0.39,0.109,0.1576,2,3,,,"ads_get_ad_entities level=ad time_range 2026-06-08..2026-09-05, attribution per ad set (7d click/1d view), captured 2026-09-06 10:35 UTC"
L90,2026-06-08,2026-09-05,120246229373430393,"A trip for stretch marks,",120246229373450393,,120243641897420393,,CAMPAIGN_PAUSED,1661405598251187,983231577847209,18585152830028876,,279.08,2756,2281,1.208242,101.26,130,4.717,2.15,131,1.008,80,0.611,28,0.35,13,0.464,0.0992,13468.5,21.47,48.26,2480,509,438,343,287,214,177,16,0.205,0.177,0.071,0.0524,15,1,,,"ads_get_ad_entities level=ad time_range 2026-06-08..2026-09-05, attribution per ad set (7d click/1d view), captured 2026-09-06 10:35 UTC"
L90,2026-06-08,2026-09-05,120246229373470393,Anti-Pigment Hand Cream,120246229373450393,,120243641897420393,,CAMPAIGN_PAUSED,1542319103969645,999896326092090,17892363399551598,,638.87,4606,3506,1.313748,138.7,166,3.604,3.85,136,0.819,81,0.596,33,0.407,10,0.303,0.0735,6257.75,63.89,9.8,3924,721,756,489,368,277,257,11,0.184,0.193,0.065,0.0423,3,6,,,"ads_get_ad_entities level=ad time_range 2026-06-08..2026-09-05, attribution per ad set (7d click/1d view), captured 2026-09-06 10:35 UTC"
L90,2026-06-08,2026-09-05,120243642260550393,The Pastry Skincare Brightening Oil,120243641897430393,,120243641897420393,,CAMPAIGN_PAUSED,3510751079075102,1641367773745950,18115459114826723,,368.46,4970,3629,1.369523,74.14,92,1.851,4.0,82,0.891,12,0.146,7,0.583,1,0.143,0.0122,385.0,368.46,1.04,4599,491,504,343,205,150,147,7,0.107,0.11,0.032,0.02,6,,,,"ads_get_ad_entities level=ad time_range 2026-06-08..2026-09-05, attribution per ad set (7d click/1d view), captured 2026-09-06 10:35 UTC"
L90,2026-06-08,2026-09-05,120243642257330393,Salicylic Acid + Vitamin C,120243641897430393,,120243641897420393,,CAMPAIGN_PAUSED,1487817019559391,25861228210220968,18088093730346995,,12638.23,205257,99324,2.06654,61.57,2674,1.303,4.73,2294,0.858,841,0.367,283,0.337,64,0.226,0.0279,52885.75,197.47,4.18,183679,16100,21459,11526,8416,6564,5889,6,0.088,0.117,0.032,0.0146,428,31,,,"ads_get_ad_entities level=ad time_range 2026-06-08..2026-09-05, attribution per ad set (7d click/1d view), captured 2026-09-06 10:35 UTC"
L90,2026-06-08,2026-09-05,120243641897440393,A trip for stretch marks,120243641897430393,,120243641897420393,,CAMPAIGN_PAUSED,1052941484078554,1689150382402402,18080572940228591,,2521.84,38912,21895,1.777209,64.81,954,2.452,2.64,674,0.706,224,0.332,59,0.263,22,0.373,0.0326,26332.75,114.63,10.44,30351,4502,3744,2659,2126,1670,1323,12,0.148,0.123,0.044,0.0314,124,2,,,"ads_get_ad_entities level=ad time_range 2026-06-08..2026-09-05, attribution per ad set (7d click/1d view), captured 2026-09-06 10:35 UTC"
L90,2026-06-08,2026-09-05,120243642264470393,It’s the long weekend,120243641897430393,,120243641897420393,,CAMPAIGN_PAUSED,1014884021106011,1921319731776573,18104764099783085,,2189.27,40702,24256,1.678018,53.79,869,2.135,2.52,724,0.833,196,0.271,83,0.423,19,0.229,0.0262,19056.5,115.22,8.7,14441,3699,5422,4464,3391,2950,2925,9,0.256,0.375,0.203,0.0602,7,3,,,"ads_get_ad_entities level=ad time_range 2026-06-08..2026-09-05, attribution per ad set (7d click/1d view), captured 2026-09-06 10:35 UTC"
L90,2026-06-08,2026-09-05,120239425444650393,160K_Trust,120239424940600393,,120239424940590393,,CAMPAIGN_PAUSED,760239677131862,,18106524350510957,,181.83,3464,2794,1.2398,52.49,29,0.837,6.27,23,0.793,9,0.391,2,0.222,1,0.5,0.0435,545.0,181.83,3.0,0,0,0,0,0,0,0,,,,,,1,,,,"ads_get_ad_entities level=ad time_range 2026-06-08..2026-09-05, attribution per ad set (7d click/1d view), captured 2026-09-06 10:35 UTC"
L90,2026-06-08,2026-09-05,120243587895060393,Ingredient_Science,120243587895120393,,120243587895050393,,CAMPAIGN_PAUSED,1509938747279557,,,,0.0,0,0,,,0,,,0,,0,,0,,0,,,0.0,,,0,0,0,0,0,0,0,,,,,,,,,,"ads_get_ad_entities level=ad time_range 2026-06-08..2026-09-05, attribution per ad set (7d click/1d view), captured 2026-09-06 10:35 UTC"
L90,2026-06-08,2026-09-05,120239425444640393,Mini_Kit_Entry,120239424940600393,,120239424940590393,,CAMPAIGN_PAUSED,1451951969918331,,17982298493806433,,0.05,2,2,1,25.0,0,0.0,,0,,0,,0,,0,,,0.0,,,0,0,0,0,0,0,0,,,,,,,,,,"ads_get_ad_entities level=ad time_range 2026-06-08..2026-09-05, attribution per ad set (7d click/1d view), captured 2026-09-06 10:35 UTC"
L90,2026-06-08,2026-09-05,120239425444660393,Dark_Underarms,120239424940600393,,120239424940590393,,CAMPAIGN_PAUSED,1635050247942247,,18109564912759297,,0.0,0,0,,,0,,,0,,0,,0,,0,,,0.0,,,0,0,0,0,0,0,0,,,,,,,,,,"ads_get_ad_entities level=ad time_range 2026-06-08..2026-09-05, attribution per ad set (7d click/1d view), captured 2026-09-06 10:35 UTC"
L90,2026-06-08,2026-09-05,120239424940610393,Nobody_Talks_About_It,120239424940600393,,120239424940590393,,CAMPAIGN_PAUSED,1823463661680081,,18092985185039002,,0.15,4,4,1,37.5,0,0.0,,0,,0,,0,,0,,,0.0,,,0,0,0,0,0,0,0,,,,,,,,,,"ads_get_ad_entities level=ad time_range 2026-06-08..2026-09-05, attribution per ad set (7d click/1d view), captured 2026-09-06 10:35 UTC"
L90,2026-06-08,2026-09-05,120239425444670393,Your_Body_Deserves_Actives,120239424940600393,,120239424940590393,,CAMPAIGN_PAUSED,1635050247942247,,18109564912759297,,0.0,0,0,,,0,,,0,,0,,0,,0,,,0.0,,,0,0,0,0,0,0,0,,,,,,,,,,"ads_get_ad_entities level=ad time_range 2026-06-08..2026-09-05, attribution per ad set (7d click/1d view), captured 2026-09-06 10:35 UTC"
L90,2026-06-08,2026-09-05,120242903364060393,Brand_Story,120242903364040393,,120242903364050393,,CAMPAIGN_PAUSED,3368191686688839,862925869415455,18097443343970863,,0.0,0,0,,,0,,,0,,0,,0,,0,,,0.0,,,0,0,0,0,0,0,0,,,,,,,,,,"ads_get_ad_entities level=ad time_range 2026-06-08..2026-09-05, attribution per ad set (7d click/1d view), captured 2026-09-06 10:35 UTC"
L90,2026-06-08,2026-09-05,120239422780760393,Not a single lie ad,120239422623010393,,120239422422250393,,WITH_ISSUES,1483521409561432,1529064368707257,,,7502.36,178970,44123,4.056161,41.92,2479,1.385,3.03,802,0.324,397,0.495,190,0.479,49,0.258,0.0611,43058.0,153.11,5.74,136945,7827,15501,8492,5603,3294,2839,3,0.057,0.113,0.021,0.0181,47,12,,,"ads_get_ad_entities level=ad time_range 2026-06-08..2026-09-05, attribution per ad set (7d click/1d view), captured 2026-09-06 10:35 UTC"
L90,2026-06-08,2026-09-05,120239422422240393,new… Pastry Premium,120239422422230393,,120239422422250393,,WITH_ISSUES,36594101976905126,1520450669559823,,,20989.33,421289,64909,6.490456,49.82,9421,2.236,2.23,8265,0.877,2286,0.277,1004,0.439,258,0.257,0.0312,215113.94,81.35,10.25,83760,7678,6296,4326,3271,2265,1681,7,0.092,0.075,0.02,0.1125,101,10,,,"ads_get_ad_entities level=ad time_range 2026-06-08..2026-09-05, attribution per ad set (7d click/1d view), captured 2026-09-06 10:35 UTC"
L90,2026-06-08,2026-09-05,120239422499600393,hand cream,120239422422230393,,120239422422250393,,WITH_ISSUES,1006687488994923,,18327470974255215,,3347.69,46264,24947,1.854492,72.36,635,1.373,5.27,935,1.472,328,0.351,145,0.442,47,0.324,0.0503,36851.5,71.23,11.01,0,0,0,0,0,0,0,,,,,,61,,,,"ads_get_ad_entities level=ad time_range 2026-06-08..2026-09-05, attribution per ad set (7d click/1d view), captured 2026-09-06 10:35 UTC"
L90,2026-06-08,2026-09-05,120247999500510393,PASTRY_A1_ZA_BROAD_NEW_EXCL_SIGNALS__FIVE_YEARS_EVERGREEN,120247983149820393,,120247983147880393,,PAUSED,1672356397190835,3444115785767368,17951195124249902,,861.76,31720,24327,1.303901,27.17,772,2.434,1.12,627,0.812,116,0.185,33,0.284,6,0.182,0.0096,6157.5,143.63,7.15,30480,4620,11845,8675,6390,4844,4467,4,0.152,0.389,0.147,0.0253,4,,,,"ads_get_ad_entities level=ad time_range 2026-06-08..2026-09-05, attribution per ad set (7d click/1d view), captured 2026-09-06 10:35 UTC"
L90,2026-06-08,2026-09-05,120247752611270393,PASTRY_TEST_W3_14_UNDERARM_ROUTINE_18326815609264405,120247751718430393,,120247750787550393,,PAUSED,1754580525794575,1211001868769387,17954894079204205,,0.0,0,0,,,0,,,0,,0,,0,,0,,,0.0,,,0,0,0,0,0,0,0,,,,,,,,,,"ads_get_ad_entities level=ad time_range 2026-06-08..2026-09-05, attribution per ad set (7d click/1d view), captured 2026-09-06 10:35 UTC"
L90,2026-06-08,2026-09-05,120247752594940393,PASTRY_TEST_W3_11_BODY-WASH_SELECTION_18580945912058801,120247751718430393,,120247750787550393,,PAUSED,795955873574185,947375435055153,17948706084037527,,0.0,0,0,,,0,,,0,,0,,0,,0,,,0.0,,,0,0,0,0,0,0,0,,,,,,,,,,"ads_get_ad_entities level=ad time_range 2026-06-08..2026-09-05, attribution per ad set (7d click/1d view), captured 2026-09-06 10:35 UTC"
L90,2026-06-08,2026-09-05,120247752640290393,PASTRY_TEST_W4_17_ROUGH-BUMP_ROUTINE_18073328642536924,120247751720360393,,120247750787550393,,PAUSED,1297965305546009,1250369430507064,18087857618645491,,0.0,0,0,,,0,,,0,,0,,0,,0,,,0.0,,,0,0,0,0,0,0,0,,,,,,,,,,"ads_get_ad_entities level=ad time_range 2026-06-08..2026-09-05, attribution per ad set (7d click/1d view), captured 2026-09-06 10:35 UTC"
L90,2026-06-08,2026-09-05,120247752654130393,PASTRY_TEST_W4_19_PIGMENTATION_COMBO_UPGRADE_17856576477655752,120247751720360393,,120247750787550393,,PAUSED,947326541716183,2215771099210119,18213390817354295,,0.0,0,0,,,0,,,0,,0,,0,,0,,,0.0,,,0,0,0,0,0,0,0,,,,,,,,,,"ads_get_ad_entities level=ad time_range 2026-06-08..2026-09-05, attribution per ad set (7d click/1d view), captured 2026-09-06 10:35 UTC"
L90,2026-06-08,2026-09-05,120247752598620393,PASTRY_TEST_W3_12_BODY-ACNE_SOLUTION_17999035397957060,120247751718430393,,120247750787550393,,PAUSED,1673149103765536,1024884870346149,17894570910595157,,0.0,0,0,,,0,,,0,,0,,0,,0,,,0.0,,,0,0,0,0,0,0,0,,,,,,,,,,"ads_get_ad_entities level=ad time_range 2026-06-08..2026-09-05, attribution per ad set (7d click/1d view), captured 2026-09-06 10:35 UTC"
L90,2026-06-08,2026-09-05,120247752748990393,PASTRY_TEST_W5_24_DARK-UNDERARM_INGREDIENTS_18102467252120977,120247751722120393,,120247750787550393,,PAUSED,28412527811717756,1065523956033626,18328649092285943,,0.0,0,0,,,0,,,0,,0,,0,,0,,,0.0,,,0,0,0,0,0,0,0,,,,,,,,,,"ads_get_ad_entities level=ad time_range 2026-06-08..2026-09-05, attribution per ad set (7d click/1d view), captured 2026-09-06 10:35 UTC"
L90,2026-06-08,2026-09-05,120247752783500393,PASTRY_TEST_W6_28_SUNDAY_BRIGHTENING_RESET_17881765914398772,120247751723950393,,120247750787550393,,PAUSED,1785081939314835,4644644882439368,17883648963676850,,0.0,0,0,,,0,,,0,,0,,0,,0,,,0.0,,,0,0,0,0,0,0,0,,,,,,,,,,"ads_get_ad_entities level=ad time_range 2026-06-08..2026-09-05, attribution per ad set (7d click/1d view), captured 2026-09-06 10:35 UTC"
L90,2026-06-08,2026-09-05,120247752581060393,PASTRY_TEST_W2_9_INNER-THIGH_COMBINATIONS_18105784600883202,120247751716700393,,120247750787550393,,PAUSED,2504456496703261,1765130831287915,18168673036456579,,0.0,0,0,,,0,,,0,,0,,0,,0,,,0.0,,,0,0,0,0,0,0,0,,,,,,,,,,"ads_get_ad_entities level=ad time_range 2026-06-08..2026-09-05, attribution per ad set (7d click/1d view), captured 2026-09-06 10:35 UTC"
L90,2026-06-08,2026-09-05,120247752645630393,PASTRY_TEST_W4_18_HYALURONIC_HAND_CARE_17895285492330802,120247751720360393,,120247750787550393,,PAUSED,1069211098994928,1354177509656817,17979766230098990,,0.0,0,0,,,0,,,0,,0,,0,,0,,,0.0,,,0,0,0,0,0,0,0,,,,,,,,,,"ads_get_ad_entities level=ad time_range 2026-06-08..2026-09-05, attribution per ad set (7d click/1d view), captured 2026-09-06 10:35 UTC"
L90,2026-06-08,2026-09-05,120247752800490393,PASTRY_TEST_W6_30_CUSTOMER_RESULTS_18121576474691632,120247751723950393,,120247750787550393,,PAUSED,2851210671894413,1370974308307015,18111725939083523,,0.0,0,0,,,0,,,0,,0,,0,,0,,,0.0,,,0,0,0,0,0,0,0,,,,,,,,,,"ads_get_ad_entities level=ad time_range 2026-06-08..2026-09-05, attribution per ad set (7d click/1d view), captured 2026-09-06 10:35 UTC"
L90,2026-06-08,2026-09-05,120247752604380393,PASTRY_TEST_W3_13_BODY-SPECIFIC_SERUM_18104046586750753,120247751718430393,,120247750787550393,,PAUSED,1760670345281405,1040029292069207,18101142794223347,,0.0,0,0,,,0,,,0,,0,,0,,0,,,0.0,,,0,0,0,0,0,0,0,,,,,,,,,,"ads_get_ad_entities level=ad time_range 2026-06-08..2026-09-05, attribution per ad set (7d click/1d view), captured 2026-09-06 10:35 UTC"
L90,2026-06-08,2026-09-05,120247752758250393,PASTRY_TEST_W5_25_BIKINI-LINE_ROUTINE_18187378537374577,120247751722120393,,120247750787550393,,PAUSED,1042744574782765,1362739972731938,18025301141894839,,0.0,0,0,,,0,,,0,,0,,0,,0,,,0.0,,,0,0,0,0,0,0,0,,,,,,,,,,"ads_get_ad_entities level=ad time_range 2026-06-08..2026-09-05, attribution per ad set (7d click/1d view), captured 2026-09-06 10:35 UTC"
L90,2026-06-08,2026-09-05,120247752775440393,PASTRY_TEST_W6_27_HAND-CARE_ROUTINE_17887834035599760,120247751723950393,,120247750787550393,,PAUSED,938383165957937,1048111064642800,17910359835262891,,0.0,0,0,,,0,,,0,,0,,0,,0,,,0.0,,,0,0,0,0,0,0,0,,,,,,,,,,"ads_get_ad_entities level=ad time_range 2026-06-08..2026-09-05, attribution per ad set (7d click/1d view), captured 2026-09-06 10:35 UTC"
L90,2026-06-08,2026-09-05,120247752743650393,PASTRY_TEST_W5_23_YOUTHFUL_EVEN-TONED_HAND_ROUTINE_17985939989841013,120247751722120393,,120247750787550393,,PAUSED,2276491979765953,2925957237759333,17904472326308106,,0.0,0,0,,,0,,,0,,0,,0,,0,,,0.0,,,0,0,0,0,0,0,0,,,,,,,,,,"ads_get_ad_entities level=ad time_range 2026-06-08..2026-09-05, attribution per ad set (7d click/1d view), captured 2026-09-06 10:35 UTC"
L90,2026-06-08,2026-09-05,120247752687590393,PASTRY_TEST_W5_22_ANTI-PIGMENT_HAND_CREAM_17917436073164929,120247751722120393,,120247750787550393,,PAUSED,1381536034157626,1503052235196929,18114829018731601,,0.0,0,0,,,0,,,0,,0,,0,,0,,,0.0,,,0,0,0,0,0,0,0,,,,,,,,,,"ads_get_ad_entities level=ad time_range 2026-06-08..2026-09-05, attribution per ad set (7d click/1d view), captured 2026-09-06 10:35 UTC"
L90,2026-06-08,2026-09-05,120247752617640393,PASTRY_TEST_W3_15_TOP_FIVE_BEST_SELLERS_18091417490097031,120247751718430393,,120247750787550393,,PAUSED,1738342593737521,1616827743571675,17901773928549544,,0.0,0,0,,,0,,,0,,0,,0,,0,,,0.0,,,0,0,0,0,0,0,0,,,,,,,,,,"ads_get_ad_entities level=ad time_range 2026-06-08..2026-09-05, attribution per ad set (7d click/1d view), captured 2026-09-06 10:35 UTC"
L90,2026-06-08,2026-09-05,120247752573780393,PASTRY_TEST_W2_8_SIX-WEEK_CUSTOMER_JOURNEY_18126168892676101,120247751716700393,,120247750787550393,,PAUSED,1036641345651931,1356857919885627,18409947541159460,,0.0,0,0,,,0,,,0,,0,,0,,0,,,0.0,,,0,0,0,0,0,0,0,,,,,,,,,,"ads_get_ad_entities level=ad time_range 2026-06-08..2026-09-05, attribution per ad set (7d click/1d view), captured 2026-09-06 10:35 UTC"
L90,2026-06-08,2026-09-05,120247752676520393,PASTRY_TEST_W5_21_DRY-BRUSHING_ROUTINE_18060148352778028,120247751722120393,,120247750787550393,,PAUSED,2542175119584393,1798106507850856,18335920453251541,,0.0,0,0,,,0,,,0,,0,,0,,0,,,0.0,,,0,0,0,0,0,0,0,,,,,,,,,,"ads_get_ad_entities level=ad time_range 2026-06-08..2026-09-05, attribution per ad set (7d click/1d view), captured 2026-09-06 10:35 UTC"
L90,2026-06-08,2026-09-05,120247752569710393,PASTRY_TEST_W2_6_INNER-THIGH_ROUTINE_18102207944107795,120247751716700393,,120247750787550393,,PAUSED,1078726171766785,2555843638218482,18362479630212526,,0.0,0,0,,,0,,,0,,0,,0,,0,,,0.0,,,0,0,0,0,0,0,0,,,,,,,,,,"ads_get_ad_entities level=ad time_range 2026-06-08..2026-09-05, attribution per ad set (7d click/1d view), captured 2026-09-06 10:35 UTC"
L90,2026-06-08,2026-09-05,120247752571330393,PASTRY_TEST_W2_7_KERATOSIS-PILARIS_ROUTINE_18075601187329451,120247751716700393,,120247750787550393,,PAUSED,2101839031212801,1028459383291355,18480202000108225,,0.0,0,0,,,0,,,0,,0,,0,,0,,,0.0,,,0,0,0,0,0,0,0,,,,,,,,,,"ads_get_ad_entities level=ad time_range 2026-06-08..2026-09-05, attribution per ad set (7d click/1d view), captured 2026-09-06 10:35 UTC"
L90,2026-06-08,2026-09-05,120247752766670393,PASTRY_TEST_W6_26_DEODORANT_REVIEW_18038664887766945,120247751723950393,,120247750787550393,,PAUSED,1019293427658617,1050103224432053,18068169923707846,,0.0,0,0,,,0,,,0,,0,,0,,0,,,0.0,,,0,0,0,0,0,0,0,,,,,,,,,,"ads_get_ad_entities level=ad time_range 2026-06-08..2026-09-05, attribution per ad set (7d click/1d view), captured 2026-09-06 10:35 UTC"
L90,2026-06-08,2026-09-05,120247752631460393,PASTRY_TEST_W4_16_PRODUCT-PAIRING_TECHNIQUE_17972766057048086,120247751720360393,,120247750787550393,,PAUSED,1533675107938826,1645984360460973,18057307034782080,,0.0,0,0,,,0,,,0,,0,,0,,0,,,0.0,,,0,0,0,0,0,0,0,,,,,,,,,,"ads_get_ad_entities level=ad time_range 2026-06-08..2026-09-05, attribution per ad set (7d click/1d view), captured 2026-09-06 10:35 UTC"
L90,2026-06-08,2026-09-05,120247752586310393,PASTRY_TEST_W2_10_PREMIUM_BODY-WASH_FAQ_17987903375994481,120247751716700393,,120247750787550393,,PAUSED,1389786629919253,1937680153565157,17948069391039064,,0.0,0,0,,,0,,,0,,0,,0,,0,,,0.0,,,0,0,0,0,0,0,0,,,,,,,,,,"ads_get_ad_entities level=ad time_range 2026-06-08..2026-09-05, attribution per ad set (7d click/1d view), captured 2026-09-06 10:35 UTC"
L90,2026-06-08,2026-09-05,120247752793360393,PASTRY_TEST_W6_29_NIACINAMIDE_BODY_MIST_18016696415654230,120247751723950393,,120247750787550393,,PAUSED,1764652124674355,2221698178653211,18182829139405350,,0.0,0,0,,,0,,,0,,0,,0,,0,,,0.0,,,0,0,0,0,0,0,0,,,,,,,,,,"ads_get_ad_entities level=ad time_range 2026-06-08..2026-09-05, attribution per ad set (7d click/1d view), captured 2026-09-06 10:35 UTC"
L90,2026-06-08,2026-09-05,120247752659690393,PASTRY_TEST_W4_20_MINI-KIT_VALUE_18110764735959487,120247751720360393,,120247750787550393,,PAUSED,1947244519285771,2900580376962228,18401451904091886,,0.0,0,0,,,0,,,0,,0,,0,,0,,,0.0,,,0,0,0,0,0,0,0,,,,,,,,,,"ads_get_ad_entities level=ad time_range 2026-06-08..2026-09-05, attribution per ad set (7d click/1d view), captured 2026-09-06 10:35 UTC"
L90,2026-06-08,2026-09-05,120245549305940393,Instagram post: The Pastry Premium Body Wash  has...,120245549294630393,,120245549293410393,,CAMPAIGN_PAUSED,1437229525106020,1043316661542279,17929594761095845,,2654.28,59997,11379,5.272607,44.24,0,0.0,,139,,0,0.0,0,,0,,0.0,0.0,,,56319,2741,4006,1482,853,639,575,3,0.049,0.071,0.01,0.0,14,3,,,"ads_get_ad_entities level=ad time_range 2026-06-08..2026-09-05, attribution per ad set (7d click/1d view), captured 2026-09-06 10:35 UTC"
L90,2026-06-08,2026-09-05,120245548932590393,Instagram post: We are turning 5 this year and we...,120245548921590393,,120245548921010393,,CAMPAIGN_PAUSED,1771671714201619,1338501304936209,18152857339474502,,2659.39,71339,54060,1.319626,37.28,0,0.0,,203,,0,0.0,0,,0,,0.0,0.0,,,66807,5998,4679,3145,2121,1360,998,7,0.09,0.07,0.015,0.0,44,6,,,"ads_get_ad_entities level=ad time_range 2026-06-08..2026-09-05, attribution per ad set (7d click/1d view), captured 2026-09-06 10:35 UTC"
L90,2026-06-08,2026-09-05,120245549002900393,"Instagram post: She said it best ✨ Lightweight,...",120245548998560393,,120245548997690393,,CAMPAIGN_PAUSED,2054183895530318,1721080102247841,18327470974255215,,2657.07,62073,47092,1.318122,42.81,0,0.0,,366,,0,0.0,0,,0,,0.0,0.0,,,59210,8395,9068,5443,3836,2919,2706,9,0.142,0.153,0.046,0.0,135,18,,,"ads_get_ad_entities level=ad time_range 2026-06-08..2026-09-05, attribution per ad set (7d click/1d view), captured 2026-09-06 10:35 UTC"
L90,2026-06-08,2026-09-05,120245548842380393,Instagram post: A power ingredient combo that...,120245548840520393,,120245548839430393,,CAMPAIGN_PAUSED,1518404276410484,1718417109178336,18098153824905713,,2658.38,113866,89586,1.271024,23.35,1,0.001,2658.38,386,386.0,0,0.0,0,,0,,0.0,0.0,,,108350,11135,32680,15134,10742,7102,6255,5,0.103,0.302,0.058,0.0,146,3,,,"ads_get_ad_entities level=ad time_range 2026-06-08..2026-09-05, attribution per ad set (7d click/1d view), captured 2026-09-06 10:35 UTC"
